source,target,weight
author::UC-HeUTT6_g-VoiWds2a4H-w,author::UC1NiEdJ7gk6FlDexIalWnGg,1
author::UC-HeUTT6_g-VoiWds2a4H-w,author::UCeQk-WfEA-cJRq4EKeE7TOw,1
author::UC-HeUTT6_g-VoiWds2a4H-w,author::UCoGdCoJg2Lh0OX_jv6cG16g,1
author::UC-HeUTT6_g-VoiWds2a4H-w,author::UCheEJ5GZuIvV0fj-nXyVwXw,1
author::UC-HeUTT6_g-VoiWds2a4H-w,author::UCtsxPYw8VUsH_FfnKg-0lmw,1
author::UC-HeUTT6_g-VoiWds2a4H-w,author::UCWaRixDdpgllTBf4V0jPnKQ,1
author::UC-HeUTT6_g-VoiWds2a4H-w,author::UCgGqw4aqMdMVSGkKiMgrJRQ,1
author::UC-HeUTT6_g-VoiWds2a4H-w,author::UCql1n3Ey6ULMSOACjMe-fxQ,1
author::UC-HeUTT6_g-VoiWds2a4H-w,author::UC-Iul5tDYH_oiAMXQH-KaaQ,1
author::UC-HeUTT6_g-VoiWds2a4H-w,author::UC63tFvbQ_hJhGDi2nbjssjw,1
author::UC-HeUTT6_g-VoiWds2a4H-w,author::UCZFQwqh90apuL8eFhvRBkUg,1
author::UC-HeUTT6_g-VoiWds2a4H-w,author::UCRfkkatKrNtAARnXMMYBGlA,1
author::UC-HeUTT6_g-VoiWds2a4H-w,author::UC14qlobYKqD-DO0j6b75lcA,1
author::UC-HeUTT6_g-VoiWds2a4H-w,author::UCjZgFEowMBrsjodqfovzdKw,1
author::UC-HeUTT6_g-VoiWds2a4H-w,author::UC0HvfEWozTHbwl_iEmJNvVA,1
author::UC-HeUTT6_g-VoiWds2a4H-w,author::UCwxoKK59nGCeBqB2sXfDBIw,1
author::UC-HeUTT6_g-VoiWds2a4H-w,author::UCa36MjQLoPAmgJo-R3G8WQA,1
author::UC-HeUTT6_g-VoiWds2a4H-w,author::UC3YpzAr7pcdKC7BVFEpYzog,1
author::UC-HeUTT6_g-VoiWds2a4H-w,author::UCp29O_C7cchZV8IxV7Crdag,1
author::UC-HeUTT6_g-VoiWds2a4H-w,author::UCV3fr-YOixFKCZBbJP1-X4w,1
author::UC-HeUTT6_g-VoiWds2a4H-w,author::UCFybmWapGvBKcQod7cPPH9w,1
author::UC-HeUTT6_g-VoiWds2a4H-w,author::UCEHXl4VvvVpq-_4xC5tsbhg,1
author::UC-HeUTT6_g-VoiWds2a4H-w,author::UChyps3dqY-VY1_wLeq-2lhw,1
author::UC-HeUTT6_g-VoiWds2a4H-w,author::UCiOZX__1gahg1ypIj0_XG_w,1
author::UC-HeUTT6_g-VoiWds2a4H-w,author::UCvDwJBBY1mHK70aTEYl6rsA,1
author::UC-HeUTT6_g-VoiWds2a4H-w,author::UCfo_yUPzy1f1POwwZxhZ06Q,1
author::UC-HeUTT6_g-VoiWds2a4H-w,author::UCtCtts20bW6F9CSohau51Iw,1
author::UC-HeUTT6_g-VoiWds2a4H-w,author::UCWvntqPQx99k_Z_skWKqNSA,1
author::UC-HeUTT6_g-VoiWds2a4H-w,author::UCzZ6dDCEsLMXbc5pCFXIprw,1
author::UC-HeUTT6_g-VoiWds2a4H-w,author::UCyJhqmMbsvjpoarBBStA2kg,1
author::UC-HeUTT6_g-VoiWds2a4H-w,author::UCaT4saRcyqCLE657Rq2hhZQ,1
author::UC-Iul5tDYH_oiAMXQH-KaaQ,author::UC1NiEdJ7gk6FlDexIalWnGg,1
author::UC-Iul5tDYH_oiAMXQH-KaaQ,author::UCeQk-WfEA-cJRq4EKeE7TOw,1
author::UC-Iul5tDYH_oiAMXQH-KaaQ,author::UCoGdCoJg2Lh0OX_jv6cG16g,1
author::UC-Iul5tDYH_oiAMXQH-KaaQ,author::UCheEJ5GZuIvV0fj-nXyVwXw,1
author::UC-Iul5tDYH_oiAMXQH-KaaQ,author::UCtsxPYw8VUsH_FfnKg-0lmw,1
author::UC-Iul5tDYH_oiAMXQH-KaaQ,author::UCWaRixDdpgllTBf4V0jPnKQ,1
author::UC-Iul5tDYH_oiAMXQH-KaaQ,author::UCgGqw4aqMdMVSGkKiMgrJRQ,1
author::UC-Iul5tDYH_oiAMXQH-KaaQ,author::UCql1n3Ey6ULMSOACjMe-fxQ,1
author::UC-Iul5tDYH_oiAMXQH-KaaQ,author::UC63tFvbQ_hJhGDi2nbjssjw,1
author::UC-Iul5tDYH_oiAMXQH-KaaQ,author::UCZFQwqh90apuL8eFhvRBkUg,1
author::UC-Iul5tDYH_oiAMXQH-KaaQ,author::UCRfkkatKrNtAARnXMMYBGlA,1
author::UC-Iul5tDYH_oiAMXQH-KaaQ,author::UC14qlobYKqD-DO0j6b75lcA,1
author::UC-Iul5tDYH_oiAMXQH-KaaQ,author::UCjZgFEowMBrsjodqfovzdKw,1
author::UC-Iul5tDYH_oiAMXQH-KaaQ,author::UC0HvfEWozTHbwl_iEmJNvVA,1
author::UC-Iul5tDYH_oiAMXQH-KaaQ,author::UCwxoKK59nGCeBqB2sXfDBIw,1
author::UC-Iul5tDYH_oiAMXQH-KaaQ,author::UCa36MjQLoPAmgJo-R3G8WQA,1
author::UC-Iul5tDYH_oiAMXQH-KaaQ,author::UC3YpzAr7pcdKC7BVFEpYzog,1
author::UC-Iul5tDYH_oiAMXQH-KaaQ,author::UCp29O_C7cchZV8IxV7Crdag,1
author::UC-Iul5tDYH_oiAMXQH-KaaQ,author::UCV3fr-YOixFKCZBbJP1-X4w,1
author::UC-Iul5tDYH_oiAMXQH-KaaQ,author::UCFybmWapGvBKcQod7cPPH9w,1
author::UC-Iul5tDYH_oiAMXQH-KaaQ,author::UCEHXl4VvvVpq-_4xC5tsbhg,1
author::UC-Iul5tDYH_oiAMXQH-KaaQ,author::UChyps3dqY-VY1_wLeq-2lhw,1
author::UC-Iul5tDYH_oiAMXQH-KaaQ,author::UCiOZX__1gahg1ypIj0_XG_w,1
author::UC-Iul5tDYH_oiAMXQH-KaaQ,author::UCvDwJBBY1mHK70aTEYl6rsA,1
author::UC-Iul5tDYH_oiAMXQH-KaaQ,author::UCfo_yUPzy1f1POwwZxhZ06Q,1
author::UC-Iul5tDYH_oiAMXQH-KaaQ,author::UCtCtts20bW6F9CSohau51Iw,1
author::UC-Iul5tDYH_oiAMXQH-KaaQ,author::UCWvntqPQx99k_Z_skWKqNSA,1
author::UC-Iul5tDYH_oiAMXQH-KaaQ,author::UCzZ6dDCEsLMXbc5pCFXIprw,1
author::UC-Iul5tDYH_oiAMXQH-KaaQ,author::UCyJhqmMbsvjpoarBBStA2kg,1
author::UC-Iul5tDYH_oiAMXQH-KaaQ,author::UCaT4saRcyqCLE657Rq2hhZQ,1
author::UC-QOpE7GOxlXcHZ8b7HbQKA,author::UCat2qkYvqmtDNEmo2PVuhXw,1
author::UC-QOpE7GOxlXcHZ8b7HbQKA,author::UCQMMuADgqWUOcJpLwHOzC-g,1
author::UC-QOpE7GOxlXcHZ8b7HbQKA,author::UCp_dAUfv8i3LW3zWc24dLaQ,1
author::UC-QOpE7GOxlXcHZ8b7HbQKA,author::UCi2KiZq63sRq8Mfbcp-MelQ,1
author::UC-QOpE7GOxlXcHZ8b7HbQKA,author::UCGZMgmM92E3njyXNe9-kjAQ,1
author::UC-QOpE7GOxlXcHZ8b7HbQKA,author::UCIgoiXdIKJyUGmUoH2Lxdzg,1
author::UC-QOpE7GOxlXcHZ8b7HbQKA,author::UCZjm6U576nX8WOiLhmMR3bw,1
author::UC-QOpE7GOxlXcHZ8b7HbQKA,author::UCVdjCrh4tQoX3haNAZv-n5A,1
author::UC-QOpE7GOxlXcHZ8b7HbQKA,author::UCxhtlxPV8AYWaNNyU6S9H8Q,1
author::UC-QOpE7GOxlXcHZ8b7HbQKA,author::UCBlm80VQ4YoV3bUJR_XhkaQ,1
author::UC-QOpE7GOxlXcHZ8b7HbQKA,author::UCPNXmbOBVeC4HS-xemvcPtQ,1
author::UC-QOpE7GOxlXcHZ8b7HbQKA,author::UCbNanjFI51cwGqMAb2rOrBw,1
author::UC-QOpE7GOxlXcHZ8b7HbQKA,author::UCtiHFjFu7d5v2XxHnKFUYig,1
author::UC-QOpE7GOxlXcHZ8b7HbQKA,author::UCrqXyRsg-_hTosURZ-uvoKg,1
author::UC-QOpE7GOxlXcHZ8b7HbQKA,author::UCOLHH4ZpMxPYF-Q6e6wvn5A,1
author::UC-QOpE7GOxlXcHZ8b7HbQKA,author::UC1WlJfQmaIskYhP4gmWoamw,1
author::UC-QOpE7GOxlXcHZ8b7HbQKA,author::UCozFYHN0e_-vlQbX3wQGOug,1
author::UC-fiZBS5Gp1eCJd9ucgWnCg,author::UCRAquv8el-tQ30bN7MlmySQ,1
author::UC-fiZBS5Gp1eCJd9ucgWnCg,author::UC816IGbFCZinfYS1LRDaaHg,1
author::UC-fiZBS5Gp1eCJd9ucgWnCg,author::UCwgCc9Jd_gG-uLE_SY-FfPg,1
author::UC-fiZBS5Gp1eCJd9ucgWnCg,author::UCRvPToDkkumha7WJAfCDk1A,1
author::UC-fiZBS5Gp1eCJd9ucgWnCg,author::UC6Uj1FT5JjDSF8vudvDxPAA,1
author::UC-fiZBS5Gp1eCJd9ucgWnCg,author::UColMq7LmaoY3MT6aIDGrGvA,1
author::UC-fiZBS5Gp1eCJd9ucgWnCg,author::UCiC-Jn7wdgyQV4_Urk0DkWQ,1
author::UC-fiZBS5Gp1eCJd9ucgWnCg,author::UCgQw_Sbq3ugruDUKsq1e0-A,1
author::UC-fiZBS5Gp1eCJd9ucgWnCg,author::UCAKuKvcbfnBD3kF5njNu-IA,1
author::UC-fiZBS5Gp1eCJd9ucgWnCg,author::UCdFlugHJJa4l3YqWuNRmvXw,1
author::UC-fiZBS5Gp1eCJd9ucgWnCg,author::UCHbwIx9pmQuf7i-4_xO2EpA,1
author::UC-fiZBS5Gp1eCJd9ucgWnCg,author::UCeDNEtI8_a42bZ47wJiJMwQ,1
author::UC-fiZBS5Gp1eCJd9ucgWnCg,author::UC7dadZG7kkGYnsNu6td0FbA,1
author::UC-fiZBS5Gp1eCJd9ucgWnCg,author::UCu8_3-Wg-YzNyvHYQDEscfw,1
author::UC-fiZBS5Gp1eCJd9ucgWnCg,author::UCDrmf9y9nLgFY5wnA2hTuGA,1
author::UC-fiZBS5Gp1eCJd9ucgWnCg,author::UCQqlPPUGqAfWjd-FSh_qn7Q,1
author::UC-fiZBS5Gp1eCJd9ucgWnCg,author::UCkVtmkK07b2zaVVNssX4lOg,1
author::UC-fiZBS5Gp1eCJd9ucgWnCg,author::UCqCrvuoJpC-aVb0f4logQRQ,1
author::UC-fiZBS5Gp1eCJd9ucgWnCg,author::UCsGoJEvb-cFPZ2rWoJcXzEQ,1
author::UC-fiZBS5Gp1eCJd9ucgWnCg,author::UC4Avya4kmR4Q0FrfFdBozSQ,1
author::UC-fiZBS5Gp1eCJd9ucgWnCg,author::UCuXmOjxC-htcprLgeVXz6Tg,1
author::UC-fiZBS5Gp1eCJd9ucgWnCg,author::UCWoAVGVqCn4xtINCMOTM4jg,1
author::UC-fiZBS5Gp1eCJd9ucgWnCg,author::UClqA491Xa5fQcXcJJa-vTWw,1
author::UC-fiZBS5Gp1eCJd9ucgWnCg,author::UC3UVO7pTbeYvZ3ILEyRDskQ,1
author::UC-fiZBS5Gp1eCJd9ucgWnCg,author::UCQyOePccUP-fIJYzchAgZYw,1
author::UC-fiZBS5Gp1eCJd9ucgWnCg,author::UC95PSMouTx2N5CbSq0hIyrQ,1
author::UC-fiZBS5Gp1eCJd9ucgWnCg,author::UCV0lM03g5fg5pbPj97-sAtA,1
author::UC-fiZBS5Gp1eCJd9ucgWnCg,author::UC_LYoGs5C3mbZKZuKuqYCvw,1
author::UC-fiZBS5Gp1eCJd9ucgWnCg,author::UCgJNFj5dnxXpcMvmuhZDPxA,1
author::UC-fiZBS5Gp1eCJd9ucgWnCg,author::UCpsKOkt5iWTbenzeuq7dsmQ,1
author::UC-fiZBS5Gp1eCJd9ucgWnCg,author::UC32oozucwCF3q8d4m8fyOUg,1
author::UC-fiZBS5Gp1eCJd9ucgWnCg,author::UCkbsS_3D-pvg1iHOld9uvIg,1
author::UC-fiZBS5Gp1eCJd9ucgWnCg,author::UCCBYcToQ2dwkd6TJh0FSyDg,1
author::UC-fiZBS5Gp1eCJd9ucgWnCg,author::UCGGHbtfbbe0o68etrOf0qxw,1
author::UC-fiZBS5Gp1eCJd9ucgWnCg,author::UCOcUI5XkTYNMSFhZNMIPpGg,1
author::UC-fiZBS5Gp1eCJd9ucgWnCg,author::UCW-JC6lebVmf2P1dmY_L94g,1
author::UC-fiZBS5Gp1eCJd9ucgWnCg,author::UCwjUvRseNtJoItylIyIez7Q,1
author::UC-fiZBS5Gp1eCJd9ucgWnCg,author::UClhMWQ7XKWywYvbRnuf8QsA,1
author::UC-fiZBS5Gp1eCJd9ucgWnCg,author::UC5hvEnRUzI4Kfvwnyi4QxqQ,1
author::UC-fiZBS5Gp1eCJd9ucgWnCg,author::UCe8JZoYkX5oKUZyivHYdXhw,1
author::UC-fiZBS5Gp1eCJd9ucgWnCg,author::UC1DpqK6vaPEkBOMNvypsKYg,1
author::UC-fiZBS5Gp1eCJd9ucgWnCg,author::UCaKAjTW9MVub_clgr4DRYjQ,1
author::UC-fiZBS5Gp1eCJd9ucgWnCg,author::UCpe5jW3MIqkgTJ-PgkzvM6Q,1
author::UC-fiZBS5Gp1eCJd9ucgWnCg,author::UCylqlpsh8ENNM1LqgQ1KbxA,1
author::UC-fiZBS5Gp1eCJd9ucgWnCg,author::UCZeIIQrGAedW8tCbKWmGY-A,1
author::UC-fiZBS5Gp1eCJd9ucgWnCg,author::UCW80DaMjQlEUibC98Cot-Dg,1
author::UC-fiZBS5Gp1eCJd9ucgWnCg,author::UCUoYsrx1oZnCZ0usbBJn4fA,1
author::UC-fiZBS5Gp1eCJd9ucgWnCg,author::UCNpt5CQlTzNjlAKY6CJtClQ,1
author::UC-hfX8J5JPJ-dfuakzegMLA,author::UCXgr7vXlRrsaskPdo097kGA,1
author::UC-hfX8J5JPJ-dfuakzegMLA,author::UCwO2SXr0ggzwg6QWWrr01nQ,1
author::UC-hfX8J5JPJ-dfuakzegMLA,author::UCipetjeiWj4CZB6EbyYziZg,1
author::UC-hfX8J5JPJ-dfuakzegMLA,author::UCAlzM_N6xBlMYmM8EBzX86Q,1
author::UC-hfX8J5JPJ-dfuakzegMLA,author::UCV0iizTBoOfdAFX_thfI9BA,1
author::UC-hfX8J5JPJ-dfuakzegMLA,author::UCWIZUtKJ636y-4TYrNvok0g,1
author::UC-hfX8J5JPJ-dfuakzegMLA,author::UCLggDc_a5HriXv7I1h02sOA,1
author::UC-hfX8J5JPJ-dfuakzegMLA,author::UCueV9cTyTDwgQSec1x2dYgA,1
author::UC-hfX8J5JPJ-dfuakzegMLA,author::UCUIIIPTVDVHAXqhC_5V6lPA,1
author::UC-hfX8J5JPJ-dfuakzegMLA,author::UChep9kVb5gQmpodEEl10Xlg,1
author::UC-hfX8J5JPJ-dfuakzegMLA,author::UC6PvO1_k5lHKGdAPo5_C6TA,1
author::UC-hfX8J5JPJ-dfuakzegMLA,author::UCsJJAvrVGupdmhOqgtDp8dg,1
author::UC-hfX8J5JPJ-dfuakzegMLA,author::UCAmtbUiIrUIhikru0ZoTFig,1
author::UC-hfX8J5JPJ-dfuakzegMLA,author::UCQ_-LPP8JAbfkc-b1Q6NvWw,1
author::UC-hfX8J5JPJ-dfuakzegMLA,author::UC3E9mAgP7VoAE5mZoAexl5g,1
author::UC-hfX8J5JPJ-dfuakzegMLA,author::UCOS8ViEkccrTZx2w2ccxotA,1
author::UC-hfX8J5JPJ-dfuakzegMLA,author::UC650pRT-OYzny3GwOH8Cgfw,1
author::UC-hfX8J5JPJ-dfuakzegMLA,author::UCL1MT278vSaQ83ZDkVWn1gw,1
author::UC-hfX8J5JPJ-dfuakzegMLA,author::UCjmPuazZJzscrwvk0QR9RVw,1
author::UC-hfX8J5JPJ-dfuakzegMLA,author::UC2weSE8rpqkGMOp6StYtVfg,1
author::UC-hfX8J5JPJ-dfuakzegMLA,author::UCB5p8a5gklc80jJItP6xTHg,1
author::UC-hfX8J5JPJ-dfuakzegMLA,author::UCzoL2l5H5eVlorWGH8AZfAg,1
author::UC-hfX8J5JPJ-dfuakzegMLA,author::UCplrIQtaPj6au60_f2-mOYw,1
author::UC-hfX8J5JPJ-dfuakzegMLA,author::UC3NMzdMYryaw82kPTnsaljg,1
author::UC-hfX8J5JPJ-dfuakzegMLA,author::UCFxE8GbokBrBsPEKM1xrOjQ,1
author::UC-hfX8J5JPJ-dfuakzegMLA,author::UC8r11yOugM2NuRfitQOxLLg,1
author::UC-hfX8J5JPJ-dfuakzegMLA,author::UCRETAiYdh2dL5ZxB0_N1zDA,1
author::UC-hfX8J5JPJ-dfuakzegMLA,author::UCj-LL25XJnjxepPKCc3NGog,1
author::UC-hfX8J5JPJ-dfuakzegMLA,author::UC3MYTqpQqlWBuCB7Th0e0PA,1
author::UC-hfX8J5JPJ-dfuakzegMLA,author::UCTylKrsqkrBKIqubMu_5N0Q,1
author::UC-hfX8J5JPJ-dfuakzegMLA,author::UCZLG9qH0tUjNhEGFIUt0CYw,1
author::UC-hfX8J5JPJ-dfuakzegMLA,author::UC8F2V63KZ4ZEay6opX2hAQw,1
author::UC-hfX8J5JPJ-dfuakzegMLA,author::UC-pNP6RMFuLg_-x7Ah_0kEA,1
author::UC-hfX8J5JPJ-dfuakzegMLA,author::UCXXh7yg5KUFIWylTiKVEFKQ,1
author::UC-hfX8J5JPJ-dfuakzegMLA,author::UCr1emrogPKkKTs_WTtx71xg,1
author::UC-hfX8J5JPJ-dfuakzegMLA,author::UChs3tU2BcKOT0CezykvAsGw,1
author::UC-hfX8J5JPJ-dfuakzegMLA,author::UCErZPJpHmLCsXs8ZWkAUupQ,1
author::UC-hfX8J5JPJ-dfuakzegMLA,author::UC9xr9QvIcDvoZNUX5f-jaZw,1
author::UC-hfX8J5JPJ-dfuakzegMLA,author::UCEgEQmRbtL5fwr9_DqAC--g,1
author::UC-hfX8J5JPJ-dfuakzegMLA,author::UCmvOgzmmXbjUthHy-WJ52hQ,1
author::UC-hfX8J5JPJ-dfuakzegMLA,author::UCsjs5Hp_r86x1xbK6FAeqaA,1
author::UC-hfX8J5JPJ-dfuakzegMLA,author::UCOh6DaZC_x9HASnlRylEMfw,1
author::UC-hfX8J5JPJ-dfuakzegMLA,author::UCThW2XNsAaBKme5PUt7n-Zg,1
author::UC-hfX8J5JPJ-dfuakzegMLA,author::UCsUCN0Yq_UyTvKjOJLmNrnQ,1
author::UC-hfX8J5JPJ-dfuakzegMLA,author::UCjSKM9j0Q7HLDr1hD6D-TUw,1
author::UC-hfX8J5JPJ-dfuakzegMLA,author::UCL13XhnRzbGokEkCkEOb0-g,1
author::UC-hfX8J5JPJ-dfuakzegMLA,author::UC6YSZqL0vEcI-niPKIMUGfw,1
author::UC-hfX8J5JPJ-dfuakzegMLA,author::UCiMythXHsw7eQEMykCdmMUA,1
author::UC-hfX8J5JPJ-dfuakzegMLA,author::UCDPWkUX3sNNaCx-m1dV4glA,1
author::UC-hfX8J5JPJ-dfuakzegMLA,author::UCQtICyzWmhC5woCtbNgaSmg,1
author::UC-hfX8J5JPJ-dfuakzegMLA,author::UCQtSFINs1h6GHkpg9o5kMvg,1
author::UC-hfX8J5JPJ-dfuakzegMLA,author::UCSou6a2OuYGSvPjm5psquyA,1
author::UC-hfX8J5JPJ-dfuakzegMLA,author::UCYwpX26TrCxq8TvbKGRYLXA,1
author::UC-hfX8J5JPJ-dfuakzegMLA,author::UCDQaQv0hr2SS_PO-CMEwVHg,1
author::UC-hfX8J5JPJ-dfuakzegMLA,author::UCxff05WuyvwELNITi7bj7UA,1
author::UC-hfX8J5JPJ-dfuakzegMLA,author::UCTP3O0rMnc8z8v8jaDQwL0w,1
author::UC-hfX8J5JPJ-dfuakzegMLA,author::UCTwSut16JyAg3mX6LVUNGqA,1
author::UC-hfX8J5JPJ-dfuakzegMLA,author::UCrJn_rbo_ENAdeqneS-RmRw,1
author::UC-hfX8J5JPJ-dfuakzegMLA,author::UCFjudnPLoaSL1BaRuLahyHg,1
author::UC-hfX8J5JPJ-dfuakzegMLA,author::UC4cXueR2bKGFJV0Fk76gwmA,1
author::UC-hfX8J5JPJ-dfuakzegMLA,author::UCFUuDARXdmmIrLppEqf-rFg,1
author::UC-hfX8J5JPJ-dfuakzegMLA,author::UC1vr9aaMI2crB0NvwFHUeoQ,1
author::UC-hfX8J5JPJ-dfuakzegMLA,author::UCl0ekS9Tt0jJGtOEM18S63w,1
author::UC-hfX8J5JPJ-dfuakzegMLA,author::UCut6b9S98nv84cVX89PmKzA,1
author::UC-hfX8J5JPJ-dfuakzegMLA,author::UCi1b_TRQfgO1Z9O2gNGGWNA,1
author::UC-hfX8J5JPJ-dfuakzegMLA,author::UC8G5cJONY8L9voMyBW8Eoug,1
author::UC-hfX8J5JPJ-dfuakzegMLA,author::UCYN4wSQ1Sx4_LurxLlW7MPg,1
author::UC-hfX8J5JPJ-dfuakzegMLA,author::UCTD6q1nyIe3Y7HhqjaMj72w,1
author::UC-hfX8J5JPJ-dfuakzegMLA,author::UCpIdtvoFHVLGASGB5ySqIEA,1
author::UC-hfX8J5JPJ-dfuakzegMLA,author::UCGzXwyCzMzGmjmCbH3Hg01Q,1
author::UC-hfX8J5JPJ-dfuakzegMLA,author::UCtNfIBnc5S5DbbQj_yxgJTw,1
author::UC-hfX8J5JPJ-dfuakzegMLA,author::UC7VUuJr9cGh845CmTvf7TlQ,1
author::UC-hfX8J5JPJ-dfuakzegMLA,author::UC5bG9nc_JV3FsNP2KseQiYw,1
author::UC-hfX8J5JPJ-dfuakzegMLA,author::UCHTGCgY2l-DQJIvlA_cpa_Q,1
author::UC-hfX8J5JPJ-dfuakzegMLA,author::UC3XTwHxygNCgjndsg-UiCQA,1
author::UC-hfX8J5JPJ-dfuakzegMLA,author::UC3qn1yJA5PeW9rkGPatQxiw,1
author::UC-hfX8J5JPJ-dfuakzegMLA,author::UCA93ym2TXs_Ibyxb4Vcn-6Q,1
author::UC-hfX8J5JPJ-dfuakzegMLA,author::UCQqetiwzzmRNTM5OWuXarGQ,1
author::UC-hfX8J5JPJ-dfuakzegMLA,author::UCRelkU8JiZBytTzebJxaa-w,1
author::UC-hfX8J5JPJ-dfuakzegMLA,author::UCDlr1VadSucIZgZ171pRBjQ,1
author::UC-hfX8J5JPJ-dfuakzegMLA,author::UC-jS_kA9w-OmpupXDx156Rg,1
author::UC-hfX8J5JPJ-dfuakzegMLA,author::UCgvw7xIdGFupzpt1Y_BFkEA,1
author::UC-hfX8J5JPJ-dfuakzegMLA,author::UCpsKOkt5iWTbenzeuq7dsmQ,1
author::UC-hfX8J5JPJ-dfuakzegMLA,author::UCwW2OFy95P7ZBkOPxWkpvYg,1
author::UC-hfX8J5JPJ-dfuakzegMLA,author::UCDftMWXQoJ6nONfY7GVOVjg,1
author::UC-hfX8J5JPJ-dfuakzegMLA,author::UCLFdHr9BEbXHkoJopbEPLZw,1
author::UC-hfX8J5JPJ-dfuakzegMLA,author::UC4wq3DcbfaG6dtCqn8Oyu3w,1
author::UC-hfX8J5JPJ-dfuakzegMLA,author::UCNBnKqWf4d-rS4HwJRQljmQ,1
author::UC-hfX8J5JPJ-dfuakzegMLA,author::UCiGRBf2RNF0WRKhRVT7zFoA,1
author::UC-hfX8J5JPJ-dfuakzegMLA,author::UCcfdg8crmMJwEuLUsAhV7yg,1
author::UC-hfX8J5JPJ-dfuakzegMLA,author::UCkd9W714-947dEE6ZOEBATA,1
author::UC-hfX8J5JPJ-dfuakzegMLA,author::UCZ51R_9Q9C0c8I3pAWhtmjQ,1
author::UC-hfX8J5JPJ-dfuakzegMLA,author::UCzSfZlOVxBSs5ObD25ywxDQ,1
author::UC-hfX8J5JPJ-dfuakzegMLA,author::UCCaYwkkbQGcvFoUmothVdQQ,1
author::UC-hfX8J5JPJ-dfuakzegMLA,author::UC72gBAtyb_VXQlYDcFrh6oQ,1
author::UC-hfX8J5JPJ-dfuakzegMLA,author::UCDUffaruH6dyUnUGwsTKpgg,1
author::UC-hfX8J5JPJ-dfuakzegMLA,author::UCwha8rxULYMVtNwZWeSkE1A,1
author::UC-hfX8J5JPJ-dfuakzegMLA,author::UC2Y_EHWQKevubk4vOEBBFxw,1
author::UC-hfX8J5JPJ-dfuakzegMLA,author::UCDIMztpVm7G27qBuiWuT6oQ,1
author::UC-hfX8J5JPJ-dfuakzegMLA,author::UChgkn5Jt5tWKYMoEOuCjz3Q,1
author::UC-hfX8J5JPJ-dfuakzegMLA,author::UCvApqeCbLod-wejtT4CcVuA,1
author::UC-hfX8J5JPJ-dfuakzegMLA,author::UCfM3nrxtTQMY5jFx1v1J4Gg,1
author::UC-hfX8J5JPJ-dfuakzegMLA,author::UCRlCV9zSn7avAWh-9_XFWqQ,1
author::UC-hfX8J5JPJ-dfuakzegMLA,author::UCFhxtoeARHPnXXPcDrOU3Xg,1
author::UC-hfX8J5JPJ-dfuakzegMLA,author::UCNkcuy42zEwddwEcOd_HpnA,1
author::UC-hfX8J5JPJ-dfuakzegMLA,author::UCz3gu01bmjNv0DpRq-K3XYg,1
author::UC-hfX8J5JPJ-dfuakzegMLA,author::UCFoIAE8k82D6AV-8gjjKaNg,1
author::UC-hfX8J5JPJ-dfuakzegMLA,author::UCySYJU5kUh7X8gVt9la2ISA,1
author::UC-hfX8J5JPJ-dfuakzegMLA,author::UCQgYjVngJRfPHDLGB5X6ZjA,1
author::UC-hfX8J5JPJ-dfuakzegMLA,author::UCHhHUjaMAZ8SiXdCUCj9DkQ,1
author::UC-hfX8J5JPJ-dfuakzegMLA,author::UCXSkL3ejZ8qWYyF_M7s_QKA,1
author::UC-hfX8J5JPJ-dfuakzegMLA,author::UChZknRmJkeGeQk0-mQuhDOg,1
author::UC-hfX8J5JPJ-dfuakzegMLA,author::UCXr8_5WtGeipe4haOoQDgyQ,1
author::UC-hfX8J5JPJ-dfuakzegMLA,author::UCljDbleJul41G1TzOjOZAVA,1
author::UC-hfX8J5JPJ-dfuakzegMLA,author::UCujPF2nBgsTD62nWE3lcpIg,1
author::UC-hfX8J5JPJ-dfuakzegMLA,author::UCmjppp6ujz3SAnULvP3sZMw,1
author::UC-hfX8J5JPJ-dfuakzegMLA,author::UCylqlpsh8ENNM1LqgQ1KbxA,1
author::UC-hfX8J5JPJ-dfuakzegMLA,author::UCp4iw5_5SmV9VGTFSNVGOmQ,1
author::UC-hfX8J5JPJ-dfuakzegMLA,author::UCN6qbfPSzFtjhqUDZ3Cv3CQ,1
author::UC-hfX8J5JPJ-dfuakzegMLA,author::UCpl8rF8uv_8uui-QRvuJaRA,1
author::UC-hfX8J5JPJ-dfuakzegMLA,author::UC9vMq1YF-e7C-VO0SHkbUTA,1
author::UC-hfX8J5JPJ-dfuakzegMLA,author::UCh5ESQvtzyHDhCA7XyekCFA,1
author::UC-hfX8J5JPJ-dfuakzegMLA,author::UCsSXdJct-nsS8DsABoEsaYA,1
author::UC-hfX8J5JPJ-dfuakzegMLA,author::UC5H8ASmMC9WrURmzeB4ySog,1
author::UC-hfX8J5JPJ-dfuakzegMLA,author::UCKDR0f2fu2UzWL8mBv5-BHw,1
author::UC-hfX8J5JPJ-dfuakzegMLA,author::UCOLGv5Pf6BF2wFcwUzgcvHg,1
author::UC-hfX8J5JPJ-dfuakzegMLA,author::UCtUR3_CAiE7fCoZHM6cMfyQ,1
author::UC-jS_kA9w-OmpupXDx156Rg,author::UCXgr7vXlRrsaskPdo097kGA,1
author::UC-jS_kA9w-OmpupXDx156Rg,author::UCwO2SXr0ggzwg6QWWrr01nQ,1
author::UC-jS_kA9w-OmpupXDx156Rg,author::UCipetjeiWj4CZB6EbyYziZg,1
author::UC-jS_kA9w-OmpupXDx156Rg,author::UCAlzM_N6xBlMYmM8EBzX86Q,1
author::UC-jS_kA9w-OmpupXDx156Rg,author::UCV0iizTBoOfdAFX_thfI9BA,1
author::UC-jS_kA9w-OmpupXDx156Rg,author::UCWIZUtKJ636y-4TYrNvok0g,1
author::UC-jS_kA9w-OmpupXDx156Rg,author::UCLggDc_a5HriXv7I1h02sOA,1
author::UC-jS_kA9w-OmpupXDx156Rg,author::UCueV9cTyTDwgQSec1x2dYgA,1
author::UC-jS_kA9w-OmpupXDx156Rg,author::UCUIIIPTVDVHAXqhC_5V6lPA,1
author::UC-jS_kA9w-OmpupXDx156Rg,author::UChep9kVb5gQmpodEEl10Xlg,1
author::UC-jS_kA9w-OmpupXDx156Rg,author::UC6PvO1_k5lHKGdAPo5_C6TA,1
author::UC-jS_kA9w-OmpupXDx156Rg,author::UCsJJAvrVGupdmhOqgtDp8dg,1
author::UC-jS_kA9w-OmpupXDx156Rg,author::UCAmtbUiIrUIhikru0ZoTFig,1
author::UC-jS_kA9w-OmpupXDx156Rg,author::UCQ_-LPP8JAbfkc-b1Q6NvWw,1
author::UC-jS_kA9w-OmpupXDx156Rg,author::UC3E9mAgP7VoAE5mZoAexl5g,1
author::UC-jS_kA9w-OmpupXDx156Rg,author::UCOS8ViEkccrTZx2w2ccxotA,1
author::UC-jS_kA9w-OmpupXDx156Rg,author::UC650pRT-OYzny3GwOH8Cgfw,1
author::UC-jS_kA9w-OmpupXDx156Rg,author::UCL1MT278vSaQ83ZDkVWn1gw,1
author::UC-jS_kA9w-OmpupXDx156Rg,author::UCjmPuazZJzscrwvk0QR9RVw,1
author::UC-jS_kA9w-OmpupXDx156Rg,author::UC2weSE8rpqkGMOp6StYtVfg,1
author::UC-jS_kA9w-OmpupXDx156Rg,author::UCB5p8a5gklc80jJItP6xTHg,1
author::UC-jS_kA9w-OmpupXDx156Rg,author::UCzoL2l5H5eVlorWGH8AZfAg,1
author::UC-jS_kA9w-OmpupXDx156Rg,author::UCplrIQtaPj6au60_f2-mOYw,1
author::UC-jS_kA9w-OmpupXDx156Rg,author::UC3NMzdMYryaw82kPTnsaljg,1
author::UC-jS_kA9w-OmpupXDx156Rg,author::UCFxE8GbokBrBsPEKM1xrOjQ,1
author::UC-jS_kA9w-OmpupXDx156Rg,author::UC8r11yOugM2NuRfitQOxLLg,1
author::UC-jS_kA9w-OmpupXDx156Rg,author::UCRETAiYdh2dL5ZxB0_N1zDA,1
author::UC-jS_kA9w-OmpupXDx156Rg,author::UCj-LL25XJnjxepPKCc3NGog,1
author::UC-jS_kA9w-OmpupXDx156Rg,author::UC3MYTqpQqlWBuCB7Th0e0PA,1
author::UC-jS_kA9w-OmpupXDx156Rg,author::UCTylKrsqkrBKIqubMu_5N0Q,1
author::UC-jS_kA9w-OmpupXDx156Rg,author::UCZLG9qH0tUjNhEGFIUt0CYw,1
author::UC-jS_kA9w-OmpupXDx156Rg,author::UC8F2V63KZ4ZEay6opX2hAQw,1
author::UC-jS_kA9w-OmpupXDx156Rg,author::UC-pNP6RMFuLg_-x7Ah_0kEA,1
author::UC-jS_kA9w-OmpupXDx156Rg,author::UCXXh7yg5KUFIWylTiKVEFKQ,1
author::UC-jS_kA9w-OmpupXDx156Rg,author::UCr1emrogPKkKTs_WTtx71xg,1
author::UC-jS_kA9w-OmpupXDx156Rg,author::UChs3tU2BcKOT0CezykvAsGw,1
author::UC-jS_kA9w-OmpupXDx156Rg,author::UCErZPJpHmLCsXs8ZWkAUupQ,1
author::UC-jS_kA9w-OmpupXDx156Rg,author::UC9xr9QvIcDvoZNUX5f-jaZw,1
author::UC-jS_kA9w-OmpupXDx156Rg,author::UCEgEQmRbtL5fwr9_DqAC--g,1
author::UC-jS_kA9w-OmpupXDx156Rg,author::UCmvOgzmmXbjUthHy-WJ52hQ,1
author::UC-jS_kA9w-OmpupXDx156Rg,author::UCsjs5Hp_r86x1xbK6FAeqaA,1
author::UC-jS_kA9w-OmpupXDx156Rg,author::UCOh6DaZC_x9HASnlRylEMfw,1
author::UC-jS_kA9w-OmpupXDx156Rg,author::UCThW2XNsAaBKme5PUt7n-Zg,1
author::UC-jS_kA9w-OmpupXDx156Rg,author::UCsUCN0Yq_UyTvKjOJLmNrnQ,1
author::UC-jS_kA9w-OmpupXDx156Rg,author::UCjSKM9j0Q7HLDr1hD6D-TUw,1
author::UC-jS_kA9w-OmpupXDx156Rg,author::UCL13XhnRzbGokEkCkEOb0-g,1
author::UC-jS_kA9w-OmpupXDx156Rg,author::UC6YSZqL0vEcI-niPKIMUGfw,1
author::UC-jS_kA9w-OmpupXDx156Rg,author::UCiMythXHsw7eQEMykCdmMUA,1
author::UC-jS_kA9w-OmpupXDx156Rg,author::UCDPWkUX3sNNaCx-m1dV4glA,1
author::UC-jS_kA9w-OmpupXDx156Rg,author::UCQtICyzWmhC5woCtbNgaSmg,1
author::UC-jS_kA9w-OmpupXDx156Rg,author::UCQtSFINs1h6GHkpg9o5kMvg,1
author::UC-jS_kA9w-OmpupXDx156Rg,author::UCSou6a2OuYGSvPjm5psquyA,1
author::UC-jS_kA9w-OmpupXDx156Rg,author::UCYwpX26TrCxq8TvbKGRYLXA,1
author::UC-jS_kA9w-OmpupXDx156Rg,author::UCDQaQv0hr2SS_PO-CMEwVHg,1
author::UC-jS_kA9w-OmpupXDx156Rg,author::UCxff05WuyvwELNITi7bj7UA,1
author::UC-jS_kA9w-OmpupXDx156Rg,author::UCTP3O0rMnc8z8v8jaDQwL0w,1
author::UC-jS_kA9w-OmpupXDx156Rg,author::UCTwSut16JyAg3mX6LVUNGqA,1
author::UC-jS_kA9w-OmpupXDx156Rg,author::UCrJn_rbo_ENAdeqneS-RmRw,1
author::UC-jS_kA9w-OmpupXDx156Rg,author::UCFjudnPLoaSL1BaRuLahyHg,1
author::UC-jS_kA9w-OmpupXDx156Rg,author::UC4cXueR2bKGFJV0Fk76gwmA,1
author::UC-jS_kA9w-OmpupXDx156Rg,author::UCFUuDARXdmmIrLppEqf-rFg,1
author::UC-jS_kA9w-OmpupXDx156Rg,author::UC1vr9aaMI2crB0NvwFHUeoQ,1
author::UC-jS_kA9w-OmpupXDx156Rg,author::UCl0ekS9Tt0jJGtOEM18S63w,1
author::UC-jS_kA9w-OmpupXDx156Rg,author::UCut6b9S98nv84cVX89PmKzA,1
author::UC-jS_kA9w-OmpupXDx156Rg,author::UCi1b_TRQfgO1Z9O2gNGGWNA,1
author::UC-jS_kA9w-OmpupXDx156Rg,author::UC8G5cJONY8L9voMyBW8Eoug,1
author::UC-jS_kA9w-OmpupXDx156Rg,author::UCYN4wSQ1Sx4_LurxLlW7MPg,1
author::UC-jS_kA9w-OmpupXDx156Rg,author::UCTD6q1nyIe3Y7HhqjaMj72w,1
author::UC-jS_kA9w-OmpupXDx156Rg,author::UCpIdtvoFHVLGASGB5ySqIEA,1
author::UC-jS_kA9w-OmpupXDx156Rg,author::UCGzXwyCzMzGmjmCbH3Hg01Q,1
author::UC-jS_kA9w-OmpupXDx156Rg,author::UCtNfIBnc5S5DbbQj_yxgJTw,1
author::UC-jS_kA9w-OmpupXDx156Rg,author::UC7VUuJr9cGh845CmTvf7TlQ,1
author::UC-jS_kA9w-OmpupXDx156Rg,author::UC5bG9nc_JV3FsNP2KseQiYw,1
author::UC-jS_kA9w-OmpupXDx156Rg,author::UCHTGCgY2l-DQJIvlA_cpa_Q,1
author::UC-jS_kA9w-OmpupXDx156Rg,author::UC3XTwHxygNCgjndsg-UiCQA,1
author::UC-jS_kA9w-OmpupXDx156Rg,author::UC3qn1yJA5PeW9rkGPatQxiw,1
author::UC-jS_kA9w-OmpupXDx156Rg,author::UCA93ym2TXs_Ibyxb4Vcn-6Q,1
author::UC-jS_kA9w-OmpupXDx156Rg,author::UCQqetiwzzmRNTM5OWuXarGQ,1
author::UC-jS_kA9w-OmpupXDx156Rg,author::UCRelkU8JiZBytTzebJxaa-w,1
author::UC-jS_kA9w-OmpupXDx156Rg,author::UCDlr1VadSucIZgZ171pRBjQ,1
author::UC-jS_kA9w-OmpupXDx156Rg,author::UCgvw7xIdGFupzpt1Y_BFkEA,1
author::UC-jS_kA9w-OmpupXDx156Rg,author::UCpsKOkt5iWTbenzeuq7dsmQ,1
author::UC-jS_kA9w-OmpupXDx156Rg,author::UCwW2OFy95P7ZBkOPxWkpvYg,1
author::UC-jS_kA9w-OmpupXDx156Rg,author::UCDftMWXQoJ6nONfY7GVOVjg,1
author::UC-jS_kA9w-OmpupXDx156Rg,author::UCLFdHr9BEbXHkoJopbEPLZw,1
author::UC-jS_kA9w-OmpupXDx156Rg,author::UC4wq3DcbfaG6dtCqn8Oyu3w,1
author::UC-jS_kA9w-OmpupXDx156Rg,author::UCNBnKqWf4d-rS4HwJRQljmQ,1
author::UC-jS_kA9w-OmpupXDx156Rg,author::UCiGRBf2RNF0WRKhRVT7zFoA,1
author::UC-jS_kA9w-OmpupXDx156Rg,author::UCcfdg8crmMJwEuLUsAhV7yg,1
author::UC-jS_kA9w-OmpupXDx156Rg,author::UCkd9W714-947dEE6ZOEBATA,1
author::UC-jS_kA9w-OmpupXDx156Rg,author::UCZ51R_9Q9C0c8I3pAWhtmjQ,1
author::UC-jS_kA9w-OmpupXDx156Rg,author::UCzSfZlOVxBSs5ObD25ywxDQ,1
author::UC-jS_kA9w-OmpupXDx156Rg,author::UCCaYwkkbQGcvFoUmothVdQQ,1
author::UC-jS_kA9w-OmpupXDx156Rg,author::UC72gBAtyb_VXQlYDcFrh6oQ,1
author::UC-jS_kA9w-OmpupXDx156Rg,author::UCDUffaruH6dyUnUGwsTKpgg,1
author::UC-jS_kA9w-OmpupXDx156Rg,author::UCwha8rxULYMVtNwZWeSkE1A,1
author::UC-jS_kA9w-OmpupXDx156Rg,author::UC2Y_EHWQKevubk4vOEBBFxw,1
author::UC-jS_kA9w-OmpupXDx156Rg,author::UCDIMztpVm7G27qBuiWuT6oQ,1
author::UC-jS_kA9w-OmpupXDx156Rg,author::UChgkn5Jt5tWKYMoEOuCjz3Q,1
author::UC-jS_kA9w-OmpupXDx156Rg,author::UCvApqeCbLod-wejtT4CcVuA,1
author::UC-jS_kA9w-OmpupXDx156Rg,author::UCfM3nrxtTQMY5jFx1v1J4Gg,1
author::UC-jS_kA9w-OmpupXDx156Rg,author::UCRlCV9zSn7avAWh-9_XFWqQ,1
author::UC-jS_kA9w-OmpupXDx156Rg,author::UCFhxtoeARHPnXXPcDrOU3Xg,1
author::UC-jS_kA9w-OmpupXDx156Rg,author::UCNkcuy42zEwddwEcOd_HpnA,1
author::UC-jS_kA9w-OmpupXDx156Rg,author::UCz3gu01bmjNv0DpRq-K3XYg,1
author::UC-jS_kA9w-OmpupXDx156Rg,author::UCFoIAE8k82D6AV-8gjjKaNg,1
author::UC-jS_kA9w-OmpupXDx156Rg,author::UCySYJU5kUh7X8gVt9la2ISA,1
author::UC-jS_kA9w-OmpupXDx156Rg,author::UCQgYjVngJRfPHDLGB5X6ZjA,1
author::UC-jS_kA9w-OmpupXDx156Rg,author::UCHhHUjaMAZ8SiXdCUCj9DkQ,1
author::UC-jS_kA9w-OmpupXDx156Rg,author::UCXSkL3ejZ8qWYyF_M7s_QKA,1
author::UC-jS_kA9w-OmpupXDx156Rg,author::UChZknRmJkeGeQk0-mQuhDOg,1
author::UC-jS_kA9w-OmpupXDx156Rg,author::UCXr8_5WtGeipe4haOoQDgyQ,1
author::UC-jS_kA9w-OmpupXDx156Rg,author::UCljDbleJul41G1TzOjOZAVA,1
author::UC-jS_kA9w-OmpupXDx156Rg,author::UCujPF2nBgsTD62nWE3lcpIg,1
author::UC-jS_kA9w-OmpupXDx156Rg,author::UCmjppp6ujz3SAnULvP3sZMw,1
author::UC-jS_kA9w-OmpupXDx156Rg,author::UCylqlpsh8ENNM1LqgQ1KbxA,1
author::UC-jS_kA9w-OmpupXDx156Rg,author::UCp4iw5_5SmV9VGTFSNVGOmQ,1
author::UC-jS_kA9w-OmpupXDx156Rg,author::UCN6qbfPSzFtjhqUDZ3Cv3CQ,1
author::UC-jS_kA9w-OmpupXDx156Rg,author::UCpl8rF8uv_8uui-QRvuJaRA,1
author::UC-jS_kA9w-OmpupXDx156Rg,author::UC9vMq1YF-e7C-VO0SHkbUTA,1
author::UC-jS_kA9w-OmpupXDx156Rg,author::UCh5ESQvtzyHDhCA7XyekCFA,1
author::UC-jS_kA9w-OmpupXDx156Rg,author::UCsSXdJct-nsS8DsABoEsaYA,1
author::UC-jS_kA9w-OmpupXDx156Rg,author::UC5H8ASmMC9WrURmzeB4ySog,1
author::UC-jS_kA9w-OmpupXDx156Rg,author::UCKDR0f2fu2UzWL8mBv5-BHw,1
author::UC-jS_kA9w-OmpupXDx156Rg,author::UCOLGv5Pf6BF2wFcwUzgcvHg,1
author::UC-jS_kA9w-OmpupXDx156Rg,author::UCtUR3_CAiE7fCoZHM6cMfyQ,1
author::UC-pNP6RMFuLg_-x7Ah_0kEA,author::UCXgr7vXlRrsaskPdo097kGA,1
author::UC-pNP6RMFuLg_-x7Ah_0kEA,author::UCwO2SXr0ggzwg6QWWrr01nQ,1
author::UC-pNP6RMFuLg_-x7Ah_0kEA,author::UCipetjeiWj4CZB6EbyYziZg,1
author::UC-pNP6RMFuLg_-x7Ah_0kEA,author::UCAlzM_N6xBlMYmM8EBzX86Q,1
author::UC-pNP6RMFuLg_-x7Ah_0kEA,author::UCV0iizTBoOfdAFX_thfI9BA,1
author::UC-pNP6RMFuLg_-x7Ah_0kEA,author::UCWIZUtKJ636y-4TYrNvok0g,1
author::UC-pNP6RMFuLg_-x7Ah_0kEA,author::UCLggDc_a5HriXv7I1h02sOA,1
author::UC-pNP6RMFuLg_-x7Ah_0kEA,author::UCueV9cTyTDwgQSec1x2dYgA,1
author::UC-pNP6RMFuLg_-x7Ah_0kEA,author::UCUIIIPTVDVHAXqhC_5V6lPA,1
author::UC-pNP6RMFuLg_-x7Ah_0kEA,author::UChep9kVb5gQmpodEEl10Xlg,1
author::UC-pNP6RMFuLg_-x7Ah_0kEA,author::UC6PvO1_k5lHKGdAPo5_C6TA,1
author::UC-pNP6RMFuLg_-x7Ah_0kEA,author::UCsJJAvrVGupdmhOqgtDp8dg,1
author::UC-pNP6RMFuLg_-x7Ah_0kEA,author::UCAmtbUiIrUIhikru0ZoTFig,1
author::UC-pNP6RMFuLg_-x7Ah_0kEA,author::UCQ_-LPP8JAbfkc-b1Q6NvWw,1
author::UC-pNP6RMFuLg_-x7Ah_0kEA,author::UC3E9mAgP7VoAE5mZoAexl5g,1
author::UC-pNP6RMFuLg_-x7Ah_0kEA,author::UCOS8ViEkccrTZx2w2ccxotA,1
author::UC-pNP6RMFuLg_-x7Ah_0kEA,author::UC650pRT-OYzny3GwOH8Cgfw,1
author::UC-pNP6RMFuLg_-x7Ah_0kEA,author::UCL1MT278vSaQ83ZDkVWn1gw,1
author::UC-pNP6RMFuLg_-x7Ah_0kEA,author::UCjmPuazZJzscrwvk0QR9RVw,1
author::UC-pNP6RMFuLg_-x7Ah_0kEA,author::UC2weSE8rpqkGMOp6StYtVfg,1
author::UC-pNP6RMFuLg_-x7Ah_0kEA,author::UCB5p8a5gklc80jJItP6xTHg,1
author::UC-pNP6RMFuLg_-x7Ah_0kEA,author::UCzoL2l5H5eVlorWGH8AZfAg,1
author::UC-pNP6RMFuLg_-x7Ah_0kEA,author::UCplrIQtaPj6au60_f2-mOYw,1
author::UC-pNP6RMFuLg_-x7Ah_0kEA,author::UC3NMzdMYryaw82kPTnsaljg,1
author::UC-pNP6RMFuLg_-x7Ah_0kEA,author::UCFxE8GbokBrBsPEKM1xrOjQ,1
author::UC-pNP6RMFuLg_-x7Ah_0kEA,author::UC8r11yOugM2NuRfitQOxLLg,1
author::UC-pNP6RMFuLg_-x7Ah_0kEA,author::UCRETAiYdh2dL5ZxB0_N1zDA,1
author::UC-pNP6RMFuLg_-x7Ah_0kEA,author::UCj-LL25XJnjxepPKCc3NGog,1
author::UC-pNP6RMFuLg_-x7Ah_0kEA,author::UC3MYTqpQqlWBuCB7Th0e0PA,1
author::UC-pNP6RMFuLg_-x7Ah_0kEA,author::UCTylKrsqkrBKIqubMu_5N0Q,1
author::UC-pNP6RMFuLg_-x7Ah_0kEA,author::UCZLG9qH0tUjNhEGFIUt0CYw,1
author::UC-pNP6RMFuLg_-x7Ah_0kEA,author::UC8F2V63KZ4ZEay6opX2hAQw,1
author::UC-pNP6RMFuLg_-x7Ah_0kEA,author::UCXXh7yg5KUFIWylTiKVEFKQ,1
author::UC-pNP6RMFuLg_-x7Ah_0kEA,author::UCr1emrogPKkKTs_WTtx71xg,1
author::UC-pNP6RMFuLg_-x7Ah_0kEA,author::UChs3tU2BcKOT0CezykvAsGw,1
author::UC-pNP6RMFuLg_-x7Ah_0kEA,author::UCErZPJpHmLCsXs8ZWkAUupQ,1
author::UC-pNP6RMFuLg_-x7Ah_0kEA,author::UC9xr9QvIcDvoZNUX5f-jaZw,1
author::UC-pNP6RMFuLg_-x7Ah_0kEA,author::UCEgEQmRbtL5fwr9_DqAC--g,1
author::UC-pNP6RMFuLg_-x7Ah_0kEA,author::UCmvOgzmmXbjUthHy-WJ52hQ,1
author::UC-pNP6RMFuLg_-x7Ah_0kEA,author::UCsjs5Hp_r86x1xbK6FAeqaA,1
author::UC-pNP6RMFuLg_-x7Ah_0kEA,author::UCOh6DaZC_x9HASnlRylEMfw,1
author::UC-pNP6RMFuLg_-x7Ah_0kEA,author::UCThW2XNsAaBKme5PUt7n-Zg,1
author::UC-pNP6RMFuLg_-x7Ah_0kEA,author::UCsUCN0Yq_UyTvKjOJLmNrnQ,1
author::UC-pNP6RMFuLg_-x7Ah_0kEA,author::UCjSKM9j0Q7HLDr1hD6D-TUw,1
author::UC-pNP6RMFuLg_-x7Ah_0kEA,author::UCL13XhnRzbGokEkCkEOb0-g,1
author::UC-pNP6RMFuLg_-x7Ah_0kEA,author::UC6YSZqL0vEcI-niPKIMUGfw,1
author::UC-pNP6RMFuLg_-x7Ah_0kEA,author::UCiMythXHsw7eQEMykCdmMUA,1
author::UC-pNP6RMFuLg_-x7Ah_0kEA,author::UCDPWkUX3sNNaCx-m1dV4glA,1
author::UC-pNP6RMFuLg_-x7Ah_0kEA,author::UCQtICyzWmhC5woCtbNgaSmg,1
author::UC-pNP6RMFuLg_-x7Ah_0kEA,author::UCQtSFINs1h6GHkpg9o5kMvg,1
author::UC-pNP6RMFuLg_-x7Ah_0kEA,author::UCSou6a2OuYGSvPjm5psquyA,1
author::UC-pNP6RMFuLg_-x7Ah_0kEA,author::UCYwpX26TrCxq8TvbKGRYLXA,1
author::UC-pNP6RMFuLg_-x7Ah_0kEA,author::UCDQaQv0hr2SS_PO-CMEwVHg,1
author::UC-pNP6RMFuLg_-x7Ah_0kEA,author::UCxff05WuyvwELNITi7bj7UA,1
author::UC-pNP6RMFuLg_-x7Ah_0kEA,author::UCTP3O0rMnc8z8v8jaDQwL0w,1
author::UC-pNP6RMFuLg_-x7Ah_0kEA,author::UCTwSut16JyAg3mX6LVUNGqA,1
author::UC-pNP6RMFuLg_-x7Ah_0kEA,author::UCrJn_rbo_ENAdeqneS-RmRw,1
author::UC-pNP6RMFuLg_-x7Ah_0kEA,author::UCFjudnPLoaSL1BaRuLahyHg,1
author::UC-pNP6RMFuLg_-x7Ah_0kEA,author::UC4cXueR2bKGFJV0Fk76gwmA,1
author::UC-pNP6RMFuLg_-x7Ah_0kEA,author::UCFUuDARXdmmIrLppEqf-rFg,1
author::UC-pNP6RMFuLg_-x7Ah_0kEA,author::UC1vr9aaMI2crB0NvwFHUeoQ,1
author::UC-pNP6RMFuLg_-x7Ah_0kEA,author::UCl0ekS9Tt0jJGtOEM18S63w,1
author::UC-pNP6RMFuLg_-x7Ah_0kEA,author::UCut6b9S98nv84cVX89PmKzA,1
author::UC-pNP6RMFuLg_-x7Ah_0kEA,author::UCi1b_TRQfgO1Z9O2gNGGWNA,1
author::UC-pNP6RMFuLg_-x7Ah_0kEA,author::UC8G5cJONY8L9voMyBW8Eoug,1
author::UC-pNP6RMFuLg_-x7Ah_0kEA,author::UCYN4wSQ1Sx4_LurxLlW7MPg,1
author::UC-pNP6RMFuLg_-x7Ah_0kEA,author::UCTD6q1nyIe3Y7HhqjaMj72w,1
author::UC-pNP6RMFuLg_-x7Ah_0kEA,author::UCpIdtvoFHVLGASGB5ySqIEA,1
author::UC-pNP6RMFuLg_-x7Ah_0kEA,author::UCGzXwyCzMzGmjmCbH3Hg01Q,1
author::UC-pNP6RMFuLg_-x7Ah_0kEA,author::UCtNfIBnc5S5DbbQj_yxgJTw,1
author::UC-pNP6RMFuLg_-x7Ah_0kEA,author::UC7VUuJr9cGh845CmTvf7TlQ,1
author::UC-pNP6RMFuLg_-x7Ah_0kEA,author::UC5bG9nc_JV3FsNP2KseQiYw,1
author::UC-pNP6RMFuLg_-x7Ah_0kEA,author::UCHTGCgY2l-DQJIvlA_cpa_Q,1
author::UC-pNP6RMFuLg_-x7Ah_0kEA,author::UC3XTwHxygNCgjndsg-UiCQA,1
author::UC-pNP6RMFuLg_-x7Ah_0kEA,author::UC3qn1yJA5PeW9rkGPatQxiw,1
author::UC-pNP6RMFuLg_-x7Ah_0kEA,author::UCA93ym2TXs_Ibyxb4Vcn-6Q,1
author::UC-pNP6RMFuLg_-x7Ah_0kEA,author::UCQqetiwzzmRNTM5OWuXarGQ,1
author::UC-pNP6RMFuLg_-x7Ah_0kEA,author::UCRelkU8JiZBytTzebJxaa-w,1
author::UC-pNP6RMFuLg_-x7Ah_0kEA,author::UCDlr1VadSucIZgZ171pRBjQ,1
author::UC-pNP6RMFuLg_-x7Ah_0kEA,author::UCgvw7xIdGFupzpt1Y_BFkEA,1
author::UC-pNP6RMFuLg_-x7Ah_0kEA,author::UCpsKOkt5iWTbenzeuq7dsmQ,1
author::UC-pNP6RMFuLg_-x7Ah_0kEA,author::UCwW2OFy95P7ZBkOPxWkpvYg,1
author::UC-pNP6RMFuLg_-x7Ah_0kEA,author::UCDftMWXQoJ6nONfY7GVOVjg,1
author::UC-pNP6RMFuLg_-x7Ah_0kEA,author::UCLFdHr9BEbXHkoJopbEPLZw,1
author::UC-pNP6RMFuLg_-x7Ah_0kEA,author::UC4wq3DcbfaG6dtCqn8Oyu3w,1
author::UC-pNP6RMFuLg_-x7Ah_0kEA,author::UCNBnKqWf4d-rS4HwJRQljmQ,1
author::UC-pNP6RMFuLg_-x7Ah_0kEA,author::UCiGRBf2RNF0WRKhRVT7zFoA,1
author::UC-pNP6RMFuLg_-x7Ah_0kEA,author::UCcfdg8crmMJwEuLUsAhV7yg,1
author::UC-pNP6RMFuLg_-x7Ah_0kEA,author::UCkd9W714-947dEE6ZOEBATA,1
author::UC-pNP6RMFuLg_-x7Ah_0kEA,author::UCZ51R_9Q9C0c8I3pAWhtmjQ,1
author::UC-pNP6RMFuLg_-x7Ah_0kEA,author::UCzSfZlOVxBSs5ObD25ywxDQ,1
author::UC-pNP6RMFuLg_-x7Ah_0kEA,author::UCCaYwkkbQGcvFoUmothVdQQ,1
author::UC-pNP6RMFuLg_-x7Ah_0kEA,author::UC72gBAtyb_VXQlYDcFrh6oQ,1
author::UC-pNP6RMFuLg_-x7Ah_0kEA,author::UCDUffaruH6dyUnUGwsTKpgg,1
author::UC-pNP6RMFuLg_-x7Ah_0kEA,author::UCwha8rxULYMVtNwZWeSkE1A,1
author::UC-pNP6RMFuLg_-x7Ah_0kEA,author::UC2Y_EHWQKevubk4vOEBBFxw,1
author::UC-pNP6RMFuLg_-x7Ah_0kEA,author::UCDIMztpVm7G27qBuiWuT6oQ,1
author::UC-pNP6RMFuLg_-x7Ah_0kEA,author::UChgkn5Jt5tWKYMoEOuCjz3Q,1
author::UC-pNP6RMFuLg_-x7Ah_0kEA,author::UCvApqeCbLod-wejtT4CcVuA,1
author::UC-pNP6RMFuLg_-x7Ah_0kEA,author::UCfM3nrxtTQMY5jFx1v1J4Gg,1
author::UC-pNP6RMFuLg_-x7Ah_0kEA,author::UCRlCV9zSn7avAWh-9_XFWqQ,1
author::UC-pNP6RMFuLg_-x7Ah_0kEA,author::UCFhxtoeARHPnXXPcDrOU3Xg,1
author::UC-pNP6RMFuLg_-x7Ah_0kEA,author::UCNkcuy42zEwddwEcOd_HpnA,1
author::UC-pNP6RMFuLg_-x7Ah_0kEA,author::UCz3gu01bmjNv0DpRq-K3XYg,1
author::UC-pNP6RMFuLg_-x7Ah_0kEA,author::UCFoIAE8k82D6AV-8gjjKaNg,1
author::UC-pNP6RMFuLg_-x7Ah_0kEA,author::UCySYJU5kUh7X8gVt9la2ISA,1
author::UC-pNP6RMFuLg_-x7Ah_0kEA,author::UCQgYjVngJRfPHDLGB5X6ZjA,1
author::UC-pNP6RMFuLg_-x7Ah_0kEA,author::UCHhHUjaMAZ8SiXdCUCj9DkQ,1
author::UC-pNP6RMFuLg_-x7Ah_0kEA,author::UCXSkL3ejZ8qWYyF_M7s_QKA,1
author::UC-pNP6RMFuLg_-x7Ah_0kEA,author::UChZknRmJkeGeQk0-mQuhDOg,1
author::UC-pNP6RMFuLg_-x7Ah_0kEA,author::UCXr8_5WtGeipe4haOoQDgyQ,1
author::UC-pNP6RMFuLg_-x7Ah_0kEA,author::UCljDbleJul41G1TzOjOZAVA,1
author::UC-pNP6RMFuLg_-x7Ah_0kEA,author::UCujPF2nBgsTD62nWE3lcpIg,1
author::UC-pNP6RMFuLg_-x7Ah_0kEA,author::UCmjppp6ujz3SAnULvP3sZMw,1
author::UC-pNP6RMFuLg_-x7Ah_0kEA,author::UCylqlpsh8ENNM1LqgQ1KbxA,1
author::UC-pNP6RMFuLg_-x7Ah_0kEA,author::UCp4iw5_5SmV9VGTFSNVGOmQ,1
author::UC-pNP6RMFuLg_-x7Ah_0kEA,author::UCN6qbfPSzFtjhqUDZ3Cv3CQ,1
author::UC-pNP6RMFuLg_-x7Ah_0kEA,author::UCpl8rF8uv_8uui-QRvuJaRA,1
author::UC-pNP6RMFuLg_-x7Ah_0kEA,author::UC9vMq1YF-e7C-VO0SHkbUTA,1
author::UC-pNP6RMFuLg_-x7Ah_0kEA,author::UCh5ESQvtzyHDhCA7XyekCFA,1
author::UC-pNP6RMFuLg_-x7Ah_0kEA,author::UCsSXdJct-nsS8DsABoEsaYA,1
author::UC-pNP6RMFuLg_-x7Ah_0kEA,author::UC5H8ASmMC9WrURmzeB4ySog,1
author::UC-pNP6RMFuLg_-x7Ah_0kEA,author::UCKDR0f2fu2UzWL8mBv5-BHw,1
author::UC-pNP6RMFuLg_-x7Ah_0kEA,author::UCOLGv5Pf6BF2wFcwUzgcvHg,1
author::UC-pNP6RMFuLg_-x7Ah_0kEA,author::UCtUR3_CAiE7fCoZHM6cMfyQ,1
author::UC094EFEmMSdwVa8NQjjYBXg,author::UCsUCN0Yq_UyTvKjOJLmNrnQ,1
author::UC094EFEmMSdwVa8NQjjYBXg,author::UCHu8x4MVkayU6VgwVKd--MQ,1
author::UC094EFEmMSdwVa8NQjjYBXg,author::UCGm3gRBEHGRJYmtCryZLtDw,1
author::UC094EFEmMSdwVa8NQjjYBXg,author::UC9Wp6vL5oCU37qC3Aj94WZA,1
author::UC094EFEmMSdwVa8NQjjYBXg,author::UC3iIU62XKUOWuqL8BqBzj9A,1
author::UC094EFEmMSdwVa8NQjjYBXg,author::UC5PrBbmUlQolwqmiru7yZhw,1
author::UC0HvfEWozTHbwl_iEmJNvVA,author::UC1NiEdJ7gk6FlDexIalWnGg,1
author::UC0HvfEWozTHbwl_iEmJNvVA,author::UCeQk-WfEA-cJRq4EKeE7TOw,1
author::UC0HvfEWozTHbwl_iEmJNvVA,author::UCoGdCoJg2Lh0OX_jv6cG16g,1
author::UC0HvfEWozTHbwl_iEmJNvVA,author::UCheEJ5GZuIvV0fj-nXyVwXw,1
author::UC0HvfEWozTHbwl_iEmJNvVA,author::UCtsxPYw8VUsH_FfnKg-0lmw,1
author::UC0HvfEWozTHbwl_iEmJNvVA,author::UCWaRixDdpgllTBf4V0jPnKQ,1
author::UC0HvfEWozTHbwl_iEmJNvVA,author::UCgGqw4aqMdMVSGkKiMgrJRQ,1
author::UC0HvfEWozTHbwl_iEmJNvVA,author::UCql1n3Ey6ULMSOACjMe-fxQ,1
author::UC0HvfEWozTHbwl_iEmJNvVA,author::UC63tFvbQ_hJhGDi2nbjssjw,1
author::UC0HvfEWozTHbwl_iEmJNvVA,author::UCZFQwqh90apuL8eFhvRBkUg,1
author::UC0HvfEWozTHbwl_iEmJNvVA,author::UCRfkkatKrNtAARnXMMYBGlA,1
author::UC0HvfEWozTHbwl_iEmJNvVA,author::UC14qlobYKqD-DO0j6b75lcA,1
author::UC0HvfEWozTHbwl_iEmJNvVA,author::UCjZgFEowMBrsjodqfovzdKw,1
author::UC0HvfEWozTHbwl_iEmJNvVA,author::UCwxoKK59nGCeBqB2sXfDBIw,1
author::UC0HvfEWozTHbwl_iEmJNvVA,author::UCa36MjQLoPAmgJo-R3G8WQA,1
author::UC0HvfEWozTHbwl_iEmJNvVA,author::UC3YpzAr7pcdKC7BVFEpYzog,1
author::UC0HvfEWozTHbwl_iEmJNvVA,author::UCp29O_C7cchZV8IxV7Crdag,1
author::UC0HvfEWozTHbwl_iEmJNvVA,author::UCV3fr-YOixFKCZBbJP1-X4w,1
author::UC0HvfEWozTHbwl_iEmJNvVA,author::UCFybmWapGvBKcQod7cPPH9w,1
author::UC0HvfEWozTHbwl_iEmJNvVA,author::UCEHXl4VvvVpq-_4xC5tsbhg,1
author::UC0HvfEWozTHbwl_iEmJNvVA,author::UChyps3dqY-VY1_wLeq-2lhw,1
author::UC0HvfEWozTHbwl_iEmJNvVA,author::UCiOZX__1gahg1ypIj0_XG_w,1
author::UC0HvfEWozTHbwl_iEmJNvVA,author::UCvDwJBBY1mHK70aTEYl6rsA,1
author::UC0HvfEWozTHbwl_iEmJNvVA,author::UCfo_yUPzy1f1POwwZxhZ06Q,1
author::UC0HvfEWozTHbwl_iEmJNvVA,author::UCtCtts20bW6F9CSohau51Iw,1
author::UC0HvfEWozTHbwl_iEmJNvVA,author::UCWvntqPQx99k_Z_skWKqNSA,1
author::UC0HvfEWozTHbwl_iEmJNvVA,author::UCzZ6dDCEsLMXbc5pCFXIprw,1
author::UC0HvfEWozTHbwl_iEmJNvVA,author::UCyJhqmMbsvjpoarBBStA2kg,1
author::UC0HvfEWozTHbwl_iEmJNvVA,author::UCaT4saRcyqCLE657Rq2hhZQ,1
author::UC0RpuMwkDKJYqgKHtsJRuWQ,author::UC0aEyakBPqcBkVJiErfSupQ,1
author::UC0RpuMwkDKJYqgKHtsJRuWQ,author::UCGqKxQS-z3NZzZF-2w338AA,1
author::UC0RpuMwkDKJYqgKHtsJRuWQ,author::UCIUhbSCy3-SGRe5UtqM4fzQ,1
author::UC0RpuMwkDKJYqgKHtsJRuWQ,author::UCY7Hq7F9Lnucf-Yr6JkHZNw,1
author::UC0RpuMwkDKJYqgKHtsJRuWQ,author::UCaT6M2zp7X6r6Whd8Vv3kHQ,1
author::UC0RpuMwkDKJYqgKHtsJRuWQ,author::UCxKR3RA8T-kxMgq_2WWhRcQ,1
author::UC0RpuMwkDKJYqgKHtsJRuWQ,author::UCgLrWFdYitoP-b7-PxtUr-w,1
author::UC0RpuMwkDKJYqgKHtsJRuWQ,author::UC_ljZ1hZXR9pzexFz87P5ZA,1
author::UC0RpuMwkDKJYqgKHtsJRuWQ,author::UCqilIa8r7iek5sGYg_q6ofA,1
author::UC0RpuMwkDKJYqgKHtsJRuWQ,author::UCtMBF_1O2jY2INlb_luuB_A,1
author::UC0RpuMwkDKJYqgKHtsJRuWQ,author::UCSTAUWVc1_82DHYeqOsqEFA,1
author::UC0RpuMwkDKJYqgKHtsJRuWQ,author::UCFOxCyF926Y9eHhMeVoWLzw,1
author::UC0RpuMwkDKJYqgKHtsJRuWQ,author::UCIp19h9igblA2YKfSLPDAug,1
author::UC0RpuMwkDKJYqgKHtsJRuWQ,author::UC5PyGvSfFM--OVKmQ3COu6g,1
author::UC0RpuMwkDKJYqgKHtsJRuWQ,author::UCHMQ_lDhibZ-XZ_3fo6oxwg,1
author::UC0RpuMwkDKJYqgKHtsJRuWQ,author::UCi-vPdnpQreC7BkFs40mJGA,1
author::UC0RpuMwkDKJYqgKHtsJRuWQ,author::UCyzf29IYjNw67gGIfsjgtxA,1
author::UC0RpuMwkDKJYqgKHtsJRuWQ,author::UCRcSR3Lvn9DZAmJpVPANfZQ,1
author::UC0RpuMwkDKJYqgKHtsJRuWQ,author::UCXmrpc6Li0spcKxtS0Q_ptg,1
author::UC0RpuMwkDKJYqgKHtsJRuWQ,author::UCRznz9-N3Qc1w-qNdLSIY2Q,1
author::UC0RpuMwkDKJYqgKHtsJRuWQ,author::UCs_5qeqdku9tGAq22y3OcuQ,1
author::UC0RpuMwkDKJYqgKHtsJRuWQ,author::UC5fvhAfm89JH8eDFdvc0xYw,1
author::UC0RpuMwkDKJYqgKHtsJRuWQ,author::UCgLurCo-e019HGODcjXHWCw,1
author::UC0RpuMwkDKJYqgKHtsJRuWQ,author::UCwUAv3_LpWVtTIi7lkmTL7A,1
author::UC0aEyakBPqcBkVJiErfSupQ,author::UCGqKxQS-z3NZzZF-2w338AA,1
author::UC0aEyakBPqcBkVJiErfSupQ,author::UCIUhbSCy3-SGRe5UtqM4fzQ,1
author::UC0aEyakBPqcBkVJiErfSupQ,author::UCY7Hq7F9Lnucf-Yr6JkHZNw,1
author::UC0aEyakBPqcBkVJiErfSupQ,author::UCaT6M2zp7X6r6Whd8Vv3kHQ,1
author::UC0aEyakBPqcBkVJiErfSupQ,author::UCxKR3RA8T-kxMgq_2WWhRcQ,1
author::UC0aEyakBPqcBkVJiErfSupQ,author::UCgLrWFdYitoP-b7-PxtUr-w,1
author::UC0aEyakBPqcBkVJiErfSupQ,author::UC_ljZ1hZXR9pzexFz87P5ZA,1
author::UC0aEyakBPqcBkVJiErfSupQ,author::UCqilIa8r7iek5sGYg_q6ofA,1
author::UC0aEyakBPqcBkVJiErfSupQ,author::UCtMBF_1O2jY2INlb_luuB_A,1
author::UC0aEyakBPqcBkVJiErfSupQ,author::UCSTAUWVc1_82DHYeqOsqEFA,1
author::UC0aEyakBPqcBkVJiErfSupQ,author::UCFOxCyF926Y9eHhMeVoWLzw,1
author::UC0aEyakBPqcBkVJiErfSupQ,author::UCIp19h9igblA2YKfSLPDAug,1
author::UC0aEyakBPqcBkVJiErfSupQ,author::UC5PyGvSfFM--OVKmQ3COu6g,1
author::UC0aEyakBPqcBkVJiErfSupQ,author::UCHMQ_lDhibZ-XZ_3fo6oxwg,1
author::UC0aEyakBPqcBkVJiErfSupQ,author::UCi-vPdnpQreC7BkFs40mJGA,1
author::UC0aEyakBPqcBkVJiErfSupQ,author::UCyzf29IYjNw67gGIfsjgtxA,1
author::UC0aEyakBPqcBkVJiErfSupQ,author::UCRcSR3Lvn9DZAmJpVPANfZQ,1
author::UC0aEyakBPqcBkVJiErfSupQ,author::UCXmrpc6Li0spcKxtS0Q_ptg,1
author::UC0aEyakBPqcBkVJiErfSupQ,author::UCRznz9-N3Qc1w-qNdLSIY2Q,1
author::UC0aEyakBPqcBkVJiErfSupQ,author::UCs_5qeqdku9tGAq22y3OcuQ,1
author::UC0aEyakBPqcBkVJiErfSupQ,author::UC5fvhAfm89JH8eDFdvc0xYw,1
author::UC0aEyakBPqcBkVJiErfSupQ,author::UCgLurCo-e019HGODcjXHWCw,1
author::UC0aEyakBPqcBkVJiErfSupQ,author::UCwUAv3_LpWVtTIi7lkmTL7A,1
author::UC14qlobYKqD-DO0j6b75lcA,author::UC1NiEdJ7gk6FlDexIalWnGg,1
author::UC14qlobYKqD-DO0j6b75lcA,author::UCeQk-WfEA-cJRq4EKeE7TOw,1
author::UC14qlobYKqD-DO0j6b75lcA,author::UCoGdCoJg2Lh0OX_jv6cG16g,1
author::UC14qlobYKqD-DO0j6b75lcA,author::UCheEJ5GZuIvV0fj-nXyVwXw,1
author::UC14qlobYKqD-DO0j6b75lcA,author::UCtsxPYw8VUsH_FfnKg-0lmw,1
author::UC14qlobYKqD-DO0j6b75lcA,author::UCWaRixDdpgllTBf4V0jPnKQ,1
author::UC14qlobYKqD-DO0j6b75lcA,author::UCgGqw4aqMdMVSGkKiMgrJRQ,1
author::UC14qlobYKqD-DO0j6b75lcA,author::UCql1n3Ey6ULMSOACjMe-fxQ,1
author::UC14qlobYKqD-DO0j6b75lcA,author::UC63tFvbQ_hJhGDi2nbjssjw,1
author::UC14qlobYKqD-DO0j6b75lcA,author::UCZFQwqh90apuL8eFhvRBkUg,1
author::UC14qlobYKqD-DO0j6b75lcA,author::UCRfkkatKrNtAARnXMMYBGlA,1
author::UC14qlobYKqD-DO0j6b75lcA,author::UCjZgFEowMBrsjodqfovzdKw,1
author::UC14qlobYKqD-DO0j6b75lcA,author::UCwxoKK59nGCeBqB2sXfDBIw,1
author::UC14qlobYKqD-DO0j6b75lcA,author::UCa36MjQLoPAmgJo-R3G8WQA,1
author::UC14qlobYKqD-DO0j6b75lcA,author::UC3YpzAr7pcdKC7BVFEpYzog,1
author::UC14qlobYKqD-DO0j6b75lcA,author::UCp29O_C7cchZV8IxV7Crdag,1
author::UC14qlobYKqD-DO0j6b75lcA,author::UCV3fr-YOixFKCZBbJP1-X4w,1
author::UC14qlobYKqD-DO0j6b75lcA,author::UCFybmWapGvBKcQod7cPPH9w,1
author::UC14qlobYKqD-DO0j6b75lcA,author::UCEHXl4VvvVpq-_4xC5tsbhg,1
author::UC14qlobYKqD-DO0j6b75lcA,author::UChyps3dqY-VY1_wLeq-2lhw,1
author::UC14qlobYKqD-DO0j6b75lcA,author::UCiOZX__1gahg1ypIj0_XG_w,1
author::UC14qlobYKqD-DO0j6b75lcA,author::UCvDwJBBY1mHK70aTEYl6rsA,1
author::UC14qlobYKqD-DO0j6b75lcA,author::UCfo_yUPzy1f1POwwZxhZ06Q,1
author::UC14qlobYKqD-DO0j6b75lcA,author::UCtCtts20bW6F9CSohau51Iw,1
author::UC14qlobYKqD-DO0j6b75lcA,author::UCWvntqPQx99k_Z_skWKqNSA,1
author::UC14qlobYKqD-DO0j6b75lcA,author::UCzZ6dDCEsLMXbc5pCFXIprw,1
author::UC14qlobYKqD-DO0j6b75lcA,author::UCyJhqmMbsvjpoarBBStA2kg,1
author::UC14qlobYKqD-DO0j6b75lcA,author::UCaT4saRcyqCLE657Rq2hhZQ,1
author::UC1DpqK6vaPEkBOMNvypsKYg,author::UCRAquv8el-tQ30bN7MlmySQ,1
author::UC1DpqK6vaPEkBOMNvypsKYg,author::UC816IGbFCZinfYS1LRDaaHg,1
author::UC1DpqK6vaPEkBOMNvypsKYg,author::UCwgCc9Jd_gG-uLE_SY-FfPg,1
author::UC1DpqK6vaPEkBOMNvypsKYg,author::UCRvPToDkkumha7WJAfCDk1A,1
author::UC1DpqK6vaPEkBOMNvypsKYg,author::UC6Uj1FT5JjDSF8vudvDxPAA,1
author::UC1DpqK6vaPEkBOMNvypsKYg,author::UColMq7LmaoY3MT6aIDGrGvA,1
author::UC1DpqK6vaPEkBOMNvypsKYg,author::UCiC-Jn7wdgyQV4_Urk0DkWQ,1
author::UC1DpqK6vaPEkBOMNvypsKYg,author::UCgQw_Sbq3ugruDUKsq1e0-A,1
author::UC1DpqK6vaPEkBOMNvypsKYg,author::UCAKuKvcbfnBD3kF5njNu-IA,1
author::UC1DpqK6vaPEkBOMNvypsKYg,author::UCdFlugHJJa4l3YqWuNRmvXw,1
author::UC1DpqK6vaPEkBOMNvypsKYg,author::UCHbwIx9pmQuf7i-4_xO2EpA,1
author::UC1DpqK6vaPEkBOMNvypsKYg,author::UCeDNEtI8_a42bZ47wJiJMwQ,1
author::UC1DpqK6vaPEkBOMNvypsKYg,author::UC7dadZG7kkGYnsNu6td0FbA,1
author::UC1DpqK6vaPEkBOMNvypsKYg,author::UCu8_3-Wg-YzNyvHYQDEscfw,1
author::UC1DpqK6vaPEkBOMNvypsKYg,author::UCDrmf9y9nLgFY5wnA2hTuGA,1
author::UC1DpqK6vaPEkBOMNvypsKYg,author::UCQqlPPUGqAfWjd-FSh_qn7Q,1
author::UC1DpqK6vaPEkBOMNvypsKYg,author::UCkVtmkK07b2zaVVNssX4lOg,1
author::UC1DpqK6vaPEkBOMNvypsKYg,author::UCqCrvuoJpC-aVb0f4logQRQ,1
author::UC1DpqK6vaPEkBOMNvypsKYg,author::UCsGoJEvb-cFPZ2rWoJcXzEQ,1
author::UC1DpqK6vaPEkBOMNvypsKYg,author::UC4Avya4kmR4Q0FrfFdBozSQ,1
author::UC1DpqK6vaPEkBOMNvypsKYg,author::UCuXmOjxC-htcprLgeVXz6Tg,1
author::UC1DpqK6vaPEkBOMNvypsKYg,author::UCWoAVGVqCn4xtINCMOTM4jg,1
author::UC1DpqK6vaPEkBOMNvypsKYg,author::UClqA491Xa5fQcXcJJa-vTWw,1
author::UC1DpqK6vaPEkBOMNvypsKYg,author::UC3UVO7pTbeYvZ3ILEyRDskQ,1
author::UC1DpqK6vaPEkBOMNvypsKYg,author::UCQyOePccUP-fIJYzchAgZYw,1
author::UC1DpqK6vaPEkBOMNvypsKYg,author::UC95PSMouTx2N5CbSq0hIyrQ,1
author::UC1DpqK6vaPEkBOMNvypsKYg,author::UCV0lM03g5fg5pbPj97-sAtA,1
author::UC1DpqK6vaPEkBOMNvypsKYg,author::UC_LYoGs5C3mbZKZuKuqYCvw,1
author::UC1DpqK6vaPEkBOMNvypsKYg,author::UCgJNFj5dnxXpcMvmuhZDPxA,1
author::UC1DpqK6vaPEkBOMNvypsKYg,author::UCpsKOkt5iWTbenzeuq7dsmQ,1
author::UC1DpqK6vaPEkBOMNvypsKYg,author::UC32oozucwCF3q8d4m8fyOUg,1
author::UC1DpqK6vaPEkBOMNvypsKYg,author::UCkbsS_3D-pvg1iHOld9uvIg,1
author::UC1DpqK6vaPEkBOMNvypsKYg,author::UCCBYcToQ2dwkd6TJh0FSyDg,1
author::UC1DpqK6vaPEkBOMNvypsKYg,author::UCGGHbtfbbe0o68etrOf0qxw,1
author::UC1DpqK6vaPEkBOMNvypsKYg,author::UCOcUI5XkTYNMSFhZNMIPpGg,1
author::UC1DpqK6vaPEkBOMNvypsKYg,author::UCW-JC6lebVmf2P1dmY_L94g,1
author::UC1DpqK6vaPEkBOMNvypsKYg,author::UCwjUvRseNtJoItylIyIez7Q,1
author::UC1DpqK6vaPEkBOMNvypsKYg,author::UClhMWQ7XKWywYvbRnuf8QsA,1
author::UC1DpqK6vaPEkBOMNvypsKYg,author::UC5hvEnRUzI4Kfvwnyi4QxqQ,1
author::UC1DpqK6vaPEkBOMNvypsKYg,author::UCe8JZoYkX5oKUZyivHYdXhw,1
author::UC1DpqK6vaPEkBOMNvypsKYg,author::UCaKAjTW9MVub_clgr4DRYjQ,1
author::UC1DpqK6vaPEkBOMNvypsKYg,author::UCpe5jW3MIqkgTJ-PgkzvM6Q,1
author::UC1DpqK6vaPEkBOMNvypsKYg,author::UCylqlpsh8ENNM1LqgQ1KbxA,1
author::UC1DpqK6vaPEkBOMNvypsKYg,author::UCZeIIQrGAedW8tCbKWmGY-A,1
author::UC1DpqK6vaPEkBOMNvypsKYg,author::UCW80DaMjQlEUibC98Cot-Dg,1
author::UC1DpqK6vaPEkBOMNvypsKYg,author::UCUoYsrx1oZnCZ0usbBJn4fA,1
author::UC1DpqK6vaPEkBOMNvypsKYg,author::UCNpt5CQlTzNjlAKY6CJtClQ,1
author::UC1NiEdJ7gk6FlDexIalWnGg,author::UCeQk-WfEA-cJRq4EKeE7TOw,1
author::UC1NiEdJ7gk6FlDexIalWnGg,author::UCoGdCoJg2Lh0OX_jv6cG16g,1
author::UC1NiEdJ7gk6FlDexIalWnGg,author::UCheEJ5GZuIvV0fj-nXyVwXw,1
author::UC1NiEdJ7gk6FlDexIalWnGg,author::UCtsxPYw8VUsH_FfnKg-0lmw,1
author::UC1NiEdJ7gk6FlDexIalWnGg,author::UCWaRixDdpgllTBf4V0jPnKQ,1
author::UC1NiEdJ7gk6FlDexIalWnGg,author::UCgGqw4aqMdMVSGkKiMgrJRQ,1
author::UC1NiEdJ7gk6FlDexIalWnGg,author::UCql1n3Ey6ULMSOACjMe-fxQ,1
author::UC1NiEdJ7gk6FlDexIalWnGg,author::UC63tFvbQ_hJhGDi2nbjssjw,1
author::UC1NiEdJ7gk6FlDexIalWnGg,author::UCZFQwqh90apuL8eFhvRBkUg,1
author::UC1NiEdJ7gk6FlDexIalWnGg,author::UCRfkkatKrNtAARnXMMYBGlA,1
author::UC1NiEdJ7gk6FlDexIalWnGg,author::UCjZgFEowMBrsjodqfovzdKw,1
author::UC1NiEdJ7gk6FlDexIalWnGg,author::UCwxoKK59nGCeBqB2sXfDBIw,1
author::UC1NiEdJ7gk6FlDexIalWnGg,author::UCa36MjQLoPAmgJo-R3G8WQA,1
author::UC1NiEdJ7gk6FlDexIalWnGg,author::UC3YpzAr7pcdKC7BVFEpYzog,1
author::UC1NiEdJ7gk6FlDexIalWnGg,author::UCp29O_C7cchZV8IxV7Crdag,1
author::UC1NiEdJ7gk6FlDexIalWnGg,author::UCV3fr-YOixFKCZBbJP1-X4w,1
author::UC1NiEdJ7gk6FlDexIalWnGg,author::UCFybmWapGvBKcQod7cPPH9w,1
author::UC1NiEdJ7gk6FlDexIalWnGg,author::UCEHXl4VvvVpq-_4xC5tsbhg,1
author::UC1NiEdJ7gk6FlDexIalWnGg,author::UChyps3dqY-VY1_wLeq-2lhw,1
author::UC1NiEdJ7gk6FlDexIalWnGg,author::UCiOZX__1gahg1ypIj0_XG_w,1
author::UC1NiEdJ7gk6FlDexIalWnGg,author::UCvDwJBBY1mHK70aTEYl6rsA,1
author::UC1NiEdJ7gk6FlDexIalWnGg,author::UCfo_yUPzy1f1POwwZxhZ06Q,1
author::UC1NiEdJ7gk6FlDexIalWnGg,author::UCtCtts20bW6F9CSohau51Iw,1
author::UC1NiEdJ7gk6FlDexIalWnGg,author::UCWvntqPQx99k_Z_skWKqNSA,1
author::UC1NiEdJ7gk6FlDexIalWnGg,author::UCzZ6dDCEsLMXbc5pCFXIprw,1
author::UC1NiEdJ7gk6FlDexIalWnGg,author::UCyJhqmMbsvjpoarBBStA2kg,1
author::UC1NiEdJ7gk6FlDexIalWnGg,author::UCaT4saRcyqCLE657Rq2hhZQ,1
author::UC1WlJfQmaIskYhP4gmWoamw,author::UCat2qkYvqmtDNEmo2PVuhXw,1
author::UC1WlJfQmaIskYhP4gmWoamw,author::UCQMMuADgqWUOcJpLwHOzC-g,1
author::UC1WlJfQmaIskYhP4gmWoamw,author::UCp_dAUfv8i3LW3zWc24dLaQ,1
author::UC1WlJfQmaIskYhP4gmWoamw,author::UCi2KiZq63sRq8Mfbcp-MelQ,1
author::UC1WlJfQmaIskYhP4gmWoamw,author::UCGZMgmM92E3njyXNe9-kjAQ,1
author::UC1WlJfQmaIskYhP4gmWoamw,author::UCIgoiXdIKJyUGmUoH2Lxdzg,1
author::UC1WlJfQmaIskYhP4gmWoamw,author::UCZjm6U576nX8WOiLhmMR3bw,1
author::UC1WlJfQmaIskYhP4gmWoamw,author::UCVdjCrh4tQoX3haNAZv-n5A,1
author::UC1WlJfQmaIskYhP4gmWoamw,author::UCxhtlxPV8AYWaNNyU6S9H8Q,1
author::UC1WlJfQmaIskYhP4gmWoamw,author::UCBlm80VQ4YoV3bUJR_XhkaQ,1
author::UC1WlJfQmaIskYhP4gmWoamw,author::UCPNXmbOBVeC4HS-xemvcPtQ,1
author::UC1WlJfQmaIskYhP4gmWoamw,author::UCbNanjFI51cwGqMAb2rOrBw,1
author::UC1WlJfQmaIskYhP4gmWoamw,author::UCtiHFjFu7d5v2XxHnKFUYig,1
author::UC1WlJfQmaIskYhP4gmWoamw,author::UCrqXyRsg-_hTosURZ-uvoKg,1
author::UC1WlJfQmaIskYhP4gmWoamw,author::UCOLHH4ZpMxPYF-Q6e6wvn5A,1
author::UC1WlJfQmaIskYhP4gmWoamw,author::UCozFYHN0e_-vlQbX3wQGOug,1
author::UC1Y7x3h0c95Z8kUhi-Tzaeg,author::UCusjriFsDHEc2AOjqk-p5ig,1
author::UC1Y7x3h0c95Z8kUhi-Tzaeg,author::UCzZ6dDCEsLMXbc5pCFXIprw,1
author::UC1Y7x3h0c95Z8kUhi-Tzaeg,author::UCNIeXbV_mEwpa412h1aqUWw,1
author::UC1Y7x3h0c95Z8kUhi-Tzaeg,author::UCAV7QIjYhbDJaycQycM_0eQ,1
author::UC1Y7x3h0c95Z8kUhi-Tzaeg,author::UCgQJgI9vu1FI2dnC9mrFthw,1
author::UC1Y7x3h0c95Z8kUhi-Tzaeg,author::UCg3eIfd7BrsLEqS0BLkftHA,1
author::UC1Y7x3h0c95Z8kUhi-Tzaeg,author::UCf5lnNZF7Qrtli9v4N_23WQ,1
author::UC1Y7x3h0c95Z8kUhi-Tzaeg,author::UC7IMsCxfZyWN7YQo8-JYa6Q,1
author::UC1Y7x3h0c95Z8kUhi-Tzaeg,author::UCGX_UbAQOXGZknv5iqklwTA,1
author::UC1Y7x3h0c95Z8kUhi-Tzaeg,author::UCuP4UK33HKtJE_S39ksmaTw,1
author::UC1Y7x3h0c95Z8kUhi-Tzaeg,author::UCtNyHmRZtvGF2hSvI2dUBWw,1
author::UC1Y7x3h0c95Z8kUhi-Tzaeg,author::UCN2N_wYOw6fMwCeSzdXLPIw,1
author::UC1Y7x3h0c95Z8kUhi-Tzaeg,author::UCVQf0tzL7xRzFJsABVVULpg,1
author::UC1Y7x3h0c95Z8kUhi-Tzaeg,author::UCPZueDLrCS4BmTBRMA4q0fA,1
author::UC1Y7x3h0c95Z8kUhi-Tzaeg,author::UCbYoNG5J3Au5BqtbXogfEFw,1
author::UC1Y7x3h0c95Z8kUhi-Tzaeg,author::UCHTGCgY2l-DQJIvlA_cpa_Q,1
author::UC1Y7x3h0c95Z8kUhi-Tzaeg,author::UClsrFGJKWPxxw7MiaEdKLXw,1
author::UC1Y7x3h0c95Z8kUhi-Tzaeg,author::UC8xlJWNHz1V_W6q3fbuQH8g,1
author::UC1vr9aaMI2crB0NvwFHUeoQ,author::UCXgr7vXlRrsaskPdo097kGA,1
author::UC1vr9aaMI2crB0NvwFHUeoQ,author::UCwO2SXr0ggzwg6QWWrr01nQ,1
author::UC1vr9aaMI2crB0NvwFHUeoQ,author::UCipetjeiWj4CZB6EbyYziZg,1
author::UC1vr9aaMI2crB0NvwFHUeoQ,author::UCAlzM_N6xBlMYmM8EBzX86Q,1
author::UC1vr9aaMI2crB0NvwFHUeoQ,author::UCV0iizTBoOfdAFX_thfI9BA,1
author::UC1vr9aaMI2crB0NvwFHUeoQ,author::UCWIZUtKJ636y-4TYrNvok0g,1
author::UC1vr9aaMI2crB0NvwFHUeoQ,author::UCLggDc_a5HriXv7I1h02sOA,1
author::UC1vr9aaMI2crB0NvwFHUeoQ,author::UCueV9cTyTDwgQSec1x2dYgA,1
author::UC1vr9aaMI2crB0NvwFHUeoQ,author::UCUIIIPTVDVHAXqhC_5V6lPA,1
author::UC1vr9aaMI2crB0NvwFHUeoQ,author::UChep9kVb5gQmpodEEl10Xlg,1
author::UC1vr9aaMI2crB0NvwFHUeoQ,author::UC6PvO1_k5lHKGdAPo5_C6TA,1
author::UC1vr9aaMI2crB0NvwFHUeoQ,author::UCsJJAvrVGupdmhOqgtDp8dg,1
author::UC1vr9aaMI2crB0NvwFHUeoQ,author::UCAmtbUiIrUIhikru0ZoTFig,1
author::UC1vr9aaMI2crB0NvwFHUeoQ,author::UCQ_-LPP8JAbfkc-b1Q6NvWw,1
author::UC1vr9aaMI2crB0NvwFHUeoQ,author::UC3E9mAgP7VoAE5mZoAexl5g,1
author::UC1vr9aaMI2crB0NvwFHUeoQ,author::UCOS8ViEkccrTZx2w2ccxotA,1
author::UC1vr9aaMI2crB0NvwFHUeoQ,author::UC650pRT-OYzny3GwOH8Cgfw,1
author::UC1vr9aaMI2crB0NvwFHUeoQ,author::UCL1MT278vSaQ83ZDkVWn1gw,1
author::UC1vr9aaMI2crB0NvwFHUeoQ,author::UCjmPuazZJzscrwvk0QR9RVw,1
author::UC1vr9aaMI2crB0NvwFHUeoQ,author::UC2weSE8rpqkGMOp6StYtVfg,1
author::UC1vr9aaMI2crB0NvwFHUeoQ,author::UCB5p8a5gklc80jJItP6xTHg,1
author::UC1vr9aaMI2crB0NvwFHUeoQ,author::UCzoL2l5H5eVlorWGH8AZfAg,1
author::UC1vr9aaMI2crB0NvwFHUeoQ,author::UCplrIQtaPj6au60_f2-mOYw,1
author::UC1vr9aaMI2crB0NvwFHUeoQ,author::UC3NMzdMYryaw82kPTnsaljg,1
author::UC1vr9aaMI2crB0NvwFHUeoQ,author::UCFxE8GbokBrBsPEKM1xrOjQ,1
author::UC1vr9aaMI2crB0NvwFHUeoQ,author::UC8r11yOugM2NuRfitQOxLLg,1
author::UC1vr9aaMI2crB0NvwFHUeoQ,author::UCRETAiYdh2dL5ZxB0_N1zDA,1
author::UC1vr9aaMI2crB0NvwFHUeoQ,author::UCj-LL25XJnjxepPKCc3NGog,1
author::UC1vr9aaMI2crB0NvwFHUeoQ,author::UC3MYTqpQqlWBuCB7Th0e0PA,1
author::UC1vr9aaMI2crB0NvwFHUeoQ,author::UCTylKrsqkrBKIqubMu_5N0Q,1
author::UC1vr9aaMI2crB0NvwFHUeoQ,author::UCZLG9qH0tUjNhEGFIUt0CYw,1
author::UC1vr9aaMI2crB0NvwFHUeoQ,author::UC8F2V63KZ4ZEay6opX2hAQw,1
author::UC1vr9aaMI2crB0NvwFHUeoQ,author::UCXXh7yg5KUFIWylTiKVEFKQ,1
author::UC1vr9aaMI2crB0NvwFHUeoQ,author::UCr1emrogPKkKTs_WTtx71xg,1
author::UC1vr9aaMI2crB0NvwFHUeoQ,author::UChs3tU2BcKOT0CezykvAsGw,1
author::UC1vr9aaMI2crB0NvwFHUeoQ,author::UCErZPJpHmLCsXs8ZWkAUupQ,1
author::UC1vr9aaMI2crB0NvwFHUeoQ,author::UC9xr9QvIcDvoZNUX5f-jaZw,1
author::UC1vr9aaMI2crB0NvwFHUeoQ,author::UCEgEQmRbtL5fwr9_DqAC--g,1
author::UC1vr9aaMI2crB0NvwFHUeoQ,author::UCmvOgzmmXbjUthHy-WJ52hQ,1
author::UC1vr9aaMI2crB0NvwFHUeoQ,author::UCsjs5Hp_r86x1xbK6FAeqaA,1
author::UC1vr9aaMI2crB0NvwFHUeoQ,author::UCOh6DaZC_x9HASnlRylEMfw,1
author::UC1vr9aaMI2crB0NvwFHUeoQ,author::UCThW2XNsAaBKme5PUt7n-Zg,1
author::UC1vr9aaMI2crB0NvwFHUeoQ,author::UCsUCN0Yq_UyTvKjOJLmNrnQ,1
author::UC1vr9aaMI2crB0NvwFHUeoQ,author::UCjSKM9j0Q7HLDr1hD6D-TUw,1
author::UC1vr9aaMI2crB0NvwFHUeoQ,author::UCL13XhnRzbGokEkCkEOb0-g,1
author::UC1vr9aaMI2crB0NvwFHUeoQ,author::UC6YSZqL0vEcI-niPKIMUGfw,1
author::UC1vr9aaMI2crB0NvwFHUeoQ,author::UCiMythXHsw7eQEMykCdmMUA,1
author::UC1vr9aaMI2crB0NvwFHUeoQ,author::UCDPWkUX3sNNaCx-m1dV4glA,1
author::UC1vr9aaMI2crB0NvwFHUeoQ,author::UCQtICyzWmhC5woCtbNgaSmg,1
author::UC1vr9aaMI2crB0NvwFHUeoQ,author::UCQtSFINs1h6GHkpg9o5kMvg,1
author::UC1vr9aaMI2crB0NvwFHUeoQ,author::UCSou6a2OuYGSvPjm5psquyA,1
author::UC1vr9aaMI2crB0NvwFHUeoQ,author::UCYwpX26TrCxq8TvbKGRYLXA,1
author::UC1vr9aaMI2crB0NvwFHUeoQ,author::UCDQaQv0hr2SS_PO-CMEwVHg,1
author::UC1vr9aaMI2crB0NvwFHUeoQ,author::UCxff05WuyvwELNITi7bj7UA,1
author::UC1vr9aaMI2crB0NvwFHUeoQ,author::UCTP3O0rMnc8z8v8jaDQwL0w,1
author::UC1vr9aaMI2crB0NvwFHUeoQ,author::UCTwSut16JyAg3mX6LVUNGqA,1
author::UC1vr9aaMI2crB0NvwFHUeoQ,author::UCrJn_rbo_ENAdeqneS-RmRw,1
author::UC1vr9aaMI2crB0NvwFHUeoQ,author::UCFjudnPLoaSL1BaRuLahyHg,1
author::UC1vr9aaMI2crB0NvwFHUeoQ,author::UC4cXueR2bKGFJV0Fk76gwmA,1
author::UC1vr9aaMI2crB0NvwFHUeoQ,author::UCFUuDARXdmmIrLppEqf-rFg,1
author::UC1vr9aaMI2crB0NvwFHUeoQ,author::UCl0ekS9Tt0jJGtOEM18S63w,1
author::UC1vr9aaMI2crB0NvwFHUeoQ,author::UCut6b9S98nv84cVX89PmKzA,1
author::UC1vr9aaMI2crB0NvwFHUeoQ,author::UCi1b_TRQfgO1Z9O2gNGGWNA,1
author::UC1vr9aaMI2crB0NvwFHUeoQ,author::UC8G5cJONY8L9voMyBW8Eoug,1
author::UC1vr9aaMI2crB0NvwFHUeoQ,author::UCYN4wSQ1Sx4_LurxLlW7MPg,1
author::UC1vr9aaMI2crB0NvwFHUeoQ,author::UCTD6q1nyIe3Y7HhqjaMj72w,1
author::UC1vr9aaMI2crB0NvwFHUeoQ,author::UCpIdtvoFHVLGASGB5ySqIEA,1
author::UC1vr9aaMI2crB0NvwFHUeoQ,author::UCGzXwyCzMzGmjmCbH3Hg01Q,1
author::UC1vr9aaMI2crB0NvwFHUeoQ,author::UCtNfIBnc5S5DbbQj_yxgJTw,1
author::UC1vr9aaMI2crB0NvwFHUeoQ,author::UC7VUuJr9cGh845CmTvf7TlQ,1
author::UC1vr9aaMI2crB0NvwFHUeoQ,author::UC5bG9nc_JV3FsNP2KseQiYw,1
author::UC1vr9aaMI2crB0NvwFHUeoQ,author::UCHTGCgY2l-DQJIvlA_cpa_Q,1
author::UC1vr9aaMI2crB0NvwFHUeoQ,author::UC3XTwHxygNCgjndsg-UiCQA,1
author::UC1vr9aaMI2crB0NvwFHUeoQ,author::UC3qn1yJA5PeW9rkGPatQxiw,1
author::UC1vr9aaMI2crB0NvwFHUeoQ,author::UCA93ym2TXs_Ibyxb4Vcn-6Q,1
author::UC1vr9aaMI2crB0NvwFHUeoQ,author::UCQqetiwzzmRNTM5OWuXarGQ,1
author::UC1vr9aaMI2crB0NvwFHUeoQ,author::UCRelkU8JiZBytTzebJxaa-w,1
author::UC1vr9aaMI2crB0NvwFHUeoQ,author::UCDlr1VadSucIZgZ171pRBjQ,1
author::UC1vr9aaMI2crB0NvwFHUeoQ,author::UCgvw7xIdGFupzpt1Y_BFkEA,1
author::UC1vr9aaMI2crB0NvwFHUeoQ,author::UCpsKOkt5iWTbenzeuq7dsmQ,1
author::UC1vr9aaMI2crB0NvwFHUeoQ,author::UCwW2OFy95P7ZBkOPxWkpvYg,1
author::UC1vr9aaMI2crB0NvwFHUeoQ,author::UCDftMWXQoJ6nONfY7GVOVjg,1
author::UC1vr9aaMI2crB0NvwFHUeoQ,author::UCLFdHr9BEbXHkoJopbEPLZw,1
author::UC1vr9aaMI2crB0NvwFHUeoQ,author::UC4wq3DcbfaG6dtCqn8Oyu3w,1
author::UC1vr9aaMI2crB0NvwFHUeoQ,author::UCNBnKqWf4d-rS4HwJRQljmQ,1
author::UC1vr9aaMI2crB0NvwFHUeoQ,author::UCiGRBf2RNF0WRKhRVT7zFoA,1
author::UC1vr9aaMI2crB0NvwFHUeoQ,author::UCcfdg8crmMJwEuLUsAhV7yg,1
author::UC1vr9aaMI2crB0NvwFHUeoQ,author::UCkd9W714-947dEE6ZOEBATA,1
author::UC1vr9aaMI2crB0NvwFHUeoQ,author::UCZ51R_9Q9C0c8I3pAWhtmjQ,1
author::UC1vr9aaMI2crB0NvwFHUeoQ,author::UCzSfZlOVxBSs5ObD25ywxDQ,1
author::UC1vr9aaMI2crB0NvwFHUeoQ,author::UCCaYwkkbQGcvFoUmothVdQQ,1
author::UC1vr9aaMI2crB0NvwFHUeoQ,author::UC72gBAtyb_VXQlYDcFrh6oQ,1
author::UC1vr9aaMI2crB0NvwFHUeoQ,author::UCDUffaruH6dyUnUGwsTKpgg,1
author::UC1vr9aaMI2crB0NvwFHUeoQ,author::UCwha8rxULYMVtNwZWeSkE1A,1
author::UC1vr9aaMI2crB0NvwFHUeoQ,author::UC2Y_EHWQKevubk4vOEBBFxw,1
author::UC1vr9aaMI2crB0NvwFHUeoQ,author::UCDIMztpVm7G27qBuiWuT6oQ,1
author::UC1vr9aaMI2crB0NvwFHUeoQ,author::UChgkn5Jt5tWKYMoEOuCjz3Q,1
author::UC1vr9aaMI2crB0NvwFHUeoQ,author::UCvApqeCbLod-wejtT4CcVuA,1
author::UC1vr9aaMI2crB0NvwFHUeoQ,author::UCfM3nrxtTQMY5jFx1v1J4Gg,1
author::UC1vr9aaMI2crB0NvwFHUeoQ,author::UCRlCV9zSn7avAWh-9_XFWqQ,1
author::UC1vr9aaMI2crB0NvwFHUeoQ,author::UCFhxtoeARHPnXXPcDrOU3Xg,1
author::UC1vr9aaMI2crB0NvwFHUeoQ,author::UCNkcuy42zEwddwEcOd_HpnA,1
author::UC1vr9aaMI2crB0NvwFHUeoQ,author::UCz3gu01bmjNv0DpRq-K3XYg,1
author::UC1vr9aaMI2crB0NvwFHUeoQ,author::UCFoIAE8k82D6AV-8gjjKaNg,1
author::UC1vr9aaMI2crB0NvwFHUeoQ,author::UCySYJU5kUh7X8gVt9la2ISA,1
author::UC1vr9aaMI2crB0NvwFHUeoQ,author::UCQgYjVngJRfPHDLGB5X6ZjA,1
author::UC1vr9aaMI2crB0NvwFHUeoQ,author::UCHhHUjaMAZ8SiXdCUCj9DkQ,1
author::UC1vr9aaMI2crB0NvwFHUeoQ,author::UCXSkL3ejZ8qWYyF_M7s_QKA,1
author::UC1vr9aaMI2crB0NvwFHUeoQ,author::UChZknRmJkeGeQk0-mQuhDOg,1
author::UC1vr9aaMI2crB0NvwFHUeoQ,author::UCXr8_5WtGeipe4haOoQDgyQ,1
author::UC1vr9aaMI2crB0NvwFHUeoQ,author::UCljDbleJul41G1TzOjOZAVA,1
author::UC1vr9aaMI2crB0NvwFHUeoQ,author::UCujPF2nBgsTD62nWE3lcpIg,1
author::UC1vr9aaMI2crB0NvwFHUeoQ,author::UCmjppp6ujz3SAnULvP3sZMw,1
author::UC1vr9aaMI2crB0NvwFHUeoQ,author::UCylqlpsh8ENNM1LqgQ1KbxA,1
author::UC1vr9aaMI2crB0NvwFHUeoQ,author::UCp4iw5_5SmV9VGTFSNVGOmQ,1
author::UC1vr9aaMI2crB0NvwFHUeoQ,author::UCN6qbfPSzFtjhqUDZ3Cv3CQ,1
author::UC1vr9aaMI2crB0NvwFHUeoQ,author::UCpl8rF8uv_8uui-QRvuJaRA,1
author::UC1vr9aaMI2crB0NvwFHUeoQ,author::UC9vMq1YF-e7C-VO0SHkbUTA,1
author::UC1vr9aaMI2crB0NvwFHUeoQ,author::UCh5ESQvtzyHDhCA7XyekCFA,1
author::UC1vr9aaMI2crB0NvwFHUeoQ,author::UCsSXdJct-nsS8DsABoEsaYA,1
author::UC1vr9aaMI2crB0NvwFHUeoQ,author::UC5H8ASmMC9WrURmzeB4ySog,1
author::UC1vr9aaMI2crB0NvwFHUeoQ,author::UCKDR0f2fu2UzWL8mBv5-BHw,1
author::UC1vr9aaMI2crB0NvwFHUeoQ,author::UCOLGv5Pf6BF2wFcwUzgcvHg,1
author::UC1vr9aaMI2crB0NvwFHUeoQ,author::UCtUR3_CAiE7fCoZHM6cMfyQ,1
author::UC2Y_EHWQKevubk4vOEBBFxw,author::UCXgr7vXlRrsaskPdo097kGA,1
author::UC2Y_EHWQKevubk4vOEBBFxw,author::UCwO2SXr0ggzwg6QWWrr01nQ,1
author::UC2Y_EHWQKevubk4vOEBBFxw,author::UCipetjeiWj4CZB6EbyYziZg,1
author::UC2Y_EHWQKevubk4vOEBBFxw,author::UCAlzM_N6xBlMYmM8EBzX86Q,1
author::UC2Y_EHWQKevubk4vOEBBFxw,author::UCV0iizTBoOfdAFX_thfI9BA,1
author::UC2Y_EHWQKevubk4vOEBBFxw,author::UCWIZUtKJ636y-4TYrNvok0g,1
author::UC2Y_EHWQKevubk4vOEBBFxw,author::UCLggDc_a5HriXv7I1h02sOA,1
author::UC2Y_EHWQKevubk4vOEBBFxw,author::UCueV9cTyTDwgQSec1x2dYgA,1
author::UC2Y_EHWQKevubk4vOEBBFxw,author::UCUIIIPTVDVHAXqhC_5V6lPA,1
author::UC2Y_EHWQKevubk4vOEBBFxw,author::UChep9kVb5gQmpodEEl10Xlg,1
author::UC2Y_EHWQKevubk4vOEBBFxw,author::UC6PvO1_k5lHKGdAPo5_C6TA,1
author::UC2Y_EHWQKevubk4vOEBBFxw,author::UCsJJAvrVGupdmhOqgtDp8dg,1
author::UC2Y_EHWQKevubk4vOEBBFxw,author::UCAmtbUiIrUIhikru0ZoTFig,1
author::UC2Y_EHWQKevubk4vOEBBFxw,author::UCQ_-LPP8JAbfkc-b1Q6NvWw,1
author::UC2Y_EHWQKevubk4vOEBBFxw,author::UC3E9mAgP7VoAE5mZoAexl5g,1
author::UC2Y_EHWQKevubk4vOEBBFxw,author::UCOS8ViEkccrTZx2w2ccxotA,1
author::UC2Y_EHWQKevubk4vOEBBFxw,author::UC650pRT-OYzny3GwOH8Cgfw,1
author::UC2Y_EHWQKevubk4vOEBBFxw,author::UCL1MT278vSaQ83ZDkVWn1gw,1
author::UC2Y_EHWQKevubk4vOEBBFxw,author::UCjmPuazZJzscrwvk0QR9RVw,1
author::UC2Y_EHWQKevubk4vOEBBFxw,author::UC2weSE8rpqkGMOp6StYtVfg,1
author::UC2Y_EHWQKevubk4vOEBBFxw,author::UCB5p8a5gklc80jJItP6xTHg,1
author::UC2Y_EHWQKevubk4vOEBBFxw,author::UCzoL2l5H5eVlorWGH8AZfAg,1
author::UC2Y_EHWQKevubk4vOEBBFxw,author::UCplrIQtaPj6au60_f2-mOYw,1
author::UC2Y_EHWQKevubk4vOEBBFxw,author::UC3NMzdMYryaw82kPTnsaljg,1
author::UC2Y_EHWQKevubk4vOEBBFxw,author::UCFxE8GbokBrBsPEKM1xrOjQ,1
author::UC2Y_EHWQKevubk4vOEBBFxw,author::UC8r11yOugM2NuRfitQOxLLg,1
author::UC2Y_EHWQKevubk4vOEBBFxw,author::UCRETAiYdh2dL5ZxB0_N1zDA,1
author::UC2Y_EHWQKevubk4vOEBBFxw,author::UCj-LL25XJnjxepPKCc3NGog,1
author::UC2Y_EHWQKevubk4vOEBBFxw,author::UC3MYTqpQqlWBuCB7Th0e0PA,1
author::UC2Y_EHWQKevubk4vOEBBFxw,author::UCTylKrsqkrBKIqubMu_5N0Q,1
author::UC2Y_EHWQKevubk4vOEBBFxw,author::UCZLG9qH0tUjNhEGFIUt0CYw,1
author::UC2Y_EHWQKevubk4vOEBBFxw,author::UC8F2V63KZ4ZEay6opX2hAQw,1
author::UC2Y_EHWQKevubk4vOEBBFxw,author::UCXXh7yg5KUFIWylTiKVEFKQ,1
author::UC2Y_EHWQKevubk4vOEBBFxw,author::UCr1emrogPKkKTs_WTtx71xg,1
author::UC2Y_EHWQKevubk4vOEBBFxw,author::UChs3tU2BcKOT0CezykvAsGw,1
author::UC2Y_EHWQKevubk4vOEBBFxw,author::UCErZPJpHmLCsXs8ZWkAUupQ,1
author::UC2Y_EHWQKevubk4vOEBBFxw,author::UC9xr9QvIcDvoZNUX5f-jaZw,1
author::UC2Y_EHWQKevubk4vOEBBFxw,author::UCEgEQmRbtL5fwr9_DqAC--g,1
author::UC2Y_EHWQKevubk4vOEBBFxw,author::UCmvOgzmmXbjUthHy-WJ52hQ,1
author::UC2Y_EHWQKevubk4vOEBBFxw,author::UCsjs5Hp_r86x1xbK6FAeqaA,1
author::UC2Y_EHWQKevubk4vOEBBFxw,author::UCOh6DaZC_x9HASnlRylEMfw,1
author::UC2Y_EHWQKevubk4vOEBBFxw,author::UCThW2XNsAaBKme5PUt7n-Zg,1
author::UC2Y_EHWQKevubk4vOEBBFxw,author::UCsUCN0Yq_UyTvKjOJLmNrnQ,1
author::UC2Y_EHWQKevubk4vOEBBFxw,author::UCjSKM9j0Q7HLDr1hD6D-TUw,1
author::UC2Y_EHWQKevubk4vOEBBFxw,author::UCL13XhnRzbGokEkCkEOb0-g,1
author::UC2Y_EHWQKevubk4vOEBBFxw,author::UC6YSZqL0vEcI-niPKIMUGfw,1
author::UC2Y_EHWQKevubk4vOEBBFxw,author::UCiMythXHsw7eQEMykCdmMUA,1
author::UC2Y_EHWQKevubk4vOEBBFxw,author::UCDPWkUX3sNNaCx-m1dV4glA,1
author::UC2Y_EHWQKevubk4vOEBBFxw,author::UCQtICyzWmhC5woCtbNgaSmg,1
author::UC2Y_EHWQKevubk4vOEBBFxw,author::UCQtSFINs1h6GHkpg9o5kMvg,1
author::UC2Y_EHWQKevubk4vOEBBFxw,author::UCSou6a2OuYGSvPjm5psquyA,1
author::UC2Y_EHWQKevubk4vOEBBFxw,author::UCYwpX26TrCxq8TvbKGRYLXA,1
author::UC2Y_EHWQKevubk4vOEBBFxw,author::UCDQaQv0hr2SS_PO-CMEwVHg,1
author::UC2Y_EHWQKevubk4vOEBBFxw,author::UCxff05WuyvwELNITi7bj7UA,1
author::UC2Y_EHWQKevubk4vOEBBFxw,author::UCTP3O0rMnc8z8v8jaDQwL0w,1
author::UC2Y_EHWQKevubk4vOEBBFxw,author::UCTwSut16JyAg3mX6LVUNGqA,1
author::UC2Y_EHWQKevubk4vOEBBFxw,author::UCrJn_rbo_ENAdeqneS-RmRw,1
author::UC2Y_EHWQKevubk4vOEBBFxw,author::UCFjudnPLoaSL1BaRuLahyHg,1
author::UC2Y_EHWQKevubk4vOEBBFxw,author::UC4cXueR2bKGFJV0Fk76gwmA,1
author::UC2Y_EHWQKevubk4vOEBBFxw,author::UCFUuDARXdmmIrLppEqf-rFg,1
author::UC2Y_EHWQKevubk4vOEBBFxw,author::UCl0ekS9Tt0jJGtOEM18S63w,1
author::UC2Y_EHWQKevubk4vOEBBFxw,author::UCut6b9S98nv84cVX89PmKzA,1
author::UC2Y_EHWQKevubk4vOEBBFxw,author::UCi1b_TRQfgO1Z9O2gNGGWNA,1
author::UC2Y_EHWQKevubk4vOEBBFxw,author::UC8G5cJONY8L9voMyBW8Eoug,1
author::UC2Y_EHWQKevubk4vOEBBFxw,author::UCYN4wSQ1Sx4_LurxLlW7MPg,1
author::UC2Y_EHWQKevubk4vOEBBFxw,author::UCTD6q1nyIe3Y7HhqjaMj72w,1
author::UC2Y_EHWQKevubk4vOEBBFxw,author::UCpIdtvoFHVLGASGB5ySqIEA,1
author::UC2Y_EHWQKevubk4vOEBBFxw,author::UCGzXwyCzMzGmjmCbH3Hg01Q,1
author::UC2Y_EHWQKevubk4vOEBBFxw,author::UCtNfIBnc5S5DbbQj_yxgJTw,1
author::UC2Y_EHWQKevubk4vOEBBFxw,author::UC7VUuJr9cGh845CmTvf7TlQ,1
author::UC2Y_EHWQKevubk4vOEBBFxw,author::UC5bG9nc_JV3FsNP2KseQiYw,1
author::UC2Y_EHWQKevubk4vOEBBFxw,author::UCHTGCgY2l-DQJIvlA_cpa_Q,1
author::UC2Y_EHWQKevubk4vOEBBFxw,author::UC3XTwHxygNCgjndsg-UiCQA,1
author::UC2Y_EHWQKevubk4vOEBBFxw,author::UC3qn1yJA5PeW9rkGPatQxiw,1
author::UC2Y_EHWQKevubk4vOEBBFxw,author::UCA93ym2TXs_Ibyxb4Vcn-6Q,1
author::UC2Y_EHWQKevubk4vOEBBFxw,author::UCQqetiwzzmRNTM5OWuXarGQ,1
author::UC2Y_EHWQKevubk4vOEBBFxw,author::UCRelkU8JiZBytTzebJxaa-w,1
author::UC2Y_EHWQKevubk4vOEBBFxw,author::UCDlr1VadSucIZgZ171pRBjQ,1
author::UC2Y_EHWQKevubk4vOEBBFxw,author::UCgvw7xIdGFupzpt1Y_BFkEA,1
author::UC2Y_EHWQKevubk4vOEBBFxw,author::UCpsKOkt5iWTbenzeuq7dsmQ,1
author::UC2Y_EHWQKevubk4vOEBBFxw,author::UCwW2OFy95P7ZBkOPxWkpvYg,1
author::UC2Y_EHWQKevubk4vOEBBFxw,author::UCDftMWXQoJ6nONfY7GVOVjg,1
author::UC2Y_EHWQKevubk4vOEBBFxw,author::UCLFdHr9BEbXHkoJopbEPLZw,1
author::UC2Y_EHWQKevubk4vOEBBFxw,author::UC4wq3DcbfaG6dtCqn8Oyu3w,1
author::UC2Y_EHWQKevubk4vOEBBFxw,author::UCNBnKqWf4d-rS4HwJRQljmQ,1
author::UC2Y_EHWQKevubk4vOEBBFxw,author::UCiGRBf2RNF0WRKhRVT7zFoA,1
author::UC2Y_EHWQKevubk4vOEBBFxw,author::UCcfdg8crmMJwEuLUsAhV7yg,1
author::UC2Y_EHWQKevubk4vOEBBFxw,author::UCkd9W714-947dEE6ZOEBATA,1
author::UC2Y_EHWQKevubk4vOEBBFxw,author::UCZ51R_9Q9C0c8I3pAWhtmjQ,1
author::UC2Y_EHWQKevubk4vOEBBFxw,author::UCzSfZlOVxBSs5ObD25ywxDQ,1
author::UC2Y_EHWQKevubk4vOEBBFxw,author::UCCaYwkkbQGcvFoUmothVdQQ,1
author::UC2Y_EHWQKevubk4vOEBBFxw,author::UC72gBAtyb_VXQlYDcFrh6oQ,1
author::UC2Y_EHWQKevubk4vOEBBFxw,author::UCDUffaruH6dyUnUGwsTKpgg,1
author::UC2Y_EHWQKevubk4vOEBBFxw,author::UCwha8rxULYMVtNwZWeSkE1A,1
author::UC2Y_EHWQKevubk4vOEBBFxw,author::UCDIMztpVm7G27qBuiWuT6oQ,1
author::UC2Y_EHWQKevubk4vOEBBFxw,author::UChgkn5Jt5tWKYMoEOuCjz3Q,1
author::UC2Y_EHWQKevubk4vOEBBFxw,author::UCvApqeCbLod-wejtT4CcVuA,1
author::UC2Y_EHWQKevubk4vOEBBFxw,author::UCfM3nrxtTQMY5jFx1v1J4Gg,1
author::UC2Y_EHWQKevubk4vOEBBFxw,author::UCRlCV9zSn7avAWh-9_XFWqQ,1
author::UC2Y_EHWQKevubk4vOEBBFxw,author::UCFhxtoeARHPnXXPcDrOU3Xg,1
author::UC2Y_EHWQKevubk4vOEBBFxw,author::UCNkcuy42zEwddwEcOd_HpnA,1
author::UC2Y_EHWQKevubk4vOEBBFxw,author::UCz3gu01bmjNv0DpRq-K3XYg,1
author::UC2Y_EHWQKevubk4vOEBBFxw,author::UCFoIAE8k82D6AV-8gjjKaNg,1
author::UC2Y_EHWQKevubk4vOEBBFxw,author::UCySYJU5kUh7X8gVt9la2ISA,1
author::UC2Y_EHWQKevubk4vOEBBFxw,author::UCQgYjVngJRfPHDLGB5X6ZjA,1
author::UC2Y_EHWQKevubk4vOEBBFxw,author::UCHhHUjaMAZ8SiXdCUCj9DkQ,1
author::UC2Y_EHWQKevubk4vOEBBFxw,author::UCXSkL3ejZ8qWYyF_M7s_QKA,1
author::UC2Y_EHWQKevubk4vOEBBFxw,author::UChZknRmJkeGeQk0-mQuhDOg,1
author::UC2Y_EHWQKevubk4vOEBBFxw,author::UCXr8_5WtGeipe4haOoQDgyQ,1
author::UC2Y_EHWQKevubk4vOEBBFxw,author::UCljDbleJul41G1TzOjOZAVA,1
author::UC2Y_EHWQKevubk4vOEBBFxw,author::UCujPF2nBgsTD62nWE3lcpIg,1
author::UC2Y_EHWQKevubk4vOEBBFxw,author::UCmjppp6ujz3SAnULvP3sZMw,1
author::UC2Y_EHWQKevubk4vOEBBFxw,author::UCylqlpsh8ENNM1LqgQ1KbxA,1
author::UC2Y_EHWQKevubk4vOEBBFxw,author::UCp4iw5_5SmV9VGTFSNVGOmQ,1
author::UC2Y_EHWQKevubk4vOEBBFxw,author::UCN6qbfPSzFtjhqUDZ3Cv3CQ,1
author::UC2Y_EHWQKevubk4vOEBBFxw,author::UCpl8rF8uv_8uui-QRvuJaRA,1
author::UC2Y_EHWQKevubk4vOEBBFxw,author::UC9vMq1YF-e7C-VO0SHkbUTA,1
author::UC2Y_EHWQKevubk4vOEBBFxw,author::UCh5ESQvtzyHDhCA7XyekCFA,1
author::UC2Y_EHWQKevubk4vOEBBFxw,author::UCsSXdJct-nsS8DsABoEsaYA,1
author::UC2Y_EHWQKevubk4vOEBBFxw,author::UC5H8ASmMC9WrURmzeB4ySog,1
author::UC2Y_EHWQKevubk4vOEBBFxw,author::UCKDR0f2fu2UzWL8mBv5-BHw,1
author::UC2Y_EHWQKevubk4vOEBBFxw,author::UCOLGv5Pf6BF2wFcwUzgcvHg,1
author::UC2Y_EHWQKevubk4vOEBBFxw,author::UCtUR3_CAiE7fCoZHM6cMfyQ,1
author::UC2ngpd8UBQu4gcUYy0goAtg,author::UCq3mDTTRZnUybct5M9OSXbg,1
author::UC2ngpd8UBQu4gcUYy0goAtg,author::UCXN2s7DwTJm33xO-pNkAdaA,1
author::UC2ngpd8UBQu4gcUYy0goAtg,author::UC_3xuTXvMIWU5MYP9HkJ3vQ,1
author::UC2ngpd8UBQu4gcUYy0goAtg,author::UCfXykdbSU97rj987LDUGfvg,1
author::UC2ngpd8UBQu4gcUYy0goAtg,author::UCjZgFEowMBrsjodqfovzdKw,1
author::UC2ngpd8UBQu4gcUYy0goAtg,author::UCLXYp1Cvc5DLtq5UQL5D9vw,1
author::UC2ngpd8UBQu4gcUYy0goAtg,author::UCIXLDYqR_syskKRJy_x9W9Q,1
author::UC2ngpd8UBQu4gcUYy0goAtg,author::UCfjhejO7LZy4doXURa7LZCQ,1
author::UC2ngpd8UBQu4gcUYy0goAtg,author::UCAxvOOHQk7dYPOajzFEVtbA,1
author::UC2ngpd8UBQu4gcUYy0goAtg,author::UCwCfs-2zbD5k0lG-UVg_JBw,1
author::UC2ngpd8UBQu4gcUYy0goAtg,author::UCO0zwwLWGyDgQmWPJ5Qrr1w,1
author::UC2ngpd8UBQu4gcUYy0goAtg,author::UCvl1tzQeBeGy6efPTRJXSCw,1
author::UC2weSE8rpqkGMOp6StYtVfg,author::UCXgr7vXlRrsaskPdo097kGA,1
author::UC2weSE8rpqkGMOp6StYtVfg,author::UCwO2SXr0ggzwg6QWWrr01nQ,1
author::UC2weSE8rpqkGMOp6StYtVfg,author::UCipetjeiWj4CZB6EbyYziZg,1
author::UC2weSE8rpqkGMOp6StYtVfg,author::UCAlzM_N6xBlMYmM8EBzX86Q,1
author::UC2weSE8rpqkGMOp6StYtVfg,author::UCV0iizTBoOfdAFX_thfI9BA,1
author::UC2weSE8rpqkGMOp6StYtVfg,author::UCWIZUtKJ636y-4TYrNvok0g,1
author::UC2weSE8rpqkGMOp6StYtVfg,author::UCLggDc_a5HriXv7I1h02sOA,1
author::UC2weSE8rpqkGMOp6StYtVfg,author::UCueV9cTyTDwgQSec1x2dYgA,1
author::UC2weSE8rpqkGMOp6StYtVfg,author::UCUIIIPTVDVHAXqhC_5V6lPA,1
author::UC2weSE8rpqkGMOp6StYtVfg,author::UChep9kVb5gQmpodEEl10Xlg,1
author::UC2weSE8rpqkGMOp6StYtVfg,author::UC6PvO1_k5lHKGdAPo5_C6TA,1
author::UC2weSE8rpqkGMOp6StYtVfg,author::UCsJJAvrVGupdmhOqgtDp8dg,1
author::UC2weSE8rpqkGMOp6StYtVfg,author::UCAmtbUiIrUIhikru0ZoTFig,1
author::UC2weSE8rpqkGMOp6StYtVfg,author::UCQ_-LPP8JAbfkc-b1Q6NvWw,1
author::UC2weSE8rpqkGMOp6StYtVfg,author::UC3E9mAgP7VoAE5mZoAexl5g,1
author::UC2weSE8rpqkGMOp6StYtVfg,author::UCOS8ViEkccrTZx2w2ccxotA,1
author::UC2weSE8rpqkGMOp6StYtVfg,author::UC650pRT-OYzny3GwOH8Cgfw,1
author::UC2weSE8rpqkGMOp6StYtVfg,author::UCL1MT278vSaQ83ZDkVWn1gw,1
author::UC2weSE8rpqkGMOp6StYtVfg,author::UCjmPuazZJzscrwvk0QR9RVw,1
author::UC2weSE8rpqkGMOp6StYtVfg,author::UCB5p8a5gklc80jJItP6xTHg,1
author::UC2weSE8rpqkGMOp6StYtVfg,author::UCzoL2l5H5eVlorWGH8AZfAg,1
author::UC2weSE8rpqkGMOp6StYtVfg,author::UCplrIQtaPj6au60_f2-mOYw,1
author::UC2weSE8rpqkGMOp6StYtVfg,author::UC3NMzdMYryaw82kPTnsaljg,1
author::UC2weSE8rpqkGMOp6StYtVfg,author::UCFxE8GbokBrBsPEKM1xrOjQ,1
author::UC2weSE8rpqkGMOp6StYtVfg,author::UC8r11yOugM2NuRfitQOxLLg,1
author::UC2weSE8rpqkGMOp6StYtVfg,author::UCRETAiYdh2dL5ZxB0_N1zDA,1
author::UC2weSE8rpqkGMOp6StYtVfg,author::UCj-LL25XJnjxepPKCc3NGog,1
author::UC2weSE8rpqkGMOp6StYtVfg,author::UC3MYTqpQqlWBuCB7Th0e0PA,1
author::UC2weSE8rpqkGMOp6StYtVfg,author::UCTylKrsqkrBKIqubMu_5N0Q,1
author::UC2weSE8rpqkGMOp6StYtVfg,author::UCZLG9qH0tUjNhEGFIUt0CYw,1
author::UC2weSE8rpqkGMOp6StYtVfg,author::UC8F2V63KZ4ZEay6opX2hAQw,1
author::UC2weSE8rpqkGMOp6StYtVfg,author::UCXXh7yg5KUFIWylTiKVEFKQ,1
author::UC2weSE8rpqkGMOp6StYtVfg,author::UCr1emrogPKkKTs_WTtx71xg,1
author::UC2weSE8rpqkGMOp6StYtVfg,author::UChs3tU2BcKOT0CezykvAsGw,1
author::UC2weSE8rpqkGMOp6StYtVfg,author::UCErZPJpHmLCsXs8ZWkAUupQ,1
author::UC2weSE8rpqkGMOp6StYtVfg,author::UC9xr9QvIcDvoZNUX5f-jaZw,1
author::UC2weSE8rpqkGMOp6StYtVfg,author::UCEgEQmRbtL5fwr9_DqAC--g,1
author::UC2weSE8rpqkGMOp6StYtVfg,author::UCmvOgzmmXbjUthHy-WJ52hQ,1
author::UC2weSE8rpqkGMOp6StYtVfg,author::UCsjs5Hp_r86x1xbK6FAeqaA,1
author::UC2weSE8rpqkGMOp6StYtVfg,author::UCOh6DaZC_x9HASnlRylEMfw,1
author::UC2weSE8rpqkGMOp6StYtVfg,author::UCThW2XNsAaBKme5PUt7n-Zg,1
author::UC2weSE8rpqkGMOp6StYtVfg,author::UCsUCN0Yq_UyTvKjOJLmNrnQ,1
author::UC2weSE8rpqkGMOp6StYtVfg,author::UCjSKM9j0Q7HLDr1hD6D-TUw,1
author::UC2weSE8rpqkGMOp6StYtVfg,author::UCL13XhnRzbGokEkCkEOb0-g,1
author::UC2weSE8rpqkGMOp6StYtVfg,author::UC6YSZqL0vEcI-niPKIMUGfw,1
author::UC2weSE8rpqkGMOp6StYtVfg,author::UCiMythXHsw7eQEMykCdmMUA,1
author::UC2weSE8rpqkGMOp6StYtVfg,author::UCDPWkUX3sNNaCx-m1dV4glA,1
author::UC2weSE8rpqkGMOp6StYtVfg,author::UCQtICyzWmhC5woCtbNgaSmg,1
author::UC2weSE8rpqkGMOp6StYtVfg,author::UCQtSFINs1h6GHkpg9o5kMvg,1
author::UC2weSE8rpqkGMOp6StYtVfg,author::UCSou6a2OuYGSvPjm5psquyA,1
author::UC2weSE8rpqkGMOp6StYtVfg,author::UCYwpX26TrCxq8TvbKGRYLXA,1
author::UC2weSE8rpqkGMOp6StYtVfg,author::UCDQaQv0hr2SS_PO-CMEwVHg,1
author::UC2weSE8rpqkGMOp6StYtVfg,author::UCxff05WuyvwELNITi7bj7UA,1
author::UC2weSE8rpqkGMOp6StYtVfg,author::UCTP3O0rMnc8z8v8jaDQwL0w,1
author::UC2weSE8rpqkGMOp6StYtVfg,author::UCTwSut16JyAg3mX6LVUNGqA,1
author::UC2weSE8rpqkGMOp6StYtVfg,author::UCrJn_rbo_ENAdeqneS-RmRw,1
author::UC2weSE8rpqkGMOp6StYtVfg,author::UCFjudnPLoaSL1BaRuLahyHg,1
author::UC2weSE8rpqkGMOp6StYtVfg,author::UC4cXueR2bKGFJV0Fk76gwmA,1
author::UC2weSE8rpqkGMOp6StYtVfg,author::UCFUuDARXdmmIrLppEqf-rFg,1
author::UC2weSE8rpqkGMOp6StYtVfg,author::UCl0ekS9Tt0jJGtOEM18S63w,1
author::UC2weSE8rpqkGMOp6StYtVfg,author::UCut6b9S98nv84cVX89PmKzA,1
author::UC2weSE8rpqkGMOp6StYtVfg,author::UCi1b_TRQfgO1Z9O2gNGGWNA,1
author::UC2weSE8rpqkGMOp6StYtVfg,author::UC8G5cJONY8L9voMyBW8Eoug,1
author::UC2weSE8rpqkGMOp6StYtVfg,author::UCYN4wSQ1Sx4_LurxLlW7MPg,1
author::UC2weSE8rpqkGMOp6StYtVfg,author::UCTD6q1nyIe3Y7HhqjaMj72w,1
author::UC2weSE8rpqkGMOp6StYtVfg,author::UCpIdtvoFHVLGASGB5ySqIEA,1
author::UC2weSE8rpqkGMOp6StYtVfg,author::UCGzXwyCzMzGmjmCbH3Hg01Q,1
author::UC2weSE8rpqkGMOp6StYtVfg,author::UCtNfIBnc5S5DbbQj_yxgJTw,1
author::UC2weSE8rpqkGMOp6StYtVfg,author::UC7VUuJr9cGh845CmTvf7TlQ,1
author::UC2weSE8rpqkGMOp6StYtVfg,author::UC5bG9nc_JV3FsNP2KseQiYw,1
author::UC2weSE8rpqkGMOp6StYtVfg,author::UCHTGCgY2l-DQJIvlA_cpa_Q,1
author::UC2weSE8rpqkGMOp6StYtVfg,author::UC3XTwHxygNCgjndsg-UiCQA,1
author::UC2weSE8rpqkGMOp6StYtVfg,author::UC3qn1yJA5PeW9rkGPatQxiw,1
author::UC2weSE8rpqkGMOp6StYtVfg,author::UCA93ym2TXs_Ibyxb4Vcn-6Q,1
author::UC2weSE8rpqkGMOp6StYtVfg,author::UCQqetiwzzmRNTM5OWuXarGQ,1
author::UC2weSE8rpqkGMOp6StYtVfg,author::UCRelkU8JiZBytTzebJxaa-w,1
author::UC2weSE8rpqkGMOp6StYtVfg,author::UCDlr1VadSucIZgZ171pRBjQ,1
author::UC2weSE8rpqkGMOp6StYtVfg,author::UCgvw7xIdGFupzpt1Y_BFkEA,1
author::UC2weSE8rpqkGMOp6StYtVfg,author::UCpsKOkt5iWTbenzeuq7dsmQ,1
author::UC2weSE8rpqkGMOp6StYtVfg,author::UCwW2OFy95P7ZBkOPxWkpvYg,1
author::UC2weSE8rpqkGMOp6StYtVfg,author::UCDftMWXQoJ6nONfY7GVOVjg,1
author::UC2weSE8rpqkGMOp6StYtVfg,author::UCLFdHr9BEbXHkoJopbEPLZw,1
author::UC2weSE8rpqkGMOp6StYtVfg,author::UC4wq3DcbfaG6dtCqn8Oyu3w,1
author::UC2weSE8rpqkGMOp6StYtVfg,author::UCNBnKqWf4d-rS4HwJRQljmQ,1
author::UC2weSE8rpqkGMOp6StYtVfg,author::UCiGRBf2RNF0WRKhRVT7zFoA,1
author::UC2weSE8rpqkGMOp6StYtVfg,author::UCcfdg8crmMJwEuLUsAhV7yg,1
author::UC2weSE8rpqkGMOp6StYtVfg,author::UCkd9W714-947dEE6ZOEBATA,1
author::UC2weSE8rpqkGMOp6StYtVfg,author::UCZ51R_9Q9C0c8I3pAWhtmjQ,1
author::UC2weSE8rpqkGMOp6StYtVfg,author::UCzSfZlOVxBSs5ObD25ywxDQ,1
author::UC2weSE8rpqkGMOp6StYtVfg,author::UCCaYwkkbQGcvFoUmothVdQQ,1
author::UC2weSE8rpqkGMOp6StYtVfg,author::UC72gBAtyb_VXQlYDcFrh6oQ,1
author::UC2weSE8rpqkGMOp6StYtVfg,author::UCDUffaruH6dyUnUGwsTKpgg,1
author::UC2weSE8rpqkGMOp6StYtVfg,author::UCwha8rxULYMVtNwZWeSkE1A,1
author::UC2weSE8rpqkGMOp6StYtVfg,author::UCDIMztpVm7G27qBuiWuT6oQ,1
author::UC2weSE8rpqkGMOp6StYtVfg,author::UChgkn5Jt5tWKYMoEOuCjz3Q,1
author::UC2weSE8rpqkGMOp6StYtVfg,author::UCvApqeCbLod-wejtT4CcVuA,1
author::UC2weSE8rpqkGMOp6StYtVfg,author::UCfM3nrxtTQMY5jFx1v1J4Gg,1
author::UC2weSE8rpqkGMOp6StYtVfg,author::UCRlCV9zSn7avAWh-9_XFWqQ,1
author::UC2weSE8rpqkGMOp6StYtVfg,author::UCFhxtoeARHPnXXPcDrOU3Xg,1
author::UC2weSE8rpqkGMOp6StYtVfg,author::UCNkcuy42zEwddwEcOd_HpnA,1
author::UC2weSE8rpqkGMOp6StYtVfg,author::UCz3gu01bmjNv0DpRq-K3XYg,1
author::UC2weSE8rpqkGMOp6StYtVfg,author::UCFoIAE8k82D6AV-8gjjKaNg,1
author::UC2weSE8rpqkGMOp6StYtVfg,author::UCySYJU5kUh7X8gVt9la2ISA,1
author::UC2weSE8rpqkGMOp6StYtVfg,author::UCQgYjVngJRfPHDLGB5X6ZjA,1
author::UC2weSE8rpqkGMOp6StYtVfg,author::UCHhHUjaMAZ8SiXdCUCj9DkQ,1
author::UC2weSE8rpqkGMOp6StYtVfg,author::UCXSkL3ejZ8qWYyF_M7s_QKA,1
author::UC2weSE8rpqkGMOp6StYtVfg,author::UChZknRmJkeGeQk0-mQuhDOg,1
author::UC2weSE8rpqkGMOp6StYtVfg,author::UCXr8_5WtGeipe4haOoQDgyQ,1
author::UC2weSE8rpqkGMOp6StYtVfg,author::UCljDbleJul41G1TzOjOZAVA,1
author::UC2weSE8rpqkGMOp6StYtVfg,author::UCujPF2nBgsTD62nWE3lcpIg,1
author::UC2weSE8rpqkGMOp6StYtVfg,author::UCmjppp6ujz3SAnULvP3sZMw,1
author::UC2weSE8rpqkGMOp6StYtVfg,author::UCylqlpsh8ENNM1LqgQ1KbxA,1
author::UC2weSE8rpqkGMOp6StYtVfg,author::UCp4iw5_5SmV9VGTFSNVGOmQ,1
author::UC2weSE8rpqkGMOp6StYtVfg,author::UCN6qbfPSzFtjhqUDZ3Cv3CQ,1
author::UC2weSE8rpqkGMOp6StYtVfg,author::UCpl8rF8uv_8uui-QRvuJaRA,1
author::UC2weSE8rpqkGMOp6StYtVfg,author::UC9vMq1YF-e7C-VO0SHkbUTA,1
author::UC2weSE8rpqkGMOp6StYtVfg,author::UCh5ESQvtzyHDhCA7XyekCFA,1
author::UC2weSE8rpqkGMOp6StYtVfg,author::UCsSXdJct-nsS8DsABoEsaYA,1
author::UC2weSE8rpqkGMOp6StYtVfg,author::UC5H8ASmMC9WrURmzeB4ySog,1
author::UC2weSE8rpqkGMOp6StYtVfg,author::UCKDR0f2fu2UzWL8mBv5-BHw,1
author::UC2weSE8rpqkGMOp6StYtVfg,author::UCOLGv5Pf6BF2wFcwUzgcvHg,1
author::UC2weSE8rpqkGMOp6StYtVfg,author::UCtUR3_CAiE7fCoZHM6cMfyQ,1
author::UC32oozucwCF3q8d4m8fyOUg,author::UCRAquv8el-tQ30bN7MlmySQ,1
author::UC32oozucwCF3q8d4m8fyOUg,author::UC816IGbFCZinfYS1LRDaaHg,1
author::UC32oozucwCF3q8d4m8fyOUg,author::UCwgCc9Jd_gG-uLE_SY-FfPg,1
author::UC32oozucwCF3q8d4m8fyOUg,author::UCRvPToDkkumha7WJAfCDk1A,1
author::UC32oozucwCF3q8d4m8fyOUg,author::UC6Uj1FT5JjDSF8vudvDxPAA,1
author::UC32oozucwCF3q8d4m8fyOUg,author::UColMq7LmaoY3MT6aIDGrGvA,1
author::UC32oozucwCF3q8d4m8fyOUg,author::UCiC-Jn7wdgyQV4_Urk0DkWQ,1
author::UC32oozucwCF3q8d4m8fyOUg,author::UCgQw_Sbq3ugruDUKsq1e0-A,1
author::UC32oozucwCF3q8d4m8fyOUg,author::UCAKuKvcbfnBD3kF5njNu-IA,1
author::UC32oozucwCF3q8d4m8fyOUg,author::UCdFlugHJJa4l3YqWuNRmvXw,1
author::UC32oozucwCF3q8d4m8fyOUg,author::UCHbwIx9pmQuf7i-4_xO2EpA,1
author::UC32oozucwCF3q8d4m8fyOUg,author::UCeDNEtI8_a42bZ47wJiJMwQ,1
author::UC32oozucwCF3q8d4m8fyOUg,author::UC7dadZG7kkGYnsNu6td0FbA,1
author::UC32oozucwCF3q8d4m8fyOUg,author::UCu8_3-Wg-YzNyvHYQDEscfw,1
author::UC32oozucwCF3q8d4m8fyOUg,author::UCDrmf9y9nLgFY5wnA2hTuGA,1
author::UC32oozucwCF3q8d4m8fyOUg,author::UCQqlPPUGqAfWjd-FSh_qn7Q,1
author::UC32oozucwCF3q8d4m8fyOUg,author::UCkVtmkK07b2zaVVNssX4lOg,1
author::UC32oozucwCF3q8d4m8fyOUg,author::UCqCrvuoJpC-aVb0f4logQRQ,1
author::UC32oozucwCF3q8d4m8fyOUg,author::UCsGoJEvb-cFPZ2rWoJcXzEQ,1
author::UC32oozucwCF3q8d4m8fyOUg,author::UC4Avya4kmR4Q0FrfFdBozSQ,1
author::UC32oozucwCF3q8d4m8fyOUg,author::UCuXmOjxC-htcprLgeVXz6Tg,1
author::UC32oozucwCF3q8d4m8fyOUg,author::UCWoAVGVqCn4xtINCMOTM4jg,1
author::UC32oozucwCF3q8d4m8fyOUg,author::UClqA491Xa5fQcXcJJa-vTWw,1
author::UC32oozucwCF3q8d4m8fyOUg,author::UC3UVO7pTbeYvZ3ILEyRDskQ,1
author::UC32oozucwCF3q8d4m8fyOUg,author::UCQyOePccUP-fIJYzchAgZYw,1
author::UC32oozucwCF3q8d4m8fyOUg,author::UC95PSMouTx2N5CbSq0hIyrQ,1
author::UC32oozucwCF3q8d4m8fyOUg,author::UCV0lM03g5fg5pbPj97-sAtA,1
author::UC32oozucwCF3q8d4m8fyOUg,author::UC_LYoGs5C3mbZKZuKuqYCvw,1
author::UC32oozucwCF3q8d4m8fyOUg,author::UCgJNFj5dnxXpcMvmuhZDPxA,1
author::UC32oozucwCF3q8d4m8fyOUg,author::UCpsKOkt5iWTbenzeuq7dsmQ,1
author::UC32oozucwCF3q8d4m8fyOUg,author::UCkbsS_3D-pvg1iHOld9uvIg,1
author::UC32oozucwCF3q8d4m8fyOUg,author::UCCBYcToQ2dwkd6TJh0FSyDg,1
author::UC32oozucwCF3q8d4m8fyOUg,author::UCGGHbtfbbe0o68etrOf0qxw,1
author::UC32oozucwCF3q8d4m8fyOUg,author::UCOcUI5XkTYNMSFhZNMIPpGg,1
author::UC32oozucwCF3q8d4m8fyOUg,author::UCW-JC6lebVmf2P1dmY_L94g,1
author::UC32oozucwCF3q8d4m8fyOUg,author::UCwjUvRseNtJoItylIyIez7Q,1
author::UC32oozucwCF3q8d4m8fyOUg,author::UClhMWQ7XKWywYvbRnuf8QsA,1
author::UC32oozucwCF3q8d4m8fyOUg,author::UC5hvEnRUzI4Kfvwnyi4QxqQ,1
author::UC32oozucwCF3q8d4m8fyOUg,author::UCe8JZoYkX5oKUZyivHYdXhw,1
author::UC32oozucwCF3q8d4m8fyOUg,author::UCaKAjTW9MVub_clgr4DRYjQ,1
author::UC32oozucwCF3q8d4m8fyOUg,author::UCpe5jW3MIqkgTJ-PgkzvM6Q,1
author::UC32oozucwCF3q8d4m8fyOUg,author::UCylqlpsh8ENNM1LqgQ1KbxA,1
author::UC32oozucwCF3q8d4m8fyOUg,author::UCZeIIQrGAedW8tCbKWmGY-A,1
author::UC32oozucwCF3q8d4m8fyOUg,author::UCW80DaMjQlEUibC98Cot-Dg,1
author::UC32oozucwCF3q8d4m8fyOUg,author::UCUoYsrx1oZnCZ0usbBJn4fA,1
author::UC32oozucwCF3q8d4m8fyOUg,author::UCNpt5CQlTzNjlAKY6CJtClQ,1
author::UC3E9mAgP7VoAE5mZoAexl5g,author::UCXgr7vXlRrsaskPdo097kGA,1
author::UC3E9mAgP7VoAE5mZoAexl5g,author::UCwO2SXr0ggzwg6QWWrr01nQ,1
author::UC3E9mAgP7VoAE5mZoAexl5g,author::UCipetjeiWj4CZB6EbyYziZg,1
author::UC3E9mAgP7VoAE5mZoAexl5g,author::UCAlzM_N6xBlMYmM8EBzX86Q,1
author::UC3E9mAgP7VoAE5mZoAexl5g,author::UCV0iizTBoOfdAFX_thfI9BA,1
author::UC3E9mAgP7VoAE5mZoAexl5g,author::UCWIZUtKJ636y-4TYrNvok0g,1
author::UC3E9mAgP7VoAE5mZoAexl5g,author::UCLggDc_a5HriXv7I1h02sOA,1
author::UC3E9mAgP7VoAE5mZoAexl5g,author::UCueV9cTyTDwgQSec1x2dYgA,1
author::UC3E9mAgP7VoAE5mZoAexl5g,author::UCUIIIPTVDVHAXqhC_5V6lPA,1
author::UC3E9mAgP7VoAE5mZoAexl5g,author::UChep9kVb5gQmpodEEl10Xlg,1
author::UC3E9mAgP7VoAE5mZoAexl5g,author::UC6PvO1_k5lHKGdAPo5_C6TA,1
author::UC3E9mAgP7VoAE5mZoAexl5g,author::UCsJJAvrVGupdmhOqgtDp8dg,1
author::UC3E9mAgP7VoAE5mZoAexl5g,author::UCAmtbUiIrUIhikru0ZoTFig,1
author::UC3E9mAgP7VoAE5mZoAexl5g,author::UCQ_-LPP8JAbfkc-b1Q6NvWw,1
author::UC3E9mAgP7VoAE5mZoAexl5g,author::UCOS8ViEkccrTZx2w2ccxotA,1
author::UC3E9mAgP7VoAE5mZoAexl5g,author::UC650pRT-OYzny3GwOH8Cgfw,1
author::UC3E9mAgP7VoAE5mZoAexl5g,author::UCL1MT278vSaQ83ZDkVWn1gw,1
author::UC3E9mAgP7VoAE5mZoAexl5g,author::UCjmPuazZJzscrwvk0QR9RVw,1
author::UC3E9mAgP7VoAE5mZoAexl5g,author::UCB5p8a5gklc80jJItP6xTHg,1
author::UC3E9mAgP7VoAE5mZoAexl5g,author::UCzoL2l5H5eVlorWGH8AZfAg,1
author::UC3E9mAgP7VoAE5mZoAexl5g,author::UCplrIQtaPj6au60_f2-mOYw,1
author::UC3E9mAgP7VoAE5mZoAexl5g,author::UC3NMzdMYryaw82kPTnsaljg,1
author::UC3E9mAgP7VoAE5mZoAexl5g,author::UCFxE8GbokBrBsPEKM1xrOjQ,1
author::UC3E9mAgP7VoAE5mZoAexl5g,author::UC8r11yOugM2NuRfitQOxLLg,1
author::UC3E9mAgP7VoAE5mZoAexl5g,author::UCRETAiYdh2dL5ZxB0_N1zDA,1
author::UC3E9mAgP7VoAE5mZoAexl5g,author::UCj-LL25XJnjxepPKCc3NGog,1
author::UC3E9mAgP7VoAE5mZoAexl5g,author::UC3MYTqpQqlWBuCB7Th0e0PA,1
author::UC3E9mAgP7VoAE5mZoAexl5g,author::UCTylKrsqkrBKIqubMu_5N0Q,1
author::UC3E9mAgP7VoAE5mZoAexl5g,author::UCZLG9qH0tUjNhEGFIUt0CYw,1
author::UC3E9mAgP7VoAE5mZoAexl5g,author::UC8F2V63KZ4ZEay6opX2hAQw,1
author::UC3E9mAgP7VoAE5mZoAexl5g,author::UCXXh7yg5KUFIWylTiKVEFKQ,1
author::UC3E9mAgP7VoAE5mZoAexl5g,author::UCr1emrogPKkKTs_WTtx71xg,1
author::UC3E9mAgP7VoAE5mZoAexl5g,author::UChs3tU2BcKOT0CezykvAsGw,1
author::UC3E9mAgP7VoAE5mZoAexl5g,author::UCErZPJpHmLCsXs8ZWkAUupQ,1
author::UC3E9mAgP7VoAE5mZoAexl5g,author::UC9xr9QvIcDvoZNUX5f-jaZw,1
author::UC3E9mAgP7VoAE5mZoAexl5g,author::UCEgEQmRbtL5fwr9_DqAC--g,1
author::UC3E9mAgP7VoAE5mZoAexl5g,author::UCmvOgzmmXbjUthHy-WJ52hQ,1
author::UC3E9mAgP7VoAE5mZoAexl5g,author::UCsjs5Hp_r86x1xbK6FAeqaA,1
author::UC3E9mAgP7VoAE5mZoAexl5g,author::UCOh6DaZC_x9HASnlRylEMfw,1
author::UC3E9mAgP7VoAE5mZoAexl5g,author::UCThW2XNsAaBKme5PUt7n-Zg,1
author::UC3E9mAgP7VoAE5mZoAexl5g,author::UCsUCN0Yq_UyTvKjOJLmNrnQ,1
author::UC3E9mAgP7VoAE5mZoAexl5g,author::UCjSKM9j0Q7HLDr1hD6D-TUw,1
author::UC3E9mAgP7VoAE5mZoAexl5g,author::UCL13XhnRzbGokEkCkEOb0-g,1
author::UC3E9mAgP7VoAE5mZoAexl5g,author::UC6YSZqL0vEcI-niPKIMUGfw,1
author::UC3E9mAgP7VoAE5mZoAexl5g,author::UCiMythXHsw7eQEMykCdmMUA,1
author::UC3E9mAgP7VoAE5mZoAexl5g,author::UCDPWkUX3sNNaCx-m1dV4glA,1
author::UC3E9mAgP7VoAE5mZoAexl5g,author::UCQtICyzWmhC5woCtbNgaSmg,1
author::UC3E9mAgP7VoAE5mZoAexl5g,author::UCQtSFINs1h6GHkpg9o5kMvg,1
author::UC3E9mAgP7VoAE5mZoAexl5g,author::UCSou6a2OuYGSvPjm5psquyA,1
author::UC3E9mAgP7VoAE5mZoAexl5g,author::UCYwpX26TrCxq8TvbKGRYLXA,1
author::UC3E9mAgP7VoAE5mZoAexl5g,author::UCDQaQv0hr2SS_PO-CMEwVHg,1
author::UC3E9mAgP7VoAE5mZoAexl5g,author::UCxff05WuyvwELNITi7bj7UA,1
author::UC3E9mAgP7VoAE5mZoAexl5g,author::UCTP3O0rMnc8z8v8jaDQwL0w,1
author::UC3E9mAgP7VoAE5mZoAexl5g,author::UCTwSut16JyAg3mX6LVUNGqA,1
author::UC3E9mAgP7VoAE5mZoAexl5g,author::UCrJn_rbo_ENAdeqneS-RmRw,1
author::UC3E9mAgP7VoAE5mZoAexl5g,author::UCFjudnPLoaSL1BaRuLahyHg,1
author::UC3E9mAgP7VoAE5mZoAexl5g,author::UC4cXueR2bKGFJV0Fk76gwmA,1
author::UC3E9mAgP7VoAE5mZoAexl5g,author::UCFUuDARXdmmIrLppEqf-rFg,1
author::UC3E9mAgP7VoAE5mZoAexl5g,author::UCl0ekS9Tt0jJGtOEM18S63w,1
author::UC3E9mAgP7VoAE5mZoAexl5g,author::UCut6b9S98nv84cVX89PmKzA,1
author::UC3E9mAgP7VoAE5mZoAexl5g,author::UCi1b_TRQfgO1Z9O2gNGGWNA,1
author::UC3E9mAgP7VoAE5mZoAexl5g,author::UC8G5cJONY8L9voMyBW8Eoug,1
author::UC3E9mAgP7VoAE5mZoAexl5g,author::UCYN4wSQ1Sx4_LurxLlW7MPg,1
author::UC3E9mAgP7VoAE5mZoAexl5g,author::UCTD6q1nyIe3Y7HhqjaMj72w,1
author::UC3E9mAgP7VoAE5mZoAexl5g,author::UCpIdtvoFHVLGASGB5ySqIEA,1
author::UC3E9mAgP7VoAE5mZoAexl5g,author::UCGzXwyCzMzGmjmCbH3Hg01Q,1
author::UC3E9mAgP7VoAE5mZoAexl5g,author::UCtNfIBnc5S5DbbQj_yxgJTw,1
author::UC3E9mAgP7VoAE5mZoAexl5g,author::UC7VUuJr9cGh845CmTvf7TlQ,1
author::UC3E9mAgP7VoAE5mZoAexl5g,author::UC5bG9nc_JV3FsNP2KseQiYw,1
author::UC3E9mAgP7VoAE5mZoAexl5g,author::UCHTGCgY2l-DQJIvlA_cpa_Q,1
author::UC3E9mAgP7VoAE5mZoAexl5g,author::UC3XTwHxygNCgjndsg-UiCQA,1
author::UC3E9mAgP7VoAE5mZoAexl5g,author::UC3qn1yJA5PeW9rkGPatQxiw,1
author::UC3E9mAgP7VoAE5mZoAexl5g,author::UCA93ym2TXs_Ibyxb4Vcn-6Q,1
author::UC3E9mAgP7VoAE5mZoAexl5g,author::UCQqetiwzzmRNTM5OWuXarGQ,1
author::UC3E9mAgP7VoAE5mZoAexl5g,author::UCRelkU8JiZBytTzebJxaa-w,1
author::UC3E9mAgP7VoAE5mZoAexl5g,author::UCDlr1VadSucIZgZ171pRBjQ,1
author::UC3E9mAgP7VoAE5mZoAexl5g,author::UCgvw7xIdGFupzpt1Y_BFkEA,1
author::UC3E9mAgP7VoAE5mZoAexl5g,author::UCpsKOkt5iWTbenzeuq7dsmQ,1
author::UC3E9mAgP7VoAE5mZoAexl5g,author::UCwW2OFy95P7ZBkOPxWkpvYg,1
author::UC3E9mAgP7VoAE5mZoAexl5g,author::UCDftMWXQoJ6nONfY7GVOVjg,1
author::UC3E9mAgP7VoAE5mZoAexl5g,author::UCLFdHr9BEbXHkoJopbEPLZw,1
author::UC3E9mAgP7VoAE5mZoAexl5g,author::UC4wq3DcbfaG6dtCqn8Oyu3w,1
author::UC3E9mAgP7VoAE5mZoAexl5g,author::UCNBnKqWf4d-rS4HwJRQljmQ,1
author::UC3E9mAgP7VoAE5mZoAexl5g,author::UCiGRBf2RNF0WRKhRVT7zFoA,1
author::UC3E9mAgP7VoAE5mZoAexl5g,author::UCcfdg8crmMJwEuLUsAhV7yg,1
author::UC3E9mAgP7VoAE5mZoAexl5g,author::UCkd9W714-947dEE6ZOEBATA,1
author::UC3E9mAgP7VoAE5mZoAexl5g,author::UCZ51R_9Q9C0c8I3pAWhtmjQ,1
author::UC3E9mAgP7VoAE5mZoAexl5g,author::UCzSfZlOVxBSs5ObD25ywxDQ,1
author::UC3E9mAgP7VoAE5mZoAexl5g,author::UCCaYwkkbQGcvFoUmothVdQQ,1
author::UC3E9mAgP7VoAE5mZoAexl5g,author::UC72gBAtyb_VXQlYDcFrh6oQ,1
author::UC3E9mAgP7VoAE5mZoAexl5g,author::UCDUffaruH6dyUnUGwsTKpgg,1
author::UC3E9mAgP7VoAE5mZoAexl5g,author::UCwha8rxULYMVtNwZWeSkE1A,1
author::UC3E9mAgP7VoAE5mZoAexl5g,author::UCDIMztpVm7G27qBuiWuT6oQ,1
author::UC3E9mAgP7VoAE5mZoAexl5g,author::UChgkn5Jt5tWKYMoEOuCjz3Q,1
author::UC3E9mAgP7VoAE5mZoAexl5g,author::UCvApqeCbLod-wejtT4CcVuA,1
author::UC3E9mAgP7VoAE5mZoAexl5g,author::UCfM3nrxtTQMY5jFx1v1J4Gg,1
author::UC3E9mAgP7VoAE5mZoAexl5g,author::UCRlCV9zSn7avAWh-9_XFWqQ,1
author::UC3E9mAgP7VoAE5mZoAexl5g,author::UCFhxtoeARHPnXXPcDrOU3Xg,1
author::UC3E9mAgP7VoAE5mZoAexl5g,author::UCNkcuy42zEwddwEcOd_HpnA,1
author::UC3E9mAgP7VoAE5mZoAexl5g,author::UCz3gu01bmjNv0DpRq-K3XYg,1
author::UC3E9mAgP7VoAE5mZoAexl5g,author::UCFoIAE8k82D6AV-8gjjKaNg,1
author::UC3E9mAgP7VoAE5mZoAexl5g,author::UCySYJU5kUh7X8gVt9la2ISA,1
author::UC3E9mAgP7VoAE5mZoAexl5g,author::UCQgYjVngJRfPHDLGB5X6ZjA,1
author::UC3E9mAgP7VoAE5mZoAexl5g,author::UCHhHUjaMAZ8SiXdCUCj9DkQ,1
author::UC3E9mAgP7VoAE5mZoAexl5g,author::UCXSkL3ejZ8qWYyF_M7s_QKA,1
author::UC3E9mAgP7VoAE5mZoAexl5g,author::UChZknRmJkeGeQk0-mQuhDOg,1
author::UC3E9mAgP7VoAE5mZoAexl5g,author::UCXr8_5WtGeipe4haOoQDgyQ,1
author::UC3E9mAgP7VoAE5mZoAexl5g,author::UCljDbleJul41G1TzOjOZAVA,1
author::UC3E9mAgP7VoAE5mZoAexl5g,author::UCujPF2nBgsTD62nWE3lcpIg,1
author::UC3E9mAgP7VoAE5mZoAexl5g,author::UCmjppp6ujz3SAnULvP3sZMw,1
author::UC3E9mAgP7VoAE5mZoAexl5g,author::UCylqlpsh8ENNM1LqgQ1KbxA,1
author::UC3E9mAgP7VoAE5mZoAexl5g,author::UCp4iw5_5SmV9VGTFSNVGOmQ,1
author::UC3E9mAgP7VoAE5mZoAexl5g,author::UCN6qbfPSzFtjhqUDZ3Cv3CQ,1
author::UC3E9mAgP7VoAE5mZoAexl5g,author::UCpl8rF8uv_8uui-QRvuJaRA,1
author::UC3E9mAgP7VoAE5mZoAexl5g,author::UC9vMq1YF-e7C-VO0SHkbUTA,1
author::UC3E9mAgP7VoAE5mZoAexl5g,author::UCh5ESQvtzyHDhCA7XyekCFA,1
author::UC3E9mAgP7VoAE5mZoAexl5g,author::UCsSXdJct-nsS8DsABoEsaYA,1
author::UC3E9mAgP7VoAE5mZoAexl5g,author::UC5H8ASmMC9WrURmzeB4ySog,1
author::UC3E9mAgP7VoAE5mZoAexl5g,author::UCKDR0f2fu2UzWL8mBv5-BHw,1
author::UC3E9mAgP7VoAE5mZoAexl5g,author::UCOLGv5Pf6BF2wFcwUzgcvHg,1
author::UC3E9mAgP7VoAE5mZoAexl5g,author::UCtUR3_CAiE7fCoZHM6cMfyQ,1
author::UC3MYTqpQqlWBuCB7Th0e0PA,author::UCXgr7vXlRrsaskPdo097kGA,1
author::UC3MYTqpQqlWBuCB7Th0e0PA,author::UCwO2SXr0ggzwg6QWWrr01nQ,1
author::UC3MYTqpQqlWBuCB7Th0e0PA,author::UCipetjeiWj4CZB6EbyYziZg,1
author::UC3MYTqpQqlWBuCB7Th0e0PA,author::UCAlzM_N6xBlMYmM8EBzX86Q,1
author::UC3MYTqpQqlWBuCB7Th0e0PA,author::UCV0iizTBoOfdAFX_thfI9BA,1
author::UC3MYTqpQqlWBuCB7Th0e0PA,author::UCWIZUtKJ636y-4TYrNvok0g,1
author::UC3MYTqpQqlWBuCB7Th0e0PA,author::UCLggDc_a5HriXv7I1h02sOA,1
author::UC3MYTqpQqlWBuCB7Th0e0PA,author::UCueV9cTyTDwgQSec1x2dYgA,1
author::UC3MYTqpQqlWBuCB7Th0e0PA,author::UCUIIIPTVDVHAXqhC_5V6lPA,1
author::UC3MYTqpQqlWBuCB7Th0e0PA,author::UChep9kVb5gQmpodEEl10Xlg,1
author::UC3MYTqpQqlWBuCB7Th0e0PA,author::UC6PvO1_k5lHKGdAPo5_C6TA,1
author::UC3MYTqpQqlWBuCB7Th0e0PA,author::UCsJJAvrVGupdmhOqgtDp8dg,1
author::UC3MYTqpQqlWBuCB7Th0e0PA,author::UCAmtbUiIrUIhikru0ZoTFig,1
author::UC3MYTqpQqlWBuCB7Th0e0PA,author::UCQ_-LPP8JAbfkc-b1Q6NvWw,1
author::UC3MYTqpQqlWBuCB7Th0e0PA,author::UCOS8ViEkccrTZx2w2ccxotA,1
author::UC3MYTqpQqlWBuCB7Th0e0PA,author::UC650pRT-OYzny3GwOH8Cgfw,1
author::UC3MYTqpQqlWBuCB7Th0e0PA,author::UCL1MT278vSaQ83ZDkVWn1gw,1
author::UC3MYTqpQqlWBuCB7Th0e0PA,author::UCjmPuazZJzscrwvk0QR9RVw,1
author::UC3MYTqpQqlWBuCB7Th0e0PA,author::UCB5p8a5gklc80jJItP6xTHg,1
author::UC3MYTqpQqlWBuCB7Th0e0PA,author::UCzoL2l5H5eVlorWGH8AZfAg,1
author::UC3MYTqpQqlWBuCB7Th0e0PA,author::UCplrIQtaPj6au60_f2-mOYw,1
author::UC3MYTqpQqlWBuCB7Th0e0PA,author::UC3NMzdMYryaw82kPTnsaljg,1
author::UC3MYTqpQqlWBuCB7Th0e0PA,author::UCFxE8GbokBrBsPEKM1xrOjQ,1
author::UC3MYTqpQqlWBuCB7Th0e0PA,author::UC8r11yOugM2NuRfitQOxLLg,1
author::UC3MYTqpQqlWBuCB7Th0e0PA,author::UCRETAiYdh2dL5ZxB0_N1zDA,1
author::UC3MYTqpQqlWBuCB7Th0e0PA,author::UCj-LL25XJnjxepPKCc3NGog,1
author::UC3MYTqpQqlWBuCB7Th0e0PA,author::UCTylKrsqkrBKIqubMu_5N0Q,1
author::UC3MYTqpQqlWBuCB7Th0e0PA,author::UCZLG9qH0tUjNhEGFIUt0CYw,1
author::UC3MYTqpQqlWBuCB7Th0e0PA,author::UC8F2V63KZ4ZEay6opX2hAQw,1
author::UC3MYTqpQqlWBuCB7Th0e0PA,author::UCXXh7yg5KUFIWylTiKVEFKQ,1
author::UC3MYTqpQqlWBuCB7Th0e0PA,author::UCr1emrogPKkKTs_WTtx71xg,1
author::UC3MYTqpQqlWBuCB7Th0e0PA,author::UChs3tU2BcKOT0CezykvAsGw,1
author::UC3MYTqpQqlWBuCB7Th0e0PA,author::UCErZPJpHmLCsXs8ZWkAUupQ,1
author::UC3MYTqpQqlWBuCB7Th0e0PA,author::UC9xr9QvIcDvoZNUX5f-jaZw,1
author::UC3MYTqpQqlWBuCB7Th0e0PA,author::UCEgEQmRbtL5fwr9_DqAC--g,1
author::UC3MYTqpQqlWBuCB7Th0e0PA,author::UCmvOgzmmXbjUthHy-WJ52hQ,1
author::UC3MYTqpQqlWBuCB7Th0e0PA,author::UCsjs5Hp_r86x1xbK6FAeqaA,1
author::UC3MYTqpQqlWBuCB7Th0e0PA,author::UCOh6DaZC_x9HASnlRylEMfw,1
author::UC3MYTqpQqlWBuCB7Th0e0PA,author::UCThW2XNsAaBKme5PUt7n-Zg,1
author::UC3MYTqpQqlWBuCB7Th0e0PA,author::UCsUCN0Yq_UyTvKjOJLmNrnQ,1
author::UC3MYTqpQqlWBuCB7Th0e0PA,author::UCjSKM9j0Q7HLDr1hD6D-TUw,1
author::UC3MYTqpQqlWBuCB7Th0e0PA,author::UCL13XhnRzbGokEkCkEOb0-g,1
author::UC3MYTqpQqlWBuCB7Th0e0PA,author::UC6YSZqL0vEcI-niPKIMUGfw,1
author::UC3MYTqpQqlWBuCB7Th0e0PA,author::UCiMythXHsw7eQEMykCdmMUA,1
author::UC3MYTqpQqlWBuCB7Th0e0PA,author::UCDPWkUX3sNNaCx-m1dV4glA,1
author::UC3MYTqpQqlWBuCB7Th0e0PA,author::UCQtICyzWmhC5woCtbNgaSmg,1
author::UC3MYTqpQqlWBuCB7Th0e0PA,author::UCQtSFINs1h6GHkpg9o5kMvg,1
author::UC3MYTqpQqlWBuCB7Th0e0PA,author::UCSou6a2OuYGSvPjm5psquyA,1
author::UC3MYTqpQqlWBuCB7Th0e0PA,author::UCYwpX26TrCxq8TvbKGRYLXA,1
author::UC3MYTqpQqlWBuCB7Th0e0PA,author::UCDQaQv0hr2SS_PO-CMEwVHg,1
author::UC3MYTqpQqlWBuCB7Th0e0PA,author::UCxff05WuyvwELNITi7bj7UA,1
author::UC3MYTqpQqlWBuCB7Th0e0PA,author::UCTP3O0rMnc8z8v8jaDQwL0w,1
author::UC3MYTqpQqlWBuCB7Th0e0PA,author::UCTwSut16JyAg3mX6LVUNGqA,1
author::UC3MYTqpQqlWBuCB7Th0e0PA,author::UCrJn_rbo_ENAdeqneS-RmRw,1
author::UC3MYTqpQqlWBuCB7Th0e0PA,author::UCFjudnPLoaSL1BaRuLahyHg,1
author::UC3MYTqpQqlWBuCB7Th0e0PA,author::UC4cXueR2bKGFJV0Fk76gwmA,1
author::UC3MYTqpQqlWBuCB7Th0e0PA,author::UCFUuDARXdmmIrLppEqf-rFg,1
author::UC3MYTqpQqlWBuCB7Th0e0PA,author::UCl0ekS9Tt0jJGtOEM18S63w,1
author::UC3MYTqpQqlWBuCB7Th0e0PA,author::UCut6b9S98nv84cVX89PmKzA,1
author::UC3MYTqpQqlWBuCB7Th0e0PA,author::UCi1b_TRQfgO1Z9O2gNGGWNA,1
author::UC3MYTqpQqlWBuCB7Th0e0PA,author::UC8G5cJONY8L9voMyBW8Eoug,1
author::UC3MYTqpQqlWBuCB7Th0e0PA,author::UCYN4wSQ1Sx4_LurxLlW7MPg,1
author::UC3MYTqpQqlWBuCB7Th0e0PA,author::UCTD6q1nyIe3Y7HhqjaMj72w,1
author::UC3MYTqpQqlWBuCB7Th0e0PA,author::UCpIdtvoFHVLGASGB5ySqIEA,1
author::UC3MYTqpQqlWBuCB7Th0e0PA,author::UCGzXwyCzMzGmjmCbH3Hg01Q,1
author::UC3MYTqpQqlWBuCB7Th0e0PA,author::UCtNfIBnc5S5DbbQj_yxgJTw,1
author::UC3MYTqpQqlWBuCB7Th0e0PA,author::UC7VUuJr9cGh845CmTvf7TlQ,1
author::UC3MYTqpQqlWBuCB7Th0e0PA,author::UC5bG9nc_JV3FsNP2KseQiYw,1
author::UC3MYTqpQqlWBuCB7Th0e0PA,author::UCHTGCgY2l-DQJIvlA_cpa_Q,1
author::UC3MYTqpQqlWBuCB7Th0e0PA,author::UC3XTwHxygNCgjndsg-UiCQA,1
author::UC3MYTqpQqlWBuCB7Th0e0PA,author::UC3qn1yJA5PeW9rkGPatQxiw,1
author::UC3MYTqpQqlWBuCB7Th0e0PA,author::UCA93ym2TXs_Ibyxb4Vcn-6Q,1
author::UC3MYTqpQqlWBuCB7Th0e0PA,author::UCQqetiwzzmRNTM5OWuXarGQ,1
author::UC3MYTqpQqlWBuCB7Th0e0PA,author::UCRelkU8JiZBytTzebJxaa-w,1
author::UC3MYTqpQqlWBuCB7Th0e0PA,author::UCDlr1VadSucIZgZ171pRBjQ,1
author::UC3MYTqpQqlWBuCB7Th0e0PA,author::UCgvw7xIdGFupzpt1Y_BFkEA,1
author::UC3MYTqpQqlWBuCB7Th0e0PA,author::UCpsKOkt5iWTbenzeuq7dsmQ,1
author::UC3MYTqpQqlWBuCB7Th0e0PA,author::UCwW2OFy95P7ZBkOPxWkpvYg,1
author::UC3MYTqpQqlWBuCB7Th0e0PA,author::UCDftMWXQoJ6nONfY7GVOVjg,1
author::UC3MYTqpQqlWBuCB7Th0e0PA,author::UCLFdHr9BEbXHkoJopbEPLZw,1
author::UC3MYTqpQqlWBuCB7Th0e0PA,author::UC4wq3DcbfaG6dtCqn8Oyu3w,1
author::UC3MYTqpQqlWBuCB7Th0e0PA,author::UCNBnKqWf4d-rS4HwJRQljmQ,1
author::UC3MYTqpQqlWBuCB7Th0e0PA,author::UCiGRBf2RNF0WRKhRVT7zFoA,1
author::UC3MYTqpQqlWBuCB7Th0e0PA,author::UCcfdg8crmMJwEuLUsAhV7yg,1
author::UC3MYTqpQqlWBuCB7Th0e0PA,author::UCkd9W714-947dEE6ZOEBATA,1
author::UC3MYTqpQqlWBuCB7Th0e0PA,author::UCZ51R_9Q9C0c8I3pAWhtmjQ,1
author::UC3MYTqpQqlWBuCB7Th0e0PA,author::UCzSfZlOVxBSs5ObD25ywxDQ,1
author::UC3MYTqpQqlWBuCB7Th0e0PA,author::UCCaYwkkbQGcvFoUmothVdQQ,1
author::UC3MYTqpQqlWBuCB7Th0e0PA,author::UC72gBAtyb_VXQlYDcFrh6oQ,1
author::UC3MYTqpQqlWBuCB7Th0e0PA,author::UCDUffaruH6dyUnUGwsTKpgg,1
author::UC3MYTqpQqlWBuCB7Th0e0PA,author::UCwha8rxULYMVtNwZWeSkE1A,1
author::UC3MYTqpQqlWBuCB7Th0e0PA,author::UCDIMztpVm7G27qBuiWuT6oQ,1
author::UC3MYTqpQqlWBuCB7Th0e0PA,author::UChgkn5Jt5tWKYMoEOuCjz3Q,1
author::UC3MYTqpQqlWBuCB7Th0e0PA,author::UCvApqeCbLod-wejtT4CcVuA,1
author::UC3MYTqpQqlWBuCB7Th0e0PA,author::UCfM3nrxtTQMY5jFx1v1J4Gg,1
author::UC3MYTqpQqlWBuCB7Th0e0PA,author::UCRlCV9zSn7avAWh-9_XFWqQ,1
author::UC3MYTqpQqlWBuCB7Th0e0PA,author::UCFhxtoeARHPnXXPcDrOU3Xg,1
author::UC3MYTqpQqlWBuCB7Th0e0PA,author::UCNkcuy42zEwddwEcOd_HpnA,1
author::UC3MYTqpQqlWBuCB7Th0e0PA,author::UCz3gu01bmjNv0DpRq-K3XYg,1
author::UC3MYTqpQqlWBuCB7Th0e0PA,author::UCFoIAE8k82D6AV-8gjjKaNg,1
author::UC3MYTqpQqlWBuCB7Th0e0PA,author::UCySYJU5kUh7X8gVt9la2ISA,1
author::UC3MYTqpQqlWBuCB7Th0e0PA,author::UCQgYjVngJRfPHDLGB5X6ZjA,1
author::UC3MYTqpQqlWBuCB7Th0e0PA,author::UCHhHUjaMAZ8SiXdCUCj9DkQ,1
author::UC3MYTqpQqlWBuCB7Th0e0PA,author::UCXSkL3ejZ8qWYyF_M7s_QKA,1
author::UC3MYTqpQqlWBuCB7Th0e0PA,author::UChZknRmJkeGeQk0-mQuhDOg,1
author::UC3MYTqpQqlWBuCB7Th0e0PA,author::UCXr8_5WtGeipe4haOoQDgyQ,1
author::UC3MYTqpQqlWBuCB7Th0e0PA,author::UCljDbleJul41G1TzOjOZAVA,1
author::UC3MYTqpQqlWBuCB7Th0e0PA,author::UCujPF2nBgsTD62nWE3lcpIg,1
author::UC3MYTqpQqlWBuCB7Th0e0PA,author::UCmjppp6ujz3SAnULvP3sZMw,1
author::UC3MYTqpQqlWBuCB7Th0e0PA,author::UCylqlpsh8ENNM1LqgQ1KbxA,1
author::UC3MYTqpQqlWBuCB7Th0e0PA,author::UCp4iw5_5SmV9VGTFSNVGOmQ,1
author::UC3MYTqpQqlWBuCB7Th0e0PA,author::UCN6qbfPSzFtjhqUDZ3Cv3CQ,1
author::UC3MYTqpQqlWBuCB7Th0e0PA,author::UCpl8rF8uv_8uui-QRvuJaRA,1
author::UC3MYTqpQqlWBuCB7Th0e0PA,author::UC9vMq1YF-e7C-VO0SHkbUTA,1
author::UC3MYTqpQqlWBuCB7Th0e0PA,author::UCh5ESQvtzyHDhCA7XyekCFA,1
author::UC3MYTqpQqlWBuCB7Th0e0PA,author::UCsSXdJct-nsS8DsABoEsaYA,1
author::UC3MYTqpQqlWBuCB7Th0e0PA,author::UC5H8ASmMC9WrURmzeB4ySog,1
author::UC3MYTqpQqlWBuCB7Th0e0PA,author::UCKDR0f2fu2UzWL8mBv5-BHw,1
author::UC3MYTqpQqlWBuCB7Th0e0PA,author::UCOLGv5Pf6BF2wFcwUzgcvHg,1
author::UC3MYTqpQqlWBuCB7Th0e0PA,author::UCtUR3_CAiE7fCoZHM6cMfyQ,1
author::UC3NMzdMYryaw82kPTnsaljg,author::UCXgr7vXlRrsaskPdo097kGA,1
author::UC3NMzdMYryaw82kPTnsaljg,author::UCwO2SXr0ggzwg6QWWrr01nQ,1
author::UC3NMzdMYryaw82kPTnsaljg,author::UCipetjeiWj4CZB6EbyYziZg,1
author::UC3NMzdMYryaw82kPTnsaljg,author::UCAlzM_N6xBlMYmM8EBzX86Q,1
author::UC3NMzdMYryaw82kPTnsaljg,author::UCV0iizTBoOfdAFX_thfI9BA,1
author::UC3NMzdMYryaw82kPTnsaljg,author::UCWIZUtKJ636y-4TYrNvok0g,1
author::UC3NMzdMYryaw82kPTnsaljg,author::UCLggDc_a5HriXv7I1h02sOA,1
author::UC3NMzdMYryaw82kPTnsaljg,author::UCueV9cTyTDwgQSec1x2dYgA,1
author::UC3NMzdMYryaw82kPTnsaljg,author::UCUIIIPTVDVHAXqhC_5V6lPA,1
author::UC3NMzdMYryaw82kPTnsaljg,author::UChep9kVb5gQmpodEEl10Xlg,1
author::UC3NMzdMYryaw82kPTnsaljg,author::UC6PvO1_k5lHKGdAPo5_C6TA,1
author::UC3NMzdMYryaw82kPTnsaljg,author::UCsJJAvrVGupdmhOqgtDp8dg,1
author::UC3NMzdMYryaw82kPTnsaljg,author::UCAmtbUiIrUIhikru0ZoTFig,1
author::UC3NMzdMYryaw82kPTnsaljg,author::UCQ_-LPP8JAbfkc-b1Q6NvWw,1
author::UC3NMzdMYryaw82kPTnsaljg,author::UCOS8ViEkccrTZx2w2ccxotA,1
author::UC3NMzdMYryaw82kPTnsaljg,author::UC650pRT-OYzny3GwOH8Cgfw,1
author::UC3NMzdMYryaw82kPTnsaljg,author::UCL1MT278vSaQ83ZDkVWn1gw,1
author::UC3NMzdMYryaw82kPTnsaljg,author::UCjmPuazZJzscrwvk0QR9RVw,1
author::UC3NMzdMYryaw82kPTnsaljg,author::UCB5p8a5gklc80jJItP6xTHg,1
author::UC3NMzdMYryaw82kPTnsaljg,author::UCzoL2l5H5eVlorWGH8AZfAg,1
author::UC3NMzdMYryaw82kPTnsaljg,author::UCplrIQtaPj6au60_f2-mOYw,1
author::UC3NMzdMYryaw82kPTnsaljg,author::UCFxE8GbokBrBsPEKM1xrOjQ,1
author::UC3NMzdMYryaw82kPTnsaljg,author::UC8r11yOugM2NuRfitQOxLLg,1
author::UC3NMzdMYryaw82kPTnsaljg,author::UCRETAiYdh2dL5ZxB0_N1zDA,1
author::UC3NMzdMYryaw82kPTnsaljg,author::UCj-LL25XJnjxepPKCc3NGog,1
author::UC3NMzdMYryaw82kPTnsaljg,author::UCTylKrsqkrBKIqubMu_5N0Q,1
author::UC3NMzdMYryaw82kPTnsaljg,author::UCZLG9qH0tUjNhEGFIUt0CYw,1
author::UC3NMzdMYryaw82kPTnsaljg,author::UC8F2V63KZ4ZEay6opX2hAQw,1
author::UC3NMzdMYryaw82kPTnsaljg,author::UCXXh7yg5KUFIWylTiKVEFKQ,1
author::UC3NMzdMYryaw82kPTnsaljg,author::UCr1emrogPKkKTs_WTtx71xg,1
author::UC3NMzdMYryaw82kPTnsaljg,author::UChs3tU2BcKOT0CezykvAsGw,1
author::UC3NMzdMYryaw82kPTnsaljg,author::UCErZPJpHmLCsXs8ZWkAUupQ,1
author::UC3NMzdMYryaw82kPTnsaljg,author::UC9xr9QvIcDvoZNUX5f-jaZw,1
author::UC3NMzdMYryaw82kPTnsaljg,author::UCEgEQmRbtL5fwr9_DqAC--g,1
author::UC3NMzdMYryaw82kPTnsaljg,author::UCmvOgzmmXbjUthHy-WJ52hQ,1
author::UC3NMzdMYryaw82kPTnsaljg,author::UCsjs5Hp_r86x1xbK6FAeqaA,1
author::UC3NMzdMYryaw82kPTnsaljg,author::UCOh6DaZC_x9HASnlRylEMfw,1
author::UC3NMzdMYryaw82kPTnsaljg,author::UCThW2XNsAaBKme5PUt7n-Zg,1
author::UC3NMzdMYryaw82kPTnsaljg,author::UCsUCN0Yq_UyTvKjOJLmNrnQ,1
author::UC3NMzdMYryaw82kPTnsaljg,author::UCjSKM9j0Q7HLDr1hD6D-TUw,1
author::UC3NMzdMYryaw82kPTnsaljg,author::UCL13XhnRzbGokEkCkEOb0-g,1
author::UC3NMzdMYryaw82kPTnsaljg,author::UC6YSZqL0vEcI-niPKIMUGfw,1
author::UC3NMzdMYryaw82kPTnsaljg,author::UCiMythXHsw7eQEMykCdmMUA,1
author::UC3NMzdMYryaw82kPTnsaljg,author::UCDPWkUX3sNNaCx-m1dV4glA,1
author::UC3NMzdMYryaw82kPTnsaljg,author::UCQtICyzWmhC5woCtbNgaSmg,1
author::UC3NMzdMYryaw82kPTnsaljg,author::UCQtSFINs1h6GHkpg9o5kMvg,1
author::UC3NMzdMYryaw82kPTnsaljg,author::UCSou6a2OuYGSvPjm5psquyA,1
author::UC3NMzdMYryaw82kPTnsaljg,author::UCYwpX26TrCxq8TvbKGRYLXA,1
author::UC3NMzdMYryaw82kPTnsaljg,author::UCDQaQv0hr2SS_PO-CMEwVHg,1
author::UC3NMzdMYryaw82kPTnsaljg,author::UCxff05WuyvwELNITi7bj7UA,1
author::UC3NMzdMYryaw82kPTnsaljg,author::UCTP3O0rMnc8z8v8jaDQwL0w,1
author::UC3NMzdMYryaw82kPTnsaljg,author::UCTwSut16JyAg3mX6LVUNGqA,1
author::UC3NMzdMYryaw82kPTnsaljg,author::UCrJn_rbo_ENAdeqneS-RmRw,1
author::UC3NMzdMYryaw82kPTnsaljg,author::UCFjudnPLoaSL1BaRuLahyHg,1
author::UC3NMzdMYryaw82kPTnsaljg,author::UC4cXueR2bKGFJV0Fk76gwmA,1
author::UC3NMzdMYryaw82kPTnsaljg,author::UCFUuDARXdmmIrLppEqf-rFg,1
author::UC3NMzdMYryaw82kPTnsaljg,author::UCl0ekS9Tt0jJGtOEM18S63w,1
author::UC3NMzdMYryaw82kPTnsaljg,author::UCut6b9S98nv84cVX89PmKzA,1
author::UC3NMzdMYryaw82kPTnsaljg,author::UCi1b_TRQfgO1Z9O2gNGGWNA,1
author::UC3NMzdMYryaw82kPTnsaljg,author::UC8G5cJONY8L9voMyBW8Eoug,1
author::UC3NMzdMYryaw82kPTnsaljg,author::UCYN4wSQ1Sx4_LurxLlW7MPg,1
author::UC3NMzdMYryaw82kPTnsaljg,author::UCTD6q1nyIe3Y7HhqjaMj72w,1
author::UC3NMzdMYryaw82kPTnsaljg,author::UCpIdtvoFHVLGASGB5ySqIEA,1
author::UC3NMzdMYryaw82kPTnsaljg,author::UCGzXwyCzMzGmjmCbH3Hg01Q,1
author::UC3NMzdMYryaw82kPTnsaljg,author::UCtNfIBnc5S5DbbQj_yxgJTw,1
author::UC3NMzdMYryaw82kPTnsaljg,author::UC7VUuJr9cGh845CmTvf7TlQ,1
author::UC3NMzdMYryaw82kPTnsaljg,author::UC5bG9nc_JV3FsNP2KseQiYw,1
author::UC3NMzdMYryaw82kPTnsaljg,author::UCHTGCgY2l-DQJIvlA_cpa_Q,1
author::UC3NMzdMYryaw82kPTnsaljg,author::UC3XTwHxygNCgjndsg-UiCQA,1
author::UC3NMzdMYryaw82kPTnsaljg,author::UC3qn1yJA5PeW9rkGPatQxiw,1
author::UC3NMzdMYryaw82kPTnsaljg,author::UCA93ym2TXs_Ibyxb4Vcn-6Q,1
author::UC3NMzdMYryaw82kPTnsaljg,author::UCQqetiwzzmRNTM5OWuXarGQ,1
author::UC3NMzdMYryaw82kPTnsaljg,author::UCRelkU8JiZBytTzebJxaa-w,1
author::UC3NMzdMYryaw82kPTnsaljg,author::UCDlr1VadSucIZgZ171pRBjQ,1
author::UC3NMzdMYryaw82kPTnsaljg,author::UCgvw7xIdGFupzpt1Y_BFkEA,1
author::UC3NMzdMYryaw82kPTnsaljg,author::UCpsKOkt5iWTbenzeuq7dsmQ,1
author::UC3NMzdMYryaw82kPTnsaljg,author::UCwW2OFy95P7ZBkOPxWkpvYg,1
author::UC3NMzdMYryaw82kPTnsaljg,author::UCDftMWXQoJ6nONfY7GVOVjg,1
author::UC3NMzdMYryaw82kPTnsaljg,author::UCLFdHr9BEbXHkoJopbEPLZw,1
author::UC3NMzdMYryaw82kPTnsaljg,author::UC4wq3DcbfaG6dtCqn8Oyu3w,1
author::UC3NMzdMYryaw82kPTnsaljg,author::UCNBnKqWf4d-rS4HwJRQljmQ,1
author::UC3NMzdMYryaw82kPTnsaljg,author::UCiGRBf2RNF0WRKhRVT7zFoA,1
author::UC3NMzdMYryaw82kPTnsaljg,author::UCcfdg8crmMJwEuLUsAhV7yg,1
author::UC3NMzdMYryaw82kPTnsaljg,author::UCkd9W714-947dEE6ZOEBATA,1
author::UC3NMzdMYryaw82kPTnsaljg,author::UCZ51R_9Q9C0c8I3pAWhtmjQ,1
author::UC3NMzdMYryaw82kPTnsaljg,author::UCzSfZlOVxBSs5ObD25ywxDQ,1
author::UC3NMzdMYryaw82kPTnsaljg,author::UCCaYwkkbQGcvFoUmothVdQQ,1
author::UC3NMzdMYryaw82kPTnsaljg,author::UC72gBAtyb_VXQlYDcFrh6oQ,1
author::UC3NMzdMYryaw82kPTnsaljg,author::UCDUffaruH6dyUnUGwsTKpgg,1
author::UC3NMzdMYryaw82kPTnsaljg,author::UCwha8rxULYMVtNwZWeSkE1A,1
author::UC3NMzdMYryaw82kPTnsaljg,author::UCDIMztpVm7G27qBuiWuT6oQ,1
author::UC3NMzdMYryaw82kPTnsaljg,author::UChgkn5Jt5tWKYMoEOuCjz3Q,1
author::UC3NMzdMYryaw82kPTnsaljg,author::UCvApqeCbLod-wejtT4CcVuA,1
author::UC3NMzdMYryaw82kPTnsaljg,author::UCfM3nrxtTQMY5jFx1v1J4Gg,1
author::UC3NMzdMYryaw82kPTnsaljg,author::UCRlCV9zSn7avAWh-9_XFWqQ,1
author::UC3NMzdMYryaw82kPTnsaljg,author::UCFhxtoeARHPnXXPcDrOU3Xg,1
author::UC3NMzdMYryaw82kPTnsaljg,author::UCNkcuy42zEwddwEcOd_HpnA,1
author::UC3NMzdMYryaw82kPTnsaljg,author::UCz3gu01bmjNv0DpRq-K3XYg,1
author::UC3NMzdMYryaw82kPTnsaljg,author::UCFoIAE8k82D6AV-8gjjKaNg,1
author::UC3NMzdMYryaw82kPTnsaljg,author::UCySYJU5kUh7X8gVt9la2ISA,1
author::UC3NMzdMYryaw82kPTnsaljg,author::UCQgYjVngJRfPHDLGB5X6ZjA,1
author::UC3NMzdMYryaw82kPTnsaljg,author::UCHhHUjaMAZ8SiXdCUCj9DkQ,1
author::UC3NMzdMYryaw82kPTnsaljg,author::UCXSkL3ejZ8qWYyF_M7s_QKA,1
author::UC3NMzdMYryaw82kPTnsaljg,author::UChZknRmJkeGeQk0-mQuhDOg,1
author::UC3NMzdMYryaw82kPTnsaljg,author::UCXr8_5WtGeipe4haOoQDgyQ,1
author::UC3NMzdMYryaw82kPTnsaljg,author::UCljDbleJul41G1TzOjOZAVA,1
author::UC3NMzdMYryaw82kPTnsaljg,author::UCujPF2nBgsTD62nWE3lcpIg,1
author::UC3NMzdMYryaw82kPTnsaljg,author::UCmjppp6ujz3SAnULvP3sZMw,1
author::UC3NMzdMYryaw82kPTnsaljg,author::UCylqlpsh8ENNM1LqgQ1KbxA,1
author::UC3NMzdMYryaw82kPTnsaljg,author::UCp4iw5_5SmV9VGTFSNVGOmQ,1
author::UC3NMzdMYryaw82kPTnsaljg,author::UCN6qbfPSzFtjhqUDZ3Cv3CQ,1
author::UC3NMzdMYryaw82kPTnsaljg,author::UCpl8rF8uv_8uui-QRvuJaRA,1
author::UC3NMzdMYryaw82kPTnsaljg,author::UC9vMq1YF-e7C-VO0SHkbUTA,1
author::UC3NMzdMYryaw82kPTnsaljg,author::UCh5ESQvtzyHDhCA7XyekCFA,1
author::UC3NMzdMYryaw82kPTnsaljg,author::UCsSXdJct-nsS8DsABoEsaYA,1
author::UC3NMzdMYryaw82kPTnsaljg,author::UC5H8ASmMC9WrURmzeB4ySog,1
author::UC3NMzdMYryaw82kPTnsaljg,author::UCKDR0f2fu2UzWL8mBv5-BHw,1
author::UC3NMzdMYryaw82kPTnsaljg,author::UCOLGv5Pf6BF2wFcwUzgcvHg,1
author::UC3NMzdMYryaw82kPTnsaljg,author::UCtUR3_CAiE7fCoZHM6cMfyQ,1
author::UC3UVO7pTbeYvZ3ILEyRDskQ,author::UCRAquv8el-tQ30bN7MlmySQ,1
author::UC3UVO7pTbeYvZ3ILEyRDskQ,author::UC816IGbFCZinfYS1LRDaaHg,1
author::UC3UVO7pTbeYvZ3ILEyRDskQ,author::UCwgCc9Jd_gG-uLE_SY-FfPg,1
author::UC3UVO7pTbeYvZ3ILEyRDskQ,author::UCRvPToDkkumha7WJAfCDk1A,1
author::UC3UVO7pTbeYvZ3ILEyRDskQ,author::UC6Uj1FT5JjDSF8vudvDxPAA,1
author::UC3UVO7pTbeYvZ3ILEyRDskQ,author::UColMq7LmaoY3MT6aIDGrGvA,1
author::UC3UVO7pTbeYvZ3ILEyRDskQ,author::UCiC-Jn7wdgyQV4_Urk0DkWQ,1
author::UC3UVO7pTbeYvZ3ILEyRDskQ,author::UCgQw_Sbq3ugruDUKsq1e0-A,1
author::UC3UVO7pTbeYvZ3ILEyRDskQ,author::UCAKuKvcbfnBD3kF5njNu-IA,1
author::UC3UVO7pTbeYvZ3ILEyRDskQ,author::UCdFlugHJJa4l3YqWuNRmvXw,1
author::UC3UVO7pTbeYvZ3ILEyRDskQ,author::UCHbwIx9pmQuf7i-4_xO2EpA,1
author::UC3UVO7pTbeYvZ3ILEyRDskQ,author::UCeDNEtI8_a42bZ47wJiJMwQ,1
author::UC3UVO7pTbeYvZ3ILEyRDskQ,author::UC7dadZG7kkGYnsNu6td0FbA,1
author::UC3UVO7pTbeYvZ3ILEyRDskQ,author::UCu8_3-Wg-YzNyvHYQDEscfw,1
author::UC3UVO7pTbeYvZ3ILEyRDskQ,author::UCDrmf9y9nLgFY5wnA2hTuGA,1
author::UC3UVO7pTbeYvZ3ILEyRDskQ,author::UCQqlPPUGqAfWjd-FSh_qn7Q,1
author::UC3UVO7pTbeYvZ3ILEyRDskQ,author::UCkVtmkK07b2zaVVNssX4lOg,1
author::UC3UVO7pTbeYvZ3ILEyRDskQ,author::UCqCrvuoJpC-aVb0f4logQRQ,1
author::UC3UVO7pTbeYvZ3ILEyRDskQ,author::UCsGoJEvb-cFPZ2rWoJcXzEQ,1
author::UC3UVO7pTbeYvZ3ILEyRDskQ,author::UC4Avya4kmR4Q0FrfFdBozSQ,1
author::UC3UVO7pTbeYvZ3ILEyRDskQ,author::UCuXmOjxC-htcprLgeVXz6Tg,1
author::UC3UVO7pTbeYvZ3ILEyRDskQ,author::UCWoAVGVqCn4xtINCMOTM4jg,1
author::UC3UVO7pTbeYvZ3ILEyRDskQ,author::UClqA491Xa5fQcXcJJa-vTWw,1
author::UC3UVO7pTbeYvZ3ILEyRDskQ,author::UCQyOePccUP-fIJYzchAgZYw,1
author::UC3UVO7pTbeYvZ3ILEyRDskQ,author::UC95PSMouTx2N5CbSq0hIyrQ,1
author::UC3UVO7pTbeYvZ3ILEyRDskQ,author::UCV0lM03g5fg5pbPj97-sAtA,1
author::UC3UVO7pTbeYvZ3ILEyRDskQ,author::UC_LYoGs5C3mbZKZuKuqYCvw,1
author::UC3UVO7pTbeYvZ3ILEyRDskQ,author::UCgJNFj5dnxXpcMvmuhZDPxA,1
author::UC3UVO7pTbeYvZ3ILEyRDskQ,author::UCpsKOkt5iWTbenzeuq7dsmQ,1
author::UC3UVO7pTbeYvZ3ILEyRDskQ,author::UCkbsS_3D-pvg1iHOld9uvIg,1
author::UC3UVO7pTbeYvZ3ILEyRDskQ,author::UCCBYcToQ2dwkd6TJh0FSyDg,1
author::UC3UVO7pTbeYvZ3ILEyRDskQ,author::UCGGHbtfbbe0o68etrOf0qxw,1
author::UC3UVO7pTbeYvZ3ILEyRDskQ,author::UCOcUI5XkTYNMSFhZNMIPpGg,1
author::UC3UVO7pTbeYvZ3ILEyRDskQ,author::UCW-JC6lebVmf2P1dmY_L94g,1
author::UC3UVO7pTbeYvZ3ILEyRDskQ,author::UCwjUvRseNtJoItylIyIez7Q,1
author::UC3UVO7pTbeYvZ3ILEyRDskQ,author::UClhMWQ7XKWywYvbRnuf8QsA,1
author::UC3UVO7pTbeYvZ3ILEyRDskQ,author::UC5hvEnRUzI4Kfvwnyi4QxqQ,1
author::UC3UVO7pTbeYvZ3ILEyRDskQ,author::UCe8JZoYkX5oKUZyivHYdXhw,1
author::UC3UVO7pTbeYvZ3ILEyRDskQ,author::UCaKAjTW9MVub_clgr4DRYjQ,1
author::UC3UVO7pTbeYvZ3ILEyRDskQ,author::UCpe5jW3MIqkgTJ-PgkzvM6Q,1
author::UC3UVO7pTbeYvZ3ILEyRDskQ,author::UCylqlpsh8ENNM1LqgQ1KbxA,1
author::UC3UVO7pTbeYvZ3ILEyRDskQ,author::UCZeIIQrGAedW8tCbKWmGY-A,1
author::UC3UVO7pTbeYvZ3ILEyRDskQ,author::UCW80DaMjQlEUibC98Cot-Dg,1
author::UC3UVO7pTbeYvZ3ILEyRDskQ,author::UCUoYsrx1oZnCZ0usbBJn4fA,1
author::UC3UVO7pTbeYvZ3ILEyRDskQ,author::UCNpt5CQlTzNjlAKY6CJtClQ,1
author::UC3XTwHxygNCgjndsg-UiCQA,author::UCXgr7vXlRrsaskPdo097kGA,1
author::UC3XTwHxygNCgjndsg-UiCQA,author::UCwO2SXr0ggzwg6QWWrr01nQ,1
author::UC3XTwHxygNCgjndsg-UiCQA,author::UCipetjeiWj4CZB6EbyYziZg,1
author::UC3XTwHxygNCgjndsg-UiCQA,author::UCAlzM_N6xBlMYmM8EBzX86Q,1
author::UC3XTwHxygNCgjndsg-UiCQA,author::UCV0iizTBoOfdAFX_thfI9BA,1
author::UC3XTwHxygNCgjndsg-UiCQA,author::UCWIZUtKJ636y-4TYrNvok0g,1
author::UC3XTwHxygNCgjndsg-UiCQA,author::UCLggDc_a5HriXv7I1h02sOA,1
author::UC3XTwHxygNCgjndsg-UiCQA,author::UCueV9cTyTDwgQSec1x2dYgA,1
author::UC3XTwHxygNCgjndsg-UiCQA,author::UCUIIIPTVDVHAXqhC_5V6lPA,1
author::UC3XTwHxygNCgjndsg-UiCQA,author::UChep9kVb5gQmpodEEl10Xlg,1
author::UC3XTwHxygNCgjndsg-UiCQA,author::UC6PvO1_k5lHKGdAPo5_C6TA,1
author::UC3XTwHxygNCgjndsg-UiCQA,author::UCsJJAvrVGupdmhOqgtDp8dg,1
author::UC3XTwHxygNCgjndsg-UiCQA,author::UCAmtbUiIrUIhikru0ZoTFig,1
author::UC3XTwHxygNCgjndsg-UiCQA,author::UCQ_-LPP8JAbfkc-b1Q6NvWw,1
author::UC3XTwHxygNCgjndsg-UiCQA,author::UCOS8ViEkccrTZx2w2ccxotA,1
author::UC3XTwHxygNCgjndsg-UiCQA,author::UC650pRT-OYzny3GwOH8Cgfw,1
author::UC3XTwHxygNCgjndsg-UiCQA,author::UCL1MT278vSaQ83ZDkVWn1gw,1
author::UC3XTwHxygNCgjndsg-UiCQA,author::UCjmPuazZJzscrwvk0QR9RVw,1
author::UC3XTwHxygNCgjndsg-UiCQA,author::UCB5p8a5gklc80jJItP6xTHg,1
author::UC3XTwHxygNCgjndsg-UiCQA,author::UCzoL2l5H5eVlorWGH8AZfAg,1
author::UC3XTwHxygNCgjndsg-UiCQA,author::UCplrIQtaPj6au60_f2-mOYw,1
author::UC3XTwHxygNCgjndsg-UiCQA,author::UCFxE8GbokBrBsPEKM1xrOjQ,1
author::UC3XTwHxygNCgjndsg-UiCQA,author::UC8r11yOugM2NuRfitQOxLLg,1
author::UC3XTwHxygNCgjndsg-UiCQA,author::UCRETAiYdh2dL5ZxB0_N1zDA,1
author::UC3XTwHxygNCgjndsg-UiCQA,author::UCj-LL25XJnjxepPKCc3NGog,1
author::UC3XTwHxygNCgjndsg-UiCQA,author::UCTylKrsqkrBKIqubMu_5N0Q,1
author::UC3XTwHxygNCgjndsg-UiCQA,author::UCZLG9qH0tUjNhEGFIUt0CYw,1
author::UC3XTwHxygNCgjndsg-UiCQA,author::UC8F2V63KZ4ZEay6opX2hAQw,1
author::UC3XTwHxygNCgjndsg-UiCQA,author::UCXXh7yg5KUFIWylTiKVEFKQ,1
author::UC3XTwHxygNCgjndsg-UiCQA,author::UCr1emrogPKkKTs_WTtx71xg,1
author::UC3XTwHxygNCgjndsg-UiCQA,author::UChs3tU2BcKOT0CezykvAsGw,1
author::UC3XTwHxygNCgjndsg-UiCQA,author::UCErZPJpHmLCsXs8ZWkAUupQ,1
author::UC3XTwHxygNCgjndsg-UiCQA,author::UC9xr9QvIcDvoZNUX5f-jaZw,1
author::UC3XTwHxygNCgjndsg-UiCQA,author::UCEgEQmRbtL5fwr9_DqAC--g,1
author::UC3XTwHxygNCgjndsg-UiCQA,author::UCmvOgzmmXbjUthHy-WJ52hQ,1
author::UC3XTwHxygNCgjndsg-UiCQA,author::UCsjs5Hp_r86x1xbK6FAeqaA,1
author::UC3XTwHxygNCgjndsg-UiCQA,author::UCOh6DaZC_x9HASnlRylEMfw,1
author::UC3XTwHxygNCgjndsg-UiCQA,author::UCThW2XNsAaBKme5PUt7n-Zg,1
author::UC3XTwHxygNCgjndsg-UiCQA,author::UCsUCN0Yq_UyTvKjOJLmNrnQ,1
author::UC3XTwHxygNCgjndsg-UiCQA,author::UCjSKM9j0Q7HLDr1hD6D-TUw,1
author::UC3XTwHxygNCgjndsg-UiCQA,author::UCL13XhnRzbGokEkCkEOb0-g,1
author::UC3XTwHxygNCgjndsg-UiCQA,author::UC6YSZqL0vEcI-niPKIMUGfw,1
author::UC3XTwHxygNCgjndsg-UiCQA,author::UCiMythXHsw7eQEMykCdmMUA,1
author::UC3XTwHxygNCgjndsg-UiCQA,author::UCDPWkUX3sNNaCx-m1dV4glA,1
author::UC3XTwHxygNCgjndsg-UiCQA,author::UCQtICyzWmhC5woCtbNgaSmg,1
author::UC3XTwHxygNCgjndsg-UiCQA,author::UCQtSFINs1h6GHkpg9o5kMvg,1
author::UC3XTwHxygNCgjndsg-UiCQA,author::UCSou6a2OuYGSvPjm5psquyA,1
author::UC3XTwHxygNCgjndsg-UiCQA,author::UCYwpX26TrCxq8TvbKGRYLXA,1
author::UC3XTwHxygNCgjndsg-UiCQA,author::UCDQaQv0hr2SS_PO-CMEwVHg,1
author::UC3XTwHxygNCgjndsg-UiCQA,author::UCxff05WuyvwELNITi7bj7UA,1
author::UC3XTwHxygNCgjndsg-UiCQA,author::UCTP3O0rMnc8z8v8jaDQwL0w,1
author::UC3XTwHxygNCgjndsg-UiCQA,author::UCTwSut16JyAg3mX6LVUNGqA,1
author::UC3XTwHxygNCgjndsg-UiCQA,author::UCrJn_rbo_ENAdeqneS-RmRw,1
author::UC3XTwHxygNCgjndsg-UiCQA,author::UCFjudnPLoaSL1BaRuLahyHg,1
author::UC3XTwHxygNCgjndsg-UiCQA,author::UC4cXueR2bKGFJV0Fk76gwmA,1
author::UC3XTwHxygNCgjndsg-UiCQA,author::UCFUuDARXdmmIrLppEqf-rFg,1
author::UC3XTwHxygNCgjndsg-UiCQA,author::UCl0ekS9Tt0jJGtOEM18S63w,1
author::UC3XTwHxygNCgjndsg-UiCQA,author::UCut6b9S98nv84cVX89PmKzA,1
author::UC3XTwHxygNCgjndsg-UiCQA,author::UCi1b_TRQfgO1Z9O2gNGGWNA,1
author::UC3XTwHxygNCgjndsg-UiCQA,author::UC8G5cJONY8L9voMyBW8Eoug,1
author::UC3XTwHxygNCgjndsg-UiCQA,author::UCYN4wSQ1Sx4_LurxLlW7MPg,1
author::UC3XTwHxygNCgjndsg-UiCQA,author::UCTD6q1nyIe3Y7HhqjaMj72w,1
author::UC3XTwHxygNCgjndsg-UiCQA,author::UCpIdtvoFHVLGASGB5ySqIEA,1
author::UC3XTwHxygNCgjndsg-UiCQA,author::UCGzXwyCzMzGmjmCbH3Hg01Q,1
author::UC3XTwHxygNCgjndsg-UiCQA,author::UCtNfIBnc5S5DbbQj_yxgJTw,1
author::UC3XTwHxygNCgjndsg-UiCQA,author::UC7VUuJr9cGh845CmTvf7TlQ,1
author::UC3XTwHxygNCgjndsg-UiCQA,author::UC5bG9nc_JV3FsNP2KseQiYw,1
author::UC3XTwHxygNCgjndsg-UiCQA,author::UCHTGCgY2l-DQJIvlA_cpa_Q,1
author::UC3XTwHxygNCgjndsg-UiCQA,author::UC3qn1yJA5PeW9rkGPatQxiw,1
author::UC3XTwHxygNCgjndsg-UiCQA,author::UCA93ym2TXs_Ibyxb4Vcn-6Q,1
author::UC3XTwHxygNCgjndsg-UiCQA,author::UCQqetiwzzmRNTM5OWuXarGQ,1
author::UC3XTwHxygNCgjndsg-UiCQA,author::UCRelkU8JiZBytTzebJxaa-w,1
author::UC3XTwHxygNCgjndsg-UiCQA,author::UCDlr1VadSucIZgZ171pRBjQ,1
author::UC3XTwHxygNCgjndsg-UiCQA,author::UCgvw7xIdGFupzpt1Y_BFkEA,1
author::UC3XTwHxygNCgjndsg-UiCQA,author::UCpsKOkt5iWTbenzeuq7dsmQ,1
author::UC3XTwHxygNCgjndsg-UiCQA,author::UCwW2OFy95P7ZBkOPxWkpvYg,1
author::UC3XTwHxygNCgjndsg-UiCQA,author::UCDftMWXQoJ6nONfY7GVOVjg,1
author::UC3XTwHxygNCgjndsg-UiCQA,author::UCLFdHr9BEbXHkoJopbEPLZw,1
author::UC3XTwHxygNCgjndsg-UiCQA,author::UC4wq3DcbfaG6dtCqn8Oyu3w,1
author::UC3XTwHxygNCgjndsg-UiCQA,author::UCNBnKqWf4d-rS4HwJRQljmQ,1
author::UC3XTwHxygNCgjndsg-UiCQA,author::UCiGRBf2RNF0WRKhRVT7zFoA,1
author::UC3XTwHxygNCgjndsg-UiCQA,author::UCcfdg8crmMJwEuLUsAhV7yg,1
author::UC3XTwHxygNCgjndsg-UiCQA,author::UCkd9W714-947dEE6ZOEBATA,1
author::UC3XTwHxygNCgjndsg-UiCQA,author::UCZ51R_9Q9C0c8I3pAWhtmjQ,1
author::UC3XTwHxygNCgjndsg-UiCQA,author::UCzSfZlOVxBSs5ObD25ywxDQ,1
author::UC3XTwHxygNCgjndsg-UiCQA,author::UCCaYwkkbQGcvFoUmothVdQQ,1
author::UC3XTwHxygNCgjndsg-UiCQA,author::UC72gBAtyb_VXQlYDcFrh6oQ,1
author::UC3XTwHxygNCgjndsg-UiCQA,author::UCDUffaruH6dyUnUGwsTKpgg,1
author::UC3XTwHxygNCgjndsg-UiCQA,author::UCwha8rxULYMVtNwZWeSkE1A,1
author::UC3XTwHxygNCgjndsg-UiCQA,author::UCDIMztpVm7G27qBuiWuT6oQ,1
author::UC3XTwHxygNCgjndsg-UiCQA,author::UChgkn5Jt5tWKYMoEOuCjz3Q,1
author::UC3XTwHxygNCgjndsg-UiCQA,author::UCvApqeCbLod-wejtT4CcVuA,1
author::UC3XTwHxygNCgjndsg-UiCQA,author::UCfM3nrxtTQMY5jFx1v1J4Gg,1
author::UC3XTwHxygNCgjndsg-UiCQA,author::UCRlCV9zSn7avAWh-9_XFWqQ,1
author::UC3XTwHxygNCgjndsg-UiCQA,author::UCFhxtoeARHPnXXPcDrOU3Xg,1
author::UC3XTwHxygNCgjndsg-UiCQA,author::UCNkcuy42zEwddwEcOd_HpnA,1
author::UC3XTwHxygNCgjndsg-UiCQA,author::UCz3gu01bmjNv0DpRq-K3XYg,1
author::UC3XTwHxygNCgjndsg-UiCQA,author::UCFoIAE8k82D6AV-8gjjKaNg,1
author::UC3XTwHxygNCgjndsg-UiCQA,author::UCySYJU5kUh7X8gVt9la2ISA,1
author::UC3XTwHxygNCgjndsg-UiCQA,author::UCQgYjVngJRfPHDLGB5X6ZjA,1
author::UC3XTwHxygNCgjndsg-UiCQA,author::UCHhHUjaMAZ8SiXdCUCj9DkQ,1
author::UC3XTwHxygNCgjndsg-UiCQA,author::UCXSkL3ejZ8qWYyF_M7s_QKA,1
author::UC3XTwHxygNCgjndsg-UiCQA,author::UChZknRmJkeGeQk0-mQuhDOg,1
author::UC3XTwHxygNCgjndsg-UiCQA,author::UCXr8_5WtGeipe4haOoQDgyQ,1
author::UC3XTwHxygNCgjndsg-UiCQA,author::UCljDbleJul41G1TzOjOZAVA,1
author::UC3XTwHxygNCgjndsg-UiCQA,author::UCujPF2nBgsTD62nWE3lcpIg,1
author::UC3XTwHxygNCgjndsg-UiCQA,author::UCmjppp6ujz3SAnULvP3sZMw,1
author::UC3XTwHxygNCgjndsg-UiCQA,author::UCylqlpsh8ENNM1LqgQ1KbxA,1
author::UC3XTwHxygNCgjndsg-UiCQA,author::UCp4iw5_5SmV9VGTFSNVGOmQ,1
author::UC3XTwHxygNCgjndsg-UiCQA,author::UCN6qbfPSzFtjhqUDZ3Cv3CQ,1
author::UC3XTwHxygNCgjndsg-UiCQA,author::UCpl8rF8uv_8uui-QRvuJaRA,1
author::UC3XTwHxygNCgjndsg-UiCQA,author::UC9vMq1YF-e7C-VO0SHkbUTA,1
author::UC3XTwHxygNCgjndsg-UiCQA,author::UCh5ESQvtzyHDhCA7XyekCFA,1
author::UC3XTwHxygNCgjndsg-UiCQA,author::UCsSXdJct-nsS8DsABoEsaYA,1
author::UC3XTwHxygNCgjndsg-UiCQA,author::UC5H8ASmMC9WrURmzeB4ySog,1
author::UC3XTwHxygNCgjndsg-UiCQA,author::UCKDR0f2fu2UzWL8mBv5-BHw,1
author::UC3XTwHxygNCgjndsg-UiCQA,author::UCOLGv5Pf6BF2wFcwUzgcvHg,1
author::UC3XTwHxygNCgjndsg-UiCQA,author::UCtUR3_CAiE7fCoZHM6cMfyQ,1
author::UC3YpzAr7pcdKC7BVFEpYzog,author::UCeQk-WfEA-cJRq4EKeE7TOw,1
author::UC3YpzAr7pcdKC7BVFEpYzog,author::UCoGdCoJg2Lh0OX_jv6cG16g,1
author::UC3YpzAr7pcdKC7BVFEpYzog,author::UCheEJ5GZuIvV0fj-nXyVwXw,1
author::UC3YpzAr7pcdKC7BVFEpYzog,author::UCtsxPYw8VUsH_FfnKg-0lmw,1
author::UC3YpzAr7pcdKC7BVFEpYzog,author::UCWaRixDdpgllTBf4V0jPnKQ,1
author::UC3YpzAr7pcdKC7BVFEpYzog,author::UCgGqw4aqMdMVSGkKiMgrJRQ,1
author::UC3YpzAr7pcdKC7BVFEpYzog,author::UCql1n3Ey6ULMSOACjMe-fxQ,1
author::UC3YpzAr7pcdKC7BVFEpYzog,author::UC63tFvbQ_hJhGDi2nbjssjw,1
author::UC3YpzAr7pcdKC7BVFEpYzog,author::UCZFQwqh90apuL8eFhvRBkUg,1
author::UC3YpzAr7pcdKC7BVFEpYzog,author::UCRfkkatKrNtAARnXMMYBGlA,1
author::UC3YpzAr7pcdKC7BVFEpYzog,author::UCjZgFEowMBrsjodqfovzdKw,1
author::UC3YpzAr7pcdKC7BVFEpYzog,author::UCwxoKK59nGCeBqB2sXfDBIw,1
author::UC3YpzAr7pcdKC7BVFEpYzog,author::UCa36MjQLoPAmgJo-R3G8WQA,1
author::UC3YpzAr7pcdKC7BVFEpYzog,author::UCp29O_C7cchZV8IxV7Crdag,1
author::UC3YpzAr7pcdKC7BVFEpYzog,author::UCV3fr-YOixFKCZBbJP1-X4w,1
author::UC3YpzAr7pcdKC7BVFEpYzog,author::UCFybmWapGvBKcQod7cPPH9w,1
author::UC3YpzAr7pcdKC7BVFEpYzog,author::UCEHXl4VvvVpq-_4xC5tsbhg,1
author::UC3YpzAr7pcdKC7BVFEpYzog,author::UChyps3dqY-VY1_wLeq-2lhw,1
author::UC3YpzAr7pcdKC7BVFEpYzog,author::UCiOZX__1gahg1ypIj0_XG_w,1
author::UC3YpzAr7pcdKC7BVFEpYzog,author::UCvDwJBBY1mHK70aTEYl6rsA,1
author::UC3YpzAr7pcdKC7BVFEpYzog,author::UCfo_yUPzy1f1POwwZxhZ06Q,1
author::UC3YpzAr7pcdKC7BVFEpYzog,author::UCtCtts20bW6F9CSohau51Iw,1
author::UC3YpzAr7pcdKC7BVFEpYzog,author::UCWvntqPQx99k_Z_skWKqNSA,1
author::UC3YpzAr7pcdKC7BVFEpYzog,author::UCzZ6dDCEsLMXbc5pCFXIprw,1
author::UC3YpzAr7pcdKC7BVFEpYzog,author::UCyJhqmMbsvjpoarBBStA2kg,1
author::UC3YpzAr7pcdKC7BVFEpYzog,author::UCaT4saRcyqCLE657Rq2hhZQ,1
author::UC3iIU62XKUOWuqL8BqBzj9A,author::UCsUCN0Yq_UyTvKjOJLmNrnQ,1
author::UC3iIU62XKUOWuqL8BqBzj9A,author::UCHu8x4MVkayU6VgwVKd--MQ,1
author::UC3iIU62XKUOWuqL8BqBzj9A,author::UCGm3gRBEHGRJYmtCryZLtDw,1
author::UC3iIU62XKUOWuqL8BqBzj9A,author::UC9Wp6vL5oCU37qC3Aj94WZA,1
author::UC3iIU62XKUOWuqL8BqBzj9A,author::UC5PrBbmUlQolwqmiru7yZhw,1
author::UC3qn1yJA5PeW9rkGPatQxiw,author::UCXgr7vXlRrsaskPdo097kGA,1
author::UC3qn1yJA5PeW9rkGPatQxiw,author::UCwO2SXr0ggzwg6QWWrr01nQ,1
author::UC3qn1yJA5PeW9rkGPatQxiw,author::UCipetjeiWj4CZB6EbyYziZg,1
author::UC3qn1yJA5PeW9rkGPatQxiw,author::UCAlzM_N6xBlMYmM8EBzX86Q,1
author::UC3qn1yJA5PeW9rkGPatQxiw,author::UCV0iizTBoOfdAFX_thfI9BA,1
author::UC3qn1yJA5PeW9rkGPatQxiw,author::UCWIZUtKJ636y-4TYrNvok0g,1
author::UC3qn1yJA5PeW9rkGPatQxiw,author::UCLggDc_a5HriXv7I1h02sOA,1
author::UC3qn1yJA5PeW9rkGPatQxiw,author::UCueV9cTyTDwgQSec1x2dYgA,1
author::UC3qn1yJA5PeW9rkGPatQxiw,author::UCUIIIPTVDVHAXqhC_5V6lPA,1
author::UC3qn1yJA5PeW9rkGPatQxiw,author::UChep9kVb5gQmpodEEl10Xlg,1
author::UC3qn1yJA5PeW9rkGPatQxiw,author::UC6PvO1_k5lHKGdAPo5_C6TA,1
author::UC3qn1yJA5PeW9rkGPatQxiw,author::UCsJJAvrVGupdmhOqgtDp8dg,1
author::UC3qn1yJA5PeW9rkGPatQxiw,author::UCAmtbUiIrUIhikru0ZoTFig,1
author::UC3qn1yJA5PeW9rkGPatQxiw,author::UCQ_-LPP8JAbfkc-b1Q6NvWw,1
author::UC3qn1yJA5PeW9rkGPatQxiw,author::UCOS8ViEkccrTZx2w2ccxotA,1
author::UC3qn1yJA5PeW9rkGPatQxiw,author::UC650pRT-OYzny3GwOH8Cgfw,1
author::UC3qn1yJA5PeW9rkGPatQxiw,author::UCL1MT278vSaQ83ZDkVWn1gw,1
author::UC3qn1yJA5PeW9rkGPatQxiw,author::UCjmPuazZJzscrwvk0QR9RVw,1
author::UC3qn1yJA5PeW9rkGPatQxiw,author::UCB5p8a5gklc80jJItP6xTHg,1
author::UC3qn1yJA5PeW9rkGPatQxiw,author::UCzoL2l5H5eVlorWGH8AZfAg,1
author::UC3qn1yJA5PeW9rkGPatQxiw,author::UCplrIQtaPj6au60_f2-mOYw,1
author::UC3qn1yJA5PeW9rkGPatQxiw,author::UCFxE8GbokBrBsPEKM1xrOjQ,1
author::UC3qn1yJA5PeW9rkGPatQxiw,author::UC8r11yOugM2NuRfitQOxLLg,1
author::UC3qn1yJA5PeW9rkGPatQxiw,author::UCRETAiYdh2dL5ZxB0_N1zDA,1
author::UC3qn1yJA5PeW9rkGPatQxiw,author::UCj-LL25XJnjxepPKCc3NGog,1
author::UC3qn1yJA5PeW9rkGPatQxiw,author::UCTylKrsqkrBKIqubMu_5N0Q,1
author::UC3qn1yJA5PeW9rkGPatQxiw,author::UCZLG9qH0tUjNhEGFIUt0CYw,1
author::UC3qn1yJA5PeW9rkGPatQxiw,author::UC8F2V63KZ4ZEay6opX2hAQw,1
author::UC3qn1yJA5PeW9rkGPatQxiw,author::UCXXh7yg5KUFIWylTiKVEFKQ,1
author::UC3qn1yJA5PeW9rkGPatQxiw,author::UCr1emrogPKkKTs_WTtx71xg,1
author::UC3qn1yJA5PeW9rkGPatQxiw,author::UChs3tU2BcKOT0CezykvAsGw,1
author::UC3qn1yJA5PeW9rkGPatQxiw,author::UCErZPJpHmLCsXs8ZWkAUupQ,1
author::UC3qn1yJA5PeW9rkGPatQxiw,author::UC9xr9QvIcDvoZNUX5f-jaZw,1
author::UC3qn1yJA5PeW9rkGPatQxiw,author::UCEgEQmRbtL5fwr9_DqAC--g,1
author::UC3qn1yJA5PeW9rkGPatQxiw,author::UCmvOgzmmXbjUthHy-WJ52hQ,1
author::UC3qn1yJA5PeW9rkGPatQxiw,author::UCsjs5Hp_r86x1xbK6FAeqaA,1
author::UC3qn1yJA5PeW9rkGPatQxiw,author::UCOh6DaZC_x9HASnlRylEMfw,1
author::UC3qn1yJA5PeW9rkGPatQxiw,author::UCThW2XNsAaBKme5PUt7n-Zg,1
author::UC3qn1yJA5PeW9rkGPatQxiw,author::UCsUCN0Yq_UyTvKjOJLmNrnQ,1
author::UC3qn1yJA5PeW9rkGPatQxiw,author::UCjSKM9j0Q7HLDr1hD6D-TUw,1
author::UC3qn1yJA5PeW9rkGPatQxiw,author::UCL13XhnRzbGokEkCkEOb0-g,1
author::UC3qn1yJA5PeW9rkGPatQxiw,author::UC6YSZqL0vEcI-niPKIMUGfw,1
author::UC3qn1yJA5PeW9rkGPatQxiw,author::UCiMythXHsw7eQEMykCdmMUA,1
author::UC3qn1yJA5PeW9rkGPatQxiw,author::UCDPWkUX3sNNaCx-m1dV4glA,1
author::UC3qn1yJA5PeW9rkGPatQxiw,author::UCQtICyzWmhC5woCtbNgaSmg,1
author::UC3qn1yJA5PeW9rkGPatQxiw,author::UCQtSFINs1h6GHkpg9o5kMvg,1
author::UC3qn1yJA5PeW9rkGPatQxiw,author::UCSou6a2OuYGSvPjm5psquyA,1
author::UC3qn1yJA5PeW9rkGPatQxiw,author::UCYwpX26TrCxq8TvbKGRYLXA,1
author::UC3qn1yJA5PeW9rkGPatQxiw,author::UCDQaQv0hr2SS_PO-CMEwVHg,1
author::UC3qn1yJA5PeW9rkGPatQxiw,author::UCxff05WuyvwELNITi7bj7UA,1
author::UC3qn1yJA5PeW9rkGPatQxiw,author::UCTP3O0rMnc8z8v8jaDQwL0w,1
author::UC3qn1yJA5PeW9rkGPatQxiw,author::UCTwSut16JyAg3mX6LVUNGqA,1
author::UC3qn1yJA5PeW9rkGPatQxiw,author::UCrJn_rbo_ENAdeqneS-RmRw,1
author::UC3qn1yJA5PeW9rkGPatQxiw,author::UCFjudnPLoaSL1BaRuLahyHg,1
author::UC3qn1yJA5PeW9rkGPatQxiw,author::UC4cXueR2bKGFJV0Fk76gwmA,1
author::UC3qn1yJA5PeW9rkGPatQxiw,author::UCFUuDARXdmmIrLppEqf-rFg,1
author::UC3qn1yJA5PeW9rkGPatQxiw,author::UCl0ekS9Tt0jJGtOEM18S63w,1
author::UC3qn1yJA5PeW9rkGPatQxiw,author::UCut6b9S98nv84cVX89PmKzA,1
author::UC3qn1yJA5PeW9rkGPatQxiw,author::UCi1b_TRQfgO1Z9O2gNGGWNA,1
author::UC3qn1yJA5PeW9rkGPatQxiw,author::UC8G5cJONY8L9voMyBW8Eoug,1
author::UC3qn1yJA5PeW9rkGPatQxiw,author::UCYN4wSQ1Sx4_LurxLlW7MPg,1
author::UC3qn1yJA5PeW9rkGPatQxiw,author::UCTD6q1nyIe3Y7HhqjaMj72w,1
author::UC3qn1yJA5PeW9rkGPatQxiw,author::UCpIdtvoFHVLGASGB5ySqIEA,1
author::UC3qn1yJA5PeW9rkGPatQxiw,author::UCGzXwyCzMzGmjmCbH3Hg01Q,1
author::UC3qn1yJA5PeW9rkGPatQxiw,author::UCtNfIBnc5S5DbbQj_yxgJTw,1
author::UC3qn1yJA5PeW9rkGPatQxiw,author::UC7VUuJr9cGh845CmTvf7TlQ,1
author::UC3qn1yJA5PeW9rkGPatQxiw,author::UC5bG9nc_JV3FsNP2KseQiYw,1
author::UC3qn1yJA5PeW9rkGPatQxiw,author::UCHTGCgY2l-DQJIvlA_cpa_Q,1
author::UC3qn1yJA5PeW9rkGPatQxiw,author::UCA93ym2TXs_Ibyxb4Vcn-6Q,1
author::UC3qn1yJA5PeW9rkGPatQxiw,author::UCQqetiwzzmRNTM5OWuXarGQ,1
author::UC3qn1yJA5PeW9rkGPatQxiw,author::UCRelkU8JiZBytTzebJxaa-w,1
author::UC3qn1yJA5PeW9rkGPatQxiw,author::UCDlr1VadSucIZgZ171pRBjQ,1
author::UC3qn1yJA5PeW9rkGPatQxiw,author::UCgvw7xIdGFupzpt1Y_BFkEA,1
author::UC3qn1yJA5PeW9rkGPatQxiw,author::UCpsKOkt5iWTbenzeuq7dsmQ,1
author::UC3qn1yJA5PeW9rkGPatQxiw,author::UCwW2OFy95P7ZBkOPxWkpvYg,1
author::UC3qn1yJA5PeW9rkGPatQxiw,author::UCDftMWXQoJ6nONfY7GVOVjg,1
author::UC3qn1yJA5PeW9rkGPatQxiw,author::UCLFdHr9BEbXHkoJopbEPLZw,1
author::UC3qn1yJA5PeW9rkGPatQxiw,author::UC4wq3DcbfaG6dtCqn8Oyu3w,1
author::UC3qn1yJA5PeW9rkGPatQxiw,author::UCNBnKqWf4d-rS4HwJRQljmQ,1
author::UC3qn1yJA5PeW9rkGPatQxiw,author::UCiGRBf2RNF0WRKhRVT7zFoA,1
author::UC3qn1yJA5PeW9rkGPatQxiw,author::UCcfdg8crmMJwEuLUsAhV7yg,1
author::UC3qn1yJA5PeW9rkGPatQxiw,author::UCkd9W714-947dEE6ZOEBATA,1
author::UC3qn1yJA5PeW9rkGPatQxiw,author::UCZ51R_9Q9C0c8I3pAWhtmjQ,1
author::UC3qn1yJA5PeW9rkGPatQxiw,author::UCzSfZlOVxBSs5ObD25ywxDQ,1
author::UC3qn1yJA5PeW9rkGPatQxiw,author::UCCaYwkkbQGcvFoUmothVdQQ,1
author::UC3qn1yJA5PeW9rkGPatQxiw,author::UC72gBAtyb_VXQlYDcFrh6oQ,1
author::UC3qn1yJA5PeW9rkGPatQxiw,author::UCDUffaruH6dyUnUGwsTKpgg,1
author::UC3qn1yJA5PeW9rkGPatQxiw,author::UCwha8rxULYMVtNwZWeSkE1A,1
author::UC3qn1yJA5PeW9rkGPatQxiw,author::UCDIMztpVm7G27qBuiWuT6oQ,1
author::UC3qn1yJA5PeW9rkGPatQxiw,author::UChgkn5Jt5tWKYMoEOuCjz3Q,1
author::UC3qn1yJA5PeW9rkGPatQxiw,author::UCvApqeCbLod-wejtT4CcVuA,1
author::UC3qn1yJA5PeW9rkGPatQxiw,author::UCfM3nrxtTQMY5jFx1v1J4Gg,1
author::UC3qn1yJA5PeW9rkGPatQxiw,author::UCRlCV9zSn7avAWh-9_XFWqQ,1
author::UC3qn1yJA5PeW9rkGPatQxiw,author::UCFhxtoeARHPnXXPcDrOU3Xg,1
author::UC3qn1yJA5PeW9rkGPatQxiw,author::UCNkcuy42zEwddwEcOd_HpnA,1
author::UC3qn1yJA5PeW9rkGPatQxiw,author::UCz3gu01bmjNv0DpRq-K3XYg,1
author::UC3qn1yJA5PeW9rkGPatQxiw,author::UCFoIAE8k82D6AV-8gjjKaNg,1
author::UC3qn1yJA5PeW9rkGPatQxiw,author::UCySYJU5kUh7X8gVt9la2ISA,1
author::UC3qn1yJA5PeW9rkGPatQxiw,author::UCQgYjVngJRfPHDLGB5X6ZjA,1
author::UC3qn1yJA5PeW9rkGPatQxiw,author::UCHhHUjaMAZ8SiXdCUCj9DkQ,1
author::UC3qn1yJA5PeW9rkGPatQxiw,author::UCXSkL3ejZ8qWYyF_M7s_QKA,1
author::UC3qn1yJA5PeW9rkGPatQxiw,author::UChZknRmJkeGeQk0-mQuhDOg,1
author::UC3qn1yJA5PeW9rkGPatQxiw,author::UCXr8_5WtGeipe4haOoQDgyQ,1
author::UC3qn1yJA5PeW9rkGPatQxiw,author::UCljDbleJul41G1TzOjOZAVA,1
author::UC3qn1yJA5PeW9rkGPatQxiw,author::UCujPF2nBgsTD62nWE3lcpIg,1
author::UC3qn1yJA5PeW9rkGPatQxiw,author::UCmjppp6ujz3SAnULvP3sZMw,1
author::UC3qn1yJA5PeW9rkGPatQxiw,author::UCylqlpsh8ENNM1LqgQ1KbxA,1
author::UC3qn1yJA5PeW9rkGPatQxiw,author::UCp4iw5_5SmV9VGTFSNVGOmQ,1
author::UC3qn1yJA5PeW9rkGPatQxiw,author::UCN6qbfPSzFtjhqUDZ3Cv3CQ,1
author::UC3qn1yJA5PeW9rkGPatQxiw,author::UCpl8rF8uv_8uui-QRvuJaRA,1
author::UC3qn1yJA5PeW9rkGPatQxiw,author::UC9vMq1YF-e7C-VO0SHkbUTA,1
author::UC3qn1yJA5PeW9rkGPatQxiw,author::UCh5ESQvtzyHDhCA7XyekCFA,1
author::UC3qn1yJA5PeW9rkGPatQxiw,author::UCsSXdJct-nsS8DsABoEsaYA,1
author::UC3qn1yJA5PeW9rkGPatQxiw,author::UC5H8ASmMC9WrURmzeB4ySog,1
author::UC3qn1yJA5PeW9rkGPatQxiw,author::UCKDR0f2fu2UzWL8mBv5-BHw,1
author::UC3qn1yJA5PeW9rkGPatQxiw,author::UCOLGv5Pf6BF2wFcwUzgcvHg,1
author::UC3qn1yJA5PeW9rkGPatQxiw,author::UCtUR3_CAiE7fCoZHM6cMfyQ,1
author::UC4Avya4kmR4Q0FrfFdBozSQ,author::UCRAquv8el-tQ30bN7MlmySQ,1
author::UC4Avya4kmR4Q0FrfFdBozSQ,author::UC816IGbFCZinfYS1LRDaaHg,1
author::UC4Avya4kmR4Q0FrfFdBozSQ,author::UCwgCc9Jd_gG-uLE_SY-FfPg,1
author::UC4Avya4kmR4Q0FrfFdBozSQ,author::UCRvPToDkkumha7WJAfCDk1A,1
author::UC4Avya4kmR4Q0FrfFdBozSQ,author::UC6Uj1FT5JjDSF8vudvDxPAA,1
author::UC4Avya4kmR4Q0FrfFdBozSQ,author::UColMq7LmaoY3MT6aIDGrGvA,1
author::UC4Avya4kmR4Q0FrfFdBozSQ,author::UCiC-Jn7wdgyQV4_Urk0DkWQ,1
author::UC4Avya4kmR4Q0FrfFdBozSQ,author::UCgQw_Sbq3ugruDUKsq1e0-A,1
author::UC4Avya4kmR4Q0FrfFdBozSQ,author::UCAKuKvcbfnBD3kF5njNu-IA,1
author::UC4Avya4kmR4Q0FrfFdBozSQ,author::UCdFlugHJJa4l3YqWuNRmvXw,1
author::UC4Avya4kmR4Q0FrfFdBozSQ,author::UCHbwIx9pmQuf7i-4_xO2EpA,1
author::UC4Avya4kmR4Q0FrfFdBozSQ,author::UCeDNEtI8_a42bZ47wJiJMwQ,1
author::UC4Avya4kmR4Q0FrfFdBozSQ,author::UC7dadZG7kkGYnsNu6td0FbA,1
author::UC4Avya4kmR4Q0FrfFdBozSQ,author::UCu8_3-Wg-YzNyvHYQDEscfw,1
author::UC4Avya4kmR4Q0FrfFdBozSQ,author::UCDrmf9y9nLgFY5wnA2hTuGA,1
author::UC4Avya4kmR4Q0FrfFdBozSQ,author::UCQqlPPUGqAfWjd-FSh_qn7Q,1
author::UC4Avya4kmR4Q0FrfFdBozSQ,author::UCkVtmkK07b2zaVVNssX4lOg,1
author::UC4Avya4kmR4Q0FrfFdBozSQ,author::UCqCrvuoJpC-aVb0f4logQRQ,1
author::UC4Avya4kmR4Q0FrfFdBozSQ,author::UCsGoJEvb-cFPZ2rWoJcXzEQ,1
author::UC4Avya4kmR4Q0FrfFdBozSQ,author::UCuXmOjxC-htcprLgeVXz6Tg,1
author::UC4Avya4kmR4Q0FrfFdBozSQ,author::UCWoAVGVqCn4xtINCMOTM4jg,1
author::UC4Avya4kmR4Q0FrfFdBozSQ,author::UClqA491Xa5fQcXcJJa-vTWw,1
author::UC4Avya4kmR4Q0FrfFdBozSQ,author::UCQyOePccUP-fIJYzchAgZYw,1
author::UC4Avya4kmR4Q0FrfFdBozSQ,author::UC95PSMouTx2N5CbSq0hIyrQ,1
author::UC4Avya4kmR4Q0FrfFdBozSQ,author::UCV0lM03g5fg5pbPj97-sAtA,1
author::UC4Avya4kmR4Q0FrfFdBozSQ,author::UC_LYoGs5C3mbZKZuKuqYCvw,1
author::UC4Avya4kmR4Q0FrfFdBozSQ,author::UCgJNFj5dnxXpcMvmuhZDPxA,1
author::UC4Avya4kmR4Q0FrfFdBozSQ,author::UCpsKOkt5iWTbenzeuq7dsmQ,1
author::UC4Avya4kmR4Q0FrfFdBozSQ,author::UCkbsS_3D-pvg1iHOld9uvIg,1
author::UC4Avya4kmR4Q0FrfFdBozSQ,author::UCCBYcToQ2dwkd6TJh0FSyDg,1
author::UC4Avya4kmR4Q0FrfFdBozSQ,author::UCGGHbtfbbe0o68etrOf0qxw,1
author::UC4Avya4kmR4Q0FrfFdBozSQ,author::UCOcUI5XkTYNMSFhZNMIPpGg,1
author::UC4Avya4kmR4Q0FrfFdBozSQ,author::UCW-JC6lebVmf2P1dmY_L94g,1
author::UC4Avya4kmR4Q0FrfFdBozSQ,author::UCwjUvRseNtJoItylIyIez7Q,1
author::UC4Avya4kmR4Q0FrfFdBozSQ,author::UClhMWQ7XKWywYvbRnuf8QsA,1
author::UC4Avya4kmR4Q0FrfFdBozSQ,author::UC5hvEnRUzI4Kfvwnyi4QxqQ,1
author::UC4Avya4kmR4Q0FrfFdBozSQ,author::UCe8JZoYkX5oKUZyivHYdXhw,1
author::UC4Avya4kmR4Q0FrfFdBozSQ,author::UCaKAjTW9MVub_clgr4DRYjQ,1
author::UC4Avya4kmR4Q0FrfFdBozSQ,author::UCpe5jW3MIqkgTJ-PgkzvM6Q,1
author::UC4Avya4kmR4Q0FrfFdBozSQ,author::UCylqlpsh8ENNM1LqgQ1KbxA,1
author::UC4Avya4kmR4Q0FrfFdBozSQ,author::UCZeIIQrGAedW8tCbKWmGY-A,1
author::UC4Avya4kmR4Q0FrfFdBozSQ,author::UCW80DaMjQlEUibC98Cot-Dg,1
author::UC4Avya4kmR4Q0FrfFdBozSQ,author::UCUoYsrx1oZnCZ0usbBJn4fA,1
author::UC4Avya4kmR4Q0FrfFdBozSQ,author::UCNpt5CQlTzNjlAKY6CJtClQ,1
author::UC4cXueR2bKGFJV0Fk76gwmA,author::UCXgr7vXlRrsaskPdo097kGA,1
author::UC4cXueR2bKGFJV0Fk76gwmA,author::UCwO2SXr0ggzwg6QWWrr01nQ,1
author::UC4cXueR2bKGFJV0Fk76gwmA,author::UCipetjeiWj4CZB6EbyYziZg,1
author::UC4cXueR2bKGFJV0Fk76gwmA,author::UCAlzM_N6xBlMYmM8EBzX86Q,1
author::UC4cXueR2bKGFJV0Fk76gwmA,author::UCV0iizTBoOfdAFX_thfI9BA,1
author::UC4cXueR2bKGFJV0Fk76gwmA,author::UCWIZUtKJ636y-4TYrNvok0g,1
author::UC4cXueR2bKGFJV0Fk76gwmA,author::UCLggDc_a5HriXv7I1h02sOA,1
author::UC4cXueR2bKGFJV0Fk76gwmA,author::UCueV9cTyTDwgQSec1x2dYgA,1
author::UC4cXueR2bKGFJV0Fk76gwmA,author::UCUIIIPTVDVHAXqhC_5V6lPA,1
author::UC4cXueR2bKGFJV0Fk76gwmA,author::UChep9kVb5gQmpodEEl10Xlg,1
author::UC4cXueR2bKGFJV0Fk76gwmA,author::UC6PvO1_k5lHKGdAPo5_C6TA,1
author::UC4cXueR2bKGFJV0Fk76gwmA,author::UCsJJAvrVGupdmhOqgtDp8dg,1
author::UC4cXueR2bKGFJV0Fk76gwmA,author::UCAmtbUiIrUIhikru0ZoTFig,1
author::UC4cXueR2bKGFJV0Fk76gwmA,author::UCQ_-LPP8JAbfkc-b1Q6NvWw,1
author::UC4cXueR2bKGFJV0Fk76gwmA,author::UCOS8ViEkccrTZx2w2ccxotA,1
author::UC4cXueR2bKGFJV0Fk76gwmA,author::UC650pRT-OYzny3GwOH8Cgfw,1
author::UC4cXueR2bKGFJV0Fk76gwmA,author::UCL1MT278vSaQ83ZDkVWn1gw,1
author::UC4cXueR2bKGFJV0Fk76gwmA,author::UCjmPuazZJzscrwvk0QR9RVw,1
author::UC4cXueR2bKGFJV0Fk76gwmA,author::UCB5p8a5gklc80jJItP6xTHg,1
author::UC4cXueR2bKGFJV0Fk76gwmA,author::UCzoL2l5H5eVlorWGH8AZfAg,1
author::UC4cXueR2bKGFJV0Fk76gwmA,author::UCplrIQtaPj6au60_f2-mOYw,1
author::UC4cXueR2bKGFJV0Fk76gwmA,author::UCFxE8GbokBrBsPEKM1xrOjQ,1
author::UC4cXueR2bKGFJV0Fk76gwmA,author::UC8r11yOugM2NuRfitQOxLLg,1
author::UC4cXueR2bKGFJV0Fk76gwmA,author::UCRETAiYdh2dL5ZxB0_N1zDA,1
author::UC4cXueR2bKGFJV0Fk76gwmA,author::UCj-LL25XJnjxepPKCc3NGog,1
author::UC4cXueR2bKGFJV0Fk76gwmA,author::UCTylKrsqkrBKIqubMu_5N0Q,1
author::UC4cXueR2bKGFJV0Fk76gwmA,author::UCZLG9qH0tUjNhEGFIUt0CYw,1
author::UC4cXueR2bKGFJV0Fk76gwmA,author::UC8F2V63KZ4ZEay6opX2hAQw,1
author::UC4cXueR2bKGFJV0Fk76gwmA,author::UCXXh7yg5KUFIWylTiKVEFKQ,1
author::UC4cXueR2bKGFJV0Fk76gwmA,author::UCr1emrogPKkKTs_WTtx71xg,1
author::UC4cXueR2bKGFJV0Fk76gwmA,author::UChs3tU2BcKOT0CezykvAsGw,1
author::UC4cXueR2bKGFJV0Fk76gwmA,author::UCErZPJpHmLCsXs8ZWkAUupQ,1
author::UC4cXueR2bKGFJV0Fk76gwmA,author::UC9xr9QvIcDvoZNUX5f-jaZw,1
author::UC4cXueR2bKGFJV0Fk76gwmA,author::UCEgEQmRbtL5fwr9_DqAC--g,1
author::UC4cXueR2bKGFJV0Fk76gwmA,author::UCmvOgzmmXbjUthHy-WJ52hQ,1
author::UC4cXueR2bKGFJV0Fk76gwmA,author::UCsjs5Hp_r86x1xbK6FAeqaA,1
author::UC4cXueR2bKGFJV0Fk76gwmA,author::UCOh6DaZC_x9HASnlRylEMfw,1
author::UC4cXueR2bKGFJV0Fk76gwmA,author::UCThW2XNsAaBKme5PUt7n-Zg,1
author::UC4cXueR2bKGFJV0Fk76gwmA,author::UCsUCN0Yq_UyTvKjOJLmNrnQ,1
author::UC4cXueR2bKGFJV0Fk76gwmA,author::UCjSKM9j0Q7HLDr1hD6D-TUw,1
author::UC4cXueR2bKGFJV0Fk76gwmA,author::UCL13XhnRzbGokEkCkEOb0-g,1
author::UC4cXueR2bKGFJV0Fk76gwmA,author::UC6YSZqL0vEcI-niPKIMUGfw,1
author::UC4cXueR2bKGFJV0Fk76gwmA,author::UCiMythXHsw7eQEMykCdmMUA,1
author::UC4cXueR2bKGFJV0Fk76gwmA,author::UCDPWkUX3sNNaCx-m1dV4glA,1
author::UC4cXueR2bKGFJV0Fk76gwmA,author::UCQtICyzWmhC5woCtbNgaSmg,1
author::UC4cXueR2bKGFJV0Fk76gwmA,author::UCQtSFINs1h6GHkpg9o5kMvg,1
author::UC4cXueR2bKGFJV0Fk76gwmA,author::UCSou6a2OuYGSvPjm5psquyA,1
author::UC4cXueR2bKGFJV0Fk76gwmA,author::UCYwpX26TrCxq8TvbKGRYLXA,1
author::UC4cXueR2bKGFJV0Fk76gwmA,author::UCDQaQv0hr2SS_PO-CMEwVHg,1
author::UC4cXueR2bKGFJV0Fk76gwmA,author::UCxff05WuyvwELNITi7bj7UA,1
author::UC4cXueR2bKGFJV0Fk76gwmA,author::UCTP3O0rMnc8z8v8jaDQwL0w,1
author::UC4cXueR2bKGFJV0Fk76gwmA,author::UCTwSut16JyAg3mX6LVUNGqA,1
author::UC4cXueR2bKGFJV0Fk76gwmA,author::UCrJn_rbo_ENAdeqneS-RmRw,1
author::UC4cXueR2bKGFJV0Fk76gwmA,author::UCFjudnPLoaSL1BaRuLahyHg,1
author::UC4cXueR2bKGFJV0Fk76gwmA,author::UCFUuDARXdmmIrLppEqf-rFg,1
author::UC4cXueR2bKGFJV0Fk76gwmA,author::UCl0ekS9Tt0jJGtOEM18S63w,1
author::UC4cXueR2bKGFJV0Fk76gwmA,author::UCut6b9S98nv84cVX89PmKzA,1
author::UC4cXueR2bKGFJV0Fk76gwmA,author::UCi1b_TRQfgO1Z9O2gNGGWNA,1
author::UC4cXueR2bKGFJV0Fk76gwmA,author::UC8G5cJONY8L9voMyBW8Eoug,1
author::UC4cXueR2bKGFJV0Fk76gwmA,author::UCYN4wSQ1Sx4_LurxLlW7MPg,1
author::UC4cXueR2bKGFJV0Fk76gwmA,author::UCTD6q1nyIe3Y7HhqjaMj72w,1
author::UC4cXueR2bKGFJV0Fk76gwmA,author::UCpIdtvoFHVLGASGB5ySqIEA,1
author::UC4cXueR2bKGFJV0Fk76gwmA,author::UCGzXwyCzMzGmjmCbH3Hg01Q,1
author::UC4cXueR2bKGFJV0Fk76gwmA,author::UCtNfIBnc5S5DbbQj_yxgJTw,1
author::UC4cXueR2bKGFJV0Fk76gwmA,author::UC7VUuJr9cGh845CmTvf7TlQ,1
author::UC4cXueR2bKGFJV0Fk76gwmA,author::UC5bG9nc_JV3FsNP2KseQiYw,1
author::UC4cXueR2bKGFJV0Fk76gwmA,author::UCHTGCgY2l-DQJIvlA_cpa_Q,1
author::UC4cXueR2bKGFJV0Fk76gwmA,author::UCA93ym2TXs_Ibyxb4Vcn-6Q,1
author::UC4cXueR2bKGFJV0Fk76gwmA,author::UCQqetiwzzmRNTM5OWuXarGQ,1
author::UC4cXueR2bKGFJV0Fk76gwmA,author::UCRelkU8JiZBytTzebJxaa-w,1
author::UC4cXueR2bKGFJV0Fk76gwmA,author::UCDlr1VadSucIZgZ171pRBjQ,1
author::UC4cXueR2bKGFJV0Fk76gwmA,author::UCgvw7xIdGFupzpt1Y_BFkEA,1
author::UC4cXueR2bKGFJV0Fk76gwmA,author::UCpsKOkt5iWTbenzeuq7dsmQ,1
author::UC4cXueR2bKGFJV0Fk76gwmA,author::UCwW2OFy95P7ZBkOPxWkpvYg,1
author::UC4cXueR2bKGFJV0Fk76gwmA,author::UCDftMWXQoJ6nONfY7GVOVjg,1
author::UC4cXueR2bKGFJV0Fk76gwmA,author::UCLFdHr9BEbXHkoJopbEPLZw,1
author::UC4cXueR2bKGFJV0Fk76gwmA,author::UC4wq3DcbfaG6dtCqn8Oyu3w,1
author::UC4cXueR2bKGFJV0Fk76gwmA,author::UCNBnKqWf4d-rS4HwJRQljmQ,1
author::UC4cXueR2bKGFJV0Fk76gwmA,author::UCiGRBf2RNF0WRKhRVT7zFoA,1
author::UC4cXueR2bKGFJV0Fk76gwmA,author::UCcfdg8crmMJwEuLUsAhV7yg,1
author::UC4cXueR2bKGFJV0Fk76gwmA,author::UCkd9W714-947dEE6ZOEBATA,1
author::UC4cXueR2bKGFJV0Fk76gwmA,author::UCZ51R_9Q9C0c8I3pAWhtmjQ,1
author::UC4cXueR2bKGFJV0Fk76gwmA,author::UCzSfZlOVxBSs5ObD25ywxDQ,1
author::UC4cXueR2bKGFJV0Fk76gwmA,author::UCCaYwkkbQGcvFoUmothVdQQ,1
author::UC4cXueR2bKGFJV0Fk76gwmA,author::UC72gBAtyb_VXQlYDcFrh6oQ,1
author::UC4cXueR2bKGFJV0Fk76gwmA,author::UCDUffaruH6dyUnUGwsTKpgg,1
author::UC4cXueR2bKGFJV0Fk76gwmA,author::UCwha8rxULYMVtNwZWeSkE1A,1
author::UC4cXueR2bKGFJV0Fk76gwmA,author::UCDIMztpVm7G27qBuiWuT6oQ,1
author::UC4cXueR2bKGFJV0Fk76gwmA,author::UChgkn5Jt5tWKYMoEOuCjz3Q,1
author::UC4cXueR2bKGFJV0Fk76gwmA,author::UCvApqeCbLod-wejtT4CcVuA,1
author::UC4cXueR2bKGFJV0Fk76gwmA,author::UCfM3nrxtTQMY5jFx1v1J4Gg,1
author::UC4cXueR2bKGFJV0Fk76gwmA,author::UCRlCV9zSn7avAWh-9_XFWqQ,1
author::UC4cXueR2bKGFJV0Fk76gwmA,author::UCFhxtoeARHPnXXPcDrOU3Xg,1
author::UC4cXueR2bKGFJV0Fk76gwmA,author::UCNkcuy42zEwddwEcOd_HpnA,1
author::UC4cXueR2bKGFJV0Fk76gwmA,author::UCz3gu01bmjNv0DpRq-K3XYg,1
author::UC4cXueR2bKGFJV0Fk76gwmA,author::UCFoIAE8k82D6AV-8gjjKaNg,1
author::UC4cXueR2bKGFJV0Fk76gwmA,author::UCySYJU5kUh7X8gVt9la2ISA,1
author::UC4cXueR2bKGFJV0Fk76gwmA,author::UCQgYjVngJRfPHDLGB5X6ZjA,1
author::UC4cXueR2bKGFJV0Fk76gwmA,author::UCHhHUjaMAZ8SiXdCUCj9DkQ,1
author::UC4cXueR2bKGFJV0Fk76gwmA,author::UCXSkL3ejZ8qWYyF_M7s_QKA,1
author::UC4cXueR2bKGFJV0Fk76gwmA,author::UChZknRmJkeGeQk0-mQuhDOg,1
author::UC4cXueR2bKGFJV0Fk76gwmA,author::UCXr8_5WtGeipe4haOoQDgyQ,1
author::UC4cXueR2bKGFJV0Fk76gwmA,author::UCljDbleJul41G1TzOjOZAVA,1
author::UC4cXueR2bKGFJV0Fk76gwmA,author::UCujPF2nBgsTD62nWE3lcpIg,1
author::UC4cXueR2bKGFJV0Fk76gwmA,author::UCmjppp6ujz3SAnULvP3sZMw,1
author::UC4cXueR2bKGFJV0Fk76gwmA,author::UCylqlpsh8ENNM1LqgQ1KbxA,1
author::UC4cXueR2bKGFJV0Fk76gwmA,author::UCp4iw5_5SmV9VGTFSNVGOmQ,1
author::UC4cXueR2bKGFJV0Fk76gwmA,author::UCN6qbfPSzFtjhqUDZ3Cv3CQ,1
author::UC4cXueR2bKGFJV0Fk76gwmA,author::UCpl8rF8uv_8uui-QRvuJaRA,1
author::UC4cXueR2bKGFJV0Fk76gwmA,author::UC9vMq1YF-e7C-VO0SHkbUTA,1
author::UC4cXueR2bKGFJV0Fk76gwmA,author::UCh5ESQvtzyHDhCA7XyekCFA,1
author::UC4cXueR2bKGFJV0Fk76gwmA,author::UCsSXdJct-nsS8DsABoEsaYA,1
author::UC4cXueR2bKGFJV0Fk76gwmA,author::UC5H8ASmMC9WrURmzeB4ySog,1
author::UC4cXueR2bKGFJV0Fk76gwmA,author::UCKDR0f2fu2UzWL8mBv5-BHw,1
author::UC4cXueR2bKGFJV0Fk76gwmA,author::UCOLGv5Pf6BF2wFcwUzgcvHg,1
author::UC4cXueR2bKGFJV0Fk76gwmA,author::UCtUR3_CAiE7fCoZHM6cMfyQ,1
author::UC4kg7zuTfqQKLd2bkZrSYBA,author::UCdFlugHJJa4l3YqWuNRmvXw,1
author::UC4kg7zuTfqQKLd2bkZrSYBA,author::UCBtB5dIyx-C16UN8ClUD2UA,1
author::UC4kg7zuTfqQKLd2bkZrSYBA,author::UCFFrEmn6lPYiWyElpfzTy5Q,1
author::UC4kg7zuTfqQKLd2bkZrSYBA,author::UCfRqgt2O-vjzUDMZY_tnxQw,1
author::UC4kg7zuTfqQKLd2bkZrSYBA,author::UCk4O-J1BhoqPmig1KLGJePA,1
author::UC4kg7zuTfqQKLd2bkZrSYBA,author::UCLh1Kde4_vI1sTZBkTNP7RQ,1
author::UC4wq3DcbfaG6dtCqn8Oyu3w,author::UCXgr7vXlRrsaskPdo097kGA,1
author::UC4wq3DcbfaG6dtCqn8Oyu3w,author::UCwO2SXr0ggzwg6QWWrr01nQ,1
author::UC4wq3DcbfaG6dtCqn8Oyu3w,author::UCipetjeiWj4CZB6EbyYziZg,1
author::UC4wq3DcbfaG6dtCqn8Oyu3w,author::UCAlzM_N6xBlMYmM8EBzX86Q,1
author::UC4wq3DcbfaG6dtCqn8Oyu3w,author::UCV0iizTBoOfdAFX_thfI9BA,1
author::UC4wq3DcbfaG6dtCqn8Oyu3w,author::UCWIZUtKJ636y-4TYrNvok0g,1
author::UC4wq3DcbfaG6dtCqn8Oyu3w,author::UCLggDc_a5HriXv7I1h02sOA,1
author::UC4wq3DcbfaG6dtCqn8Oyu3w,author::UCueV9cTyTDwgQSec1x2dYgA,1
author::UC4wq3DcbfaG6dtCqn8Oyu3w,author::UCUIIIPTVDVHAXqhC_5V6lPA,1
author::UC4wq3DcbfaG6dtCqn8Oyu3w,author::UChep9kVb5gQmpodEEl10Xlg,1
author::UC4wq3DcbfaG6dtCqn8Oyu3w,author::UC6PvO1_k5lHKGdAPo5_C6TA,1
author::UC4wq3DcbfaG6dtCqn8Oyu3w,author::UCsJJAvrVGupdmhOqgtDp8dg,1
author::UC4wq3DcbfaG6dtCqn8Oyu3w,author::UCAmtbUiIrUIhikru0ZoTFig,1
author::UC4wq3DcbfaG6dtCqn8Oyu3w,author::UCQ_-LPP8JAbfkc-b1Q6NvWw,1
author::UC4wq3DcbfaG6dtCqn8Oyu3w,author::UCOS8ViEkccrTZx2w2ccxotA,1
author::UC4wq3DcbfaG6dtCqn8Oyu3w,author::UC650pRT-OYzny3GwOH8Cgfw,1
author::UC4wq3DcbfaG6dtCqn8Oyu3w,author::UCL1MT278vSaQ83ZDkVWn1gw,1
author::UC4wq3DcbfaG6dtCqn8Oyu3w,author::UCjmPuazZJzscrwvk0QR9RVw,1
author::UC4wq3DcbfaG6dtCqn8Oyu3w,author::UCB5p8a5gklc80jJItP6xTHg,1
author::UC4wq3DcbfaG6dtCqn8Oyu3w,author::UCzoL2l5H5eVlorWGH8AZfAg,1
author::UC4wq3DcbfaG6dtCqn8Oyu3w,author::UCplrIQtaPj6au60_f2-mOYw,1
author::UC4wq3DcbfaG6dtCqn8Oyu3w,author::UCFxE8GbokBrBsPEKM1xrOjQ,1
author::UC4wq3DcbfaG6dtCqn8Oyu3w,author::UC8r11yOugM2NuRfitQOxLLg,1
author::UC4wq3DcbfaG6dtCqn8Oyu3w,author::UCRETAiYdh2dL5ZxB0_N1zDA,1
author::UC4wq3DcbfaG6dtCqn8Oyu3w,author::UCj-LL25XJnjxepPKCc3NGog,1
author::UC4wq3DcbfaG6dtCqn8Oyu3w,author::UCTylKrsqkrBKIqubMu_5N0Q,1
author::UC4wq3DcbfaG6dtCqn8Oyu3w,author::UCZLG9qH0tUjNhEGFIUt0CYw,1
author::UC4wq3DcbfaG6dtCqn8Oyu3w,author::UC8F2V63KZ4ZEay6opX2hAQw,1
author::UC4wq3DcbfaG6dtCqn8Oyu3w,author::UCXXh7yg5KUFIWylTiKVEFKQ,1
author::UC4wq3DcbfaG6dtCqn8Oyu3w,author::UCr1emrogPKkKTs_WTtx71xg,1
author::UC4wq3DcbfaG6dtCqn8Oyu3w,author::UChs3tU2BcKOT0CezykvAsGw,1
author::UC4wq3DcbfaG6dtCqn8Oyu3w,author::UCErZPJpHmLCsXs8ZWkAUupQ,1
author::UC4wq3DcbfaG6dtCqn8Oyu3w,author::UC9xr9QvIcDvoZNUX5f-jaZw,1
author::UC4wq3DcbfaG6dtCqn8Oyu3w,author::UCEgEQmRbtL5fwr9_DqAC--g,1
author::UC4wq3DcbfaG6dtCqn8Oyu3w,author::UCmvOgzmmXbjUthHy-WJ52hQ,1
author::UC4wq3DcbfaG6dtCqn8Oyu3w,author::UCsjs5Hp_r86x1xbK6FAeqaA,1
author::UC4wq3DcbfaG6dtCqn8Oyu3w,author::UCOh6DaZC_x9HASnlRylEMfw,1
author::UC4wq3DcbfaG6dtCqn8Oyu3w,author::UCThW2XNsAaBKme5PUt7n-Zg,1
author::UC4wq3DcbfaG6dtCqn8Oyu3w,author::UCsUCN0Yq_UyTvKjOJLmNrnQ,1
author::UC4wq3DcbfaG6dtCqn8Oyu3w,author::UCjSKM9j0Q7HLDr1hD6D-TUw,1
author::UC4wq3DcbfaG6dtCqn8Oyu3w,author::UCL13XhnRzbGokEkCkEOb0-g,1
author::UC4wq3DcbfaG6dtCqn8Oyu3w,author::UC6YSZqL0vEcI-niPKIMUGfw,1
author::UC4wq3DcbfaG6dtCqn8Oyu3w,author::UCiMythXHsw7eQEMykCdmMUA,1
author::UC4wq3DcbfaG6dtCqn8Oyu3w,author::UCDPWkUX3sNNaCx-m1dV4glA,1
author::UC4wq3DcbfaG6dtCqn8Oyu3w,author::UCQtICyzWmhC5woCtbNgaSmg,1
author::UC4wq3DcbfaG6dtCqn8Oyu3w,author::UCQtSFINs1h6GHkpg9o5kMvg,1
author::UC4wq3DcbfaG6dtCqn8Oyu3w,author::UCSou6a2OuYGSvPjm5psquyA,1
author::UC4wq3DcbfaG6dtCqn8Oyu3w,author::UCYwpX26TrCxq8TvbKGRYLXA,1
author::UC4wq3DcbfaG6dtCqn8Oyu3w,author::UCDQaQv0hr2SS_PO-CMEwVHg,1
author::UC4wq3DcbfaG6dtCqn8Oyu3w,author::UCxff05WuyvwELNITi7bj7UA,1
author::UC4wq3DcbfaG6dtCqn8Oyu3w,author::UCTP3O0rMnc8z8v8jaDQwL0w,1
author::UC4wq3DcbfaG6dtCqn8Oyu3w,author::UCTwSut16JyAg3mX6LVUNGqA,1
author::UC4wq3DcbfaG6dtCqn8Oyu3w,author::UCrJn_rbo_ENAdeqneS-RmRw,1
author::UC4wq3DcbfaG6dtCqn8Oyu3w,author::UCFjudnPLoaSL1BaRuLahyHg,1
author::UC4wq3DcbfaG6dtCqn8Oyu3w,author::UCFUuDARXdmmIrLppEqf-rFg,1
author::UC4wq3DcbfaG6dtCqn8Oyu3w,author::UCl0ekS9Tt0jJGtOEM18S63w,1
author::UC4wq3DcbfaG6dtCqn8Oyu3w,author::UCut6b9S98nv84cVX89PmKzA,1
author::UC4wq3DcbfaG6dtCqn8Oyu3w,author::UCi1b_TRQfgO1Z9O2gNGGWNA,1
author::UC4wq3DcbfaG6dtCqn8Oyu3w,author::UC8G5cJONY8L9voMyBW8Eoug,1
author::UC4wq3DcbfaG6dtCqn8Oyu3w,author::UCYN4wSQ1Sx4_LurxLlW7MPg,1
author::UC4wq3DcbfaG6dtCqn8Oyu3w,author::UCTD6q1nyIe3Y7HhqjaMj72w,1
author::UC4wq3DcbfaG6dtCqn8Oyu3w,author::UCpIdtvoFHVLGASGB5ySqIEA,1
author::UC4wq3DcbfaG6dtCqn8Oyu3w,author::UCGzXwyCzMzGmjmCbH3Hg01Q,1
author::UC4wq3DcbfaG6dtCqn8Oyu3w,author::UCtNfIBnc5S5DbbQj_yxgJTw,1
author::UC4wq3DcbfaG6dtCqn8Oyu3w,author::UC7VUuJr9cGh845CmTvf7TlQ,1
author::UC4wq3DcbfaG6dtCqn8Oyu3w,author::UC5bG9nc_JV3FsNP2KseQiYw,1
author::UC4wq3DcbfaG6dtCqn8Oyu3w,author::UCHTGCgY2l-DQJIvlA_cpa_Q,1
author::UC4wq3DcbfaG6dtCqn8Oyu3w,author::UCA93ym2TXs_Ibyxb4Vcn-6Q,1
author::UC4wq3DcbfaG6dtCqn8Oyu3w,author::UCQqetiwzzmRNTM5OWuXarGQ,1
author::UC4wq3DcbfaG6dtCqn8Oyu3w,author::UCRelkU8JiZBytTzebJxaa-w,1
author::UC4wq3DcbfaG6dtCqn8Oyu3w,author::UCDlr1VadSucIZgZ171pRBjQ,1
author::UC4wq3DcbfaG6dtCqn8Oyu3w,author::UCgvw7xIdGFupzpt1Y_BFkEA,1
author::UC4wq3DcbfaG6dtCqn8Oyu3w,author::UCpsKOkt5iWTbenzeuq7dsmQ,1
author::UC4wq3DcbfaG6dtCqn8Oyu3w,author::UCwW2OFy95P7ZBkOPxWkpvYg,1
author::UC4wq3DcbfaG6dtCqn8Oyu3w,author::UCDftMWXQoJ6nONfY7GVOVjg,1
author::UC4wq3DcbfaG6dtCqn8Oyu3w,author::UCLFdHr9BEbXHkoJopbEPLZw,1
author::UC4wq3DcbfaG6dtCqn8Oyu3w,author::UCNBnKqWf4d-rS4HwJRQljmQ,1
author::UC4wq3DcbfaG6dtCqn8Oyu3w,author::UCiGRBf2RNF0WRKhRVT7zFoA,1
author::UC4wq3DcbfaG6dtCqn8Oyu3w,author::UCcfdg8crmMJwEuLUsAhV7yg,1
author::UC4wq3DcbfaG6dtCqn8Oyu3w,author::UCkd9W714-947dEE6ZOEBATA,1
author::UC4wq3DcbfaG6dtCqn8Oyu3w,author::UCZ51R_9Q9C0c8I3pAWhtmjQ,1
author::UC4wq3DcbfaG6dtCqn8Oyu3w,author::UCzSfZlOVxBSs5ObD25ywxDQ,1
author::UC4wq3DcbfaG6dtCqn8Oyu3w,author::UCCaYwkkbQGcvFoUmothVdQQ,1
author::UC4wq3DcbfaG6dtCqn8Oyu3w,author::UC72gBAtyb_VXQlYDcFrh6oQ,1
author::UC4wq3DcbfaG6dtCqn8Oyu3w,author::UCDUffaruH6dyUnUGwsTKpgg,1
author::UC4wq3DcbfaG6dtCqn8Oyu3w,author::UCwha8rxULYMVtNwZWeSkE1A,1
author::UC4wq3DcbfaG6dtCqn8Oyu3w,author::UCDIMztpVm7G27qBuiWuT6oQ,1
author::UC4wq3DcbfaG6dtCqn8Oyu3w,author::UChgkn5Jt5tWKYMoEOuCjz3Q,1
author::UC4wq3DcbfaG6dtCqn8Oyu3w,author::UCvApqeCbLod-wejtT4CcVuA,1
author::UC4wq3DcbfaG6dtCqn8Oyu3w,author::UCfM3nrxtTQMY5jFx1v1J4Gg,1
author::UC4wq3DcbfaG6dtCqn8Oyu3w,author::UCRlCV9zSn7avAWh-9_XFWqQ,1
author::UC4wq3DcbfaG6dtCqn8Oyu3w,author::UCFhxtoeARHPnXXPcDrOU3Xg,1
author::UC4wq3DcbfaG6dtCqn8Oyu3w,author::UCNkcuy42zEwddwEcOd_HpnA,1
author::UC4wq3DcbfaG6dtCqn8Oyu3w,author::UCz3gu01bmjNv0DpRq-K3XYg,1
author::UC4wq3DcbfaG6dtCqn8Oyu3w,author::UCFoIAE8k82D6AV-8gjjKaNg,1
author::UC4wq3DcbfaG6dtCqn8Oyu3w,author::UCySYJU5kUh7X8gVt9la2ISA,1
author::UC4wq3DcbfaG6dtCqn8Oyu3w,author::UCQgYjVngJRfPHDLGB5X6ZjA,1
author::UC4wq3DcbfaG6dtCqn8Oyu3w,author::UCHhHUjaMAZ8SiXdCUCj9DkQ,1
author::UC4wq3DcbfaG6dtCqn8Oyu3w,author::UCXSkL3ejZ8qWYyF_M7s_QKA,1
author::UC4wq3DcbfaG6dtCqn8Oyu3w,author::UChZknRmJkeGeQk0-mQuhDOg,1
author::UC4wq3DcbfaG6dtCqn8Oyu3w,author::UCXr8_5WtGeipe4haOoQDgyQ,1
author::UC4wq3DcbfaG6dtCqn8Oyu3w,author::UCljDbleJul41G1TzOjOZAVA,1
author::UC4wq3DcbfaG6dtCqn8Oyu3w,author::UCujPF2nBgsTD62nWE3lcpIg,1
author::UC4wq3DcbfaG6dtCqn8Oyu3w,author::UCmjppp6ujz3SAnULvP3sZMw,1
author::UC4wq3DcbfaG6dtCqn8Oyu3w,author::UCylqlpsh8ENNM1LqgQ1KbxA,1
author::UC4wq3DcbfaG6dtCqn8Oyu3w,author::UCp4iw5_5SmV9VGTFSNVGOmQ,1
author::UC4wq3DcbfaG6dtCqn8Oyu3w,author::UCN6qbfPSzFtjhqUDZ3Cv3CQ,1
author::UC4wq3DcbfaG6dtCqn8Oyu3w,author::UCpl8rF8uv_8uui-QRvuJaRA,1
author::UC4wq3DcbfaG6dtCqn8Oyu3w,author::UC9vMq1YF-e7C-VO0SHkbUTA,1
author::UC4wq3DcbfaG6dtCqn8Oyu3w,author::UCh5ESQvtzyHDhCA7XyekCFA,1
author::UC4wq3DcbfaG6dtCqn8Oyu3w,author::UCsSXdJct-nsS8DsABoEsaYA,1
author::UC4wq3DcbfaG6dtCqn8Oyu3w,author::UC5H8ASmMC9WrURmzeB4ySog,1
author::UC4wq3DcbfaG6dtCqn8Oyu3w,author::UCKDR0f2fu2UzWL8mBv5-BHw,1
author::UC4wq3DcbfaG6dtCqn8Oyu3w,author::UCOLGv5Pf6BF2wFcwUzgcvHg,1
author::UC4wq3DcbfaG6dtCqn8Oyu3w,author::UCtUR3_CAiE7fCoZHM6cMfyQ,1
author::UC5H8ASmMC9WrURmzeB4ySog,author::UCXgr7vXlRrsaskPdo097kGA,1
author::UC5H8ASmMC9WrURmzeB4ySog,author::UCwO2SXr0ggzwg6QWWrr01nQ,1
author::UC5H8ASmMC9WrURmzeB4ySog,author::UCipetjeiWj4CZB6EbyYziZg,1
author::UC5H8ASmMC9WrURmzeB4ySog,author::UCAlzM_N6xBlMYmM8EBzX86Q,1
author::UC5H8ASmMC9WrURmzeB4ySog,author::UCV0iizTBoOfdAFX_thfI9BA,1
author::UC5H8ASmMC9WrURmzeB4ySog,author::UCWIZUtKJ636y-4TYrNvok0g,1
author::UC5H8ASmMC9WrURmzeB4ySog,author::UCLggDc_a5HriXv7I1h02sOA,1
author::UC5H8ASmMC9WrURmzeB4ySog,author::UCueV9cTyTDwgQSec1x2dYgA,1
author::UC5H8ASmMC9WrURmzeB4ySog,author::UCUIIIPTVDVHAXqhC_5V6lPA,1
author::UC5H8ASmMC9WrURmzeB4ySog,author::UChep9kVb5gQmpodEEl10Xlg,1
author::UC5H8ASmMC9WrURmzeB4ySog,author::UC6PvO1_k5lHKGdAPo5_C6TA,1
author::UC5H8ASmMC9WrURmzeB4ySog,author::UCsJJAvrVGupdmhOqgtDp8dg,1
author::UC5H8ASmMC9WrURmzeB4ySog,author::UCAmtbUiIrUIhikru0ZoTFig,1
author::UC5H8ASmMC9WrURmzeB4ySog,author::UCQ_-LPP8JAbfkc-b1Q6NvWw,1
author::UC5H8ASmMC9WrURmzeB4ySog,author::UCOS8ViEkccrTZx2w2ccxotA,1
author::UC5H8ASmMC9WrURmzeB4ySog,author::UC650pRT-OYzny3GwOH8Cgfw,1
author::UC5H8ASmMC9WrURmzeB4ySog,author::UCL1MT278vSaQ83ZDkVWn1gw,1
author::UC5H8ASmMC9WrURmzeB4ySog,author::UCjmPuazZJzscrwvk0QR9RVw,1
author::UC5H8ASmMC9WrURmzeB4ySog,author::UCB5p8a5gklc80jJItP6xTHg,1
author::UC5H8ASmMC9WrURmzeB4ySog,author::UCzoL2l5H5eVlorWGH8AZfAg,1
author::UC5H8ASmMC9WrURmzeB4ySog,author::UCplrIQtaPj6au60_f2-mOYw,1
author::UC5H8ASmMC9WrURmzeB4ySog,author::UCFxE8GbokBrBsPEKM1xrOjQ,1
author::UC5H8ASmMC9WrURmzeB4ySog,author::UC8r11yOugM2NuRfitQOxLLg,1
author::UC5H8ASmMC9WrURmzeB4ySog,author::UCRETAiYdh2dL5ZxB0_N1zDA,1
author::UC5H8ASmMC9WrURmzeB4ySog,author::UCj-LL25XJnjxepPKCc3NGog,1
author::UC5H8ASmMC9WrURmzeB4ySog,author::UCTylKrsqkrBKIqubMu_5N0Q,1
author::UC5H8ASmMC9WrURmzeB4ySog,author::UCZLG9qH0tUjNhEGFIUt0CYw,1
author::UC5H8ASmMC9WrURmzeB4ySog,author::UC8F2V63KZ4ZEay6opX2hAQw,1
author::UC5H8ASmMC9WrURmzeB4ySog,author::UCXXh7yg5KUFIWylTiKVEFKQ,1
author::UC5H8ASmMC9WrURmzeB4ySog,author::UCr1emrogPKkKTs_WTtx71xg,1
author::UC5H8ASmMC9WrURmzeB4ySog,author::UChs3tU2BcKOT0CezykvAsGw,1
author::UC5H8ASmMC9WrURmzeB4ySog,author::UCErZPJpHmLCsXs8ZWkAUupQ,1
author::UC5H8ASmMC9WrURmzeB4ySog,author::UC9xr9QvIcDvoZNUX5f-jaZw,1
author::UC5H8ASmMC9WrURmzeB4ySog,author::UCEgEQmRbtL5fwr9_DqAC--g,1
author::UC5H8ASmMC9WrURmzeB4ySog,author::UCmvOgzmmXbjUthHy-WJ52hQ,1
author::UC5H8ASmMC9WrURmzeB4ySog,author::UCsjs5Hp_r86x1xbK6FAeqaA,1
author::UC5H8ASmMC9WrURmzeB4ySog,author::UCOh6DaZC_x9HASnlRylEMfw,1
author::UC5H8ASmMC9WrURmzeB4ySog,author::UCThW2XNsAaBKme5PUt7n-Zg,1
author::UC5H8ASmMC9WrURmzeB4ySog,author::UCsUCN0Yq_UyTvKjOJLmNrnQ,1
author::UC5H8ASmMC9WrURmzeB4ySog,author::UCjSKM9j0Q7HLDr1hD6D-TUw,1
author::UC5H8ASmMC9WrURmzeB4ySog,author::UCL13XhnRzbGokEkCkEOb0-g,1
author::UC5H8ASmMC9WrURmzeB4ySog,author::UC6YSZqL0vEcI-niPKIMUGfw,1
author::UC5H8ASmMC9WrURmzeB4ySog,author::UCiMythXHsw7eQEMykCdmMUA,1
author::UC5H8ASmMC9WrURmzeB4ySog,author::UCDPWkUX3sNNaCx-m1dV4glA,1
author::UC5H8ASmMC9WrURmzeB4ySog,author::UCQtICyzWmhC5woCtbNgaSmg,1
author::UC5H8ASmMC9WrURmzeB4ySog,author::UCQtSFINs1h6GHkpg9o5kMvg,1
author::UC5H8ASmMC9WrURmzeB4ySog,author::UCSou6a2OuYGSvPjm5psquyA,1
author::UC5H8ASmMC9WrURmzeB4ySog,author::UCYwpX26TrCxq8TvbKGRYLXA,1
author::UC5H8ASmMC9WrURmzeB4ySog,author::UCDQaQv0hr2SS_PO-CMEwVHg,1
author::UC5H8ASmMC9WrURmzeB4ySog,author::UCxff05WuyvwELNITi7bj7UA,1
author::UC5H8ASmMC9WrURmzeB4ySog,author::UCTP3O0rMnc8z8v8jaDQwL0w,1
author::UC5H8ASmMC9WrURmzeB4ySog,author::UCTwSut16JyAg3mX6LVUNGqA,1
author::UC5H8ASmMC9WrURmzeB4ySog,author::UCrJn_rbo_ENAdeqneS-RmRw,1
author::UC5H8ASmMC9WrURmzeB4ySog,author::UCFjudnPLoaSL1BaRuLahyHg,1
author::UC5H8ASmMC9WrURmzeB4ySog,author::UCFUuDARXdmmIrLppEqf-rFg,1
author::UC5H8ASmMC9WrURmzeB4ySog,author::UCl0ekS9Tt0jJGtOEM18S63w,1
author::UC5H8ASmMC9WrURmzeB4ySog,author::UCut6b9S98nv84cVX89PmKzA,1
author::UC5H8ASmMC9WrURmzeB4ySog,author::UCi1b_TRQfgO1Z9O2gNGGWNA,1
author::UC5H8ASmMC9WrURmzeB4ySog,author::UC8G5cJONY8L9voMyBW8Eoug,1
author::UC5H8ASmMC9WrURmzeB4ySog,author::UCYN4wSQ1Sx4_LurxLlW7MPg,1
author::UC5H8ASmMC9WrURmzeB4ySog,author::UCTD6q1nyIe3Y7HhqjaMj72w,1
author::UC5H8ASmMC9WrURmzeB4ySog,author::UCpIdtvoFHVLGASGB5ySqIEA,1
author::UC5H8ASmMC9WrURmzeB4ySog,author::UCGzXwyCzMzGmjmCbH3Hg01Q,1
author::UC5H8ASmMC9WrURmzeB4ySog,author::UCtNfIBnc5S5DbbQj_yxgJTw,1
author::UC5H8ASmMC9WrURmzeB4ySog,author::UC7VUuJr9cGh845CmTvf7TlQ,1
author::UC5H8ASmMC9WrURmzeB4ySog,author::UC5bG9nc_JV3FsNP2KseQiYw,1
author::UC5H8ASmMC9WrURmzeB4ySog,author::UCHTGCgY2l-DQJIvlA_cpa_Q,1
author::UC5H8ASmMC9WrURmzeB4ySog,author::UCA93ym2TXs_Ibyxb4Vcn-6Q,1
author::UC5H8ASmMC9WrURmzeB4ySog,author::UCQqetiwzzmRNTM5OWuXarGQ,1
author::UC5H8ASmMC9WrURmzeB4ySog,author::UCRelkU8JiZBytTzebJxaa-w,1
author::UC5H8ASmMC9WrURmzeB4ySog,author::UCDlr1VadSucIZgZ171pRBjQ,1
author::UC5H8ASmMC9WrURmzeB4ySog,author::UCgvw7xIdGFupzpt1Y_BFkEA,1
author::UC5H8ASmMC9WrURmzeB4ySog,author::UCpsKOkt5iWTbenzeuq7dsmQ,1
author::UC5H8ASmMC9WrURmzeB4ySog,author::UCwW2OFy95P7ZBkOPxWkpvYg,1
author::UC5H8ASmMC9WrURmzeB4ySog,author::UCDftMWXQoJ6nONfY7GVOVjg,1
author::UC5H8ASmMC9WrURmzeB4ySog,author::UCLFdHr9BEbXHkoJopbEPLZw,1
author::UC5H8ASmMC9WrURmzeB4ySog,author::UCNBnKqWf4d-rS4HwJRQljmQ,1
author::UC5H8ASmMC9WrURmzeB4ySog,author::UCiGRBf2RNF0WRKhRVT7zFoA,1
author::UC5H8ASmMC9WrURmzeB4ySog,author::UCcfdg8crmMJwEuLUsAhV7yg,1
author::UC5H8ASmMC9WrURmzeB4ySog,author::UCkd9W714-947dEE6ZOEBATA,1
author::UC5H8ASmMC9WrURmzeB4ySog,author::UCZ51R_9Q9C0c8I3pAWhtmjQ,1
author::UC5H8ASmMC9WrURmzeB4ySog,author::UCzSfZlOVxBSs5ObD25ywxDQ,1
author::UC5H8ASmMC9WrURmzeB4ySog,author::UCCaYwkkbQGcvFoUmothVdQQ,1
author::UC5H8ASmMC9WrURmzeB4ySog,author::UC72gBAtyb_VXQlYDcFrh6oQ,1
author::UC5H8ASmMC9WrURmzeB4ySog,author::UCDUffaruH6dyUnUGwsTKpgg,1
author::UC5H8ASmMC9WrURmzeB4ySog,author::UCwha8rxULYMVtNwZWeSkE1A,1
author::UC5H8ASmMC9WrURmzeB4ySog,author::UCDIMztpVm7G27qBuiWuT6oQ,1
author::UC5H8ASmMC9WrURmzeB4ySog,author::UChgkn5Jt5tWKYMoEOuCjz3Q,1
author::UC5H8ASmMC9WrURmzeB4ySog,author::UCvApqeCbLod-wejtT4CcVuA,1
author::UC5H8ASmMC9WrURmzeB4ySog,author::UCfM3nrxtTQMY5jFx1v1J4Gg,1
author::UC5H8ASmMC9WrURmzeB4ySog,author::UCRlCV9zSn7avAWh-9_XFWqQ,1
author::UC5H8ASmMC9WrURmzeB4ySog,author::UCFhxtoeARHPnXXPcDrOU3Xg,1
author::UC5H8ASmMC9WrURmzeB4ySog,author::UCNkcuy42zEwddwEcOd_HpnA,1
author::UC5H8ASmMC9WrURmzeB4ySog,author::UCz3gu01bmjNv0DpRq-K3XYg,1
author::UC5H8ASmMC9WrURmzeB4ySog,author::UCFoIAE8k82D6AV-8gjjKaNg,1
author::UC5H8ASmMC9WrURmzeB4ySog,author::UCySYJU5kUh7X8gVt9la2ISA,1
author::UC5H8ASmMC9WrURmzeB4ySog,author::UCQgYjVngJRfPHDLGB5X6ZjA,1
author::UC5H8ASmMC9WrURmzeB4ySog,author::UCHhHUjaMAZ8SiXdCUCj9DkQ,1
author::UC5H8ASmMC9WrURmzeB4ySog,author::UCXSkL3ejZ8qWYyF_M7s_QKA,1
author::UC5H8ASmMC9WrURmzeB4ySog,author::UChZknRmJkeGeQk0-mQuhDOg,1
author::UC5H8ASmMC9WrURmzeB4ySog,author::UCXr8_5WtGeipe4haOoQDgyQ,1
author::UC5H8ASmMC9WrURmzeB4ySog,author::UCljDbleJul41G1TzOjOZAVA,1
author::UC5H8ASmMC9WrURmzeB4ySog,author::UCujPF2nBgsTD62nWE3lcpIg,1
author::UC5H8ASmMC9WrURmzeB4ySog,author::UCmjppp6ujz3SAnULvP3sZMw,1
author::UC5H8ASmMC9WrURmzeB4ySog,author::UCylqlpsh8ENNM1LqgQ1KbxA,1
author::UC5H8ASmMC9WrURmzeB4ySog,author::UCp4iw5_5SmV9VGTFSNVGOmQ,1
author::UC5H8ASmMC9WrURmzeB4ySog,author::UCN6qbfPSzFtjhqUDZ3Cv3CQ,1
author::UC5H8ASmMC9WrURmzeB4ySog,author::UCpl8rF8uv_8uui-QRvuJaRA,1
author::UC5H8ASmMC9WrURmzeB4ySog,author::UC9vMq1YF-e7C-VO0SHkbUTA,1
author::UC5H8ASmMC9WrURmzeB4ySog,author::UCh5ESQvtzyHDhCA7XyekCFA,1
author::UC5H8ASmMC9WrURmzeB4ySog,author::UCsSXdJct-nsS8DsABoEsaYA,1
author::UC5H8ASmMC9WrURmzeB4ySog,author::UCKDR0f2fu2UzWL8mBv5-BHw,1
author::UC5H8ASmMC9WrURmzeB4ySog,author::UCOLGv5Pf6BF2wFcwUzgcvHg,1
author::UC5H8ASmMC9WrURmzeB4ySog,author::UCtUR3_CAiE7fCoZHM6cMfyQ,1
author::UC5PrBbmUlQolwqmiru7yZhw,author::UCsUCN0Yq_UyTvKjOJLmNrnQ,1
author::UC5PrBbmUlQolwqmiru7yZhw,author::UCHu8x4MVkayU6VgwVKd--MQ,1
author::UC5PrBbmUlQolwqmiru7yZhw,author::UCGm3gRBEHGRJYmtCryZLtDw,1
author::UC5PrBbmUlQolwqmiru7yZhw,author::UC9Wp6vL5oCU37qC3Aj94WZA,1
author::UC5PyGvSfFM--OVKmQ3COu6g,author::UCGqKxQS-z3NZzZF-2w338AA,1
author::UC5PyGvSfFM--OVKmQ3COu6g,author::UCIUhbSCy3-SGRe5UtqM4fzQ,1
author::UC5PyGvSfFM--OVKmQ3COu6g,author::UCY7Hq7F9Lnucf-Yr6JkHZNw,1
author::UC5PyGvSfFM--OVKmQ3COu6g,author::UCaT6M2zp7X6r6Whd8Vv3kHQ,1
author::UC5PyGvSfFM--OVKmQ3COu6g,author::UCxKR3RA8T-kxMgq_2WWhRcQ,1
author::UC5PyGvSfFM--OVKmQ3COu6g,author::UCgLrWFdYitoP-b7-PxtUr-w,1
author::UC5PyGvSfFM--OVKmQ3COu6g,author::UC_ljZ1hZXR9pzexFz87P5ZA,1
author::UC5PyGvSfFM--OVKmQ3COu6g,author::UCqilIa8r7iek5sGYg_q6ofA,1
author::UC5PyGvSfFM--OVKmQ3COu6g,author::UCtMBF_1O2jY2INlb_luuB_A,1
author::UC5PyGvSfFM--OVKmQ3COu6g,author::UCSTAUWVc1_82DHYeqOsqEFA,1
author::UC5PyGvSfFM--OVKmQ3COu6g,author::UCFOxCyF926Y9eHhMeVoWLzw,1
author::UC5PyGvSfFM--OVKmQ3COu6g,author::UCIp19h9igblA2YKfSLPDAug,1
author::UC5PyGvSfFM--OVKmQ3COu6g,author::UCHMQ_lDhibZ-XZ_3fo6oxwg,1
author::UC5PyGvSfFM--OVKmQ3COu6g,author::UCi-vPdnpQreC7BkFs40mJGA,1
author::UC5PyGvSfFM--OVKmQ3COu6g,author::UCyzf29IYjNw67gGIfsjgtxA,1
author::UC5PyGvSfFM--OVKmQ3COu6g,author::UCRcSR3Lvn9DZAmJpVPANfZQ,1
author::UC5PyGvSfFM--OVKmQ3COu6g,author::UCXmrpc6Li0spcKxtS0Q_ptg,1
author::UC5PyGvSfFM--OVKmQ3COu6g,author::UCRznz9-N3Qc1w-qNdLSIY2Q,1
author::UC5PyGvSfFM--OVKmQ3COu6g,author::UCs_5qeqdku9tGAq22y3OcuQ,1
author::UC5PyGvSfFM--OVKmQ3COu6g,author::UC5fvhAfm89JH8eDFdvc0xYw,1
author::UC5PyGvSfFM--OVKmQ3COu6g,author::UCgLurCo-e019HGODcjXHWCw,1
author::UC5PyGvSfFM--OVKmQ3COu6g,author::UCwUAv3_LpWVtTIi7lkmTL7A,1
author::UC5bG9nc_JV3FsNP2KseQiYw,author::UCXgr7vXlRrsaskPdo097kGA,1
author::UC5bG9nc_JV3FsNP2KseQiYw,author::UCwO2SXr0ggzwg6QWWrr01nQ,1
author::UC5bG9nc_JV3FsNP2KseQiYw,author::UCipetjeiWj4CZB6EbyYziZg,1
author::UC5bG9nc_JV3FsNP2KseQiYw,author::UCAlzM_N6xBlMYmM8EBzX86Q,1
author::UC5bG9nc_JV3FsNP2KseQiYw,author::UCV0iizTBoOfdAFX_thfI9BA,1
author::UC5bG9nc_JV3FsNP2KseQiYw,author::UCWIZUtKJ636y-4TYrNvok0g,1
author::UC5bG9nc_JV3FsNP2KseQiYw,author::UCLggDc_a5HriXv7I1h02sOA,1
author::UC5bG9nc_JV3FsNP2KseQiYw,author::UCueV9cTyTDwgQSec1x2dYgA,1
author::UC5bG9nc_JV3FsNP2KseQiYw,author::UCUIIIPTVDVHAXqhC_5V6lPA,1
author::UC5bG9nc_JV3FsNP2KseQiYw,author::UChep9kVb5gQmpodEEl10Xlg,1
author::UC5bG9nc_JV3FsNP2KseQiYw,author::UC6PvO1_k5lHKGdAPo5_C6TA,1
author::UC5bG9nc_JV3FsNP2KseQiYw,author::UCsJJAvrVGupdmhOqgtDp8dg,1
author::UC5bG9nc_JV3FsNP2KseQiYw,author::UCAmtbUiIrUIhikru0ZoTFig,1
author::UC5bG9nc_JV3FsNP2KseQiYw,author::UCQ_-LPP8JAbfkc-b1Q6NvWw,1
author::UC5bG9nc_JV3FsNP2KseQiYw,author::UCOS8ViEkccrTZx2w2ccxotA,1
author::UC5bG9nc_JV3FsNP2KseQiYw,author::UC650pRT-OYzny3GwOH8Cgfw,1
author::UC5bG9nc_JV3FsNP2KseQiYw,author::UCL1MT278vSaQ83ZDkVWn1gw,1
author::UC5bG9nc_JV3FsNP2KseQiYw,author::UCjmPuazZJzscrwvk0QR9RVw,1
author::UC5bG9nc_JV3FsNP2KseQiYw,author::UCB5p8a5gklc80jJItP6xTHg,1
author::UC5bG9nc_JV3FsNP2KseQiYw,author::UCzoL2l5H5eVlorWGH8AZfAg,1
author::UC5bG9nc_JV3FsNP2KseQiYw,author::UCplrIQtaPj6au60_f2-mOYw,1
author::UC5bG9nc_JV3FsNP2KseQiYw,author::UCFxE8GbokBrBsPEKM1xrOjQ,1
author::UC5bG9nc_JV3FsNP2KseQiYw,author::UC8r11yOugM2NuRfitQOxLLg,1
author::UC5bG9nc_JV3FsNP2KseQiYw,author::UCRETAiYdh2dL5ZxB0_N1zDA,1
author::UC5bG9nc_JV3FsNP2KseQiYw,author::UCj-LL25XJnjxepPKCc3NGog,1
author::UC5bG9nc_JV3FsNP2KseQiYw,author::UCTylKrsqkrBKIqubMu_5N0Q,1
author::UC5bG9nc_JV3FsNP2KseQiYw,author::UCZLG9qH0tUjNhEGFIUt0CYw,1
author::UC5bG9nc_JV3FsNP2KseQiYw,author::UC8F2V63KZ4ZEay6opX2hAQw,1
author::UC5bG9nc_JV3FsNP2KseQiYw,author::UCXXh7yg5KUFIWylTiKVEFKQ,1
author::UC5bG9nc_JV3FsNP2KseQiYw,author::UCr1emrogPKkKTs_WTtx71xg,1
author::UC5bG9nc_JV3FsNP2KseQiYw,author::UChs3tU2BcKOT0CezykvAsGw,1
author::UC5bG9nc_JV3FsNP2KseQiYw,author::UCErZPJpHmLCsXs8ZWkAUupQ,1
author::UC5bG9nc_JV3FsNP2KseQiYw,author::UC9xr9QvIcDvoZNUX5f-jaZw,1
author::UC5bG9nc_JV3FsNP2KseQiYw,author::UCEgEQmRbtL5fwr9_DqAC--g,1
author::UC5bG9nc_JV3FsNP2KseQiYw,author::UCmvOgzmmXbjUthHy-WJ52hQ,1
author::UC5bG9nc_JV3FsNP2KseQiYw,author::UCsjs5Hp_r86x1xbK6FAeqaA,1
author::UC5bG9nc_JV3FsNP2KseQiYw,author::UCOh6DaZC_x9HASnlRylEMfw,1
author::UC5bG9nc_JV3FsNP2KseQiYw,author::UCThW2XNsAaBKme5PUt7n-Zg,1
author::UC5bG9nc_JV3FsNP2KseQiYw,author::UCsUCN0Yq_UyTvKjOJLmNrnQ,1
author::UC5bG9nc_JV3FsNP2KseQiYw,author::UCjSKM9j0Q7HLDr1hD6D-TUw,1
author::UC5bG9nc_JV3FsNP2KseQiYw,author::UCL13XhnRzbGokEkCkEOb0-g,1
author::UC5bG9nc_JV3FsNP2KseQiYw,author::UC6YSZqL0vEcI-niPKIMUGfw,1
author::UC5bG9nc_JV3FsNP2KseQiYw,author::UCiMythXHsw7eQEMykCdmMUA,1
author::UC5bG9nc_JV3FsNP2KseQiYw,author::UCDPWkUX3sNNaCx-m1dV4glA,1
author::UC5bG9nc_JV3FsNP2KseQiYw,author::UCQtICyzWmhC5woCtbNgaSmg,1
author::UC5bG9nc_JV3FsNP2KseQiYw,author::UCQtSFINs1h6GHkpg9o5kMvg,1
author::UC5bG9nc_JV3FsNP2KseQiYw,author::UCSou6a2OuYGSvPjm5psquyA,1
author::UC5bG9nc_JV3FsNP2KseQiYw,author::UCYwpX26TrCxq8TvbKGRYLXA,1
author::UC5bG9nc_JV3FsNP2KseQiYw,author::UCDQaQv0hr2SS_PO-CMEwVHg,1
author::UC5bG9nc_JV3FsNP2KseQiYw,author::UCxff05WuyvwELNITi7bj7UA,1
author::UC5bG9nc_JV3FsNP2KseQiYw,author::UCTP3O0rMnc8z8v8jaDQwL0w,1
author::UC5bG9nc_JV3FsNP2KseQiYw,author::UCTwSut16JyAg3mX6LVUNGqA,1
author::UC5bG9nc_JV3FsNP2KseQiYw,author::UCrJn_rbo_ENAdeqneS-RmRw,1
author::UC5bG9nc_JV3FsNP2KseQiYw,author::UCFjudnPLoaSL1BaRuLahyHg,1
author::UC5bG9nc_JV3FsNP2KseQiYw,author::UCFUuDARXdmmIrLppEqf-rFg,1
author::UC5bG9nc_JV3FsNP2KseQiYw,author::UCl0ekS9Tt0jJGtOEM18S63w,1
author::UC5bG9nc_JV3FsNP2KseQiYw,author::UCut6b9S98nv84cVX89PmKzA,1
author::UC5bG9nc_JV3FsNP2KseQiYw,author::UCi1b_TRQfgO1Z9O2gNGGWNA,1
author::UC5bG9nc_JV3FsNP2KseQiYw,author::UC8G5cJONY8L9voMyBW8Eoug,1
author::UC5bG9nc_JV3FsNP2KseQiYw,author::UCYN4wSQ1Sx4_LurxLlW7MPg,1
author::UC5bG9nc_JV3FsNP2KseQiYw,author::UCTD6q1nyIe3Y7HhqjaMj72w,1
author::UC5bG9nc_JV3FsNP2KseQiYw,author::UCpIdtvoFHVLGASGB5ySqIEA,1
author::UC5bG9nc_JV3FsNP2KseQiYw,author::UCGzXwyCzMzGmjmCbH3Hg01Q,1
author::UC5bG9nc_JV3FsNP2KseQiYw,author::UCtNfIBnc5S5DbbQj_yxgJTw,1
author::UC5bG9nc_JV3FsNP2KseQiYw,author::UC7VUuJr9cGh845CmTvf7TlQ,1
author::UC5bG9nc_JV3FsNP2KseQiYw,author::UCHTGCgY2l-DQJIvlA_cpa_Q,1
author::UC5bG9nc_JV3FsNP2KseQiYw,author::UCA93ym2TXs_Ibyxb4Vcn-6Q,1
author::UC5bG9nc_JV3FsNP2KseQiYw,author::UCQqetiwzzmRNTM5OWuXarGQ,1
author::UC5bG9nc_JV3FsNP2KseQiYw,author::UCRelkU8JiZBytTzebJxaa-w,1
author::UC5bG9nc_JV3FsNP2KseQiYw,author::UCDlr1VadSucIZgZ171pRBjQ,1
author::UC5bG9nc_JV3FsNP2KseQiYw,author::UCgvw7xIdGFupzpt1Y_BFkEA,1
author::UC5bG9nc_JV3FsNP2KseQiYw,author::UCpsKOkt5iWTbenzeuq7dsmQ,1
author::UC5bG9nc_JV3FsNP2KseQiYw,author::UCwW2OFy95P7ZBkOPxWkpvYg,1
author::UC5bG9nc_JV3FsNP2KseQiYw,author::UCDftMWXQoJ6nONfY7GVOVjg,1
author::UC5bG9nc_JV3FsNP2KseQiYw,author::UCLFdHr9BEbXHkoJopbEPLZw,1
author::UC5bG9nc_JV3FsNP2KseQiYw,author::UCNBnKqWf4d-rS4HwJRQljmQ,1
author::UC5bG9nc_JV3FsNP2KseQiYw,author::UCiGRBf2RNF0WRKhRVT7zFoA,1
author::UC5bG9nc_JV3FsNP2KseQiYw,author::UCcfdg8crmMJwEuLUsAhV7yg,1
author::UC5bG9nc_JV3FsNP2KseQiYw,author::UCkd9W714-947dEE6ZOEBATA,1
author::UC5bG9nc_JV3FsNP2KseQiYw,author::UCZ51R_9Q9C0c8I3pAWhtmjQ,1
author::UC5bG9nc_JV3FsNP2KseQiYw,author::UCzSfZlOVxBSs5ObD25ywxDQ,1
author::UC5bG9nc_JV3FsNP2KseQiYw,author::UCCaYwkkbQGcvFoUmothVdQQ,1
author::UC5bG9nc_JV3FsNP2KseQiYw,author::UC72gBAtyb_VXQlYDcFrh6oQ,1
author::UC5bG9nc_JV3FsNP2KseQiYw,author::UCDUffaruH6dyUnUGwsTKpgg,1
author::UC5bG9nc_JV3FsNP2KseQiYw,author::UCwha8rxULYMVtNwZWeSkE1A,1
author::UC5bG9nc_JV3FsNP2KseQiYw,author::UCDIMztpVm7G27qBuiWuT6oQ,1
author::UC5bG9nc_JV3FsNP2KseQiYw,author::UChgkn5Jt5tWKYMoEOuCjz3Q,1
author::UC5bG9nc_JV3FsNP2KseQiYw,author::UCvApqeCbLod-wejtT4CcVuA,1
author::UC5bG9nc_JV3FsNP2KseQiYw,author::UCfM3nrxtTQMY5jFx1v1J4Gg,1
author::UC5bG9nc_JV3FsNP2KseQiYw,author::UCRlCV9zSn7avAWh-9_XFWqQ,1
author::UC5bG9nc_JV3FsNP2KseQiYw,author::UCFhxtoeARHPnXXPcDrOU3Xg,1
author::UC5bG9nc_JV3FsNP2KseQiYw,author::UCNkcuy42zEwddwEcOd_HpnA,1
author::UC5bG9nc_JV3FsNP2KseQiYw,author::UCz3gu01bmjNv0DpRq-K3XYg,1
author::UC5bG9nc_JV3FsNP2KseQiYw,author::UCFoIAE8k82D6AV-8gjjKaNg,1
author::UC5bG9nc_JV3FsNP2KseQiYw,author::UCySYJU5kUh7X8gVt9la2ISA,1
author::UC5bG9nc_JV3FsNP2KseQiYw,author::UCQgYjVngJRfPHDLGB5X6ZjA,1
author::UC5bG9nc_JV3FsNP2KseQiYw,author::UCHhHUjaMAZ8SiXdCUCj9DkQ,1
author::UC5bG9nc_JV3FsNP2KseQiYw,author::UCXSkL3ejZ8qWYyF_M7s_QKA,1
author::UC5bG9nc_JV3FsNP2KseQiYw,author::UChZknRmJkeGeQk0-mQuhDOg,1
author::UC5bG9nc_JV3FsNP2KseQiYw,author::UCXr8_5WtGeipe4haOoQDgyQ,1
author::UC5bG9nc_JV3FsNP2KseQiYw,author::UCljDbleJul41G1TzOjOZAVA,1
author::UC5bG9nc_JV3FsNP2KseQiYw,author::UCujPF2nBgsTD62nWE3lcpIg,1
author::UC5bG9nc_JV3FsNP2KseQiYw,author::UCmjppp6ujz3SAnULvP3sZMw,1
author::UC5bG9nc_JV3FsNP2KseQiYw,author::UCylqlpsh8ENNM1LqgQ1KbxA,1
author::UC5bG9nc_JV3FsNP2KseQiYw,author::UCp4iw5_5SmV9VGTFSNVGOmQ,1
author::UC5bG9nc_JV3FsNP2KseQiYw,author::UCN6qbfPSzFtjhqUDZ3Cv3CQ,1
author::UC5bG9nc_JV3FsNP2KseQiYw,author::UCpl8rF8uv_8uui-QRvuJaRA,1
author::UC5bG9nc_JV3FsNP2KseQiYw,author::UC9vMq1YF-e7C-VO0SHkbUTA,1
author::UC5bG9nc_JV3FsNP2KseQiYw,author::UCh5ESQvtzyHDhCA7XyekCFA,1
author::UC5bG9nc_JV3FsNP2KseQiYw,author::UCsSXdJct-nsS8DsABoEsaYA,1
author::UC5bG9nc_JV3FsNP2KseQiYw,author::UCKDR0f2fu2UzWL8mBv5-BHw,1
author::UC5bG9nc_JV3FsNP2KseQiYw,author::UCOLGv5Pf6BF2wFcwUzgcvHg,1
author::UC5bG9nc_JV3FsNP2KseQiYw,author::UCtUR3_CAiE7fCoZHM6cMfyQ,1
author::UC5fvhAfm89JH8eDFdvc0xYw,author::UCGqKxQS-z3NZzZF-2w338AA,1
author::UC5fvhAfm89JH8eDFdvc0xYw,author::UCIUhbSCy3-SGRe5UtqM4fzQ,1
author::UC5fvhAfm89JH8eDFdvc0xYw,author::UCY7Hq7F9Lnucf-Yr6JkHZNw,1
author::UC5fvhAfm89JH8eDFdvc0xYw,author::UCaT6M2zp7X6r6Whd8Vv3kHQ,1
author::UC5fvhAfm89JH8eDFdvc0xYw,author::UCxKR3RA8T-kxMgq_2WWhRcQ,1
author::UC5fvhAfm89JH8eDFdvc0xYw,author::UCgLrWFdYitoP-b7-PxtUr-w,1
author::UC5fvhAfm89JH8eDFdvc0xYw,author::UC_ljZ1hZXR9pzexFz87P5ZA,1
author::UC5fvhAfm89JH8eDFdvc0xYw,author::UCqilIa8r7iek5sGYg_q6ofA,1
author::UC5fvhAfm89JH8eDFdvc0xYw,author::UCtMBF_1O2jY2INlb_luuB_A,1
author::UC5fvhAfm89JH8eDFdvc0xYw,author::UCSTAUWVc1_82DHYeqOsqEFA,1
author::UC5fvhAfm89JH8eDFdvc0xYw,author::UCFOxCyF926Y9eHhMeVoWLzw,1
author::UC5fvhAfm89JH8eDFdvc0xYw,author::UCIp19h9igblA2YKfSLPDAug,1
author::UC5fvhAfm89JH8eDFdvc0xYw,author::UCHMQ_lDhibZ-XZ_3fo6oxwg,1
author::UC5fvhAfm89JH8eDFdvc0xYw,author::UCi-vPdnpQreC7BkFs40mJGA,1
author::UC5fvhAfm89JH8eDFdvc0xYw,author::UCyzf29IYjNw67gGIfsjgtxA,1
author::UC5fvhAfm89JH8eDFdvc0xYw,author::UCRcSR3Lvn9DZAmJpVPANfZQ,1
author::UC5fvhAfm89JH8eDFdvc0xYw,author::UCXmrpc6Li0spcKxtS0Q_ptg,1
author::UC5fvhAfm89JH8eDFdvc0xYw,author::UCRznz9-N3Qc1w-qNdLSIY2Q,1
author::UC5fvhAfm89JH8eDFdvc0xYw,author::UCs_5qeqdku9tGAq22y3OcuQ,1
author::UC5fvhAfm89JH8eDFdvc0xYw,author::UCgLurCo-e019HGODcjXHWCw,1
author::UC5fvhAfm89JH8eDFdvc0xYw,author::UCwUAv3_LpWVtTIi7lkmTL7A,1
author::UC5hvEnRUzI4Kfvwnyi4QxqQ,author::UCRAquv8el-tQ30bN7MlmySQ,1
author::UC5hvEnRUzI4Kfvwnyi4QxqQ,author::UC816IGbFCZinfYS1LRDaaHg,1
author::UC5hvEnRUzI4Kfvwnyi4QxqQ,author::UCwgCc9Jd_gG-uLE_SY-FfPg,1
author::UC5hvEnRUzI4Kfvwnyi4QxqQ,author::UCRvPToDkkumha7WJAfCDk1A,1
author::UC5hvEnRUzI4Kfvwnyi4QxqQ,author::UC6Uj1FT5JjDSF8vudvDxPAA,1
author::UC5hvEnRUzI4Kfvwnyi4QxqQ,author::UColMq7LmaoY3MT6aIDGrGvA,1
author::UC5hvEnRUzI4Kfvwnyi4QxqQ,author::UCiC-Jn7wdgyQV4_Urk0DkWQ,1
author::UC5hvEnRUzI4Kfvwnyi4QxqQ,author::UCgQw_Sbq3ugruDUKsq1e0-A,1
author::UC5hvEnRUzI4Kfvwnyi4QxqQ,author::UCAKuKvcbfnBD3kF5njNu-IA,1
author::UC5hvEnRUzI4Kfvwnyi4QxqQ,author::UCdFlugHJJa4l3YqWuNRmvXw,1
author::UC5hvEnRUzI4Kfvwnyi4QxqQ,author::UCHbwIx9pmQuf7i-4_xO2EpA,1
author::UC5hvEnRUzI4Kfvwnyi4QxqQ,author::UCeDNEtI8_a42bZ47wJiJMwQ,1
author::UC5hvEnRUzI4Kfvwnyi4QxqQ,author::UC7dadZG7kkGYnsNu6td0FbA,1
author::UC5hvEnRUzI4Kfvwnyi4QxqQ,author::UCu8_3-Wg-YzNyvHYQDEscfw,1
author::UC5hvEnRUzI4Kfvwnyi4QxqQ,author::UCDrmf9y9nLgFY5wnA2hTuGA,1
author::UC5hvEnRUzI4Kfvwnyi4QxqQ,author::UCQqlPPUGqAfWjd-FSh_qn7Q,1
author::UC5hvEnRUzI4Kfvwnyi4QxqQ,author::UCkVtmkK07b2zaVVNssX4lOg,1
author::UC5hvEnRUzI4Kfvwnyi4QxqQ,author::UCqCrvuoJpC-aVb0f4logQRQ,1
author::UC5hvEnRUzI4Kfvwnyi4QxqQ,author::UCsGoJEvb-cFPZ2rWoJcXzEQ,1
author::UC5hvEnRUzI4Kfvwnyi4QxqQ,author::UCuXmOjxC-htcprLgeVXz6Tg,1
author::UC5hvEnRUzI4Kfvwnyi4QxqQ,author::UCWoAVGVqCn4xtINCMOTM4jg,1
author::UC5hvEnRUzI4Kfvwnyi4QxqQ,author::UClqA491Xa5fQcXcJJa-vTWw,1
author::UC5hvEnRUzI4Kfvwnyi4QxqQ,author::UCQyOePccUP-fIJYzchAgZYw,1
author::UC5hvEnRUzI4Kfvwnyi4QxqQ,author::UC95PSMouTx2N5CbSq0hIyrQ,1
author::UC5hvEnRUzI4Kfvwnyi4QxqQ,author::UCV0lM03g5fg5pbPj97-sAtA,1
author::UC5hvEnRUzI4Kfvwnyi4QxqQ,author::UC_LYoGs5C3mbZKZuKuqYCvw,1
author::UC5hvEnRUzI4Kfvwnyi4QxqQ,author::UCgJNFj5dnxXpcMvmuhZDPxA,1
author::UC5hvEnRUzI4Kfvwnyi4QxqQ,author::UCpsKOkt5iWTbenzeuq7dsmQ,1
author::UC5hvEnRUzI4Kfvwnyi4QxqQ,author::UCkbsS_3D-pvg1iHOld9uvIg,1
author::UC5hvEnRUzI4Kfvwnyi4QxqQ,author::UCCBYcToQ2dwkd6TJh0FSyDg,1
author::UC5hvEnRUzI4Kfvwnyi4QxqQ,author::UCGGHbtfbbe0o68etrOf0qxw,1
author::UC5hvEnRUzI4Kfvwnyi4QxqQ,author::UCOcUI5XkTYNMSFhZNMIPpGg,1
author::UC5hvEnRUzI4Kfvwnyi4QxqQ,author::UCW-JC6lebVmf2P1dmY_L94g,1
author::UC5hvEnRUzI4Kfvwnyi4QxqQ,author::UCwjUvRseNtJoItylIyIez7Q,1
author::UC5hvEnRUzI4Kfvwnyi4QxqQ,author::UClhMWQ7XKWywYvbRnuf8QsA,1
author::UC5hvEnRUzI4Kfvwnyi4QxqQ,author::UCe8JZoYkX5oKUZyivHYdXhw,1
author::UC5hvEnRUzI4Kfvwnyi4QxqQ,author::UCaKAjTW9MVub_clgr4DRYjQ,1
author::UC5hvEnRUzI4Kfvwnyi4QxqQ,author::UCpe5jW3MIqkgTJ-PgkzvM6Q,1
author::UC5hvEnRUzI4Kfvwnyi4QxqQ,author::UCylqlpsh8ENNM1LqgQ1KbxA,1
author::UC5hvEnRUzI4Kfvwnyi4QxqQ,author::UCZeIIQrGAedW8tCbKWmGY-A,1
author::UC5hvEnRUzI4Kfvwnyi4QxqQ,author::UCW80DaMjQlEUibC98Cot-Dg,1
author::UC5hvEnRUzI4Kfvwnyi4QxqQ,author::UCUoYsrx1oZnCZ0usbBJn4fA,1
author::UC5hvEnRUzI4Kfvwnyi4QxqQ,author::UCNpt5CQlTzNjlAKY6CJtClQ,1
author::UC5wuDq3U3vRAhOQI3D7gNdw,author::UCbrtvygfRT6QXqWDNrOf-cA,1
author::UC5wuDq3U3vRAhOQI3D7gNdw,author::UCjJf-AJKRFFWtiN-CSwkDmA,1
author::UC5wuDq3U3vRAhOQI3D7gNdw,author::UCnU8wO1OurAmGstDw6VGjgQ,1
author::UC5wuDq3U3vRAhOQI3D7gNdw,author::UCpsKOkt5iWTbenzeuq7dsmQ,1
author::UC5wuDq3U3vRAhOQI3D7gNdw,author::UCJp3OrVYcBorC94sKwdch_A,1
author::UC5wuDq3U3vRAhOQI3D7gNdw,author::UCZOmq6MwFDVoCaEl99BRRaw,1
author::UC5wuDq3U3vRAhOQI3D7gNdw,author::UCVC2QugcI1G4RvlCiUqd1aQ,1
author::UC5wuDq3U3vRAhOQI3D7gNdw,author::UCvcu1kR8xMYy_I1Ty-2mV2Q,1
author::UC5wuDq3U3vRAhOQI3D7gNdw,author::UC_6KbBY1bsYXz9fwFS0eQRg,1
author::UC63tFvbQ_hJhGDi2nbjssjw,author::UCeQk-WfEA-cJRq4EKeE7TOw,1
author::UC63tFvbQ_hJhGDi2nbjssjw,author::UCoGdCoJg2Lh0OX_jv6cG16g,1
author::UC63tFvbQ_hJhGDi2nbjssjw,author::UCheEJ5GZuIvV0fj-nXyVwXw,1
author::UC63tFvbQ_hJhGDi2nbjssjw,author::UCtsxPYw8VUsH_FfnKg-0lmw,1
author::UC63tFvbQ_hJhGDi2nbjssjw,author::UCWaRixDdpgllTBf4V0jPnKQ,1
author::UC63tFvbQ_hJhGDi2nbjssjw,author::UCgGqw4aqMdMVSGkKiMgrJRQ,1
author::UC63tFvbQ_hJhGDi2nbjssjw,author::UCql1n3Ey6ULMSOACjMe-fxQ,1
author::UC63tFvbQ_hJhGDi2nbjssjw,author::UCZFQwqh90apuL8eFhvRBkUg,1
author::UC63tFvbQ_hJhGDi2nbjssjw,author::UCRfkkatKrNtAARnXMMYBGlA,1
author::UC63tFvbQ_hJhGDi2nbjssjw,author::UCjZgFEowMBrsjodqfovzdKw,1
author::UC63tFvbQ_hJhGDi2nbjssjw,author::UCwxoKK59nGCeBqB2sXfDBIw,1
author::UC63tFvbQ_hJhGDi2nbjssjw,author::UCa36MjQLoPAmgJo-R3G8WQA,1
author::UC63tFvbQ_hJhGDi2nbjssjw,author::UCp29O_C7cchZV8IxV7Crdag,1
author::UC63tFvbQ_hJhGDi2nbjssjw,author::UCV3fr-YOixFKCZBbJP1-X4w,1
author::UC63tFvbQ_hJhGDi2nbjssjw,author::UCFybmWapGvBKcQod7cPPH9w,1
author::UC63tFvbQ_hJhGDi2nbjssjw,author::UCEHXl4VvvVpq-_4xC5tsbhg,1
author::UC63tFvbQ_hJhGDi2nbjssjw,author::UChyps3dqY-VY1_wLeq-2lhw,1
author::UC63tFvbQ_hJhGDi2nbjssjw,author::UCiOZX__1gahg1ypIj0_XG_w,1
author::UC63tFvbQ_hJhGDi2nbjssjw,author::UCvDwJBBY1mHK70aTEYl6rsA,1
author::UC63tFvbQ_hJhGDi2nbjssjw,author::UCfo_yUPzy1f1POwwZxhZ06Q,1
author::UC63tFvbQ_hJhGDi2nbjssjw,author::UCtCtts20bW6F9CSohau51Iw,1
author::UC63tFvbQ_hJhGDi2nbjssjw,author::UCWvntqPQx99k_Z_skWKqNSA,1
author::UC63tFvbQ_hJhGDi2nbjssjw,author::UCzZ6dDCEsLMXbc5pCFXIprw,1
author::UC63tFvbQ_hJhGDi2nbjssjw,author::UCyJhqmMbsvjpoarBBStA2kg,1
author::UC63tFvbQ_hJhGDi2nbjssjw,author::UCaT4saRcyqCLE657Rq2hhZQ,1
author::UC650pRT-OYzny3GwOH8Cgfw,author::UCXgr7vXlRrsaskPdo097kGA,1
author::UC650pRT-OYzny3GwOH8Cgfw,author::UCwO2SXr0ggzwg6QWWrr01nQ,1
author::UC650pRT-OYzny3GwOH8Cgfw,author::UCipetjeiWj4CZB6EbyYziZg,1
author::UC650pRT-OYzny3GwOH8Cgfw,author::UCAlzM_N6xBlMYmM8EBzX86Q,1
author::UC650pRT-OYzny3GwOH8Cgfw,author::UCV0iizTBoOfdAFX_thfI9BA,1
author::UC650pRT-OYzny3GwOH8Cgfw,author::UCWIZUtKJ636y-4TYrNvok0g,1
author::UC650pRT-OYzny3GwOH8Cgfw,author::UCLggDc_a5HriXv7I1h02sOA,1
author::UC650pRT-OYzny3GwOH8Cgfw,author::UCueV9cTyTDwgQSec1x2dYgA,1
author::UC650pRT-OYzny3GwOH8Cgfw,author::UCUIIIPTVDVHAXqhC_5V6lPA,1
author::UC650pRT-OYzny3GwOH8Cgfw,author::UChep9kVb5gQmpodEEl10Xlg,1
author::UC650pRT-OYzny3GwOH8Cgfw,author::UC6PvO1_k5lHKGdAPo5_C6TA,1
author::UC650pRT-OYzny3GwOH8Cgfw,author::UCsJJAvrVGupdmhOqgtDp8dg,1
author::UC650pRT-OYzny3GwOH8Cgfw,author::UCAmtbUiIrUIhikru0ZoTFig,1
author::UC650pRT-OYzny3GwOH8Cgfw,author::UCQ_-LPP8JAbfkc-b1Q6NvWw,1
author::UC650pRT-OYzny3GwOH8Cgfw,author::UCOS8ViEkccrTZx2w2ccxotA,1
author::UC650pRT-OYzny3GwOH8Cgfw,author::UCL1MT278vSaQ83ZDkVWn1gw,1
author::UC650pRT-OYzny3GwOH8Cgfw,author::UCjmPuazZJzscrwvk0QR9RVw,1
author::UC650pRT-OYzny3GwOH8Cgfw,author::UCB5p8a5gklc80jJItP6xTHg,1
author::UC650pRT-OYzny3GwOH8Cgfw,author::UCzoL2l5H5eVlorWGH8AZfAg,1
author::UC650pRT-OYzny3GwOH8Cgfw,author::UCplrIQtaPj6au60_f2-mOYw,1
author::UC650pRT-OYzny3GwOH8Cgfw,author::UCFxE8GbokBrBsPEKM1xrOjQ,1
author::UC650pRT-OYzny3GwOH8Cgfw,author::UC8r11yOugM2NuRfitQOxLLg,1
author::UC650pRT-OYzny3GwOH8Cgfw,author::UCRETAiYdh2dL5ZxB0_N1zDA,1
author::UC650pRT-OYzny3GwOH8Cgfw,author::UCj-LL25XJnjxepPKCc3NGog,1
author::UC650pRT-OYzny3GwOH8Cgfw,author::UCTylKrsqkrBKIqubMu_5N0Q,1
author::UC650pRT-OYzny3GwOH8Cgfw,author::UCZLG9qH0tUjNhEGFIUt0CYw,1
author::UC650pRT-OYzny3GwOH8Cgfw,author::UC8F2V63KZ4ZEay6opX2hAQw,1
author::UC650pRT-OYzny3GwOH8Cgfw,author::UCXXh7yg5KUFIWylTiKVEFKQ,1
author::UC650pRT-OYzny3GwOH8Cgfw,author::UCr1emrogPKkKTs_WTtx71xg,1
author::UC650pRT-OYzny3GwOH8Cgfw,author::UChs3tU2BcKOT0CezykvAsGw,1
author::UC650pRT-OYzny3GwOH8Cgfw,author::UCErZPJpHmLCsXs8ZWkAUupQ,1
author::UC650pRT-OYzny3GwOH8Cgfw,author::UC9xr9QvIcDvoZNUX5f-jaZw,1
author::UC650pRT-OYzny3GwOH8Cgfw,author::UCEgEQmRbtL5fwr9_DqAC--g,1
author::UC650pRT-OYzny3GwOH8Cgfw,author::UCmvOgzmmXbjUthHy-WJ52hQ,1
author::UC650pRT-OYzny3GwOH8Cgfw,author::UCsjs5Hp_r86x1xbK6FAeqaA,1
author::UC650pRT-OYzny3GwOH8Cgfw,author::UCOh6DaZC_x9HASnlRylEMfw,1
author::UC650pRT-OYzny3GwOH8Cgfw,author::UCThW2XNsAaBKme5PUt7n-Zg,1
author::UC650pRT-OYzny3GwOH8Cgfw,author::UCsUCN0Yq_UyTvKjOJLmNrnQ,1
author::UC650pRT-OYzny3GwOH8Cgfw,author::UCjSKM9j0Q7HLDr1hD6D-TUw,1
author::UC650pRT-OYzny3GwOH8Cgfw,author::UCL13XhnRzbGokEkCkEOb0-g,1
author::UC650pRT-OYzny3GwOH8Cgfw,author::UC6YSZqL0vEcI-niPKIMUGfw,1
author::UC650pRT-OYzny3GwOH8Cgfw,author::UCiMythXHsw7eQEMykCdmMUA,1
author::UC650pRT-OYzny3GwOH8Cgfw,author::UCDPWkUX3sNNaCx-m1dV4glA,1
author::UC650pRT-OYzny3GwOH8Cgfw,author::UCQtICyzWmhC5woCtbNgaSmg,1
author::UC650pRT-OYzny3GwOH8Cgfw,author::UCQtSFINs1h6GHkpg9o5kMvg,1
author::UC650pRT-OYzny3GwOH8Cgfw,author::UCSou6a2OuYGSvPjm5psquyA,1
author::UC650pRT-OYzny3GwOH8Cgfw,author::UCYwpX26TrCxq8TvbKGRYLXA,1
author::UC650pRT-OYzny3GwOH8Cgfw,author::UCDQaQv0hr2SS_PO-CMEwVHg,1
author::UC650pRT-OYzny3GwOH8Cgfw,author::UCxff05WuyvwELNITi7bj7UA,1
author::UC650pRT-OYzny3GwOH8Cgfw,author::UCTP3O0rMnc8z8v8jaDQwL0w,1
author::UC650pRT-OYzny3GwOH8Cgfw,author::UCTwSut16JyAg3mX6LVUNGqA,1
author::UC650pRT-OYzny3GwOH8Cgfw,author::UCrJn_rbo_ENAdeqneS-RmRw,1
author::UC650pRT-OYzny3GwOH8Cgfw,author::UCFjudnPLoaSL1BaRuLahyHg,1
author::UC650pRT-OYzny3GwOH8Cgfw,author::UCFUuDARXdmmIrLppEqf-rFg,1
author::UC650pRT-OYzny3GwOH8Cgfw,author::UCl0ekS9Tt0jJGtOEM18S63w,1
author::UC650pRT-OYzny3GwOH8Cgfw,author::UCut6b9S98nv84cVX89PmKzA,1
author::UC650pRT-OYzny3GwOH8Cgfw,author::UCi1b_TRQfgO1Z9O2gNGGWNA,1
author::UC650pRT-OYzny3GwOH8Cgfw,author::UC8G5cJONY8L9voMyBW8Eoug,1
author::UC650pRT-OYzny3GwOH8Cgfw,author::UCYN4wSQ1Sx4_LurxLlW7MPg,1
author::UC650pRT-OYzny3GwOH8Cgfw,author::UCTD6q1nyIe3Y7HhqjaMj72w,1
author::UC650pRT-OYzny3GwOH8Cgfw,author::UCpIdtvoFHVLGASGB5ySqIEA,1
author::UC650pRT-OYzny3GwOH8Cgfw,author::UCGzXwyCzMzGmjmCbH3Hg01Q,1
author::UC650pRT-OYzny3GwOH8Cgfw,author::UCtNfIBnc5S5DbbQj_yxgJTw,1
author::UC650pRT-OYzny3GwOH8Cgfw,author::UC7VUuJr9cGh845CmTvf7TlQ,1
author::UC650pRT-OYzny3GwOH8Cgfw,author::UCHTGCgY2l-DQJIvlA_cpa_Q,1
author::UC650pRT-OYzny3GwOH8Cgfw,author::UCA93ym2TXs_Ibyxb4Vcn-6Q,1
author::UC650pRT-OYzny3GwOH8Cgfw,author::UCQqetiwzzmRNTM5OWuXarGQ,1
author::UC650pRT-OYzny3GwOH8Cgfw,author::UCRelkU8JiZBytTzebJxaa-w,1
author::UC650pRT-OYzny3GwOH8Cgfw,author::UCDlr1VadSucIZgZ171pRBjQ,1
author::UC650pRT-OYzny3GwOH8Cgfw,author::UCgvw7xIdGFupzpt1Y_BFkEA,1
author::UC650pRT-OYzny3GwOH8Cgfw,author::UCpsKOkt5iWTbenzeuq7dsmQ,1
author::UC650pRT-OYzny3GwOH8Cgfw,author::UCwW2OFy95P7ZBkOPxWkpvYg,1
author::UC650pRT-OYzny3GwOH8Cgfw,author::UCDftMWXQoJ6nONfY7GVOVjg,1
author::UC650pRT-OYzny3GwOH8Cgfw,author::UCLFdHr9BEbXHkoJopbEPLZw,1
author::UC650pRT-OYzny3GwOH8Cgfw,author::UCNBnKqWf4d-rS4HwJRQljmQ,1
author::UC650pRT-OYzny3GwOH8Cgfw,author::UCiGRBf2RNF0WRKhRVT7zFoA,1
author::UC650pRT-OYzny3GwOH8Cgfw,author::UCcfdg8crmMJwEuLUsAhV7yg,1
author::UC650pRT-OYzny3GwOH8Cgfw,author::UCkd9W714-947dEE6ZOEBATA,1
author::UC650pRT-OYzny3GwOH8Cgfw,author::UCZ51R_9Q9C0c8I3pAWhtmjQ,1
author::UC650pRT-OYzny3GwOH8Cgfw,author::UCzSfZlOVxBSs5ObD25ywxDQ,1
author::UC650pRT-OYzny3GwOH8Cgfw,author::UCCaYwkkbQGcvFoUmothVdQQ,1
author::UC650pRT-OYzny3GwOH8Cgfw,author::UC72gBAtyb_VXQlYDcFrh6oQ,1
author::UC650pRT-OYzny3GwOH8Cgfw,author::UCDUffaruH6dyUnUGwsTKpgg,1
author::UC650pRT-OYzny3GwOH8Cgfw,author::UCwha8rxULYMVtNwZWeSkE1A,1
author::UC650pRT-OYzny3GwOH8Cgfw,author::UCDIMztpVm7G27qBuiWuT6oQ,1
author::UC650pRT-OYzny3GwOH8Cgfw,author::UChgkn5Jt5tWKYMoEOuCjz3Q,1
author::UC650pRT-OYzny3GwOH8Cgfw,author::UCvApqeCbLod-wejtT4CcVuA,1
author::UC650pRT-OYzny3GwOH8Cgfw,author::UCfM3nrxtTQMY5jFx1v1J4Gg,1
author::UC650pRT-OYzny3GwOH8Cgfw,author::UCRlCV9zSn7avAWh-9_XFWqQ,1
author::UC650pRT-OYzny3GwOH8Cgfw,author::UCFhxtoeARHPnXXPcDrOU3Xg,1
author::UC650pRT-OYzny3GwOH8Cgfw,author::UCNkcuy42zEwddwEcOd_HpnA,1
author::UC650pRT-OYzny3GwOH8Cgfw,author::UCz3gu01bmjNv0DpRq-K3XYg,1
author::UC650pRT-OYzny3GwOH8Cgfw,author::UCFoIAE8k82D6AV-8gjjKaNg,1
author::UC650pRT-OYzny3GwOH8Cgfw,author::UCySYJU5kUh7X8gVt9la2ISA,1
author::UC650pRT-OYzny3GwOH8Cgfw,author::UCQgYjVngJRfPHDLGB5X6ZjA,1
author::UC650pRT-OYzny3GwOH8Cgfw,author::UCHhHUjaMAZ8SiXdCUCj9DkQ,1
author::UC650pRT-OYzny3GwOH8Cgfw,author::UCXSkL3ejZ8qWYyF_M7s_QKA,1
author::UC650pRT-OYzny3GwOH8Cgfw,author::UChZknRmJkeGeQk0-mQuhDOg,1
author::UC650pRT-OYzny3GwOH8Cgfw,author::UCXr8_5WtGeipe4haOoQDgyQ,1
author::UC650pRT-OYzny3GwOH8Cgfw,author::UCljDbleJul41G1TzOjOZAVA,1
author::UC650pRT-OYzny3GwOH8Cgfw,author::UCujPF2nBgsTD62nWE3lcpIg,1
author::UC650pRT-OYzny3GwOH8Cgfw,author::UCmjppp6ujz3SAnULvP3sZMw,1
author::UC650pRT-OYzny3GwOH8Cgfw,author::UCylqlpsh8ENNM1LqgQ1KbxA,1
author::UC650pRT-OYzny3GwOH8Cgfw,author::UCp4iw5_5SmV9VGTFSNVGOmQ,1
author::UC650pRT-OYzny3GwOH8Cgfw,author::UCN6qbfPSzFtjhqUDZ3Cv3CQ,1
author::UC650pRT-OYzny3GwOH8Cgfw,author::UCpl8rF8uv_8uui-QRvuJaRA,1
author::UC650pRT-OYzny3GwOH8Cgfw,author::UC9vMq1YF-e7C-VO0SHkbUTA,1
author::UC650pRT-OYzny3GwOH8Cgfw,author::UCh5ESQvtzyHDhCA7XyekCFA,1
author::UC650pRT-OYzny3GwOH8Cgfw,author::UCsSXdJct-nsS8DsABoEsaYA,1
author::UC650pRT-OYzny3GwOH8Cgfw,author::UCKDR0f2fu2UzWL8mBv5-BHw,1
author::UC650pRT-OYzny3GwOH8Cgfw,author::UCOLGv5Pf6BF2wFcwUzgcvHg,1
author::UC650pRT-OYzny3GwOH8Cgfw,author::UCtUR3_CAiE7fCoZHM6cMfyQ,1
author::UC6PvO1_k5lHKGdAPo5_C6TA,author::UCXgr7vXlRrsaskPdo097kGA,1
author::UC6PvO1_k5lHKGdAPo5_C6TA,author::UCwO2SXr0ggzwg6QWWrr01nQ,1
author::UC6PvO1_k5lHKGdAPo5_C6TA,author::UCipetjeiWj4CZB6EbyYziZg,1
author::UC6PvO1_k5lHKGdAPo5_C6TA,author::UCAlzM_N6xBlMYmM8EBzX86Q,1
author::UC6PvO1_k5lHKGdAPo5_C6TA,author::UCV0iizTBoOfdAFX_thfI9BA,1
author::UC6PvO1_k5lHKGdAPo5_C6TA,author::UCWIZUtKJ636y-4TYrNvok0g,1
author::UC6PvO1_k5lHKGdAPo5_C6TA,author::UCLggDc_a5HriXv7I1h02sOA,1
author::UC6PvO1_k5lHKGdAPo5_C6TA,author::UCueV9cTyTDwgQSec1x2dYgA,1
author::UC6PvO1_k5lHKGdAPo5_C6TA,author::UCUIIIPTVDVHAXqhC_5V6lPA,1
author::UC6PvO1_k5lHKGdAPo5_C6TA,author::UChep9kVb5gQmpodEEl10Xlg,1
author::UC6PvO1_k5lHKGdAPo5_C6TA,author::UCsJJAvrVGupdmhOqgtDp8dg,1
author::UC6PvO1_k5lHKGdAPo5_C6TA,author::UCAmtbUiIrUIhikru0ZoTFig,1
author::UC6PvO1_k5lHKGdAPo5_C6TA,author::UCQ_-LPP8JAbfkc-b1Q6NvWw,1
author::UC6PvO1_k5lHKGdAPo5_C6TA,author::UCOS8ViEkccrTZx2w2ccxotA,1
author::UC6PvO1_k5lHKGdAPo5_C6TA,author::UCL1MT278vSaQ83ZDkVWn1gw,1
author::UC6PvO1_k5lHKGdAPo5_C6TA,author::UCjmPuazZJzscrwvk0QR9RVw,1
author::UC6PvO1_k5lHKGdAPo5_C6TA,author::UCB5p8a5gklc80jJItP6xTHg,1
author::UC6PvO1_k5lHKGdAPo5_C6TA,author::UCzoL2l5H5eVlorWGH8AZfAg,1
author::UC6PvO1_k5lHKGdAPo5_C6TA,author::UCplrIQtaPj6au60_f2-mOYw,1
author::UC6PvO1_k5lHKGdAPo5_C6TA,author::UCFxE8GbokBrBsPEKM1xrOjQ,1
author::UC6PvO1_k5lHKGdAPo5_C6TA,author::UC8r11yOugM2NuRfitQOxLLg,1
author::UC6PvO1_k5lHKGdAPo5_C6TA,author::UCRETAiYdh2dL5ZxB0_N1zDA,1
author::UC6PvO1_k5lHKGdAPo5_C6TA,author::UCj-LL25XJnjxepPKCc3NGog,1
author::UC6PvO1_k5lHKGdAPo5_C6TA,author::UCTylKrsqkrBKIqubMu_5N0Q,1
author::UC6PvO1_k5lHKGdAPo5_C6TA,author::UCZLG9qH0tUjNhEGFIUt0CYw,1
author::UC6PvO1_k5lHKGdAPo5_C6TA,author::UC8F2V63KZ4ZEay6opX2hAQw,1
author::UC6PvO1_k5lHKGdAPo5_C6TA,author::UCXXh7yg5KUFIWylTiKVEFKQ,1
author::UC6PvO1_k5lHKGdAPo5_C6TA,author::UCr1emrogPKkKTs_WTtx71xg,1
author::UC6PvO1_k5lHKGdAPo5_C6TA,author::UChs3tU2BcKOT0CezykvAsGw,1
author::UC6PvO1_k5lHKGdAPo5_C6TA,author::UCErZPJpHmLCsXs8ZWkAUupQ,1
author::UC6PvO1_k5lHKGdAPo5_C6TA,author::UC9xr9QvIcDvoZNUX5f-jaZw,1
author::UC6PvO1_k5lHKGdAPo5_C6TA,author::UCEgEQmRbtL5fwr9_DqAC--g,1
author::UC6PvO1_k5lHKGdAPo5_C6TA,author::UCmvOgzmmXbjUthHy-WJ52hQ,1
author::UC6PvO1_k5lHKGdAPo5_C6TA,author::UCsjs5Hp_r86x1xbK6FAeqaA,1
author::UC6PvO1_k5lHKGdAPo5_C6TA,author::UCOh6DaZC_x9HASnlRylEMfw,1
author::UC6PvO1_k5lHKGdAPo5_C6TA,author::UCThW2XNsAaBKme5PUt7n-Zg,1
author::UC6PvO1_k5lHKGdAPo5_C6TA,author::UCsUCN0Yq_UyTvKjOJLmNrnQ,1
author::UC6PvO1_k5lHKGdAPo5_C6TA,author::UCjSKM9j0Q7HLDr1hD6D-TUw,1
author::UC6PvO1_k5lHKGdAPo5_C6TA,author::UCL13XhnRzbGokEkCkEOb0-g,1
author::UC6PvO1_k5lHKGdAPo5_C6TA,author::UC6YSZqL0vEcI-niPKIMUGfw,1
author::UC6PvO1_k5lHKGdAPo5_C6TA,author::UCiMythXHsw7eQEMykCdmMUA,1
author::UC6PvO1_k5lHKGdAPo5_C6TA,author::UCDPWkUX3sNNaCx-m1dV4glA,1
author::UC6PvO1_k5lHKGdAPo5_C6TA,author::UCQtICyzWmhC5woCtbNgaSmg,1
author::UC6PvO1_k5lHKGdAPo5_C6TA,author::UCQtSFINs1h6GHkpg9o5kMvg,1
author::UC6PvO1_k5lHKGdAPo5_C6TA,author::UCSou6a2OuYGSvPjm5psquyA,1
author::UC6PvO1_k5lHKGdAPo5_C6TA,author::UCYwpX26TrCxq8TvbKGRYLXA,1
author::UC6PvO1_k5lHKGdAPo5_C6TA,author::UCDQaQv0hr2SS_PO-CMEwVHg,1
author::UC6PvO1_k5lHKGdAPo5_C6TA,author::UCxff05WuyvwELNITi7bj7UA,1
author::UC6PvO1_k5lHKGdAPo5_C6TA,author::UCTP3O0rMnc8z8v8jaDQwL0w,1
author::UC6PvO1_k5lHKGdAPo5_C6TA,author::UCTwSut16JyAg3mX6LVUNGqA,1
author::UC6PvO1_k5lHKGdAPo5_C6TA,author::UCrJn_rbo_ENAdeqneS-RmRw,1
author::UC6PvO1_k5lHKGdAPo5_C6TA,author::UCFjudnPLoaSL1BaRuLahyHg,1
author::UC6PvO1_k5lHKGdAPo5_C6TA,author::UCFUuDARXdmmIrLppEqf-rFg,1
author::UC6PvO1_k5lHKGdAPo5_C6TA,author::UCl0ekS9Tt0jJGtOEM18S63w,1
author::UC6PvO1_k5lHKGdAPo5_C6TA,author::UCut6b9S98nv84cVX89PmKzA,1
author::UC6PvO1_k5lHKGdAPo5_C6TA,author::UCi1b_TRQfgO1Z9O2gNGGWNA,1
author::UC6PvO1_k5lHKGdAPo5_C6TA,author::UC8G5cJONY8L9voMyBW8Eoug,1
author::UC6PvO1_k5lHKGdAPo5_C6TA,author::UCYN4wSQ1Sx4_LurxLlW7MPg,1
author::UC6PvO1_k5lHKGdAPo5_C6TA,author::UCTD6q1nyIe3Y7HhqjaMj72w,1
author::UC6PvO1_k5lHKGdAPo5_C6TA,author::UCpIdtvoFHVLGASGB5ySqIEA,1
author::UC6PvO1_k5lHKGdAPo5_C6TA,author::UCGzXwyCzMzGmjmCbH3Hg01Q,1
author::UC6PvO1_k5lHKGdAPo5_C6TA,author::UCtNfIBnc5S5DbbQj_yxgJTw,1
author::UC6PvO1_k5lHKGdAPo5_C6TA,author::UC7VUuJr9cGh845CmTvf7TlQ,1
author::UC6PvO1_k5lHKGdAPo5_C6TA,author::UCHTGCgY2l-DQJIvlA_cpa_Q,1
author::UC6PvO1_k5lHKGdAPo5_C6TA,author::UCA93ym2TXs_Ibyxb4Vcn-6Q,1
author::UC6PvO1_k5lHKGdAPo5_C6TA,author::UCQqetiwzzmRNTM5OWuXarGQ,1
author::UC6PvO1_k5lHKGdAPo5_C6TA,author::UCRelkU8JiZBytTzebJxaa-w,1
author::UC6PvO1_k5lHKGdAPo5_C6TA,author::UCDlr1VadSucIZgZ171pRBjQ,1
author::UC6PvO1_k5lHKGdAPo5_C6TA,author::UCgvw7xIdGFupzpt1Y_BFkEA,1
author::UC6PvO1_k5lHKGdAPo5_C6TA,author::UCpsKOkt5iWTbenzeuq7dsmQ,1
author::UC6PvO1_k5lHKGdAPo5_C6TA,author::UCwW2OFy95P7ZBkOPxWkpvYg,1
author::UC6PvO1_k5lHKGdAPo5_C6TA,author::UCDftMWXQoJ6nONfY7GVOVjg,1
author::UC6PvO1_k5lHKGdAPo5_C6TA,author::UCLFdHr9BEbXHkoJopbEPLZw,1
author::UC6PvO1_k5lHKGdAPo5_C6TA,author::UCNBnKqWf4d-rS4HwJRQljmQ,1
author::UC6PvO1_k5lHKGdAPo5_C6TA,author::UCiGRBf2RNF0WRKhRVT7zFoA,1
author::UC6PvO1_k5lHKGdAPo5_C6TA,author::UCcfdg8crmMJwEuLUsAhV7yg,1
author::UC6PvO1_k5lHKGdAPo5_C6TA,author::UCkd9W714-947dEE6ZOEBATA,1
author::UC6PvO1_k5lHKGdAPo5_C6TA,author::UCZ51R_9Q9C0c8I3pAWhtmjQ,1
author::UC6PvO1_k5lHKGdAPo5_C6TA,author::UCzSfZlOVxBSs5ObD25ywxDQ,1
author::UC6PvO1_k5lHKGdAPo5_C6TA,author::UCCaYwkkbQGcvFoUmothVdQQ,1
author::UC6PvO1_k5lHKGdAPo5_C6TA,author::UC72gBAtyb_VXQlYDcFrh6oQ,1
author::UC6PvO1_k5lHKGdAPo5_C6TA,author::UCDUffaruH6dyUnUGwsTKpgg,1
author::UC6PvO1_k5lHKGdAPo5_C6TA,author::UCwha8rxULYMVtNwZWeSkE1A,1
author::UC6PvO1_k5lHKGdAPo5_C6TA,author::UCDIMztpVm7G27qBuiWuT6oQ,1
author::UC6PvO1_k5lHKGdAPo5_C6TA,author::UChgkn5Jt5tWKYMoEOuCjz3Q,1
author::UC6PvO1_k5lHKGdAPo5_C6TA,author::UCvApqeCbLod-wejtT4CcVuA,1
author::UC6PvO1_k5lHKGdAPo5_C6TA,author::UCfM3nrxtTQMY5jFx1v1J4Gg,1
author::UC6PvO1_k5lHKGdAPo5_C6TA,author::UCRlCV9zSn7avAWh-9_XFWqQ,1
author::UC6PvO1_k5lHKGdAPo5_C6TA,author::UCFhxtoeARHPnXXPcDrOU3Xg,1
author::UC6PvO1_k5lHKGdAPo5_C6TA,author::UCNkcuy42zEwddwEcOd_HpnA,1
author::UC6PvO1_k5lHKGdAPo5_C6TA,author::UCz3gu01bmjNv0DpRq-K3XYg,1
author::UC6PvO1_k5lHKGdAPo5_C6TA,author::UCFoIAE8k82D6AV-8gjjKaNg,1
author::UC6PvO1_k5lHKGdAPo5_C6TA,author::UCySYJU5kUh7X8gVt9la2ISA,1
author::UC6PvO1_k5lHKGdAPo5_C6TA,author::UCQgYjVngJRfPHDLGB5X6ZjA,1
author::UC6PvO1_k5lHKGdAPo5_C6TA,author::UCHhHUjaMAZ8SiXdCUCj9DkQ,1
author::UC6PvO1_k5lHKGdAPo5_C6TA,author::UCXSkL3ejZ8qWYyF_M7s_QKA,1
author::UC6PvO1_k5lHKGdAPo5_C6TA,author::UChZknRmJkeGeQk0-mQuhDOg,1
author::UC6PvO1_k5lHKGdAPo5_C6TA,author::UCXr8_5WtGeipe4haOoQDgyQ,1
author::UC6PvO1_k5lHKGdAPo5_C6TA,author::UCljDbleJul41G1TzOjOZAVA,1
author::UC6PvO1_k5lHKGdAPo5_C6TA,author::UCujPF2nBgsTD62nWE3lcpIg,1
author::UC6PvO1_k5lHKGdAPo5_C6TA,author::UCmjppp6ujz3SAnULvP3sZMw,1
author::UC6PvO1_k5lHKGdAPo5_C6TA,author::UCylqlpsh8ENNM1LqgQ1KbxA,1
author::UC6PvO1_k5lHKGdAPo5_C6TA,author::UCp4iw5_5SmV9VGTFSNVGOmQ,1
author::UC6PvO1_k5lHKGdAPo5_C6TA,author::UCN6qbfPSzFtjhqUDZ3Cv3CQ,1
author::UC6PvO1_k5lHKGdAPo5_C6TA,author::UCpl8rF8uv_8uui-QRvuJaRA,1
author::UC6PvO1_k5lHKGdAPo5_C6TA,author::UC9vMq1YF-e7C-VO0SHkbUTA,1
author::UC6PvO1_k5lHKGdAPo5_C6TA,author::UCh5ESQvtzyHDhCA7XyekCFA,1
author::UC6PvO1_k5lHKGdAPo5_C6TA,author::UCsSXdJct-nsS8DsABoEsaYA,1
author::UC6PvO1_k5lHKGdAPo5_C6TA,author::UCKDR0f2fu2UzWL8mBv5-BHw,1
author::UC6PvO1_k5lHKGdAPo5_C6TA,author::UCOLGv5Pf6BF2wFcwUzgcvHg,1
author::UC6PvO1_k5lHKGdAPo5_C6TA,author::UCtUR3_CAiE7fCoZHM6cMfyQ,1
author::UC6Uj1FT5JjDSF8vudvDxPAA,author::UCRAquv8el-tQ30bN7MlmySQ,1
author::UC6Uj1FT5JjDSF8vudvDxPAA,author::UC816IGbFCZinfYS1LRDaaHg,1
author::UC6Uj1FT5JjDSF8vudvDxPAA,author::UCwgCc9Jd_gG-uLE_SY-FfPg,1
author::UC6Uj1FT5JjDSF8vudvDxPAA,author::UCRvPToDkkumha7WJAfCDk1A,1
author::UC6Uj1FT5JjDSF8vudvDxPAA,author::UColMq7LmaoY3MT6aIDGrGvA,1
author::UC6Uj1FT5JjDSF8vudvDxPAA,author::UCiC-Jn7wdgyQV4_Urk0DkWQ,1
author::UC6Uj1FT5JjDSF8vudvDxPAA,author::UCgQw_Sbq3ugruDUKsq1e0-A,1
author::UC6Uj1FT5JjDSF8vudvDxPAA,author::UCAKuKvcbfnBD3kF5njNu-IA,1
author::UC6Uj1FT5JjDSF8vudvDxPAA,author::UCdFlugHJJa4l3YqWuNRmvXw,1
author::UC6Uj1FT5JjDSF8vudvDxPAA,author::UCHbwIx9pmQuf7i-4_xO2EpA,1
author::UC6Uj1FT5JjDSF8vudvDxPAA,author::UCeDNEtI8_a42bZ47wJiJMwQ,1
author::UC6Uj1FT5JjDSF8vudvDxPAA,author::UC7dadZG7kkGYnsNu6td0FbA,1
author::UC6Uj1FT5JjDSF8vudvDxPAA,author::UCu8_3-Wg-YzNyvHYQDEscfw,1
author::UC6Uj1FT5JjDSF8vudvDxPAA,author::UCDrmf9y9nLgFY5wnA2hTuGA,1
author::UC6Uj1FT5JjDSF8vudvDxPAA,author::UCQqlPPUGqAfWjd-FSh_qn7Q,1
author::UC6Uj1FT5JjDSF8vudvDxPAA,author::UCkVtmkK07b2zaVVNssX4lOg,1
author::UC6Uj1FT5JjDSF8vudvDxPAA,author::UCqCrvuoJpC-aVb0f4logQRQ,1
author::UC6Uj1FT5JjDSF8vudvDxPAA,author::UCsGoJEvb-cFPZ2rWoJcXzEQ,1
author::UC6Uj1FT5JjDSF8vudvDxPAA,author::UCuXmOjxC-htcprLgeVXz6Tg,1
author::UC6Uj1FT5JjDSF8vudvDxPAA,author::UCWoAVGVqCn4xtINCMOTM4jg,1
author::UC6Uj1FT5JjDSF8vudvDxPAA,author::UClqA491Xa5fQcXcJJa-vTWw,1
author::UC6Uj1FT5JjDSF8vudvDxPAA,author::UCQyOePccUP-fIJYzchAgZYw,1
author::UC6Uj1FT5JjDSF8vudvDxPAA,author::UC95PSMouTx2N5CbSq0hIyrQ,1
author::UC6Uj1FT5JjDSF8vudvDxPAA,author::UCV0lM03g5fg5pbPj97-sAtA,1
author::UC6Uj1FT5JjDSF8vudvDxPAA,author::UC_LYoGs5C3mbZKZuKuqYCvw,1
author::UC6Uj1FT5JjDSF8vudvDxPAA,author::UCgJNFj5dnxXpcMvmuhZDPxA,1
author::UC6Uj1FT5JjDSF8vudvDxPAA,author::UCpsKOkt5iWTbenzeuq7dsmQ,1
author::UC6Uj1FT5JjDSF8vudvDxPAA,author::UCkbsS_3D-pvg1iHOld9uvIg,1
author::UC6Uj1FT5JjDSF8vudvDxPAA,author::UCCBYcToQ2dwkd6TJh0FSyDg,1
author::UC6Uj1FT5JjDSF8vudvDxPAA,author::UCGGHbtfbbe0o68etrOf0qxw,1
author::UC6Uj1FT5JjDSF8vudvDxPAA,author::UCOcUI5XkTYNMSFhZNMIPpGg,1
author::UC6Uj1FT5JjDSF8vudvDxPAA,author::UCW-JC6lebVmf2P1dmY_L94g,1
author::UC6Uj1FT5JjDSF8vudvDxPAA,author::UCwjUvRseNtJoItylIyIez7Q,1
author::UC6Uj1FT5JjDSF8vudvDxPAA,author::UClhMWQ7XKWywYvbRnuf8QsA,1
author::UC6Uj1FT5JjDSF8vudvDxPAA,author::UCe8JZoYkX5oKUZyivHYdXhw,1
author::UC6Uj1FT5JjDSF8vudvDxPAA,author::UCaKAjTW9MVub_clgr4DRYjQ,1
author::UC6Uj1FT5JjDSF8vudvDxPAA,author::UCpe5jW3MIqkgTJ-PgkzvM6Q,1
author::UC6Uj1FT5JjDSF8vudvDxPAA,author::UCylqlpsh8ENNM1LqgQ1KbxA,1
author::UC6Uj1FT5JjDSF8vudvDxPAA,author::UCZeIIQrGAedW8tCbKWmGY-A,1
author::UC6Uj1FT5JjDSF8vudvDxPAA,author::UCW80DaMjQlEUibC98Cot-Dg,1
author::UC6Uj1FT5JjDSF8vudvDxPAA,author::UCUoYsrx1oZnCZ0usbBJn4fA,1
author::UC6Uj1FT5JjDSF8vudvDxPAA,author::UCNpt5CQlTzNjlAKY6CJtClQ,1
author::UC6YSZqL0vEcI-niPKIMUGfw,author::UCXgr7vXlRrsaskPdo097kGA,1
author::UC6YSZqL0vEcI-niPKIMUGfw,author::UCwO2SXr0ggzwg6QWWrr01nQ,1
author::UC6YSZqL0vEcI-niPKIMUGfw,author::UCipetjeiWj4CZB6EbyYziZg,1
author::UC6YSZqL0vEcI-niPKIMUGfw,author::UCAlzM_N6xBlMYmM8EBzX86Q,1
author::UC6YSZqL0vEcI-niPKIMUGfw,author::UCV0iizTBoOfdAFX_thfI9BA,1
author::UC6YSZqL0vEcI-niPKIMUGfw,author::UCWIZUtKJ636y-4TYrNvok0g,1
author::UC6YSZqL0vEcI-niPKIMUGfw,author::UCLggDc_a5HriXv7I1h02sOA,1
author::UC6YSZqL0vEcI-niPKIMUGfw,author::UCueV9cTyTDwgQSec1x2dYgA,1
author::UC6YSZqL0vEcI-niPKIMUGfw,author::UCUIIIPTVDVHAXqhC_5V6lPA,1
author::UC6YSZqL0vEcI-niPKIMUGfw,author::UChep9kVb5gQmpodEEl10Xlg,1
author::UC6YSZqL0vEcI-niPKIMUGfw,author::UCsJJAvrVGupdmhOqgtDp8dg,1
author::UC6YSZqL0vEcI-niPKIMUGfw,author::UCAmtbUiIrUIhikru0ZoTFig,1
author::UC6YSZqL0vEcI-niPKIMUGfw,author::UCQ_-LPP8JAbfkc-b1Q6NvWw,1
author::UC6YSZqL0vEcI-niPKIMUGfw,author::UCOS8ViEkccrTZx2w2ccxotA,1
author::UC6YSZqL0vEcI-niPKIMUGfw,author::UCL1MT278vSaQ83ZDkVWn1gw,1
author::UC6YSZqL0vEcI-niPKIMUGfw,author::UCjmPuazZJzscrwvk0QR9RVw,1
author::UC6YSZqL0vEcI-niPKIMUGfw,author::UCB5p8a5gklc80jJItP6xTHg,1
author::UC6YSZqL0vEcI-niPKIMUGfw,author::UCzoL2l5H5eVlorWGH8AZfAg,1
author::UC6YSZqL0vEcI-niPKIMUGfw,author::UCplrIQtaPj6au60_f2-mOYw,1
author::UC6YSZqL0vEcI-niPKIMUGfw,author::UCFxE8GbokBrBsPEKM1xrOjQ,1
author::UC6YSZqL0vEcI-niPKIMUGfw,author::UC8r11yOugM2NuRfitQOxLLg,1
author::UC6YSZqL0vEcI-niPKIMUGfw,author::UCRETAiYdh2dL5ZxB0_N1zDA,1
author::UC6YSZqL0vEcI-niPKIMUGfw,author::UCj-LL25XJnjxepPKCc3NGog,1
author::UC6YSZqL0vEcI-niPKIMUGfw,author::UCTylKrsqkrBKIqubMu_5N0Q,1
author::UC6YSZqL0vEcI-niPKIMUGfw,author::UCZLG9qH0tUjNhEGFIUt0CYw,1
author::UC6YSZqL0vEcI-niPKIMUGfw,author::UC8F2V63KZ4ZEay6opX2hAQw,1
author::UC6YSZqL0vEcI-niPKIMUGfw,author::UCXXh7yg5KUFIWylTiKVEFKQ,1
author::UC6YSZqL0vEcI-niPKIMUGfw,author::UCr1emrogPKkKTs_WTtx71xg,1
author::UC6YSZqL0vEcI-niPKIMUGfw,author::UChs3tU2BcKOT0CezykvAsGw,1
author::UC6YSZqL0vEcI-niPKIMUGfw,author::UCErZPJpHmLCsXs8ZWkAUupQ,1
author::UC6YSZqL0vEcI-niPKIMUGfw,author::UC9xr9QvIcDvoZNUX5f-jaZw,1
author::UC6YSZqL0vEcI-niPKIMUGfw,author::UCEgEQmRbtL5fwr9_DqAC--g,1
author::UC6YSZqL0vEcI-niPKIMUGfw,author::UCmvOgzmmXbjUthHy-WJ52hQ,1
author::UC6YSZqL0vEcI-niPKIMUGfw,author::UCsjs5Hp_r86x1xbK6FAeqaA,1
author::UC6YSZqL0vEcI-niPKIMUGfw,author::UCOh6DaZC_x9HASnlRylEMfw,1
author::UC6YSZqL0vEcI-niPKIMUGfw,author::UCThW2XNsAaBKme5PUt7n-Zg,1
author::UC6YSZqL0vEcI-niPKIMUGfw,author::UCsUCN0Yq_UyTvKjOJLmNrnQ,1
author::UC6YSZqL0vEcI-niPKIMUGfw,author::UCjSKM9j0Q7HLDr1hD6D-TUw,1
author::UC6YSZqL0vEcI-niPKIMUGfw,author::UCL13XhnRzbGokEkCkEOb0-g,1
author::UC6YSZqL0vEcI-niPKIMUGfw,author::UCiMythXHsw7eQEMykCdmMUA,1
author::UC6YSZqL0vEcI-niPKIMUGfw,author::UCDPWkUX3sNNaCx-m1dV4glA,1
author::UC6YSZqL0vEcI-niPKIMUGfw,author::UCQtICyzWmhC5woCtbNgaSmg,1
author::UC6YSZqL0vEcI-niPKIMUGfw,author::UCQtSFINs1h6GHkpg9o5kMvg,1
author::UC6YSZqL0vEcI-niPKIMUGfw,author::UCSou6a2OuYGSvPjm5psquyA,1
author::UC6YSZqL0vEcI-niPKIMUGfw,author::UCYwpX26TrCxq8TvbKGRYLXA,1
author::UC6YSZqL0vEcI-niPKIMUGfw,author::UCDQaQv0hr2SS_PO-CMEwVHg,1
author::UC6YSZqL0vEcI-niPKIMUGfw,author::UCxff05WuyvwELNITi7bj7UA,1
author::UC6YSZqL0vEcI-niPKIMUGfw,author::UCTP3O0rMnc8z8v8jaDQwL0w,1
author::UC6YSZqL0vEcI-niPKIMUGfw,author::UCTwSut16JyAg3mX6LVUNGqA,1
author::UC6YSZqL0vEcI-niPKIMUGfw,author::UCrJn_rbo_ENAdeqneS-RmRw,1
author::UC6YSZqL0vEcI-niPKIMUGfw,author::UCFjudnPLoaSL1BaRuLahyHg,1
author::UC6YSZqL0vEcI-niPKIMUGfw,author::UCFUuDARXdmmIrLppEqf-rFg,1
author::UC6YSZqL0vEcI-niPKIMUGfw,author::UCl0ekS9Tt0jJGtOEM18S63w,1
author::UC6YSZqL0vEcI-niPKIMUGfw,author::UCut6b9S98nv84cVX89PmKzA,1
author::UC6YSZqL0vEcI-niPKIMUGfw,author::UCi1b_TRQfgO1Z9O2gNGGWNA,1
author::UC6YSZqL0vEcI-niPKIMUGfw,author::UC8G5cJONY8L9voMyBW8Eoug,1
author::UC6YSZqL0vEcI-niPKIMUGfw,author::UCYN4wSQ1Sx4_LurxLlW7MPg,1
author::UC6YSZqL0vEcI-niPKIMUGfw,author::UCTD6q1nyIe3Y7HhqjaMj72w,1
author::UC6YSZqL0vEcI-niPKIMUGfw,author::UCpIdtvoFHVLGASGB5ySqIEA,1
author::UC6YSZqL0vEcI-niPKIMUGfw,author::UCGzXwyCzMzGmjmCbH3Hg01Q,1
author::UC6YSZqL0vEcI-niPKIMUGfw,author::UCtNfIBnc5S5DbbQj_yxgJTw,1
author::UC6YSZqL0vEcI-niPKIMUGfw,author::UC7VUuJr9cGh845CmTvf7TlQ,1
author::UC6YSZqL0vEcI-niPKIMUGfw,author::UCHTGCgY2l-DQJIvlA_cpa_Q,1
author::UC6YSZqL0vEcI-niPKIMUGfw,author::UCA93ym2TXs_Ibyxb4Vcn-6Q,1
author::UC6YSZqL0vEcI-niPKIMUGfw,author::UCQqetiwzzmRNTM5OWuXarGQ,1
author::UC6YSZqL0vEcI-niPKIMUGfw,author::UCRelkU8JiZBytTzebJxaa-w,1
author::UC6YSZqL0vEcI-niPKIMUGfw,author::UCDlr1VadSucIZgZ171pRBjQ,1
author::UC6YSZqL0vEcI-niPKIMUGfw,author::UCgvw7xIdGFupzpt1Y_BFkEA,1
author::UC6YSZqL0vEcI-niPKIMUGfw,author::UCpsKOkt5iWTbenzeuq7dsmQ,1
author::UC6YSZqL0vEcI-niPKIMUGfw,author::UCwW2OFy95P7ZBkOPxWkpvYg,1
author::UC6YSZqL0vEcI-niPKIMUGfw,author::UCDftMWXQoJ6nONfY7GVOVjg,1
author::UC6YSZqL0vEcI-niPKIMUGfw,author::UCLFdHr9BEbXHkoJopbEPLZw,1
author::UC6YSZqL0vEcI-niPKIMUGfw,author::UCNBnKqWf4d-rS4HwJRQljmQ,1
author::UC6YSZqL0vEcI-niPKIMUGfw,author::UCiGRBf2RNF0WRKhRVT7zFoA,1
author::UC6YSZqL0vEcI-niPKIMUGfw,author::UCcfdg8crmMJwEuLUsAhV7yg,1
author::UC6YSZqL0vEcI-niPKIMUGfw,author::UCkd9W714-947dEE6ZOEBATA,1
author::UC6YSZqL0vEcI-niPKIMUGfw,author::UCZ51R_9Q9C0c8I3pAWhtmjQ,1
author::UC6YSZqL0vEcI-niPKIMUGfw,author::UCzSfZlOVxBSs5ObD25ywxDQ,1
author::UC6YSZqL0vEcI-niPKIMUGfw,author::UCCaYwkkbQGcvFoUmothVdQQ,1
author::UC6YSZqL0vEcI-niPKIMUGfw,author::UC72gBAtyb_VXQlYDcFrh6oQ,1
author::UC6YSZqL0vEcI-niPKIMUGfw,author::UCDUffaruH6dyUnUGwsTKpgg,1
author::UC6YSZqL0vEcI-niPKIMUGfw,author::UCwha8rxULYMVtNwZWeSkE1A,1
author::UC6YSZqL0vEcI-niPKIMUGfw,author::UCDIMztpVm7G27qBuiWuT6oQ,1
author::UC6YSZqL0vEcI-niPKIMUGfw,author::UChgkn5Jt5tWKYMoEOuCjz3Q,1
author::UC6YSZqL0vEcI-niPKIMUGfw,author::UCvApqeCbLod-wejtT4CcVuA,1
author::UC6YSZqL0vEcI-niPKIMUGfw,author::UCfM3nrxtTQMY5jFx1v1J4Gg,1
author::UC6YSZqL0vEcI-niPKIMUGfw,author::UCRlCV9zSn7avAWh-9_XFWqQ,1
author::UC6YSZqL0vEcI-niPKIMUGfw,author::UCFhxtoeARHPnXXPcDrOU3Xg,1
author::UC6YSZqL0vEcI-niPKIMUGfw,author::UCNkcuy42zEwddwEcOd_HpnA,1
author::UC6YSZqL0vEcI-niPKIMUGfw,author::UCz3gu01bmjNv0DpRq-K3XYg,1
author::UC6YSZqL0vEcI-niPKIMUGfw,author::UCFoIAE8k82D6AV-8gjjKaNg,1
author::UC6YSZqL0vEcI-niPKIMUGfw,author::UCySYJU5kUh7X8gVt9la2ISA,1
author::UC6YSZqL0vEcI-niPKIMUGfw,author::UCQgYjVngJRfPHDLGB5X6ZjA,1
author::UC6YSZqL0vEcI-niPKIMUGfw,author::UCHhHUjaMAZ8SiXdCUCj9DkQ,1
author::UC6YSZqL0vEcI-niPKIMUGfw,author::UCXSkL3ejZ8qWYyF_M7s_QKA,1
author::UC6YSZqL0vEcI-niPKIMUGfw,author::UChZknRmJkeGeQk0-mQuhDOg,1
author::UC6YSZqL0vEcI-niPKIMUGfw,author::UCXr8_5WtGeipe4haOoQDgyQ,1
author::UC6YSZqL0vEcI-niPKIMUGfw,author::UCljDbleJul41G1TzOjOZAVA,1
author::UC6YSZqL0vEcI-niPKIMUGfw,author::UCujPF2nBgsTD62nWE3lcpIg,1
author::UC6YSZqL0vEcI-niPKIMUGfw,author::UCmjppp6ujz3SAnULvP3sZMw,1
author::UC6YSZqL0vEcI-niPKIMUGfw,author::UCylqlpsh8ENNM1LqgQ1KbxA,1
author::UC6YSZqL0vEcI-niPKIMUGfw,author::UCp4iw5_5SmV9VGTFSNVGOmQ,1
author::UC6YSZqL0vEcI-niPKIMUGfw,author::UCN6qbfPSzFtjhqUDZ3Cv3CQ,1
author::UC6YSZqL0vEcI-niPKIMUGfw,author::UCpl8rF8uv_8uui-QRvuJaRA,1
author::UC6YSZqL0vEcI-niPKIMUGfw,author::UC9vMq1YF-e7C-VO0SHkbUTA,1
author::UC6YSZqL0vEcI-niPKIMUGfw,author::UCh5ESQvtzyHDhCA7XyekCFA,1
author::UC6YSZqL0vEcI-niPKIMUGfw,author::UCsSXdJct-nsS8DsABoEsaYA,1
author::UC6YSZqL0vEcI-niPKIMUGfw,author::UCKDR0f2fu2UzWL8mBv5-BHw,1
author::UC6YSZqL0vEcI-niPKIMUGfw,author::UCOLGv5Pf6BF2wFcwUzgcvHg,1
author::UC6YSZqL0vEcI-niPKIMUGfw,author::UCtUR3_CAiE7fCoZHM6cMfyQ,1
author::UC72gBAtyb_VXQlYDcFrh6oQ,author::UCXgr7vXlRrsaskPdo097kGA,1
author::UC72gBAtyb_VXQlYDcFrh6oQ,author::UCwO2SXr0ggzwg6QWWrr01nQ,1
author::UC72gBAtyb_VXQlYDcFrh6oQ,author::UCipetjeiWj4CZB6EbyYziZg,1
author::UC72gBAtyb_VXQlYDcFrh6oQ,author::UCAlzM_N6xBlMYmM8EBzX86Q,1
author::UC72gBAtyb_VXQlYDcFrh6oQ,author::UCV0iizTBoOfdAFX_thfI9BA,1
author::UC72gBAtyb_VXQlYDcFrh6oQ,author::UCWIZUtKJ636y-4TYrNvok0g,1
author::UC72gBAtyb_VXQlYDcFrh6oQ,author::UCLggDc_a5HriXv7I1h02sOA,1
author::UC72gBAtyb_VXQlYDcFrh6oQ,author::UCueV9cTyTDwgQSec1x2dYgA,1
author::UC72gBAtyb_VXQlYDcFrh6oQ,author::UCUIIIPTVDVHAXqhC_5V6lPA,1
author::UC72gBAtyb_VXQlYDcFrh6oQ,author::UChep9kVb5gQmpodEEl10Xlg,1
author::UC72gBAtyb_VXQlYDcFrh6oQ,author::UCsJJAvrVGupdmhOqgtDp8dg,1
author::UC72gBAtyb_VXQlYDcFrh6oQ,author::UCAmtbUiIrUIhikru0ZoTFig,1
author::UC72gBAtyb_VXQlYDcFrh6oQ,author::UCQ_-LPP8JAbfkc-b1Q6NvWw,1
author::UC72gBAtyb_VXQlYDcFrh6oQ,author::UCOS8ViEkccrTZx2w2ccxotA,1
author::UC72gBAtyb_VXQlYDcFrh6oQ,author::UCL1MT278vSaQ83ZDkVWn1gw,1
author::UC72gBAtyb_VXQlYDcFrh6oQ,author::UCjmPuazZJzscrwvk0QR9RVw,1
author::UC72gBAtyb_VXQlYDcFrh6oQ,author::UCB5p8a5gklc80jJItP6xTHg,1
author::UC72gBAtyb_VXQlYDcFrh6oQ,author::UCzoL2l5H5eVlorWGH8AZfAg,1
author::UC72gBAtyb_VXQlYDcFrh6oQ,author::UCplrIQtaPj6au60_f2-mOYw,1
author::UC72gBAtyb_VXQlYDcFrh6oQ,author::UCFxE8GbokBrBsPEKM1xrOjQ,1
author::UC72gBAtyb_VXQlYDcFrh6oQ,author::UC8r11yOugM2NuRfitQOxLLg,1
author::UC72gBAtyb_VXQlYDcFrh6oQ,author::UCRETAiYdh2dL5ZxB0_N1zDA,1
author::UC72gBAtyb_VXQlYDcFrh6oQ,author::UCj-LL25XJnjxepPKCc3NGog,1
author::UC72gBAtyb_VXQlYDcFrh6oQ,author::UCTylKrsqkrBKIqubMu_5N0Q,1
author::UC72gBAtyb_VXQlYDcFrh6oQ,author::UCZLG9qH0tUjNhEGFIUt0CYw,1
author::UC72gBAtyb_VXQlYDcFrh6oQ,author::UC8F2V63KZ4ZEay6opX2hAQw,1
author::UC72gBAtyb_VXQlYDcFrh6oQ,author::UCXXh7yg5KUFIWylTiKVEFKQ,1
author::UC72gBAtyb_VXQlYDcFrh6oQ,author::UCr1emrogPKkKTs_WTtx71xg,1
author::UC72gBAtyb_VXQlYDcFrh6oQ,author::UChs3tU2BcKOT0CezykvAsGw,1
author::UC72gBAtyb_VXQlYDcFrh6oQ,author::UCErZPJpHmLCsXs8ZWkAUupQ,1
author::UC72gBAtyb_VXQlYDcFrh6oQ,author::UC9xr9QvIcDvoZNUX5f-jaZw,1
author::UC72gBAtyb_VXQlYDcFrh6oQ,author::UCEgEQmRbtL5fwr9_DqAC--g,1
author::UC72gBAtyb_VXQlYDcFrh6oQ,author::UCmvOgzmmXbjUthHy-WJ52hQ,1
author::UC72gBAtyb_VXQlYDcFrh6oQ,author::UCsjs5Hp_r86x1xbK6FAeqaA,1
author::UC72gBAtyb_VXQlYDcFrh6oQ,author::UCOh6DaZC_x9HASnlRylEMfw,1
author::UC72gBAtyb_VXQlYDcFrh6oQ,author::UCThW2XNsAaBKme5PUt7n-Zg,1
author::UC72gBAtyb_VXQlYDcFrh6oQ,author::UCsUCN0Yq_UyTvKjOJLmNrnQ,1
author::UC72gBAtyb_VXQlYDcFrh6oQ,author::UCjSKM9j0Q7HLDr1hD6D-TUw,1
author::UC72gBAtyb_VXQlYDcFrh6oQ,author::UCL13XhnRzbGokEkCkEOb0-g,1
author::UC72gBAtyb_VXQlYDcFrh6oQ,author::UCiMythXHsw7eQEMykCdmMUA,1
author::UC72gBAtyb_VXQlYDcFrh6oQ,author::UCDPWkUX3sNNaCx-m1dV4glA,1
author::UC72gBAtyb_VXQlYDcFrh6oQ,author::UCQtICyzWmhC5woCtbNgaSmg,1
author::UC72gBAtyb_VXQlYDcFrh6oQ,author::UCQtSFINs1h6GHkpg9o5kMvg,1
author::UC72gBAtyb_VXQlYDcFrh6oQ,author::UCSou6a2OuYGSvPjm5psquyA,1
author::UC72gBAtyb_VXQlYDcFrh6oQ,author::UCYwpX26TrCxq8TvbKGRYLXA,1
author::UC72gBAtyb_VXQlYDcFrh6oQ,author::UCDQaQv0hr2SS_PO-CMEwVHg,1
author::UC72gBAtyb_VXQlYDcFrh6oQ,author::UCxff05WuyvwELNITi7bj7UA,1
author::UC72gBAtyb_VXQlYDcFrh6oQ,author::UCTP3O0rMnc8z8v8jaDQwL0w,1
author::UC72gBAtyb_VXQlYDcFrh6oQ,author::UCTwSut16JyAg3mX6LVUNGqA,1
author::UC72gBAtyb_VXQlYDcFrh6oQ,author::UCrJn_rbo_ENAdeqneS-RmRw,1
author::UC72gBAtyb_VXQlYDcFrh6oQ,author::UCFjudnPLoaSL1BaRuLahyHg,1
author::UC72gBAtyb_VXQlYDcFrh6oQ,author::UCFUuDARXdmmIrLppEqf-rFg,1
author::UC72gBAtyb_VXQlYDcFrh6oQ,author::UCl0ekS9Tt0jJGtOEM18S63w,1
author::UC72gBAtyb_VXQlYDcFrh6oQ,author::UCut6b9S98nv84cVX89PmKzA,1
author::UC72gBAtyb_VXQlYDcFrh6oQ,author::UCi1b_TRQfgO1Z9O2gNGGWNA,1
author::UC72gBAtyb_VXQlYDcFrh6oQ,author::UC8G5cJONY8L9voMyBW8Eoug,1
author::UC72gBAtyb_VXQlYDcFrh6oQ,author::UCYN4wSQ1Sx4_LurxLlW7MPg,1
author::UC72gBAtyb_VXQlYDcFrh6oQ,author::UCTD6q1nyIe3Y7HhqjaMj72w,1
author::UC72gBAtyb_VXQlYDcFrh6oQ,author::UCpIdtvoFHVLGASGB5ySqIEA,1
author::UC72gBAtyb_VXQlYDcFrh6oQ,author::UCGzXwyCzMzGmjmCbH3Hg01Q,1
author::UC72gBAtyb_VXQlYDcFrh6oQ,author::UCtNfIBnc5S5DbbQj_yxgJTw,1
author::UC72gBAtyb_VXQlYDcFrh6oQ,author::UC7VUuJr9cGh845CmTvf7TlQ,1
author::UC72gBAtyb_VXQlYDcFrh6oQ,author::UCHTGCgY2l-DQJIvlA_cpa_Q,1
author::UC72gBAtyb_VXQlYDcFrh6oQ,author::UCA93ym2TXs_Ibyxb4Vcn-6Q,1
author::UC72gBAtyb_VXQlYDcFrh6oQ,author::UCQqetiwzzmRNTM5OWuXarGQ,1
author::UC72gBAtyb_VXQlYDcFrh6oQ,author::UCRelkU8JiZBytTzebJxaa-w,1
author::UC72gBAtyb_VXQlYDcFrh6oQ,author::UCDlr1VadSucIZgZ171pRBjQ,1
author::UC72gBAtyb_VXQlYDcFrh6oQ,author::UCgvw7xIdGFupzpt1Y_BFkEA,1
author::UC72gBAtyb_VXQlYDcFrh6oQ,author::UCpsKOkt5iWTbenzeuq7dsmQ,1
author::UC72gBAtyb_VXQlYDcFrh6oQ,author::UCwW2OFy95P7ZBkOPxWkpvYg,1
author::UC72gBAtyb_VXQlYDcFrh6oQ,author::UCDftMWXQoJ6nONfY7GVOVjg,1
author::UC72gBAtyb_VXQlYDcFrh6oQ,author::UCLFdHr9BEbXHkoJopbEPLZw,1
author::UC72gBAtyb_VXQlYDcFrh6oQ,author::UCNBnKqWf4d-rS4HwJRQljmQ,1
author::UC72gBAtyb_VXQlYDcFrh6oQ,author::UCiGRBf2RNF0WRKhRVT7zFoA,1
author::UC72gBAtyb_VXQlYDcFrh6oQ,author::UCcfdg8crmMJwEuLUsAhV7yg,1
author::UC72gBAtyb_VXQlYDcFrh6oQ,author::UCkd9W714-947dEE6ZOEBATA,1
author::UC72gBAtyb_VXQlYDcFrh6oQ,author::UCZ51R_9Q9C0c8I3pAWhtmjQ,1
author::UC72gBAtyb_VXQlYDcFrh6oQ,author::UCzSfZlOVxBSs5ObD25ywxDQ,1
author::UC72gBAtyb_VXQlYDcFrh6oQ,author::UCCaYwkkbQGcvFoUmothVdQQ,1
author::UC72gBAtyb_VXQlYDcFrh6oQ,author::UCDUffaruH6dyUnUGwsTKpgg,1
author::UC72gBAtyb_VXQlYDcFrh6oQ,author::UCwha8rxULYMVtNwZWeSkE1A,1
author::UC72gBAtyb_VXQlYDcFrh6oQ,author::UCDIMztpVm7G27qBuiWuT6oQ,1
author::UC72gBAtyb_VXQlYDcFrh6oQ,author::UChgkn5Jt5tWKYMoEOuCjz3Q,1
author::UC72gBAtyb_VXQlYDcFrh6oQ,author::UCvApqeCbLod-wejtT4CcVuA,1
author::UC72gBAtyb_VXQlYDcFrh6oQ,author::UCfM3nrxtTQMY5jFx1v1J4Gg,1
author::UC72gBAtyb_VXQlYDcFrh6oQ,author::UCRlCV9zSn7avAWh-9_XFWqQ,1
author::UC72gBAtyb_VXQlYDcFrh6oQ,author::UCFhxtoeARHPnXXPcDrOU3Xg,1
author::UC72gBAtyb_VXQlYDcFrh6oQ,author::UCNkcuy42zEwddwEcOd_HpnA,1
author::UC72gBAtyb_VXQlYDcFrh6oQ,author::UCz3gu01bmjNv0DpRq-K3XYg,1
author::UC72gBAtyb_VXQlYDcFrh6oQ,author::UCFoIAE8k82D6AV-8gjjKaNg,1
author::UC72gBAtyb_VXQlYDcFrh6oQ,author::UCySYJU5kUh7X8gVt9la2ISA,1
author::UC72gBAtyb_VXQlYDcFrh6oQ,author::UCQgYjVngJRfPHDLGB5X6ZjA,1
author::UC72gBAtyb_VXQlYDcFrh6oQ,author::UCHhHUjaMAZ8SiXdCUCj9DkQ,1
author::UC72gBAtyb_VXQlYDcFrh6oQ,author::UCXSkL3ejZ8qWYyF_M7s_QKA,1
author::UC72gBAtyb_VXQlYDcFrh6oQ,author::UChZknRmJkeGeQk0-mQuhDOg,1
author::UC72gBAtyb_VXQlYDcFrh6oQ,author::UCXr8_5WtGeipe4haOoQDgyQ,1
author::UC72gBAtyb_VXQlYDcFrh6oQ,author::UCljDbleJul41G1TzOjOZAVA,1
author::UC72gBAtyb_VXQlYDcFrh6oQ,author::UCujPF2nBgsTD62nWE3lcpIg,1
author::UC72gBAtyb_VXQlYDcFrh6oQ,author::UCmjppp6ujz3SAnULvP3sZMw,1
author::UC72gBAtyb_VXQlYDcFrh6oQ,author::UCylqlpsh8ENNM1LqgQ1KbxA,1
author::UC72gBAtyb_VXQlYDcFrh6oQ,author::UCp4iw5_5SmV9VGTFSNVGOmQ,1
author::UC72gBAtyb_VXQlYDcFrh6oQ,author::UCN6qbfPSzFtjhqUDZ3Cv3CQ,1
author::UC72gBAtyb_VXQlYDcFrh6oQ,author::UCpl8rF8uv_8uui-QRvuJaRA,1
author::UC72gBAtyb_VXQlYDcFrh6oQ,author::UC9vMq1YF-e7C-VO0SHkbUTA,1
author::UC72gBAtyb_VXQlYDcFrh6oQ,author::UCh5ESQvtzyHDhCA7XyekCFA,1
author::UC72gBAtyb_VXQlYDcFrh6oQ,author::UCsSXdJct-nsS8DsABoEsaYA,1
author::UC72gBAtyb_VXQlYDcFrh6oQ,author::UCKDR0f2fu2UzWL8mBv5-BHw,1
author::UC72gBAtyb_VXQlYDcFrh6oQ,author::UCOLGv5Pf6BF2wFcwUzgcvHg,1
author::UC72gBAtyb_VXQlYDcFrh6oQ,author::UCtUR3_CAiE7fCoZHM6cMfyQ,1
author::UC7IMsCxfZyWN7YQo8-JYa6Q,author::UCusjriFsDHEc2AOjqk-p5ig,1
author::UC7IMsCxfZyWN7YQo8-JYa6Q,author::UCzZ6dDCEsLMXbc5pCFXIprw,1
author::UC7IMsCxfZyWN7YQo8-JYa6Q,author::UCNIeXbV_mEwpa412h1aqUWw,1
author::UC7IMsCxfZyWN7YQo8-JYa6Q,author::UCAV7QIjYhbDJaycQycM_0eQ,1
author::UC7IMsCxfZyWN7YQo8-JYa6Q,author::UCgQJgI9vu1FI2dnC9mrFthw,1
author::UC7IMsCxfZyWN7YQo8-JYa6Q,author::UCg3eIfd7BrsLEqS0BLkftHA,1
author::UC7IMsCxfZyWN7YQo8-JYa6Q,author::UCf5lnNZF7Qrtli9v4N_23WQ,1
author::UC7IMsCxfZyWN7YQo8-JYa6Q,author::UCGX_UbAQOXGZknv5iqklwTA,1
author::UC7IMsCxfZyWN7YQo8-JYa6Q,author::UCuP4UK33HKtJE_S39ksmaTw,1
author::UC7IMsCxfZyWN7YQo8-JYa6Q,author::UCtNyHmRZtvGF2hSvI2dUBWw,1
author::UC7IMsCxfZyWN7YQo8-JYa6Q,author::UCN2N_wYOw6fMwCeSzdXLPIw,1
author::UC7IMsCxfZyWN7YQo8-JYa6Q,author::UCVQf0tzL7xRzFJsABVVULpg,1
author::UC7IMsCxfZyWN7YQo8-JYa6Q,author::UCPZueDLrCS4BmTBRMA4q0fA,1
author::UC7IMsCxfZyWN7YQo8-JYa6Q,author::UCbYoNG5J3Au5BqtbXogfEFw,1
author::UC7IMsCxfZyWN7YQo8-JYa6Q,author::UCHTGCgY2l-DQJIvlA_cpa_Q,1
author::UC7IMsCxfZyWN7YQo8-JYa6Q,author::UClsrFGJKWPxxw7MiaEdKLXw,1
author::UC7IMsCxfZyWN7YQo8-JYa6Q,author::UC8xlJWNHz1V_W6q3fbuQH8g,1
author::UC7VUuJr9cGh845CmTvf7TlQ,author::UCXgr7vXlRrsaskPdo097kGA,1
author::UC7VUuJr9cGh845CmTvf7TlQ,author::UCwO2SXr0ggzwg6QWWrr01nQ,1
author::UC7VUuJr9cGh845CmTvf7TlQ,author::UCipetjeiWj4CZB6EbyYziZg,1
author::UC7VUuJr9cGh845CmTvf7TlQ,author::UCAlzM_N6xBlMYmM8EBzX86Q,1
author::UC7VUuJr9cGh845CmTvf7TlQ,author::UCV0iizTBoOfdAFX_thfI9BA,1
author::UC7VUuJr9cGh845CmTvf7TlQ,author::UCWIZUtKJ636y-4TYrNvok0g,1
author::UC7VUuJr9cGh845CmTvf7TlQ,author::UCLggDc_a5HriXv7I1h02sOA,1
author::UC7VUuJr9cGh845CmTvf7TlQ,author::UCueV9cTyTDwgQSec1x2dYgA,1
author::UC7VUuJr9cGh845CmTvf7TlQ,author::UCUIIIPTVDVHAXqhC_5V6lPA,1
author::UC7VUuJr9cGh845CmTvf7TlQ,author::UChep9kVb5gQmpodEEl10Xlg,1
author::UC7VUuJr9cGh845CmTvf7TlQ,author::UCsJJAvrVGupdmhOqgtDp8dg,1
author::UC7VUuJr9cGh845CmTvf7TlQ,author::UCAmtbUiIrUIhikru0ZoTFig,1
author::UC7VUuJr9cGh845CmTvf7TlQ,author::UCQ_-LPP8JAbfkc-b1Q6NvWw,1
author::UC7VUuJr9cGh845CmTvf7TlQ,author::UCOS8ViEkccrTZx2w2ccxotA,1
author::UC7VUuJr9cGh845CmTvf7TlQ,author::UCL1MT278vSaQ83ZDkVWn1gw,1
author::UC7VUuJr9cGh845CmTvf7TlQ,author::UCjmPuazZJzscrwvk0QR9RVw,1
author::UC7VUuJr9cGh845CmTvf7TlQ,author::UCB5p8a5gklc80jJItP6xTHg,1
author::UC7VUuJr9cGh845CmTvf7TlQ,author::UCzoL2l5H5eVlorWGH8AZfAg,1
author::UC7VUuJr9cGh845CmTvf7TlQ,author::UCplrIQtaPj6au60_f2-mOYw,1
author::UC7VUuJr9cGh845CmTvf7TlQ,author::UCFxE8GbokBrBsPEKM1xrOjQ,1
author::UC7VUuJr9cGh845CmTvf7TlQ,author::UC8r11yOugM2NuRfitQOxLLg,1
author::UC7VUuJr9cGh845CmTvf7TlQ,author::UCRETAiYdh2dL5ZxB0_N1zDA,1
author::UC7VUuJr9cGh845CmTvf7TlQ,author::UCj-LL25XJnjxepPKCc3NGog,1
author::UC7VUuJr9cGh845CmTvf7TlQ,author::UCTylKrsqkrBKIqubMu_5N0Q,1
author::UC7VUuJr9cGh845CmTvf7TlQ,author::UCZLG9qH0tUjNhEGFIUt0CYw,1
author::UC7VUuJr9cGh845CmTvf7TlQ,author::UC8F2V63KZ4ZEay6opX2hAQw,1
author::UC7VUuJr9cGh845CmTvf7TlQ,author::UCXXh7yg5KUFIWylTiKVEFKQ,1
author::UC7VUuJr9cGh845CmTvf7TlQ,author::UCr1emrogPKkKTs_WTtx71xg,1
author::UC7VUuJr9cGh845CmTvf7TlQ,author::UChs3tU2BcKOT0CezykvAsGw,1
author::UC7VUuJr9cGh845CmTvf7TlQ,author::UCErZPJpHmLCsXs8ZWkAUupQ,1
author::UC7VUuJr9cGh845CmTvf7TlQ,author::UC9xr9QvIcDvoZNUX5f-jaZw,1
author::UC7VUuJr9cGh845CmTvf7TlQ,author::UCEgEQmRbtL5fwr9_DqAC--g,1
author::UC7VUuJr9cGh845CmTvf7TlQ,author::UCmvOgzmmXbjUthHy-WJ52hQ,1
author::UC7VUuJr9cGh845CmTvf7TlQ,author::UCsjs5Hp_r86x1xbK6FAeqaA,1
author::UC7VUuJr9cGh845CmTvf7TlQ,author::UCOh6DaZC_x9HASnlRylEMfw,1
author::UC7VUuJr9cGh845CmTvf7TlQ,author::UCThW2XNsAaBKme5PUt7n-Zg,1
author::UC7VUuJr9cGh845CmTvf7TlQ,author::UCsUCN0Yq_UyTvKjOJLmNrnQ,1
author::UC7VUuJr9cGh845CmTvf7TlQ,author::UCjSKM9j0Q7HLDr1hD6D-TUw,1
author::UC7VUuJr9cGh845CmTvf7TlQ,author::UCL13XhnRzbGokEkCkEOb0-g,1
author::UC7VUuJr9cGh845CmTvf7TlQ,author::UCiMythXHsw7eQEMykCdmMUA,1
author::UC7VUuJr9cGh845CmTvf7TlQ,author::UCDPWkUX3sNNaCx-m1dV4glA,1
author::UC7VUuJr9cGh845CmTvf7TlQ,author::UCQtICyzWmhC5woCtbNgaSmg,1
author::UC7VUuJr9cGh845CmTvf7TlQ,author::UCQtSFINs1h6GHkpg9o5kMvg,1
author::UC7VUuJr9cGh845CmTvf7TlQ,author::UCSou6a2OuYGSvPjm5psquyA,1
author::UC7VUuJr9cGh845CmTvf7TlQ,author::UCYwpX26TrCxq8TvbKGRYLXA,1
author::UC7VUuJr9cGh845CmTvf7TlQ,author::UCDQaQv0hr2SS_PO-CMEwVHg,1
author::UC7VUuJr9cGh845CmTvf7TlQ,author::UCxff05WuyvwELNITi7bj7UA,1
author::UC7VUuJr9cGh845CmTvf7TlQ,author::UCTP3O0rMnc8z8v8jaDQwL0w,1
author::UC7VUuJr9cGh845CmTvf7TlQ,author::UCTwSut16JyAg3mX6LVUNGqA,1
author::UC7VUuJr9cGh845CmTvf7TlQ,author::UCrJn_rbo_ENAdeqneS-RmRw,1
author::UC7VUuJr9cGh845CmTvf7TlQ,author::UCFjudnPLoaSL1BaRuLahyHg,1
author::UC7VUuJr9cGh845CmTvf7TlQ,author::UCFUuDARXdmmIrLppEqf-rFg,1
author::UC7VUuJr9cGh845CmTvf7TlQ,author::UCl0ekS9Tt0jJGtOEM18S63w,1
author::UC7VUuJr9cGh845CmTvf7TlQ,author::UCut6b9S98nv84cVX89PmKzA,1
author::UC7VUuJr9cGh845CmTvf7TlQ,author::UCi1b_TRQfgO1Z9O2gNGGWNA,1
author::UC7VUuJr9cGh845CmTvf7TlQ,author::UC8G5cJONY8L9voMyBW8Eoug,1
author::UC7VUuJr9cGh845CmTvf7TlQ,author::UCYN4wSQ1Sx4_LurxLlW7MPg,1
author::UC7VUuJr9cGh845CmTvf7TlQ,author::UCTD6q1nyIe3Y7HhqjaMj72w,1
author::UC7VUuJr9cGh845CmTvf7TlQ,author::UCpIdtvoFHVLGASGB5ySqIEA,1
author::UC7VUuJr9cGh845CmTvf7TlQ,author::UCGzXwyCzMzGmjmCbH3Hg01Q,1
author::UC7VUuJr9cGh845CmTvf7TlQ,author::UCtNfIBnc5S5DbbQj_yxgJTw,1
author::UC7VUuJr9cGh845CmTvf7TlQ,author::UCHTGCgY2l-DQJIvlA_cpa_Q,1
author::UC7VUuJr9cGh845CmTvf7TlQ,author::UCA93ym2TXs_Ibyxb4Vcn-6Q,1
author::UC7VUuJr9cGh845CmTvf7TlQ,author::UCQqetiwzzmRNTM5OWuXarGQ,1
author::UC7VUuJr9cGh845CmTvf7TlQ,author::UCRelkU8JiZBytTzebJxaa-w,1
author::UC7VUuJr9cGh845CmTvf7TlQ,author::UCDlr1VadSucIZgZ171pRBjQ,1
author::UC7VUuJr9cGh845CmTvf7TlQ,author::UCgvw7xIdGFupzpt1Y_BFkEA,1
author::UC7VUuJr9cGh845CmTvf7TlQ,author::UCpsKOkt5iWTbenzeuq7dsmQ,1
author::UC7VUuJr9cGh845CmTvf7TlQ,author::UCwW2OFy95P7ZBkOPxWkpvYg,1
author::UC7VUuJr9cGh845CmTvf7TlQ,author::UCDftMWXQoJ6nONfY7GVOVjg,1
author::UC7VUuJr9cGh845CmTvf7TlQ,author::UCLFdHr9BEbXHkoJopbEPLZw,1
author::UC7VUuJr9cGh845CmTvf7TlQ,author::UCNBnKqWf4d-rS4HwJRQljmQ,1
author::UC7VUuJr9cGh845CmTvf7TlQ,author::UCiGRBf2RNF0WRKhRVT7zFoA,1
author::UC7VUuJr9cGh845CmTvf7TlQ,author::UCcfdg8crmMJwEuLUsAhV7yg,1
author::UC7VUuJr9cGh845CmTvf7TlQ,author::UCkd9W714-947dEE6ZOEBATA,1
author::UC7VUuJr9cGh845CmTvf7TlQ,author::UCZ51R_9Q9C0c8I3pAWhtmjQ,1
author::UC7VUuJr9cGh845CmTvf7TlQ,author::UCzSfZlOVxBSs5ObD25ywxDQ,1
author::UC7VUuJr9cGh845CmTvf7TlQ,author::UCCaYwkkbQGcvFoUmothVdQQ,1
author::UC7VUuJr9cGh845CmTvf7TlQ,author::UCDUffaruH6dyUnUGwsTKpgg,1
author::UC7VUuJr9cGh845CmTvf7TlQ,author::UCwha8rxULYMVtNwZWeSkE1A,1
author::UC7VUuJr9cGh845CmTvf7TlQ,author::UCDIMztpVm7G27qBuiWuT6oQ,1
author::UC7VUuJr9cGh845CmTvf7TlQ,author::UChgkn5Jt5tWKYMoEOuCjz3Q,1
author::UC7VUuJr9cGh845CmTvf7TlQ,author::UCvApqeCbLod-wejtT4CcVuA,1
author::UC7VUuJr9cGh845CmTvf7TlQ,author::UCfM3nrxtTQMY5jFx1v1J4Gg,1
author::UC7VUuJr9cGh845CmTvf7TlQ,author::UCRlCV9zSn7avAWh-9_XFWqQ,1
author::UC7VUuJr9cGh845CmTvf7TlQ,author::UCFhxtoeARHPnXXPcDrOU3Xg,1
author::UC7VUuJr9cGh845CmTvf7TlQ,author::UCNkcuy42zEwddwEcOd_HpnA,1
author::UC7VUuJr9cGh845CmTvf7TlQ,author::UCz3gu01bmjNv0DpRq-K3XYg,1
author::UC7VUuJr9cGh845CmTvf7TlQ,author::UCFoIAE8k82D6AV-8gjjKaNg,1
author::UC7VUuJr9cGh845CmTvf7TlQ,author::UCySYJU5kUh7X8gVt9la2ISA,1
author::UC7VUuJr9cGh845CmTvf7TlQ,author::UCQgYjVngJRfPHDLGB5X6ZjA,1
author::UC7VUuJr9cGh845CmTvf7TlQ,author::UCHhHUjaMAZ8SiXdCUCj9DkQ,1
author::UC7VUuJr9cGh845CmTvf7TlQ,author::UCXSkL3ejZ8qWYyF_M7s_QKA,1
author::UC7VUuJr9cGh845CmTvf7TlQ,author::UChZknRmJkeGeQk0-mQuhDOg,1
author::UC7VUuJr9cGh845CmTvf7TlQ,author::UCXr8_5WtGeipe4haOoQDgyQ,1
author::UC7VUuJr9cGh845CmTvf7TlQ,author::UCljDbleJul41G1TzOjOZAVA,1
author::UC7VUuJr9cGh845CmTvf7TlQ,author::UCujPF2nBgsTD62nWE3lcpIg,1
author::UC7VUuJr9cGh845CmTvf7TlQ,author::UCmjppp6ujz3SAnULvP3sZMw,1
author::UC7VUuJr9cGh845CmTvf7TlQ,author::UCylqlpsh8ENNM1LqgQ1KbxA,1
author::UC7VUuJr9cGh845CmTvf7TlQ,author::UCp4iw5_5SmV9VGTFSNVGOmQ,1
author::UC7VUuJr9cGh845CmTvf7TlQ,author::UCN6qbfPSzFtjhqUDZ3Cv3CQ,1
author::UC7VUuJr9cGh845CmTvf7TlQ,author::UCpl8rF8uv_8uui-QRvuJaRA,1
author::UC7VUuJr9cGh845CmTvf7TlQ,author::UC9vMq1YF-e7C-VO0SHkbUTA,1
author::UC7VUuJr9cGh845CmTvf7TlQ,author::UCh5ESQvtzyHDhCA7XyekCFA,1
author::UC7VUuJr9cGh845CmTvf7TlQ,author::UCsSXdJct-nsS8DsABoEsaYA,1
author::UC7VUuJr9cGh845CmTvf7TlQ,author::UCKDR0f2fu2UzWL8mBv5-BHw,1
author::UC7VUuJr9cGh845CmTvf7TlQ,author::UCOLGv5Pf6BF2wFcwUzgcvHg,1
author::UC7VUuJr9cGh845CmTvf7TlQ,author::UCtUR3_CAiE7fCoZHM6cMfyQ,1
author::UC7dadZG7kkGYnsNu6td0FbA,author::UCRAquv8el-tQ30bN7MlmySQ,1
author::UC7dadZG7kkGYnsNu6td0FbA,author::UC816IGbFCZinfYS1LRDaaHg,1
author::UC7dadZG7kkGYnsNu6td0FbA,author::UCwgCc9Jd_gG-uLE_SY-FfPg,1
author::UC7dadZG7kkGYnsNu6td0FbA,author::UCRvPToDkkumha7WJAfCDk1A,1
author::UC7dadZG7kkGYnsNu6td0FbA,author::UColMq7LmaoY3MT6aIDGrGvA,1
author::UC7dadZG7kkGYnsNu6td0FbA,author::UCiC-Jn7wdgyQV4_Urk0DkWQ,1
author::UC7dadZG7kkGYnsNu6td0FbA,author::UCgQw_Sbq3ugruDUKsq1e0-A,1
author::UC7dadZG7kkGYnsNu6td0FbA,author::UCAKuKvcbfnBD3kF5njNu-IA,1
author::UC7dadZG7kkGYnsNu6td0FbA,author::UCdFlugHJJa4l3YqWuNRmvXw,1
author::UC7dadZG7kkGYnsNu6td0FbA,author::UCHbwIx9pmQuf7i-4_xO2EpA,1
author::UC7dadZG7kkGYnsNu6td0FbA,author::UCeDNEtI8_a42bZ47wJiJMwQ,1
author::UC7dadZG7kkGYnsNu6td0FbA,author::UCu8_3-Wg-YzNyvHYQDEscfw,1
author::UC7dadZG7kkGYnsNu6td0FbA,author::UCDrmf9y9nLgFY5wnA2hTuGA,1
author::UC7dadZG7kkGYnsNu6td0FbA,author::UCQqlPPUGqAfWjd-FSh_qn7Q,1
author::UC7dadZG7kkGYnsNu6td0FbA,author::UCkVtmkK07b2zaVVNssX4lOg,1
author::UC7dadZG7kkGYnsNu6td0FbA,author::UCqCrvuoJpC-aVb0f4logQRQ,1
author::UC7dadZG7kkGYnsNu6td0FbA,author::UCsGoJEvb-cFPZ2rWoJcXzEQ,1
author::UC7dadZG7kkGYnsNu6td0FbA,author::UCuXmOjxC-htcprLgeVXz6Tg,1
author::UC7dadZG7kkGYnsNu6td0FbA,author::UCWoAVGVqCn4xtINCMOTM4jg,1
author::UC7dadZG7kkGYnsNu6td0FbA,author::UClqA491Xa5fQcXcJJa-vTWw,1
author::UC7dadZG7kkGYnsNu6td0FbA,author::UCQyOePccUP-fIJYzchAgZYw,1
author::UC7dadZG7kkGYnsNu6td0FbA,author::UC95PSMouTx2N5CbSq0hIyrQ,1
author::UC7dadZG7kkGYnsNu6td0FbA,author::UCV0lM03g5fg5pbPj97-sAtA,1
author::UC7dadZG7kkGYnsNu6td0FbA,author::UC_LYoGs5C3mbZKZuKuqYCvw,1
author::UC7dadZG7kkGYnsNu6td0FbA,author::UCgJNFj5dnxXpcMvmuhZDPxA,1
author::UC7dadZG7kkGYnsNu6td0FbA,author::UCpsKOkt5iWTbenzeuq7dsmQ,1
author::UC7dadZG7kkGYnsNu6td0FbA,author::UCkbsS_3D-pvg1iHOld9uvIg,1
author::UC7dadZG7kkGYnsNu6td0FbA,author::UCCBYcToQ2dwkd6TJh0FSyDg,1
author::UC7dadZG7kkGYnsNu6td0FbA,author::UCGGHbtfbbe0o68etrOf0qxw,1
author::UC7dadZG7kkGYnsNu6td0FbA,author::UCOcUI5XkTYNMSFhZNMIPpGg,1
author::UC7dadZG7kkGYnsNu6td0FbA,author::UCW-JC6lebVmf2P1dmY_L94g,1
author::UC7dadZG7kkGYnsNu6td0FbA,author::UCwjUvRseNtJoItylIyIez7Q,1
author::UC7dadZG7kkGYnsNu6td0FbA,author::UClhMWQ7XKWywYvbRnuf8QsA,1
author::UC7dadZG7kkGYnsNu6td0FbA,author::UCe8JZoYkX5oKUZyivHYdXhw,1
author::UC7dadZG7kkGYnsNu6td0FbA,author::UCaKAjTW9MVub_clgr4DRYjQ,1
author::UC7dadZG7kkGYnsNu6td0FbA,author::UCpe5jW3MIqkgTJ-PgkzvM6Q,1
author::UC7dadZG7kkGYnsNu6td0FbA,author::UCylqlpsh8ENNM1LqgQ1KbxA,1
author::UC7dadZG7kkGYnsNu6td0FbA,author::UCZeIIQrGAedW8tCbKWmGY-A,1
author::UC7dadZG7kkGYnsNu6td0FbA,author::UCW80DaMjQlEUibC98Cot-Dg,1
author::UC7dadZG7kkGYnsNu6td0FbA,author::UCUoYsrx1oZnCZ0usbBJn4fA,1
author::UC7dadZG7kkGYnsNu6td0FbA,author::UCNpt5CQlTzNjlAKY6CJtClQ,1
author::UC816IGbFCZinfYS1LRDaaHg,author::UCRAquv8el-tQ30bN7MlmySQ,1
author::UC816IGbFCZinfYS1LRDaaHg,author::UCwgCc9Jd_gG-uLE_SY-FfPg,1
author::UC816IGbFCZinfYS1LRDaaHg,author::UCRvPToDkkumha7WJAfCDk1A,1
author::UC816IGbFCZinfYS1LRDaaHg,author::UColMq7LmaoY3MT6aIDGrGvA,1
author::UC816IGbFCZinfYS1LRDaaHg,author::UCiC-Jn7wdgyQV4_Urk0DkWQ,1
author::UC816IGbFCZinfYS1LRDaaHg,author::UCgQw_Sbq3ugruDUKsq1e0-A,1
author::UC816IGbFCZinfYS1LRDaaHg,author::UCAKuKvcbfnBD3kF5njNu-IA,1
author::UC816IGbFCZinfYS1LRDaaHg,author::UCdFlugHJJa4l3YqWuNRmvXw,1
author::UC816IGbFCZinfYS1LRDaaHg,author::UCHbwIx9pmQuf7i-4_xO2EpA,1
author::UC816IGbFCZinfYS1LRDaaHg,author::UCeDNEtI8_a42bZ47wJiJMwQ,1
author::UC816IGbFCZinfYS1LRDaaHg,author::UCu8_3-Wg-YzNyvHYQDEscfw,1
author::UC816IGbFCZinfYS1LRDaaHg,author::UCDrmf9y9nLgFY5wnA2hTuGA,1
author::UC816IGbFCZinfYS1LRDaaHg,author::UCQqlPPUGqAfWjd-FSh_qn7Q,1
author::UC816IGbFCZinfYS1LRDaaHg,author::UCkVtmkK07b2zaVVNssX4lOg,1
author::UC816IGbFCZinfYS1LRDaaHg,author::UCqCrvuoJpC-aVb0f4logQRQ,1
author::UC816IGbFCZinfYS1LRDaaHg,author::UCsGoJEvb-cFPZ2rWoJcXzEQ,1
author::UC816IGbFCZinfYS1LRDaaHg,author::UCuXmOjxC-htcprLgeVXz6Tg,1
author::UC816IGbFCZinfYS1LRDaaHg,author::UCWoAVGVqCn4xtINCMOTM4jg,1
author::UC816IGbFCZinfYS1LRDaaHg,author::UClqA491Xa5fQcXcJJa-vTWw,1
author::UC816IGbFCZinfYS1LRDaaHg,author::UCQyOePccUP-fIJYzchAgZYw,1
author::UC816IGbFCZinfYS1LRDaaHg,author::UC95PSMouTx2N5CbSq0hIyrQ,1
author::UC816IGbFCZinfYS1LRDaaHg,author::UCV0lM03g5fg5pbPj97-sAtA,1
author::UC816IGbFCZinfYS1LRDaaHg,author::UC_LYoGs5C3mbZKZuKuqYCvw,1
author::UC816IGbFCZinfYS1LRDaaHg,author::UCgJNFj5dnxXpcMvmuhZDPxA,1
author::UC816IGbFCZinfYS1LRDaaHg,author::UCpsKOkt5iWTbenzeuq7dsmQ,1
author::UC816IGbFCZinfYS1LRDaaHg,author::UCkbsS_3D-pvg1iHOld9uvIg,1
author::UC816IGbFCZinfYS1LRDaaHg,author::UCCBYcToQ2dwkd6TJh0FSyDg,1
author::UC816IGbFCZinfYS1LRDaaHg,author::UCGGHbtfbbe0o68etrOf0qxw,1
author::UC816IGbFCZinfYS1LRDaaHg,author::UCOcUI5XkTYNMSFhZNMIPpGg,1
author::UC816IGbFCZinfYS1LRDaaHg,author::UCW-JC6lebVmf2P1dmY_L94g,1
author::UC816IGbFCZinfYS1LRDaaHg,author::UCwjUvRseNtJoItylIyIez7Q,1
author::UC816IGbFCZinfYS1LRDaaHg,author::UClhMWQ7XKWywYvbRnuf8QsA,1
author::UC816IGbFCZinfYS1LRDaaHg,author::UCe8JZoYkX5oKUZyivHYdXhw,1
author::UC816IGbFCZinfYS1LRDaaHg,author::UCaKAjTW9MVub_clgr4DRYjQ,1
author::UC816IGbFCZinfYS1LRDaaHg,author::UCpe5jW3MIqkgTJ-PgkzvM6Q,1
author::UC816IGbFCZinfYS1LRDaaHg,author::UCylqlpsh8ENNM1LqgQ1KbxA,1
author::UC816IGbFCZinfYS1LRDaaHg,author::UCZeIIQrGAedW8tCbKWmGY-A,1
author::UC816IGbFCZinfYS1LRDaaHg,author::UCW80DaMjQlEUibC98Cot-Dg,1
author::UC816IGbFCZinfYS1LRDaaHg,author::UCUoYsrx1oZnCZ0usbBJn4fA,1
author::UC816IGbFCZinfYS1LRDaaHg,author::UCNpt5CQlTzNjlAKY6CJtClQ,1
author::UC8F2V63KZ4ZEay6opX2hAQw,author::UCXgr7vXlRrsaskPdo097kGA,1
author::UC8F2V63KZ4ZEay6opX2hAQw,author::UCwO2SXr0ggzwg6QWWrr01nQ,1
author::UC8F2V63KZ4ZEay6opX2hAQw,author::UCipetjeiWj4CZB6EbyYziZg,1
author::UC8F2V63KZ4ZEay6opX2hAQw,author::UCAlzM_N6xBlMYmM8EBzX86Q,1
author::UC8F2V63KZ4ZEay6opX2hAQw,author::UCV0iizTBoOfdAFX_thfI9BA,1
author::UC8F2V63KZ4ZEay6opX2hAQw,author::UCWIZUtKJ636y-4TYrNvok0g,1
author::UC8F2V63KZ4ZEay6opX2hAQw,author::UCLggDc_a5HriXv7I1h02sOA,1
author::UC8F2V63KZ4ZEay6opX2hAQw,author::UCueV9cTyTDwgQSec1x2dYgA,1
author::UC8F2V63KZ4ZEay6opX2hAQw,author::UCUIIIPTVDVHAXqhC_5V6lPA,1
author::UC8F2V63KZ4ZEay6opX2hAQw,author::UChep9kVb5gQmpodEEl10Xlg,1
author::UC8F2V63KZ4ZEay6opX2hAQw,author::UCsJJAvrVGupdmhOqgtDp8dg,1
author::UC8F2V63KZ4ZEay6opX2hAQw,author::UCAmtbUiIrUIhikru0ZoTFig,1
author::UC8F2V63KZ4ZEay6opX2hAQw,author::UCQ_-LPP8JAbfkc-b1Q6NvWw,1
author::UC8F2V63KZ4ZEay6opX2hAQw,author::UCOS8ViEkccrTZx2w2ccxotA,1
author::UC8F2V63KZ4ZEay6opX2hAQw,author::UCL1MT278vSaQ83ZDkVWn1gw,1
author::UC8F2V63KZ4ZEay6opX2hAQw,author::UCjmPuazZJzscrwvk0QR9RVw,1
author::UC8F2V63KZ4ZEay6opX2hAQw,author::UCB5p8a5gklc80jJItP6xTHg,1
author::UC8F2V63KZ4ZEay6opX2hAQw,author::UCzoL2l5H5eVlorWGH8AZfAg,1
author::UC8F2V63KZ4ZEay6opX2hAQw,author::UCplrIQtaPj6au60_f2-mOYw,1
author::UC8F2V63KZ4ZEay6opX2hAQw,author::UCFxE8GbokBrBsPEKM1xrOjQ,1
author::UC8F2V63KZ4ZEay6opX2hAQw,author::UC8r11yOugM2NuRfitQOxLLg,1
author::UC8F2V63KZ4ZEay6opX2hAQw,author::UCRETAiYdh2dL5ZxB0_N1zDA,1
author::UC8F2V63KZ4ZEay6opX2hAQw,author::UCj-LL25XJnjxepPKCc3NGog,1
author::UC8F2V63KZ4ZEay6opX2hAQw,author::UCTylKrsqkrBKIqubMu_5N0Q,1
author::UC8F2V63KZ4ZEay6opX2hAQw,author::UCZLG9qH0tUjNhEGFIUt0CYw,1
author::UC8F2V63KZ4ZEay6opX2hAQw,author::UCXXh7yg5KUFIWylTiKVEFKQ,1
author::UC8F2V63KZ4ZEay6opX2hAQw,author::UCr1emrogPKkKTs_WTtx71xg,1
author::UC8F2V63KZ4ZEay6opX2hAQw,author::UChs3tU2BcKOT0CezykvAsGw,1
author::UC8F2V63KZ4ZEay6opX2hAQw,author::UCErZPJpHmLCsXs8ZWkAUupQ,1
author::UC8F2V63KZ4ZEay6opX2hAQw,author::UC9xr9QvIcDvoZNUX5f-jaZw,1
author::UC8F2V63KZ4ZEay6opX2hAQw,author::UCEgEQmRbtL5fwr9_DqAC--g,1
author::UC8F2V63KZ4ZEay6opX2hAQw,author::UCmvOgzmmXbjUthHy-WJ52hQ,1
author::UC8F2V63KZ4ZEay6opX2hAQw,author::UCsjs5Hp_r86x1xbK6FAeqaA,1
author::UC8F2V63KZ4ZEay6opX2hAQw,author::UCOh6DaZC_x9HASnlRylEMfw,1
author::UC8F2V63KZ4ZEay6opX2hAQw,author::UCThW2XNsAaBKme5PUt7n-Zg,1
author::UC8F2V63KZ4ZEay6opX2hAQw,author::UCsUCN0Yq_UyTvKjOJLmNrnQ,1
author::UC8F2V63KZ4ZEay6opX2hAQw,author::UCjSKM9j0Q7HLDr1hD6D-TUw,1
author::UC8F2V63KZ4ZEay6opX2hAQw,author::UCL13XhnRzbGokEkCkEOb0-g,1
author::UC8F2V63KZ4ZEay6opX2hAQw,author::UCiMythXHsw7eQEMykCdmMUA,1
author::UC8F2V63KZ4ZEay6opX2hAQw,author::UCDPWkUX3sNNaCx-m1dV4glA,1
author::UC8F2V63KZ4ZEay6opX2hAQw,author::UCQtICyzWmhC5woCtbNgaSmg,1
author::UC8F2V63KZ4ZEay6opX2hAQw,author::UCQtSFINs1h6GHkpg9o5kMvg,1
author::UC8F2V63KZ4ZEay6opX2hAQw,author::UCSou6a2OuYGSvPjm5psquyA,1
author::UC8F2V63KZ4ZEay6opX2hAQw,author::UCYwpX26TrCxq8TvbKGRYLXA,1
author::UC8F2V63KZ4ZEay6opX2hAQw,author::UCDQaQv0hr2SS_PO-CMEwVHg,1
author::UC8F2V63KZ4ZEay6opX2hAQw,author::UCxff05WuyvwELNITi7bj7UA,1
author::UC8F2V63KZ4ZEay6opX2hAQw,author::UCTP3O0rMnc8z8v8jaDQwL0w,1
author::UC8F2V63KZ4ZEay6opX2hAQw,author::UCTwSut16JyAg3mX6LVUNGqA,1
author::UC8F2V63KZ4ZEay6opX2hAQw,author::UCrJn_rbo_ENAdeqneS-RmRw,1
author::UC8F2V63KZ4ZEay6opX2hAQw,author::UCFjudnPLoaSL1BaRuLahyHg,1
author::UC8F2V63KZ4ZEay6opX2hAQw,author::UCFUuDARXdmmIrLppEqf-rFg,1
author::UC8F2V63KZ4ZEay6opX2hAQw,author::UCl0ekS9Tt0jJGtOEM18S63w,1
author::UC8F2V63KZ4ZEay6opX2hAQw,author::UCut6b9S98nv84cVX89PmKzA,1
author::UC8F2V63KZ4ZEay6opX2hAQw,author::UCi1b_TRQfgO1Z9O2gNGGWNA,1
author::UC8F2V63KZ4ZEay6opX2hAQw,author::UC8G5cJONY8L9voMyBW8Eoug,1
author::UC8F2V63KZ4ZEay6opX2hAQw,author::UCYN4wSQ1Sx4_LurxLlW7MPg,1
author::UC8F2V63KZ4ZEay6opX2hAQw,author::UCTD6q1nyIe3Y7HhqjaMj72w,1
author::UC8F2V63KZ4ZEay6opX2hAQw,author::UCpIdtvoFHVLGASGB5ySqIEA,1
author::UC8F2V63KZ4ZEay6opX2hAQw,author::UCGzXwyCzMzGmjmCbH3Hg01Q,1
author::UC8F2V63KZ4ZEay6opX2hAQw,author::UCtNfIBnc5S5DbbQj_yxgJTw,1
author::UC8F2V63KZ4ZEay6opX2hAQw,author::UCHTGCgY2l-DQJIvlA_cpa_Q,1
author::UC8F2V63KZ4ZEay6opX2hAQw,author::UCA93ym2TXs_Ibyxb4Vcn-6Q,1
author::UC8F2V63KZ4ZEay6opX2hAQw,author::UCQqetiwzzmRNTM5OWuXarGQ,1
author::UC8F2V63KZ4ZEay6opX2hAQw,author::UCRelkU8JiZBytTzebJxaa-w,1
author::UC8F2V63KZ4ZEay6opX2hAQw,author::UCDlr1VadSucIZgZ171pRBjQ,1
author::UC8F2V63KZ4ZEay6opX2hAQw,author::UCgvw7xIdGFupzpt1Y_BFkEA,1
author::UC8F2V63KZ4ZEay6opX2hAQw,author::UCpsKOkt5iWTbenzeuq7dsmQ,1
author::UC8F2V63KZ4ZEay6opX2hAQw,author::UCwW2OFy95P7ZBkOPxWkpvYg,1
author::UC8F2V63KZ4ZEay6opX2hAQw,author::UCDftMWXQoJ6nONfY7GVOVjg,1
author::UC8F2V63KZ4ZEay6opX2hAQw,author::UCLFdHr9BEbXHkoJopbEPLZw,1
author::UC8F2V63KZ4ZEay6opX2hAQw,author::UCNBnKqWf4d-rS4HwJRQljmQ,1
author::UC8F2V63KZ4ZEay6opX2hAQw,author::UCiGRBf2RNF0WRKhRVT7zFoA,1
author::UC8F2V63KZ4ZEay6opX2hAQw,author::UCcfdg8crmMJwEuLUsAhV7yg,1
author::UC8F2V63KZ4ZEay6opX2hAQw,author::UCkd9W714-947dEE6ZOEBATA,1
author::UC8F2V63KZ4ZEay6opX2hAQw,author::UCZ51R_9Q9C0c8I3pAWhtmjQ,1
author::UC8F2V63KZ4ZEay6opX2hAQw,author::UCzSfZlOVxBSs5ObD25ywxDQ,1
author::UC8F2V63KZ4ZEay6opX2hAQw,author::UCCaYwkkbQGcvFoUmothVdQQ,1
author::UC8F2V63KZ4ZEay6opX2hAQw,author::UCDUffaruH6dyUnUGwsTKpgg,1
author::UC8F2V63KZ4ZEay6opX2hAQw,author::UCwha8rxULYMVtNwZWeSkE1A,1
author::UC8F2V63KZ4ZEay6opX2hAQw,author::UCDIMztpVm7G27qBuiWuT6oQ,1
author::UC8F2V63KZ4ZEay6opX2hAQw,author::UChgkn5Jt5tWKYMoEOuCjz3Q,1
author::UC8F2V63KZ4ZEay6opX2hAQw,author::UCvApqeCbLod-wejtT4CcVuA,1
author::UC8F2V63KZ4ZEay6opX2hAQw,author::UCfM3nrxtTQMY5jFx1v1J4Gg,1
author::UC8F2V63KZ4ZEay6opX2hAQw,author::UCRlCV9zSn7avAWh-9_XFWqQ,1
author::UC8F2V63KZ4ZEay6opX2hAQw,author::UCFhxtoeARHPnXXPcDrOU3Xg,1
author::UC8F2V63KZ4ZEay6opX2hAQw,author::UCNkcuy42zEwddwEcOd_HpnA,1
author::UC8F2V63KZ4ZEay6opX2hAQw,author::UCz3gu01bmjNv0DpRq-K3XYg,1
author::UC8F2V63KZ4ZEay6opX2hAQw,author::UCFoIAE8k82D6AV-8gjjKaNg,1
author::UC8F2V63KZ4ZEay6opX2hAQw,author::UCySYJU5kUh7X8gVt9la2ISA,1
author::UC8F2V63KZ4ZEay6opX2hAQw,author::UCQgYjVngJRfPHDLGB5X6ZjA,1
author::UC8F2V63KZ4ZEay6opX2hAQw,author::UCHhHUjaMAZ8SiXdCUCj9DkQ,1
author::UC8F2V63KZ4ZEay6opX2hAQw,author::UCXSkL3ejZ8qWYyF_M7s_QKA,1
author::UC8F2V63KZ4ZEay6opX2hAQw,author::UChZknRmJkeGeQk0-mQuhDOg,1
author::UC8F2V63KZ4ZEay6opX2hAQw,author::UCXr8_5WtGeipe4haOoQDgyQ,1
author::UC8F2V63KZ4ZEay6opX2hAQw,author::UCljDbleJul41G1TzOjOZAVA,1
author::UC8F2V63KZ4ZEay6opX2hAQw,author::UCujPF2nBgsTD62nWE3lcpIg,1
author::UC8F2V63KZ4ZEay6opX2hAQw,author::UCmjppp6ujz3SAnULvP3sZMw,1
author::UC8F2V63KZ4ZEay6opX2hAQw,author::UCylqlpsh8ENNM1LqgQ1KbxA,1
author::UC8F2V63KZ4ZEay6opX2hAQw,author::UCp4iw5_5SmV9VGTFSNVGOmQ,1
author::UC8F2V63KZ4ZEay6opX2hAQw,author::UCN6qbfPSzFtjhqUDZ3Cv3CQ,1
author::UC8F2V63KZ4ZEay6opX2hAQw,author::UCpl8rF8uv_8uui-QRvuJaRA,1
author::UC8F2V63KZ4ZEay6opX2hAQw,author::UC9vMq1YF-e7C-VO0SHkbUTA,1
author::UC8F2V63KZ4ZEay6opX2hAQw,author::UCh5ESQvtzyHDhCA7XyekCFA,1
author::UC8F2V63KZ4ZEay6opX2hAQw,author::UCsSXdJct-nsS8DsABoEsaYA,1
author::UC8F2V63KZ4ZEay6opX2hAQw,author::UCKDR0f2fu2UzWL8mBv5-BHw,1
author::UC8F2V63KZ4ZEay6opX2hAQw,author::UCOLGv5Pf6BF2wFcwUzgcvHg,1
author::UC8F2V63KZ4ZEay6opX2hAQw,author::UCtUR3_CAiE7fCoZHM6cMfyQ,1
author::UC8G5cJONY8L9voMyBW8Eoug,author::UCXgr7vXlRrsaskPdo097kGA,1
author::UC8G5cJONY8L9voMyBW8Eoug,author::UCwO2SXr0ggzwg6QWWrr01nQ,1
author::UC8G5cJONY8L9voMyBW8Eoug,author::UCipetjeiWj4CZB6EbyYziZg,1
author::UC8G5cJONY8L9voMyBW8Eoug,author::UCAlzM_N6xBlMYmM8EBzX86Q,1
author::UC8G5cJONY8L9voMyBW8Eoug,author::UCV0iizTBoOfdAFX_thfI9BA,1
author::UC8G5cJONY8L9voMyBW8Eoug,author::UCWIZUtKJ636y-4TYrNvok0g,1
author::UC8G5cJONY8L9voMyBW8Eoug,author::UCLggDc_a5HriXv7I1h02sOA,1
author::UC8G5cJONY8L9voMyBW8Eoug,author::UCueV9cTyTDwgQSec1x2dYgA,1
author::UC8G5cJONY8L9voMyBW8Eoug,author::UCUIIIPTVDVHAXqhC_5V6lPA,1
author::UC8G5cJONY8L9voMyBW8Eoug,author::UChep9kVb5gQmpodEEl10Xlg,1
author::UC8G5cJONY8L9voMyBW8Eoug,author::UCsJJAvrVGupdmhOqgtDp8dg,1
author::UC8G5cJONY8L9voMyBW8Eoug,author::UCAmtbUiIrUIhikru0ZoTFig,1
author::UC8G5cJONY8L9voMyBW8Eoug,author::UCQ_-LPP8JAbfkc-b1Q6NvWw,1
author::UC8G5cJONY8L9voMyBW8Eoug,author::UCOS8ViEkccrTZx2w2ccxotA,1
author::UC8G5cJONY8L9voMyBW8Eoug,author::UCL1MT278vSaQ83ZDkVWn1gw,1
author::UC8G5cJONY8L9voMyBW8Eoug,author::UCjmPuazZJzscrwvk0QR9RVw,1
author::UC8G5cJONY8L9voMyBW8Eoug,author::UCB5p8a5gklc80jJItP6xTHg,1
author::UC8G5cJONY8L9voMyBW8Eoug,author::UCzoL2l5H5eVlorWGH8AZfAg,1
author::UC8G5cJONY8L9voMyBW8Eoug,author::UCplrIQtaPj6au60_f2-mOYw,1
author::UC8G5cJONY8L9voMyBW8Eoug,author::UCFxE8GbokBrBsPEKM1xrOjQ,1
author::UC8G5cJONY8L9voMyBW8Eoug,author::UC8r11yOugM2NuRfitQOxLLg,1
author::UC8G5cJONY8L9voMyBW8Eoug,author::UCRETAiYdh2dL5ZxB0_N1zDA,1
author::UC8G5cJONY8L9voMyBW8Eoug,author::UCj-LL25XJnjxepPKCc3NGog,1
author::UC8G5cJONY8L9voMyBW8Eoug,author::UCTylKrsqkrBKIqubMu_5N0Q,1
author::UC8G5cJONY8L9voMyBW8Eoug,author::UCZLG9qH0tUjNhEGFIUt0CYw,1
author::UC8G5cJONY8L9voMyBW8Eoug,author::UCXXh7yg5KUFIWylTiKVEFKQ,1
author::UC8G5cJONY8L9voMyBW8Eoug,author::UCr1emrogPKkKTs_WTtx71xg,1
author::UC8G5cJONY8L9voMyBW8Eoug,author::UChs3tU2BcKOT0CezykvAsGw,1
author::UC8G5cJONY8L9voMyBW8Eoug,author::UCErZPJpHmLCsXs8ZWkAUupQ,1
author::UC8G5cJONY8L9voMyBW8Eoug,author::UC9xr9QvIcDvoZNUX5f-jaZw,1
author::UC8G5cJONY8L9voMyBW8Eoug,author::UCEgEQmRbtL5fwr9_DqAC--g,1
author::UC8G5cJONY8L9voMyBW8Eoug,author::UCmvOgzmmXbjUthHy-WJ52hQ,1
author::UC8G5cJONY8L9voMyBW8Eoug,author::UCsjs5Hp_r86x1xbK6FAeqaA,1
author::UC8G5cJONY8L9voMyBW8Eoug,author::UCOh6DaZC_x9HASnlRylEMfw,1
author::UC8G5cJONY8L9voMyBW8Eoug,author::UCThW2XNsAaBKme5PUt7n-Zg,1
author::UC8G5cJONY8L9voMyBW8Eoug,author::UCsUCN0Yq_UyTvKjOJLmNrnQ,1
author::UC8G5cJONY8L9voMyBW8Eoug,author::UCjSKM9j0Q7HLDr1hD6D-TUw,1
author::UC8G5cJONY8L9voMyBW8Eoug,author::UCL13XhnRzbGokEkCkEOb0-g,1
author::UC8G5cJONY8L9voMyBW8Eoug,author::UCiMythXHsw7eQEMykCdmMUA,1
author::UC8G5cJONY8L9voMyBW8Eoug,author::UCDPWkUX3sNNaCx-m1dV4glA,1
author::UC8G5cJONY8L9voMyBW8Eoug,author::UCQtICyzWmhC5woCtbNgaSmg,1
author::UC8G5cJONY8L9voMyBW8Eoug,author::UCQtSFINs1h6GHkpg9o5kMvg,1
author::UC8G5cJONY8L9voMyBW8Eoug,author::UCSou6a2OuYGSvPjm5psquyA,1
author::UC8G5cJONY8L9voMyBW8Eoug,author::UCYwpX26TrCxq8TvbKGRYLXA,1
author::UC8G5cJONY8L9voMyBW8Eoug,author::UCDQaQv0hr2SS_PO-CMEwVHg,1
author::UC8G5cJONY8L9voMyBW8Eoug,author::UCxff05WuyvwELNITi7bj7UA,1
author::UC8G5cJONY8L9voMyBW8Eoug,author::UCTP3O0rMnc8z8v8jaDQwL0w,1
author::UC8G5cJONY8L9voMyBW8Eoug,author::UCTwSut16JyAg3mX6LVUNGqA,1
author::UC8G5cJONY8L9voMyBW8Eoug,author::UCrJn_rbo_ENAdeqneS-RmRw,1
author::UC8G5cJONY8L9voMyBW8Eoug,author::UCFjudnPLoaSL1BaRuLahyHg,1
author::UC8G5cJONY8L9voMyBW8Eoug,author::UCFUuDARXdmmIrLppEqf-rFg,1
author::UC8G5cJONY8L9voMyBW8Eoug,author::UCl0ekS9Tt0jJGtOEM18S63w,1
author::UC8G5cJONY8L9voMyBW8Eoug,author::UCut6b9S98nv84cVX89PmKzA,1
author::UC8G5cJONY8L9voMyBW8Eoug,author::UCi1b_TRQfgO1Z9O2gNGGWNA,1
author::UC8G5cJONY8L9voMyBW8Eoug,author::UCYN4wSQ1Sx4_LurxLlW7MPg,1
author::UC8G5cJONY8L9voMyBW8Eoug,author::UCTD6q1nyIe3Y7HhqjaMj72w,1
author::UC8G5cJONY8L9voMyBW8Eoug,author::UCpIdtvoFHVLGASGB5ySqIEA,1
author::UC8G5cJONY8L9voMyBW8Eoug,author::UCGzXwyCzMzGmjmCbH3Hg01Q,1
author::UC8G5cJONY8L9voMyBW8Eoug,author::UCtNfIBnc5S5DbbQj_yxgJTw,1
author::UC8G5cJONY8L9voMyBW8Eoug,author::UCHTGCgY2l-DQJIvlA_cpa_Q,1
author::UC8G5cJONY8L9voMyBW8Eoug,author::UCA93ym2TXs_Ibyxb4Vcn-6Q,1
author::UC8G5cJONY8L9voMyBW8Eoug,author::UCQqetiwzzmRNTM5OWuXarGQ,1
author::UC8G5cJONY8L9voMyBW8Eoug,author::UCRelkU8JiZBytTzebJxaa-w,1
author::UC8G5cJONY8L9voMyBW8Eoug,author::UCDlr1VadSucIZgZ171pRBjQ,1
author::UC8G5cJONY8L9voMyBW8Eoug,author::UCgvw7xIdGFupzpt1Y_BFkEA,1
author::UC8G5cJONY8L9voMyBW8Eoug,author::UCpsKOkt5iWTbenzeuq7dsmQ,1
author::UC8G5cJONY8L9voMyBW8Eoug,author::UCwW2OFy95P7ZBkOPxWkpvYg,1
author::UC8G5cJONY8L9voMyBW8Eoug,author::UCDftMWXQoJ6nONfY7GVOVjg,1
author::UC8G5cJONY8L9voMyBW8Eoug,author::UCLFdHr9BEbXHkoJopbEPLZw,1
author::UC8G5cJONY8L9voMyBW8Eoug,author::UCNBnKqWf4d-rS4HwJRQljmQ,1
author::UC8G5cJONY8L9voMyBW8Eoug,author::UCiGRBf2RNF0WRKhRVT7zFoA,1
author::UC8G5cJONY8L9voMyBW8Eoug,author::UCcfdg8crmMJwEuLUsAhV7yg,1
author::UC8G5cJONY8L9voMyBW8Eoug,author::UCkd9W714-947dEE6ZOEBATA,1
author::UC8G5cJONY8L9voMyBW8Eoug,author::UCZ51R_9Q9C0c8I3pAWhtmjQ,1
author::UC8G5cJONY8L9voMyBW8Eoug,author::UCzSfZlOVxBSs5ObD25ywxDQ,1
author::UC8G5cJONY8L9voMyBW8Eoug,author::UCCaYwkkbQGcvFoUmothVdQQ,1
author::UC8G5cJONY8L9voMyBW8Eoug,author::UCDUffaruH6dyUnUGwsTKpgg,1
author::UC8G5cJONY8L9voMyBW8Eoug,author::UCwha8rxULYMVtNwZWeSkE1A,1
author::UC8G5cJONY8L9voMyBW8Eoug,author::UCDIMztpVm7G27qBuiWuT6oQ,1
author::UC8G5cJONY8L9voMyBW8Eoug,author::UChgkn5Jt5tWKYMoEOuCjz3Q,1
author::UC8G5cJONY8L9voMyBW8Eoug,author::UCvApqeCbLod-wejtT4CcVuA,1
author::UC8G5cJONY8L9voMyBW8Eoug,author::UCfM3nrxtTQMY5jFx1v1J4Gg,1
author::UC8G5cJONY8L9voMyBW8Eoug,author::UCRlCV9zSn7avAWh-9_XFWqQ,1
author::UC8G5cJONY8L9voMyBW8Eoug,author::UCFhxtoeARHPnXXPcDrOU3Xg,1
author::UC8G5cJONY8L9voMyBW8Eoug,author::UCNkcuy42zEwddwEcOd_HpnA,1
author::UC8G5cJONY8L9voMyBW8Eoug,author::UCz3gu01bmjNv0DpRq-K3XYg,1
author::UC8G5cJONY8L9voMyBW8Eoug,author::UCFoIAE8k82D6AV-8gjjKaNg,1
author::UC8G5cJONY8L9voMyBW8Eoug,author::UCySYJU5kUh7X8gVt9la2ISA,1
author::UC8G5cJONY8L9voMyBW8Eoug,author::UCQgYjVngJRfPHDLGB5X6ZjA,1
author::UC8G5cJONY8L9voMyBW8Eoug,author::UCHhHUjaMAZ8SiXdCUCj9DkQ,1
author::UC8G5cJONY8L9voMyBW8Eoug,author::UCXSkL3ejZ8qWYyF_M7s_QKA,1
author::UC8G5cJONY8L9voMyBW8Eoug,author::UChZknRmJkeGeQk0-mQuhDOg,1
author::UC8G5cJONY8L9voMyBW8Eoug,author::UCXr8_5WtGeipe4haOoQDgyQ,1
author::UC8G5cJONY8L9voMyBW8Eoug,author::UCljDbleJul41G1TzOjOZAVA,1
author::UC8G5cJONY8L9voMyBW8Eoug,author::UCujPF2nBgsTD62nWE3lcpIg,1
author::UC8G5cJONY8L9voMyBW8Eoug,author::UCmjppp6ujz3SAnULvP3sZMw,1
author::UC8G5cJONY8L9voMyBW8Eoug,author::UCylqlpsh8ENNM1LqgQ1KbxA,1
author::UC8G5cJONY8L9voMyBW8Eoug,author::UCp4iw5_5SmV9VGTFSNVGOmQ,1
author::UC8G5cJONY8L9voMyBW8Eoug,author::UCN6qbfPSzFtjhqUDZ3Cv3CQ,1
author::UC8G5cJONY8L9voMyBW8Eoug,author::UCpl8rF8uv_8uui-QRvuJaRA,1
author::UC8G5cJONY8L9voMyBW8Eoug,author::UC9vMq1YF-e7C-VO0SHkbUTA,1
author::UC8G5cJONY8L9voMyBW8Eoug,author::UCh5ESQvtzyHDhCA7XyekCFA,1
author::UC8G5cJONY8L9voMyBW8Eoug,author::UCsSXdJct-nsS8DsABoEsaYA,1
author::UC8G5cJONY8L9voMyBW8Eoug,author::UCKDR0f2fu2UzWL8mBv5-BHw,1
author::UC8G5cJONY8L9voMyBW8Eoug,author::UCOLGv5Pf6BF2wFcwUzgcvHg,1
author::UC8G5cJONY8L9voMyBW8Eoug,author::UCtUR3_CAiE7fCoZHM6cMfyQ,1
author::UC8r11yOugM2NuRfitQOxLLg,author::UCXgr7vXlRrsaskPdo097kGA,1
author::UC8r11yOugM2NuRfitQOxLLg,author::UCwO2SXr0ggzwg6QWWrr01nQ,1
author::UC8r11yOugM2NuRfitQOxLLg,author::UCipetjeiWj4CZB6EbyYziZg,1
author::UC8r11yOugM2NuRfitQOxLLg,author::UCAlzM_N6xBlMYmM8EBzX86Q,1
author::UC8r11yOugM2NuRfitQOxLLg,author::UCV0iizTBoOfdAFX_thfI9BA,1
author::UC8r11yOugM2NuRfitQOxLLg,author::UCWIZUtKJ636y-4TYrNvok0g,1
author::UC8r11yOugM2NuRfitQOxLLg,author::UCLggDc_a5HriXv7I1h02sOA,1
author::UC8r11yOugM2NuRfitQOxLLg,author::UCueV9cTyTDwgQSec1x2dYgA,1
author::UC8r11yOugM2NuRfitQOxLLg,author::UCUIIIPTVDVHAXqhC_5V6lPA,1
author::UC8r11yOugM2NuRfitQOxLLg,author::UChep9kVb5gQmpodEEl10Xlg,1
author::UC8r11yOugM2NuRfitQOxLLg,author::UCsJJAvrVGupdmhOqgtDp8dg,1
author::UC8r11yOugM2NuRfitQOxLLg,author::UCAmtbUiIrUIhikru0ZoTFig,1
author::UC8r11yOugM2NuRfitQOxLLg,author::UCQ_-LPP8JAbfkc-b1Q6NvWw,1
author::UC8r11yOugM2NuRfitQOxLLg,author::UCOS8ViEkccrTZx2w2ccxotA,1
author::UC8r11yOugM2NuRfitQOxLLg,author::UCL1MT278vSaQ83ZDkVWn1gw,1
author::UC8r11yOugM2NuRfitQOxLLg,author::UCjmPuazZJzscrwvk0QR9RVw,1
author::UC8r11yOugM2NuRfitQOxLLg,author::UCB5p8a5gklc80jJItP6xTHg,1
author::UC8r11yOugM2NuRfitQOxLLg,author::UCzoL2l5H5eVlorWGH8AZfAg,1
author::UC8r11yOugM2NuRfitQOxLLg,author::UCplrIQtaPj6au60_f2-mOYw,1
author::UC8r11yOugM2NuRfitQOxLLg,author::UCFxE8GbokBrBsPEKM1xrOjQ,1
author::UC8r11yOugM2NuRfitQOxLLg,author::UCRETAiYdh2dL5ZxB0_N1zDA,1
author::UC8r11yOugM2NuRfitQOxLLg,author::UCj-LL25XJnjxepPKCc3NGog,1
author::UC8r11yOugM2NuRfitQOxLLg,author::UCTylKrsqkrBKIqubMu_5N0Q,1
author::UC8r11yOugM2NuRfitQOxLLg,author::UCZLG9qH0tUjNhEGFIUt0CYw,1
author::UC8r11yOugM2NuRfitQOxLLg,author::UCXXh7yg5KUFIWylTiKVEFKQ,1
author::UC8r11yOugM2NuRfitQOxLLg,author::UCr1emrogPKkKTs_WTtx71xg,1
author::UC8r11yOugM2NuRfitQOxLLg,author::UChs3tU2BcKOT0CezykvAsGw,1
author::UC8r11yOugM2NuRfitQOxLLg,author::UCErZPJpHmLCsXs8ZWkAUupQ,1
author::UC8r11yOugM2NuRfitQOxLLg,author::UC9xr9QvIcDvoZNUX5f-jaZw,1
author::UC8r11yOugM2NuRfitQOxLLg,author::UCEgEQmRbtL5fwr9_DqAC--g,1
author::UC8r11yOugM2NuRfitQOxLLg,author::UCmvOgzmmXbjUthHy-WJ52hQ,1
author::UC8r11yOugM2NuRfitQOxLLg,author::UCsjs5Hp_r86x1xbK6FAeqaA,1
author::UC8r11yOugM2NuRfitQOxLLg,author::UCOh6DaZC_x9HASnlRylEMfw,1
author::UC8r11yOugM2NuRfitQOxLLg,author::UCThW2XNsAaBKme5PUt7n-Zg,1
author::UC8r11yOugM2NuRfitQOxLLg,author::UCsUCN0Yq_UyTvKjOJLmNrnQ,1
author::UC8r11yOugM2NuRfitQOxLLg,author::UCjSKM9j0Q7HLDr1hD6D-TUw,1
author::UC8r11yOugM2NuRfitQOxLLg,author::UCL13XhnRzbGokEkCkEOb0-g,1
author::UC8r11yOugM2NuRfitQOxLLg,author::UCiMythXHsw7eQEMykCdmMUA,1
author::UC8r11yOugM2NuRfitQOxLLg,author::UCDPWkUX3sNNaCx-m1dV4glA,1
author::UC8r11yOugM2NuRfitQOxLLg,author::UCQtICyzWmhC5woCtbNgaSmg,1
author::UC8r11yOugM2NuRfitQOxLLg,author::UCQtSFINs1h6GHkpg9o5kMvg,1
author::UC8r11yOugM2NuRfitQOxLLg,author::UCSou6a2OuYGSvPjm5psquyA,1
author::UC8r11yOugM2NuRfitQOxLLg,author::UCYwpX26TrCxq8TvbKGRYLXA,1
author::UC8r11yOugM2NuRfitQOxLLg,author::UCDQaQv0hr2SS_PO-CMEwVHg,1
author::UC8r11yOugM2NuRfitQOxLLg,author::UCxff05WuyvwELNITi7bj7UA,1
author::UC8r11yOugM2NuRfitQOxLLg,author::UCTP3O0rMnc8z8v8jaDQwL0w,1
author::UC8r11yOugM2NuRfitQOxLLg,author::UCTwSut16JyAg3mX6LVUNGqA,1
author::UC8r11yOugM2NuRfitQOxLLg,author::UCrJn_rbo_ENAdeqneS-RmRw,1
author::UC8r11yOugM2NuRfitQOxLLg,author::UCFjudnPLoaSL1BaRuLahyHg,1
author::UC8r11yOugM2NuRfitQOxLLg,author::UCFUuDARXdmmIrLppEqf-rFg,1
author::UC8r11yOugM2NuRfitQOxLLg,author::UCl0ekS9Tt0jJGtOEM18S63w,1
author::UC8r11yOugM2NuRfitQOxLLg,author::UCut6b9S98nv84cVX89PmKzA,1
author::UC8r11yOugM2NuRfitQOxLLg,author::UCi1b_TRQfgO1Z9O2gNGGWNA,1
author::UC8r11yOugM2NuRfitQOxLLg,author::UCYN4wSQ1Sx4_LurxLlW7MPg,1
author::UC8r11yOugM2NuRfitQOxLLg,author::UCTD6q1nyIe3Y7HhqjaMj72w,1
author::UC8r11yOugM2NuRfitQOxLLg,author::UCpIdtvoFHVLGASGB5ySqIEA,1
author::UC8r11yOugM2NuRfitQOxLLg,author::UCGzXwyCzMzGmjmCbH3Hg01Q,1
author::UC8r11yOugM2NuRfitQOxLLg,author::UCtNfIBnc5S5DbbQj_yxgJTw,1
author::UC8r11yOugM2NuRfitQOxLLg,author::UCHTGCgY2l-DQJIvlA_cpa_Q,1
author::UC8r11yOugM2NuRfitQOxLLg,author::UCA93ym2TXs_Ibyxb4Vcn-6Q,1
author::UC8r11yOugM2NuRfitQOxLLg,author::UCQqetiwzzmRNTM5OWuXarGQ,1
author::UC8r11yOugM2NuRfitQOxLLg,author::UCRelkU8JiZBytTzebJxaa-w,1
author::UC8r11yOugM2NuRfitQOxLLg,author::UCDlr1VadSucIZgZ171pRBjQ,1
author::UC8r11yOugM2NuRfitQOxLLg,author::UCgvw7xIdGFupzpt1Y_BFkEA,1
author::UC8r11yOugM2NuRfitQOxLLg,author::UCpsKOkt5iWTbenzeuq7dsmQ,1
author::UC8r11yOugM2NuRfitQOxLLg,author::UCwW2OFy95P7ZBkOPxWkpvYg,1
author::UC8r11yOugM2NuRfitQOxLLg,author::UCDftMWXQoJ6nONfY7GVOVjg,1
author::UC8r11yOugM2NuRfitQOxLLg,author::UCLFdHr9BEbXHkoJopbEPLZw,1
author::UC8r11yOugM2NuRfitQOxLLg,author::UCNBnKqWf4d-rS4HwJRQljmQ,1
author::UC8r11yOugM2NuRfitQOxLLg,author::UCiGRBf2RNF0WRKhRVT7zFoA,1
author::UC8r11yOugM2NuRfitQOxLLg,author::UCcfdg8crmMJwEuLUsAhV7yg,1
author::UC8r11yOugM2NuRfitQOxLLg,author::UCkd9W714-947dEE6ZOEBATA,1
author::UC8r11yOugM2NuRfitQOxLLg,author::UCZ51R_9Q9C0c8I3pAWhtmjQ,1
author::UC8r11yOugM2NuRfitQOxLLg,author::UCzSfZlOVxBSs5ObD25ywxDQ,1
author::UC8r11yOugM2NuRfitQOxLLg,author::UCCaYwkkbQGcvFoUmothVdQQ,1
author::UC8r11yOugM2NuRfitQOxLLg,author::UCDUffaruH6dyUnUGwsTKpgg,1
author::UC8r11yOugM2NuRfitQOxLLg,author::UCwha8rxULYMVtNwZWeSkE1A,1
author::UC8r11yOugM2NuRfitQOxLLg,author::UCDIMztpVm7G27qBuiWuT6oQ,1
author::UC8r11yOugM2NuRfitQOxLLg,author::UChgkn5Jt5tWKYMoEOuCjz3Q,1
author::UC8r11yOugM2NuRfitQOxLLg,author::UCvApqeCbLod-wejtT4CcVuA,1
author::UC8r11yOugM2NuRfitQOxLLg,author::UCfM3nrxtTQMY5jFx1v1J4Gg,1
author::UC8r11yOugM2NuRfitQOxLLg,author::UCRlCV9zSn7avAWh-9_XFWqQ,1
author::UC8r11yOugM2NuRfitQOxLLg,author::UCFhxtoeARHPnXXPcDrOU3Xg,1
author::UC8r11yOugM2NuRfitQOxLLg,author::UCNkcuy42zEwddwEcOd_HpnA,1
author::UC8r11yOugM2NuRfitQOxLLg,author::UCz3gu01bmjNv0DpRq-K3XYg,1
author::UC8r11yOugM2NuRfitQOxLLg,author::UCFoIAE8k82D6AV-8gjjKaNg,1
author::UC8r11yOugM2NuRfitQOxLLg,author::UCySYJU5kUh7X8gVt9la2ISA,1
author::UC8r11yOugM2NuRfitQOxLLg,author::UCQgYjVngJRfPHDLGB5X6ZjA,1
author::UC8r11yOugM2NuRfitQOxLLg,author::UCHhHUjaMAZ8SiXdCUCj9DkQ,1
author::UC8r11yOugM2NuRfitQOxLLg,author::UCXSkL3ejZ8qWYyF_M7s_QKA,1
author::UC8r11yOugM2NuRfitQOxLLg,author::UChZknRmJkeGeQk0-mQuhDOg,1
author::UC8r11yOugM2NuRfitQOxLLg,author::UCXr8_5WtGeipe4haOoQDgyQ,1
author::UC8r11yOugM2NuRfitQOxLLg,author::UCljDbleJul41G1TzOjOZAVA,1
author::UC8r11yOugM2NuRfitQOxLLg,author::UCujPF2nBgsTD62nWE3lcpIg,1
author::UC8r11yOugM2NuRfitQOxLLg,author::UCmjppp6ujz3SAnULvP3sZMw,1
author::UC8r11yOugM2NuRfitQOxLLg,author::UCylqlpsh8ENNM1LqgQ1KbxA,1
author::UC8r11yOugM2NuRfitQOxLLg,author::UCp4iw5_5SmV9VGTFSNVGOmQ,1
author::UC8r11yOugM2NuRfitQOxLLg,author::UCN6qbfPSzFtjhqUDZ3Cv3CQ,1
author::UC8r11yOugM2NuRfitQOxLLg,author::UCpl8rF8uv_8uui-QRvuJaRA,1
author::UC8r11yOugM2NuRfitQOxLLg,author::UC9vMq1YF-e7C-VO0SHkbUTA,1
author::UC8r11yOugM2NuRfitQOxLLg,author::UCh5ESQvtzyHDhCA7XyekCFA,1
author::UC8r11yOugM2NuRfitQOxLLg,author::UCsSXdJct-nsS8DsABoEsaYA,1
author::UC8r11yOugM2NuRfitQOxLLg,author::UCKDR0f2fu2UzWL8mBv5-BHw,1
author::UC8r11yOugM2NuRfitQOxLLg,author::UCOLGv5Pf6BF2wFcwUzgcvHg,1
author::UC8r11yOugM2NuRfitQOxLLg,author::UCtUR3_CAiE7fCoZHM6cMfyQ,1
author::UC8xlJWNHz1V_W6q3fbuQH8g,author::UCusjriFsDHEc2AOjqk-p5ig,1
author::UC8xlJWNHz1V_W6q3fbuQH8g,author::UCzZ6dDCEsLMXbc5pCFXIprw,1
author::UC8xlJWNHz1V_W6q3fbuQH8g,author::UCNIeXbV_mEwpa412h1aqUWw,1
author::UC8xlJWNHz1V_W6q3fbuQH8g,author::UCAV7QIjYhbDJaycQycM_0eQ,1
author::UC8xlJWNHz1V_W6q3fbuQH8g,author::UCgQJgI9vu1FI2dnC9mrFthw,1
author::UC8xlJWNHz1V_W6q3fbuQH8g,author::UCg3eIfd7BrsLEqS0BLkftHA,1
author::UC8xlJWNHz1V_W6q3fbuQH8g,author::UCf5lnNZF7Qrtli9v4N_23WQ,1
author::UC8xlJWNHz1V_W6q3fbuQH8g,author::UCGX_UbAQOXGZknv5iqklwTA,1
author::UC8xlJWNHz1V_W6q3fbuQH8g,author::UCuP4UK33HKtJE_S39ksmaTw,1
author::UC8xlJWNHz1V_W6q3fbuQH8g,author::UCtNyHmRZtvGF2hSvI2dUBWw,1
author::UC8xlJWNHz1V_W6q3fbuQH8g,author::UCN2N_wYOw6fMwCeSzdXLPIw,1
author::UC8xlJWNHz1V_W6q3fbuQH8g,author::UCVQf0tzL7xRzFJsABVVULpg,1
author::UC8xlJWNHz1V_W6q3fbuQH8g,author::UCPZueDLrCS4BmTBRMA4q0fA,1
author::UC8xlJWNHz1V_W6q3fbuQH8g,author::UCbYoNG5J3Au5BqtbXogfEFw,1
author::UC8xlJWNHz1V_W6q3fbuQH8g,author::UCHTGCgY2l-DQJIvlA_cpa_Q,1
author::UC8xlJWNHz1V_W6q3fbuQH8g,author::UClsrFGJKWPxxw7MiaEdKLXw,1
author::UC95PSMouTx2N5CbSq0hIyrQ,author::UCRAquv8el-tQ30bN7MlmySQ,1
author::UC95PSMouTx2N5CbSq0hIyrQ,author::UCwgCc9Jd_gG-uLE_SY-FfPg,1
author::UC95PSMouTx2N5CbSq0hIyrQ,author::UCRvPToDkkumha7WJAfCDk1A,1
author::UC95PSMouTx2N5CbSq0hIyrQ,author::UColMq7LmaoY3MT6aIDGrGvA,1
author::UC95PSMouTx2N5CbSq0hIyrQ,author::UCiC-Jn7wdgyQV4_Urk0DkWQ,1
author::UC95PSMouTx2N5CbSq0hIyrQ,author::UCgQw_Sbq3ugruDUKsq1e0-A,1
author::UC95PSMouTx2N5CbSq0hIyrQ,author::UCAKuKvcbfnBD3kF5njNu-IA,1
author::UC95PSMouTx2N5CbSq0hIyrQ,author::UCdFlugHJJa4l3YqWuNRmvXw,1
author::UC95PSMouTx2N5CbSq0hIyrQ,author::UCHbwIx9pmQuf7i-4_xO2EpA,1
author::UC95PSMouTx2N5CbSq0hIyrQ,author::UCeDNEtI8_a42bZ47wJiJMwQ,1
author::UC95PSMouTx2N5CbSq0hIyrQ,author::UCu8_3-Wg-YzNyvHYQDEscfw,1
author::UC95PSMouTx2N5CbSq0hIyrQ,author::UCDrmf9y9nLgFY5wnA2hTuGA,1
author::UC95PSMouTx2N5CbSq0hIyrQ,author::UCQqlPPUGqAfWjd-FSh_qn7Q,1
author::UC95PSMouTx2N5CbSq0hIyrQ,author::UCkVtmkK07b2zaVVNssX4lOg,1
author::UC95PSMouTx2N5CbSq0hIyrQ,author::UCqCrvuoJpC-aVb0f4logQRQ,1
author::UC95PSMouTx2N5CbSq0hIyrQ,author::UCsGoJEvb-cFPZ2rWoJcXzEQ,1
author::UC95PSMouTx2N5CbSq0hIyrQ,author::UCuXmOjxC-htcprLgeVXz6Tg,1
author::UC95PSMouTx2N5CbSq0hIyrQ,author::UCWoAVGVqCn4xtINCMOTM4jg,1
author::UC95PSMouTx2N5CbSq0hIyrQ,author::UClqA491Xa5fQcXcJJa-vTWw,1
author::UC95PSMouTx2N5CbSq0hIyrQ,author::UCQyOePccUP-fIJYzchAgZYw,1
author::UC95PSMouTx2N5CbSq0hIyrQ,author::UCV0lM03g5fg5pbPj97-sAtA,1
author::UC95PSMouTx2N5CbSq0hIyrQ,author::UC_LYoGs5C3mbZKZuKuqYCvw,1
author::UC95PSMouTx2N5CbSq0hIyrQ,author::UCgJNFj5dnxXpcMvmuhZDPxA,1
author::UC95PSMouTx2N5CbSq0hIyrQ,author::UCpsKOkt5iWTbenzeuq7dsmQ,1
author::UC95PSMouTx2N5CbSq0hIyrQ,author::UCkbsS_3D-pvg1iHOld9uvIg,1
author::UC95PSMouTx2N5CbSq0hIyrQ,author::UCCBYcToQ2dwkd6TJh0FSyDg,1
author::UC95PSMouTx2N5CbSq0hIyrQ,author::UCGGHbtfbbe0o68etrOf0qxw,1
author::UC95PSMouTx2N5CbSq0hIyrQ,author::UCOcUI5XkTYNMSFhZNMIPpGg,1
author::UC95PSMouTx2N5CbSq0hIyrQ,author::UCW-JC6lebVmf2P1dmY_L94g,1
author::UC95PSMouTx2N5CbSq0hIyrQ,author::UCwjUvRseNtJoItylIyIez7Q,1
author::UC95PSMouTx2N5CbSq0hIyrQ,author::UClhMWQ7XKWywYvbRnuf8QsA,1
author::UC95PSMouTx2N5CbSq0hIyrQ,author::UCe8JZoYkX5oKUZyivHYdXhw,1
author::UC95PSMouTx2N5CbSq0hIyrQ,author::UCaKAjTW9MVub_clgr4DRYjQ,1
author::UC95PSMouTx2N5CbSq0hIyrQ,author::UCpe5jW3MIqkgTJ-PgkzvM6Q,1
author::UC95PSMouTx2N5CbSq0hIyrQ,author::UCylqlpsh8ENNM1LqgQ1KbxA,1
author::UC95PSMouTx2N5CbSq0hIyrQ,author::UCZeIIQrGAedW8tCbKWmGY-A,1
author::UC95PSMouTx2N5CbSq0hIyrQ,author::UCW80DaMjQlEUibC98Cot-Dg,1
author::UC95PSMouTx2N5CbSq0hIyrQ,author::UCUoYsrx1oZnCZ0usbBJn4fA,1
author::UC95PSMouTx2N5CbSq0hIyrQ,author::UCNpt5CQlTzNjlAKY6CJtClQ,1
author::UC9Wp6vL5oCU37qC3Aj94WZA,author::UCsUCN0Yq_UyTvKjOJLmNrnQ,1
author::UC9Wp6vL5oCU37qC3Aj94WZA,author::UCHu8x4MVkayU6VgwVKd--MQ,1
author::UC9Wp6vL5oCU37qC3Aj94WZA,author::UCGm3gRBEHGRJYmtCryZLtDw,1
author::UC9vMq1YF-e7C-VO0SHkbUTA,author::UCXgr7vXlRrsaskPdo097kGA,1
author::UC9vMq1YF-e7C-VO0SHkbUTA,author::UCwO2SXr0ggzwg6QWWrr01nQ,1
author::UC9vMq1YF-e7C-VO0SHkbUTA,author::UCipetjeiWj4CZB6EbyYziZg,1
author::UC9vMq1YF-e7C-VO0SHkbUTA,author::UCAlzM_N6xBlMYmM8EBzX86Q,1
author::UC9vMq1YF-e7C-VO0SHkbUTA,author::UCV0iizTBoOfdAFX_thfI9BA,1
author::UC9vMq1YF-e7C-VO0SHkbUTA,author::UCWIZUtKJ636y-4TYrNvok0g,1
author::UC9vMq1YF-e7C-VO0SHkbUTA,author::UCLggDc_a5HriXv7I1h02sOA,1
author::UC9vMq1YF-e7C-VO0SHkbUTA,author::UCueV9cTyTDwgQSec1x2dYgA,1
author::UC9vMq1YF-e7C-VO0SHkbUTA,author::UCUIIIPTVDVHAXqhC_5V6lPA,1
author::UC9vMq1YF-e7C-VO0SHkbUTA,author::UChep9kVb5gQmpodEEl10Xlg,1
author::UC9vMq1YF-e7C-VO0SHkbUTA,author::UCsJJAvrVGupdmhOqgtDp8dg,1
author::UC9vMq1YF-e7C-VO0SHkbUTA,author::UCAmtbUiIrUIhikru0ZoTFig,1
author::UC9vMq1YF-e7C-VO0SHkbUTA,author::UCQ_-LPP8JAbfkc-b1Q6NvWw,1
author::UC9vMq1YF-e7C-VO0SHkbUTA,author::UCOS8ViEkccrTZx2w2ccxotA,1
author::UC9vMq1YF-e7C-VO0SHkbUTA,author::UCL1MT278vSaQ83ZDkVWn1gw,1
author::UC9vMq1YF-e7C-VO0SHkbUTA,author::UCjmPuazZJzscrwvk0QR9RVw,1
author::UC9vMq1YF-e7C-VO0SHkbUTA,author::UCB5p8a5gklc80jJItP6xTHg,1
author::UC9vMq1YF-e7C-VO0SHkbUTA,author::UCzoL2l5H5eVlorWGH8AZfAg,1
author::UC9vMq1YF-e7C-VO0SHkbUTA,author::UCplrIQtaPj6au60_f2-mOYw,1
author::UC9vMq1YF-e7C-VO0SHkbUTA,author::UCFxE8GbokBrBsPEKM1xrOjQ,1
author::UC9vMq1YF-e7C-VO0SHkbUTA,author::UCRETAiYdh2dL5ZxB0_N1zDA,1
author::UC9vMq1YF-e7C-VO0SHkbUTA,author::UCj-LL25XJnjxepPKCc3NGog,1
author::UC9vMq1YF-e7C-VO0SHkbUTA,author::UCTylKrsqkrBKIqubMu_5N0Q,1
author::UC9vMq1YF-e7C-VO0SHkbUTA,author::UCZLG9qH0tUjNhEGFIUt0CYw,1
author::UC9vMq1YF-e7C-VO0SHkbUTA,author::UCXXh7yg5KUFIWylTiKVEFKQ,1
author::UC9vMq1YF-e7C-VO0SHkbUTA,author::UCr1emrogPKkKTs_WTtx71xg,1
author::UC9vMq1YF-e7C-VO0SHkbUTA,author::UChs3tU2BcKOT0CezykvAsGw,1
author::UC9vMq1YF-e7C-VO0SHkbUTA,author::UCErZPJpHmLCsXs8ZWkAUupQ,1
author::UC9vMq1YF-e7C-VO0SHkbUTA,author::UC9xr9QvIcDvoZNUX5f-jaZw,1
author::UC9vMq1YF-e7C-VO0SHkbUTA,author::UCEgEQmRbtL5fwr9_DqAC--g,1
author::UC9vMq1YF-e7C-VO0SHkbUTA,author::UCmvOgzmmXbjUthHy-WJ52hQ,1
author::UC9vMq1YF-e7C-VO0SHkbUTA,author::UCsjs5Hp_r86x1xbK6FAeqaA,1
author::UC9vMq1YF-e7C-VO0SHkbUTA,author::UCOh6DaZC_x9HASnlRylEMfw,1
author::UC9vMq1YF-e7C-VO0SHkbUTA,author::UCThW2XNsAaBKme5PUt7n-Zg,1
author::UC9vMq1YF-e7C-VO0SHkbUTA,author::UCsUCN0Yq_UyTvKjOJLmNrnQ,1
author::UC9vMq1YF-e7C-VO0SHkbUTA,author::UCjSKM9j0Q7HLDr1hD6D-TUw,1
author::UC9vMq1YF-e7C-VO0SHkbUTA,author::UCL13XhnRzbGokEkCkEOb0-g,1
author::UC9vMq1YF-e7C-VO0SHkbUTA,author::UCiMythXHsw7eQEMykCdmMUA,1
author::UC9vMq1YF-e7C-VO0SHkbUTA,author::UCDPWkUX3sNNaCx-m1dV4glA,1
author::UC9vMq1YF-e7C-VO0SHkbUTA,author::UCQtICyzWmhC5woCtbNgaSmg,1
author::UC9vMq1YF-e7C-VO0SHkbUTA,author::UCQtSFINs1h6GHkpg9o5kMvg,1
author::UC9vMq1YF-e7C-VO0SHkbUTA,author::UCSou6a2OuYGSvPjm5psquyA,1
author::UC9vMq1YF-e7C-VO0SHkbUTA,author::UCYwpX26TrCxq8TvbKGRYLXA,1
author::UC9vMq1YF-e7C-VO0SHkbUTA,author::UCDQaQv0hr2SS_PO-CMEwVHg,1
author::UC9vMq1YF-e7C-VO0SHkbUTA,author::UCxff05WuyvwELNITi7bj7UA,1
author::UC9vMq1YF-e7C-VO0SHkbUTA,author::UCTP3O0rMnc8z8v8jaDQwL0w,1
author::UC9vMq1YF-e7C-VO0SHkbUTA,author::UCTwSut16JyAg3mX6LVUNGqA,1
author::UC9vMq1YF-e7C-VO0SHkbUTA,author::UCrJn_rbo_ENAdeqneS-RmRw,1
author::UC9vMq1YF-e7C-VO0SHkbUTA,author::UCFjudnPLoaSL1BaRuLahyHg,1
author::UC9vMq1YF-e7C-VO0SHkbUTA,author::UCFUuDARXdmmIrLppEqf-rFg,1
author::UC9vMq1YF-e7C-VO0SHkbUTA,author::UCl0ekS9Tt0jJGtOEM18S63w,1
author::UC9vMq1YF-e7C-VO0SHkbUTA,author::UCut6b9S98nv84cVX89PmKzA,1
author::UC9vMq1YF-e7C-VO0SHkbUTA,author::UCi1b_TRQfgO1Z9O2gNGGWNA,1
author::UC9vMq1YF-e7C-VO0SHkbUTA,author::UCYN4wSQ1Sx4_LurxLlW7MPg,1
author::UC9vMq1YF-e7C-VO0SHkbUTA,author::UCTD6q1nyIe3Y7HhqjaMj72w,1
author::UC9vMq1YF-e7C-VO0SHkbUTA,author::UCpIdtvoFHVLGASGB5ySqIEA,1
author::UC9vMq1YF-e7C-VO0SHkbUTA,author::UCGzXwyCzMzGmjmCbH3Hg01Q,1
author::UC9vMq1YF-e7C-VO0SHkbUTA,author::UCtNfIBnc5S5DbbQj_yxgJTw,1
author::UC9vMq1YF-e7C-VO0SHkbUTA,author::UCHTGCgY2l-DQJIvlA_cpa_Q,1
author::UC9vMq1YF-e7C-VO0SHkbUTA,author::UCA93ym2TXs_Ibyxb4Vcn-6Q,1
author::UC9vMq1YF-e7C-VO0SHkbUTA,author::UCQqetiwzzmRNTM5OWuXarGQ,1
author::UC9vMq1YF-e7C-VO0SHkbUTA,author::UCRelkU8JiZBytTzebJxaa-w,1
author::UC9vMq1YF-e7C-VO0SHkbUTA,author::UCDlr1VadSucIZgZ171pRBjQ,1
author::UC9vMq1YF-e7C-VO0SHkbUTA,author::UCgvw7xIdGFupzpt1Y_BFkEA,1
author::UC9vMq1YF-e7C-VO0SHkbUTA,author::UCpsKOkt5iWTbenzeuq7dsmQ,1
author::UC9vMq1YF-e7C-VO0SHkbUTA,author::UCwW2OFy95P7ZBkOPxWkpvYg,1
author::UC9vMq1YF-e7C-VO0SHkbUTA,author::UCDftMWXQoJ6nONfY7GVOVjg,1
author::UC9vMq1YF-e7C-VO0SHkbUTA,author::UCLFdHr9BEbXHkoJopbEPLZw,1
author::UC9vMq1YF-e7C-VO0SHkbUTA,author::UCNBnKqWf4d-rS4HwJRQljmQ,1
author::UC9vMq1YF-e7C-VO0SHkbUTA,author::UCiGRBf2RNF0WRKhRVT7zFoA,1
author::UC9vMq1YF-e7C-VO0SHkbUTA,author::UCcfdg8crmMJwEuLUsAhV7yg,1
author::UC9vMq1YF-e7C-VO0SHkbUTA,author::UCkd9W714-947dEE6ZOEBATA,1
author::UC9vMq1YF-e7C-VO0SHkbUTA,author::UCZ51R_9Q9C0c8I3pAWhtmjQ,1
author::UC9vMq1YF-e7C-VO0SHkbUTA,author::UCzSfZlOVxBSs5ObD25ywxDQ,1
author::UC9vMq1YF-e7C-VO0SHkbUTA,author::UCCaYwkkbQGcvFoUmothVdQQ,1
author::UC9vMq1YF-e7C-VO0SHkbUTA,author::UCDUffaruH6dyUnUGwsTKpgg,1
author::UC9vMq1YF-e7C-VO0SHkbUTA,author::UCwha8rxULYMVtNwZWeSkE1A,1
author::UC9vMq1YF-e7C-VO0SHkbUTA,author::UCDIMztpVm7G27qBuiWuT6oQ,1
author::UC9vMq1YF-e7C-VO0SHkbUTA,author::UChgkn5Jt5tWKYMoEOuCjz3Q,1
author::UC9vMq1YF-e7C-VO0SHkbUTA,author::UCvApqeCbLod-wejtT4CcVuA,1
author::UC9vMq1YF-e7C-VO0SHkbUTA,author::UCfM3nrxtTQMY5jFx1v1J4Gg,1
author::UC9vMq1YF-e7C-VO0SHkbUTA,author::UCRlCV9zSn7avAWh-9_XFWqQ,1
author::UC9vMq1YF-e7C-VO0SHkbUTA,author::UCFhxtoeARHPnXXPcDrOU3Xg,1
author::UC9vMq1YF-e7C-VO0SHkbUTA,author::UCNkcuy42zEwddwEcOd_HpnA,1
author::UC9vMq1YF-e7C-VO0SHkbUTA,author::UCz3gu01bmjNv0DpRq-K3XYg,1
author::UC9vMq1YF-e7C-VO0SHkbUTA,author::UCFoIAE8k82D6AV-8gjjKaNg,1
author::UC9vMq1YF-e7C-VO0SHkbUTA,author::UCySYJU5kUh7X8gVt9la2ISA,1
author::UC9vMq1YF-e7C-VO0SHkbUTA,author::UCQgYjVngJRfPHDLGB5X6ZjA,1
author::UC9vMq1YF-e7C-VO0SHkbUTA,author::UCHhHUjaMAZ8SiXdCUCj9DkQ,1
author::UC9vMq1YF-e7C-VO0SHkbUTA,author::UCXSkL3ejZ8qWYyF_M7s_QKA,1
author::UC9vMq1YF-e7C-VO0SHkbUTA,author::UChZknRmJkeGeQk0-mQuhDOg,1
author::UC9vMq1YF-e7C-VO0SHkbUTA,author::UCXr8_5WtGeipe4haOoQDgyQ,1
author::UC9vMq1YF-e7C-VO0SHkbUTA,author::UCljDbleJul41G1TzOjOZAVA,1
author::UC9vMq1YF-e7C-VO0SHkbUTA,author::UCujPF2nBgsTD62nWE3lcpIg,1
author::UC9vMq1YF-e7C-VO0SHkbUTA,author::UCmjppp6ujz3SAnULvP3sZMw,1
author::UC9vMq1YF-e7C-VO0SHkbUTA,author::UCylqlpsh8ENNM1LqgQ1KbxA,1
author::UC9vMq1YF-e7C-VO0SHkbUTA,author::UCp4iw5_5SmV9VGTFSNVGOmQ,1
author::UC9vMq1YF-e7C-VO0SHkbUTA,author::UCN6qbfPSzFtjhqUDZ3Cv3CQ,1
author::UC9vMq1YF-e7C-VO0SHkbUTA,author::UCpl8rF8uv_8uui-QRvuJaRA,1
author::UC9vMq1YF-e7C-VO0SHkbUTA,author::UCh5ESQvtzyHDhCA7XyekCFA,1
author::UC9vMq1YF-e7C-VO0SHkbUTA,author::UCsSXdJct-nsS8DsABoEsaYA,1
author::UC9vMq1YF-e7C-VO0SHkbUTA,author::UCKDR0f2fu2UzWL8mBv5-BHw,1
author::UC9vMq1YF-e7C-VO0SHkbUTA,author::UCOLGv5Pf6BF2wFcwUzgcvHg,1
author::UC9vMq1YF-e7C-VO0SHkbUTA,author::UCtUR3_CAiE7fCoZHM6cMfyQ,1
author::UC9xr9QvIcDvoZNUX5f-jaZw,author::UCXgr7vXlRrsaskPdo097kGA,1
author::UC9xr9QvIcDvoZNUX5f-jaZw,author::UCwO2SXr0ggzwg6QWWrr01nQ,1
author::UC9xr9QvIcDvoZNUX5f-jaZw,author::UCipetjeiWj4CZB6EbyYziZg,1
author::UC9xr9QvIcDvoZNUX5f-jaZw,author::UCAlzM_N6xBlMYmM8EBzX86Q,1
author::UC9xr9QvIcDvoZNUX5f-jaZw,author::UCV0iizTBoOfdAFX_thfI9BA,1
author::UC9xr9QvIcDvoZNUX5f-jaZw,author::UCWIZUtKJ636y-4TYrNvok0g,1
author::UC9xr9QvIcDvoZNUX5f-jaZw,author::UCLggDc_a5HriXv7I1h02sOA,1
author::UC9xr9QvIcDvoZNUX5f-jaZw,author::UCueV9cTyTDwgQSec1x2dYgA,1
author::UC9xr9QvIcDvoZNUX5f-jaZw,author::UCUIIIPTVDVHAXqhC_5V6lPA,1
author::UC9xr9QvIcDvoZNUX5f-jaZw,author::UChep9kVb5gQmpodEEl10Xlg,1
author::UC9xr9QvIcDvoZNUX5f-jaZw,author::UCsJJAvrVGupdmhOqgtDp8dg,1
author::UC9xr9QvIcDvoZNUX5f-jaZw,author::UCAmtbUiIrUIhikru0ZoTFig,1
author::UC9xr9QvIcDvoZNUX5f-jaZw,author::UCQ_-LPP8JAbfkc-b1Q6NvWw,1
author::UC9xr9QvIcDvoZNUX5f-jaZw,author::UCOS8ViEkccrTZx2w2ccxotA,1
author::UC9xr9QvIcDvoZNUX5f-jaZw,author::UCL1MT278vSaQ83ZDkVWn1gw,1
author::UC9xr9QvIcDvoZNUX5f-jaZw,author::UCjmPuazZJzscrwvk0QR9RVw,1
author::UC9xr9QvIcDvoZNUX5f-jaZw,author::UCB5p8a5gklc80jJItP6xTHg,1
author::UC9xr9QvIcDvoZNUX5f-jaZw,author::UCzoL2l5H5eVlorWGH8AZfAg,1
author::UC9xr9QvIcDvoZNUX5f-jaZw,author::UCplrIQtaPj6au60_f2-mOYw,1
author::UC9xr9QvIcDvoZNUX5f-jaZw,author::UCFxE8GbokBrBsPEKM1xrOjQ,1
author::UC9xr9QvIcDvoZNUX5f-jaZw,author::UCRETAiYdh2dL5ZxB0_N1zDA,1
author::UC9xr9QvIcDvoZNUX5f-jaZw,author::UCj-LL25XJnjxepPKCc3NGog,1
author::UC9xr9QvIcDvoZNUX5f-jaZw,author::UCTylKrsqkrBKIqubMu_5N0Q,1
author::UC9xr9QvIcDvoZNUX5f-jaZw,author::UCZLG9qH0tUjNhEGFIUt0CYw,1
author::UC9xr9QvIcDvoZNUX5f-jaZw,author::UCXXh7yg5KUFIWylTiKVEFKQ,1
author::UC9xr9QvIcDvoZNUX5f-jaZw,author::UCr1emrogPKkKTs_WTtx71xg,1
author::UC9xr9QvIcDvoZNUX5f-jaZw,author::UChs3tU2BcKOT0CezykvAsGw,1
author::UC9xr9QvIcDvoZNUX5f-jaZw,author::UCErZPJpHmLCsXs8ZWkAUupQ,1
author::UC9xr9QvIcDvoZNUX5f-jaZw,author::UCEgEQmRbtL5fwr9_DqAC--g,1
author::UC9xr9QvIcDvoZNUX5f-jaZw,author::UCmvOgzmmXbjUthHy-WJ52hQ,1
author::UC9xr9QvIcDvoZNUX5f-jaZw,author::UCsjs5Hp_r86x1xbK6FAeqaA,1
author::UC9xr9QvIcDvoZNUX5f-jaZw,author::UCOh6DaZC_x9HASnlRylEMfw,1
author::UC9xr9QvIcDvoZNUX5f-jaZw,author::UCThW2XNsAaBKme5PUt7n-Zg,1
author::UC9xr9QvIcDvoZNUX5f-jaZw,author::UCsUCN0Yq_UyTvKjOJLmNrnQ,1
author::UC9xr9QvIcDvoZNUX5f-jaZw,author::UCjSKM9j0Q7HLDr1hD6D-TUw,1
author::UC9xr9QvIcDvoZNUX5f-jaZw,author::UCL13XhnRzbGokEkCkEOb0-g,1
author::UC9xr9QvIcDvoZNUX5f-jaZw,author::UCiMythXHsw7eQEMykCdmMUA,1
author::UC9xr9QvIcDvoZNUX5f-jaZw,author::UCDPWkUX3sNNaCx-m1dV4glA,1
author::UC9xr9QvIcDvoZNUX5f-jaZw,author::UCQtICyzWmhC5woCtbNgaSmg,1
author::UC9xr9QvIcDvoZNUX5f-jaZw,author::UCQtSFINs1h6GHkpg9o5kMvg,1
author::UC9xr9QvIcDvoZNUX5f-jaZw,author::UCSou6a2OuYGSvPjm5psquyA,1
author::UC9xr9QvIcDvoZNUX5f-jaZw,author::UCYwpX26TrCxq8TvbKGRYLXA,1
author::UC9xr9QvIcDvoZNUX5f-jaZw,author::UCDQaQv0hr2SS_PO-CMEwVHg,1
author::UC9xr9QvIcDvoZNUX5f-jaZw,author::UCxff05WuyvwELNITi7bj7UA,1
author::UC9xr9QvIcDvoZNUX5f-jaZw,author::UCTP3O0rMnc8z8v8jaDQwL0w,1
author::UC9xr9QvIcDvoZNUX5f-jaZw,author::UCTwSut16JyAg3mX6LVUNGqA,1
author::UC9xr9QvIcDvoZNUX5f-jaZw,author::UCrJn_rbo_ENAdeqneS-RmRw,1
author::UC9xr9QvIcDvoZNUX5f-jaZw,author::UCFjudnPLoaSL1BaRuLahyHg,1
author::UC9xr9QvIcDvoZNUX5f-jaZw,author::UCFUuDARXdmmIrLppEqf-rFg,1
author::UC9xr9QvIcDvoZNUX5f-jaZw,author::UCl0ekS9Tt0jJGtOEM18S63w,1
author::UC9xr9QvIcDvoZNUX5f-jaZw,author::UCut6b9S98nv84cVX89PmKzA,1
author::UC9xr9QvIcDvoZNUX5f-jaZw,author::UCi1b_TRQfgO1Z9O2gNGGWNA,1
author::UC9xr9QvIcDvoZNUX5f-jaZw,author::UCYN4wSQ1Sx4_LurxLlW7MPg,1
author::UC9xr9QvIcDvoZNUX5f-jaZw,author::UCTD6q1nyIe3Y7HhqjaMj72w,1
author::UC9xr9QvIcDvoZNUX5f-jaZw,author::UCpIdtvoFHVLGASGB5ySqIEA,1
author::UC9xr9QvIcDvoZNUX5f-jaZw,author::UCGzXwyCzMzGmjmCbH3Hg01Q,1
author::UC9xr9QvIcDvoZNUX5f-jaZw,author::UCtNfIBnc5S5DbbQj_yxgJTw,1
author::UC9xr9QvIcDvoZNUX5f-jaZw,author::UCHTGCgY2l-DQJIvlA_cpa_Q,1
author::UC9xr9QvIcDvoZNUX5f-jaZw,author::UCA93ym2TXs_Ibyxb4Vcn-6Q,1
author::UC9xr9QvIcDvoZNUX5f-jaZw,author::UCQqetiwzzmRNTM5OWuXarGQ,1
author::UC9xr9QvIcDvoZNUX5f-jaZw,author::UCRelkU8JiZBytTzebJxaa-w,1
author::UC9xr9QvIcDvoZNUX5f-jaZw,author::UCDlr1VadSucIZgZ171pRBjQ,1
author::UC9xr9QvIcDvoZNUX5f-jaZw,author::UCgvw7xIdGFupzpt1Y_BFkEA,1
author::UC9xr9QvIcDvoZNUX5f-jaZw,author::UCpsKOkt5iWTbenzeuq7dsmQ,1
author::UC9xr9QvIcDvoZNUX5f-jaZw,author::UCwW2OFy95P7ZBkOPxWkpvYg,1
author::UC9xr9QvIcDvoZNUX5f-jaZw,author::UCDftMWXQoJ6nONfY7GVOVjg,1
author::UC9xr9QvIcDvoZNUX5f-jaZw,author::UCLFdHr9BEbXHkoJopbEPLZw,1
author::UC9xr9QvIcDvoZNUX5f-jaZw,author::UCNBnKqWf4d-rS4HwJRQljmQ,1
author::UC9xr9QvIcDvoZNUX5f-jaZw,author::UCiGRBf2RNF0WRKhRVT7zFoA,1
author::UC9xr9QvIcDvoZNUX5f-jaZw,author::UCcfdg8crmMJwEuLUsAhV7yg,1
author::UC9xr9QvIcDvoZNUX5f-jaZw,author::UCkd9W714-947dEE6ZOEBATA,1
author::UC9xr9QvIcDvoZNUX5f-jaZw,author::UCZ51R_9Q9C0c8I3pAWhtmjQ,1
author::UC9xr9QvIcDvoZNUX5f-jaZw,author::UCzSfZlOVxBSs5ObD25ywxDQ,1
author::UC9xr9QvIcDvoZNUX5f-jaZw,author::UCCaYwkkbQGcvFoUmothVdQQ,1
author::UC9xr9QvIcDvoZNUX5f-jaZw,author::UCDUffaruH6dyUnUGwsTKpgg,1
author::UC9xr9QvIcDvoZNUX5f-jaZw,author::UCwha8rxULYMVtNwZWeSkE1A,1
author::UC9xr9QvIcDvoZNUX5f-jaZw,author::UCDIMztpVm7G27qBuiWuT6oQ,1
author::UC9xr9QvIcDvoZNUX5f-jaZw,author::UChgkn5Jt5tWKYMoEOuCjz3Q,1
author::UC9xr9QvIcDvoZNUX5f-jaZw,author::UCvApqeCbLod-wejtT4CcVuA,1
author::UC9xr9QvIcDvoZNUX5f-jaZw,author::UCfM3nrxtTQMY5jFx1v1J4Gg,1
author::UC9xr9QvIcDvoZNUX5f-jaZw,author::UCRlCV9zSn7avAWh-9_XFWqQ,1
author::UC9xr9QvIcDvoZNUX5f-jaZw,author::UCFhxtoeARHPnXXPcDrOU3Xg,1
author::UC9xr9QvIcDvoZNUX5f-jaZw,author::UCNkcuy42zEwddwEcOd_HpnA,1
author::UC9xr9QvIcDvoZNUX5f-jaZw,author::UCz3gu01bmjNv0DpRq-K3XYg,1
author::UC9xr9QvIcDvoZNUX5f-jaZw,author::UCFoIAE8k82D6AV-8gjjKaNg,1
author::UC9xr9QvIcDvoZNUX5f-jaZw,author::UCySYJU5kUh7X8gVt9la2ISA,1
author::UC9xr9QvIcDvoZNUX5f-jaZw,author::UCQgYjVngJRfPHDLGB5X6ZjA,1
author::UC9xr9QvIcDvoZNUX5f-jaZw,author::UCHhHUjaMAZ8SiXdCUCj9DkQ,1
author::UC9xr9QvIcDvoZNUX5f-jaZw,author::UCXSkL3ejZ8qWYyF_M7s_QKA,1
author::UC9xr9QvIcDvoZNUX5f-jaZw,author::UChZknRmJkeGeQk0-mQuhDOg,1
author::UC9xr9QvIcDvoZNUX5f-jaZw,author::UCXr8_5WtGeipe4haOoQDgyQ,1
author::UC9xr9QvIcDvoZNUX5f-jaZw,author::UCljDbleJul41G1TzOjOZAVA,1
author::UC9xr9QvIcDvoZNUX5f-jaZw,author::UCujPF2nBgsTD62nWE3lcpIg,1
author::UC9xr9QvIcDvoZNUX5f-jaZw,author::UCmjppp6ujz3SAnULvP3sZMw,1
author::UC9xr9QvIcDvoZNUX5f-jaZw,author::UCylqlpsh8ENNM1LqgQ1KbxA,1
author::UC9xr9QvIcDvoZNUX5f-jaZw,author::UCp4iw5_5SmV9VGTFSNVGOmQ,1
author::UC9xr9QvIcDvoZNUX5f-jaZw,author::UCN6qbfPSzFtjhqUDZ3Cv3CQ,1
author::UC9xr9QvIcDvoZNUX5f-jaZw,author::UCpl8rF8uv_8uui-QRvuJaRA,1
author::UC9xr9QvIcDvoZNUX5f-jaZw,author::UCh5ESQvtzyHDhCA7XyekCFA,1
author::UC9xr9QvIcDvoZNUX5f-jaZw,author::UCsSXdJct-nsS8DsABoEsaYA,1
author::UC9xr9QvIcDvoZNUX5f-jaZw,author::UCKDR0f2fu2UzWL8mBv5-BHw,1
author::UC9xr9QvIcDvoZNUX5f-jaZw,author::UCOLGv5Pf6BF2wFcwUzgcvHg,1
author::UC9xr9QvIcDvoZNUX5f-jaZw,author::UCtUR3_CAiE7fCoZHM6cMfyQ,1
author::UCA93ym2TXs_Ibyxb4Vcn-6Q,author::UCXgr7vXlRrsaskPdo097kGA,1
author::UCA93ym2TXs_Ibyxb4Vcn-6Q,author::UCwO2SXr0ggzwg6QWWrr01nQ,1
author::UCA93ym2TXs_Ibyxb4Vcn-6Q,author::UCipetjeiWj4CZB6EbyYziZg,1
author::UCA93ym2TXs_Ibyxb4Vcn-6Q,author::UCAlzM_N6xBlMYmM8EBzX86Q,1
author::UCA93ym2TXs_Ibyxb4Vcn-6Q,author::UCV0iizTBoOfdAFX_thfI9BA,1
author::UCA93ym2TXs_Ibyxb4Vcn-6Q,author::UCWIZUtKJ636y-4TYrNvok0g,1
author::UCA93ym2TXs_Ibyxb4Vcn-6Q,author::UCLggDc_a5HriXv7I1h02sOA,1
author::UCA93ym2TXs_Ibyxb4Vcn-6Q,author::UCueV9cTyTDwgQSec1x2dYgA,1
author::UCA93ym2TXs_Ibyxb4Vcn-6Q,author::UCUIIIPTVDVHAXqhC_5V6lPA,1
author::UCA93ym2TXs_Ibyxb4Vcn-6Q,author::UChep9kVb5gQmpodEEl10Xlg,1
author::UCA93ym2TXs_Ibyxb4Vcn-6Q,author::UCsJJAvrVGupdmhOqgtDp8dg,1
author::UCA93ym2TXs_Ibyxb4Vcn-6Q,author::UCAmtbUiIrUIhikru0ZoTFig,1
author::UCA93ym2TXs_Ibyxb4Vcn-6Q,author::UCQ_-LPP8JAbfkc-b1Q6NvWw,1
author::UCA93ym2TXs_Ibyxb4Vcn-6Q,author::UCOS8ViEkccrTZx2w2ccxotA,1
author::UCA93ym2TXs_Ibyxb4Vcn-6Q,author::UCL1MT278vSaQ83ZDkVWn1gw,1
author::UCA93ym2TXs_Ibyxb4Vcn-6Q,author::UCjmPuazZJzscrwvk0QR9RVw,1
author::UCA93ym2TXs_Ibyxb4Vcn-6Q,author::UCB5p8a5gklc80jJItP6xTHg,1
author::UCA93ym2TXs_Ibyxb4Vcn-6Q,author::UCzoL2l5H5eVlorWGH8AZfAg,1
author::UCA93ym2TXs_Ibyxb4Vcn-6Q,author::UCplrIQtaPj6au60_f2-mOYw,1
author::UCA93ym2TXs_Ibyxb4Vcn-6Q,author::UCFxE8GbokBrBsPEKM1xrOjQ,1
author::UCA93ym2TXs_Ibyxb4Vcn-6Q,author::UCRETAiYdh2dL5ZxB0_N1zDA,1
author::UCA93ym2TXs_Ibyxb4Vcn-6Q,author::UCj-LL25XJnjxepPKCc3NGog,1
author::UCA93ym2TXs_Ibyxb4Vcn-6Q,author::UCTylKrsqkrBKIqubMu_5N0Q,1
author::UCA93ym2TXs_Ibyxb4Vcn-6Q,author::UCZLG9qH0tUjNhEGFIUt0CYw,1
author::UCA93ym2TXs_Ibyxb4Vcn-6Q,author::UCXXh7yg5KUFIWylTiKVEFKQ,1
author::UCA93ym2TXs_Ibyxb4Vcn-6Q,author::UCr1emrogPKkKTs_WTtx71xg,1
author::UCA93ym2TXs_Ibyxb4Vcn-6Q,author::UChs3tU2BcKOT0CezykvAsGw,1
author::UCA93ym2TXs_Ibyxb4Vcn-6Q,author::UCErZPJpHmLCsXs8ZWkAUupQ,1
author::UCA93ym2TXs_Ibyxb4Vcn-6Q,author::UCEgEQmRbtL5fwr9_DqAC--g,1
author::UCA93ym2TXs_Ibyxb4Vcn-6Q,author::UCmvOgzmmXbjUthHy-WJ52hQ,1
author::UCA93ym2TXs_Ibyxb4Vcn-6Q,author::UCsjs5Hp_r86x1xbK6FAeqaA,1
author::UCA93ym2TXs_Ibyxb4Vcn-6Q,author::UCOh6DaZC_x9HASnlRylEMfw,1
author::UCA93ym2TXs_Ibyxb4Vcn-6Q,author::UCThW2XNsAaBKme5PUt7n-Zg,1
author::UCA93ym2TXs_Ibyxb4Vcn-6Q,author::UCsUCN0Yq_UyTvKjOJLmNrnQ,1
author::UCA93ym2TXs_Ibyxb4Vcn-6Q,author::UCjSKM9j0Q7HLDr1hD6D-TUw,1
author::UCA93ym2TXs_Ibyxb4Vcn-6Q,author::UCL13XhnRzbGokEkCkEOb0-g,1
author::UCA93ym2TXs_Ibyxb4Vcn-6Q,author::UCiMythXHsw7eQEMykCdmMUA,1
author::UCA93ym2TXs_Ibyxb4Vcn-6Q,author::UCDPWkUX3sNNaCx-m1dV4glA,1
author::UCA93ym2TXs_Ibyxb4Vcn-6Q,author::UCQtICyzWmhC5woCtbNgaSmg,1
author::UCA93ym2TXs_Ibyxb4Vcn-6Q,author::UCQtSFINs1h6GHkpg9o5kMvg,1
author::UCA93ym2TXs_Ibyxb4Vcn-6Q,author::UCSou6a2OuYGSvPjm5psquyA,1
author::UCA93ym2TXs_Ibyxb4Vcn-6Q,author::UCYwpX26TrCxq8TvbKGRYLXA,1
author::UCA93ym2TXs_Ibyxb4Vcn-6Q,author::UCDQaQv0hr2SS_PO-CMEwVHg,1
author::UCA93ym2TXs_Ibyxb4Vcn-6Q,author::UCxff05WuyvwELNITi7bj7UA,1
author::UCA93ym2TXs_Ibyxb4Vcn-6Q,author::UCTP3O0rMnc8z8v8jaDQwL0w,1
author::UCA93ym2TXs_Ibyxb4Vcn-6Q,author::UCTwSut16JyAg3mX6LVUNGqA,1
author::UCA93ym2TXs_Ibyxb4Vcn-6Q,author::UCrJn_rbo_ENAdeqneS-RmRw,1
author::UCA93ym2TXs_Ibyxb4Vcn-6Q,author::UCFjudnPLoaSL1BaRuLahyHg,1
author::UCA93ym2TXs_Ibyxb4Vcn-6Q,author::UCFUuDARXdmmIrLppEqf-rFg,1
author::UCA93ym2TXs_Ibyxb4Vcn-6Q,author::UCl0ekS9Tt0jJGtOEM18S63w,1
author::UCA93ym2TXs_Ibyxb4Vcn-6Q,author::UCut6b9S98nv84cVX89PmKzA,1
author::UCA93ym2TXs_Ibyxb4Vcn-6Q,author::UCi1b_TRQfgO1Z9O2gNGGWNA,1
author::UCA93ym2TXs_Ibyxb4Vcn-6Q,author::UCYN4wSQ1Sx4_LurxLlW7MPg,1
author::UCA93ym2TXs_Ibyxb4Vcn-6Q,author::UCTD6q1nyIe3Y7HhqjaMj72w,1
author::UCA93ym2TXs_Ibyxb4Vcn-6Q,author::UCpIdtvoFHVLGASGB5ySqIEA,1
author::UCA93ym2TXs_Ibyxb4Vcn-6Q,author::UCGzXwyCzMzGmjmCbH3Hg01Q,1
author::UCA93ym2TXs_Ibyxb4Vcn-6Q,author::UCtNfIBnc5S5DbbQj_yxgJTw,1
author::UCA93ym2TXs_Ibyxb4Vcn-6Q,author::UCHTGCgY2l-DQJIvlA_cpa_Q,1
author::UCA93ym2TXs_Ibyxb4Vcn-6Q,author::UCQqetiwzzmRNTM5OWuXarGQ,1
author::UCA93ym2TXs_Ibyxb4Vcn-6Q,author::UCRelkU8JiZBytTzebJxaa-w,1
author::UCA93ym2TXs_Ibyxb4Vcn-6Q,author::UCDlr1VadSucIZgZ171pRBjQ,1
author::UCA93ym2TXs_Ibyxb4Vcn-6Q,author::UCgvw7xIdGFupzpt1Y_BFkEA,1
author::UCA93ym2TXs_Ibyxb4Vcn-6Q,author::UCpsKOkt5iWTbenzeuq7dsmQ,1
author::UCA93ym2TXs_Ibyxb4Vcn-6Q,author::UCwW2OFy95P7ZBkOPxWkpvYg,1
author::UCA93ym2TXs_Ibyxb4Vcn-6Q,author::UCDftMWXQoJ6nONfY7GVOVjg,1
author::UCA93ym2TXs_Ibyxb4Vcn-6Q,author::UCLFdHr9BEbXHkoJopbEPLZw,1
author::UCA93ym2TXs_Ibyxb4Vcn-6Q,author::UCNBnKqWf4d-rS4HwJRQljmQ,1
author::UCA93ym2TXs_Ibyxb4Vcn-6Q,author::UCiGRBf2RNF0WRKhRVT7zFoA,1
author::UCA93ym2TXs_Ibyxb4Vcn-6Q,author::UCcfdg8crmMJwEuLUsAhV7yg,1
author::UCA93ym2TXs_Ibyxb4Vcn-6Q,author::UCkd9W714-947dEE6ZOEBATA,1
author::UCA93ym2TXs_Ibyxb4Vcn-6Q,author::UCZ51R_9Q9C0c8I3pAWhtmjQ,1
author::UCA93ym2TXs_Ibyxb4Vcn-6Q,author::UCzSfZlOVxBSs5ObD25ywxDQ,1
author::UCA93ym2TXs_Ibyxb4Vcn-6Q,author::UCCaYwkkbQGcvFoUmothVdQQ,1
author::UCA93ym2TXs_Ibyxb4Vcn-6Q,author::UCDUffaruH6dyUnUGwsTKpgg,1
author::UCA93ym2TXs_Ibyxb4Vcn-6Q,author::UCwha8rxULYMVtNwZWeSkE1A,1
author::UCA93ym2TXs_Ibyxb4Vcn-6Q,author::UCDIMztpVm7G27qBuiWuT6oQ,1
author::UCA93ym2TXs_Ibyxb4Vcn-6Q,author::UChgkn5Jt5tWKYMoEOuCjz3Q,1
author::UCA93ym2TXs_Ibyxb4Vcn-6Q,author::UCvApqeCbLod-wejtT4CcVuA,1
author::UCA93ym2TXs_Ibyxb4Vcn-6Q,author::UCfM3nrxtTQMY5jFx1v1J4Gg,1
author::UCA93ym2TXs_Ibyxb4Vcn-6Q,author::UCRlCV9zSn7avAWh-9_XFWqQ,1
author::UCA93ym2TXs_Ibyxb4Vcn-6Q,author::UCFhxtoeARHPnXXPcDrOU3Xg,1
author::UCA93ym2TXs_Ibyxb4Vcn-6Q,author::UCNkcuy42zEwddwEcOd_HpnA,1
author::UCA93ym2TXs_Ibyxb4Vcn-6Q,author::UCz3gu01bmjNv0DpRq-K3XYg,1
author::UCA93ym2TXs_Ibyxb4Vcn-6Q,author::UCFoIAE8k82D6AV-8gjjKaNg,1
author::UCA93ym2TXs_Ibyxb4Vcn-6Q,author::UCySYJU5kUh7X8gVt9la2ISA,1
author::UCA93ym2TXs_Ibyxb4Vcn-6Q,author::UCQgYjVngJRfPHDLGB5X6ZjA,1
author::UCA93ym2TXs_Ibyxb4Vcn-6Q,author::UCHhHUjaMAZ8SiXdCUCj9DkQ,1
author::UCA93ym2TXs_Ibyxb4Vcn-6Q,author::UCXSkL3ejZ8qWYyF_M7s_QKA,1
author::UCA93ym2TXs_Ibyxb4Vcn-6Q,author::UChZknRmJkeGeQk0-mQuhDOg,1
author::UCA93ym2TXs_Ibyxb4Vcn-6Q,author::UCXr8_5WtGeipe4haOoQDgyQ,1
author::UCA93ym2TXs_Ibyxb4Vcn-6Q,author::UCljDbleJul41G1TzOjOZAVA,1
author::UCA93ym2TXs_Ibyxb4Vcn-6Q,author::UCujPF2nBgsTD62nWE3lcpIg,1
author::UCA93ym2TXs_Ibyxb4Vcn-6Q,author::UCmjppp6ujz3SAnULvP3sZMw,1
author::UCA93ym2TXs_Ibyxb4Vcn-6Q,author::UCylqlpsh8ENNM1LqgQ1KbxA,1
author::UCA93ym2TXs_Ibyxb4Vcn-6Q,author::UCp4iw5_5SmV9VGTFSNVGOmQ,1
author::UCA93ym2TXs_Ibyxb4Vcn-6Q,author::UCN6qbfPSzFtjhqUDZ3Cv3CQ,1
author::UCA93ym2TXs_Ibyxb4Vcn-6Q,author::UCpl8rF8uv_8uui-QRvuJaRA,1
author::UCA93ym2TXs_Ibyxb4Vcn-6Q,author::UCh5ESQvtzyHDhCA7XyekCFA,1
author::UCA93ym2TXs_Ibyxb4Vcn-6Q,author::UCsSXdJct-nsS8DsABoEsaYA,1
author::UCA93ym2TXs_Ibyxb4Vcn-6Q,author::UCKDR0f2fu2UzWL8mBv5-BHw,1
author::UCA93ym2TXs_Ibyxb4Vcn-6Q,author::UCOLGv5Pf6BF2wFcwUzgcvHg,1
author::UCA93ym2TXs_Ibyxb4Vcn-6Q,author::UCtUR3_CAiE7fCoZHM6cMfyQ,1
author::UCAKuKvcbfnBD3kF5njNu-IA,author::UCRAquv8el-tQ30bN7MlmySQ,1
author::UCAKuKvcbfnBD3kF5njNu-IA,author::UCwgCc9Jd_gG-uLE_SY-FfPg,1
author::UCAKuKvcbfnBD3kF5njNu-IA,author::UCRvPToDkkumha7WJAfCDk1A,1
author::UCAKuKvcbfnBD3kF5njNu-IA,author::UColMq7LmaoY3MT6aIDGrGvA,1
author::UCAKuKvcbfnBD3kF5njNu-IA,author::UCiC-Jn7wdgyQV4_Urk0DkWQ,1
author::UCAKuKvcbfnBD3kF5njNu-IA,author::UCgQw_Sbq3ugruDUKsq1e0-A,1
author::UCAKuKvcbfnBD3kF5njNu-IA,author::UCdFlugHJJa4l3YqWuNRmvXw,1
author::UCAKuKvcbfnBD3kF5njNu-IA,author::UCHbwIx9pmQuf7i-4_xO2EpA,1
author::UCAKuKvcbfnBD3kF5njNu-IA,author::UCeDNEtI8_a42bZ47wJiJMwQ,1
author::UCAKuKvcbfnBD3kF5njNu-IA,author::UCu8_3-Wg-YzNyvHYQDEscfw,1
author::UCAKuKvcbfnBD3kF5njNu-IA,author::UCDrmf9y9nLgFY5wnA2hTuGA,1
author::UCAKuKvcbfnBD3kF5njNu-IA,author::UCQqlPPUGqAfWjd-FSh_qn7Q,1
author::UCAKuKvcbfnBD3kF5njNu-IA,author::UCkVtmkK07b2zaVVNssX4lOg,1
author::UCAKuKvcbfnBD3kF5njNu-IA,author::UCqCrvuoJpC-aVb0f4logQRQ,1
author::UCAKuKvcbfnBD3kF5njNu-IA,author::UCsGoJEvb-cFPZ2rWoJcXzEQ,1
author::UCAKuKvcbfnBD3kF5njNu-IA,author::UCuXmOjxC-htcprLgeVXz6Tg,1
author::UCAKuKvcbfnBD3kF5njNu-IA,author::UCWoAVGVqCn4xtINCMOTM4jg,1
author::UCAKuKvcbfnBD3kF5njNu-IA,author::UClqA491Xa5fQcXcJJa-vTWw,1
author::UCAKuKvcbfnBD3kF5njNu-IA,author::UCQyOePccUP-fIJYzchAgZYw,1
author::UCAKuKvcbfnBD3kF5njNu-IA,author::UCV0lM03g5fg5pbPj97-sAtA,1
author::UCAKuKvcbfnBD3kF5njNu-IA,author::UC_LYoGs5C3mbZKZuKuqYCvw,1
author::UCAKuKvcbfnBD3kF5njNu-IA,author::UCgJNFj5dnxXpcMvmuhZDPxA,1
author::UCAKuKvcbfnBD3kF5njNu-IA,author::UCpsKOkt5iWTbenzeuq7dsmQ,1
author::UCAKuKvcbfnBD3kF5njNu-IA,author::UCkbsS_3D-pvg1iHOld9uvIg,1
author::UCAKuKvcbfnBD3kF5njNu-IA,author::UCCBYcToQ2dwkd6TJh0FSyDg,1
author::UCAKuKvcbfnBD3kF5njNu-IA,author::UCGGHbtfbbe0o68etrOf0qxw,1
author::UCAKuKvcbfnBD3kF5njNu-IA,author::UCOcUI5XkTYNMSFhZNMIPpGg,1
author::UCAKuKvcbfnBD3kF5njNu-IA,author::UCW-JC6lebVmf2P1dmY_L94g,1
author::UCAKuKvcbfnBD3kF5njNu-IA,author::UCwjUvRseNtJoItylIyIez7Q,1
author::UCAKuKvcbfnBD3kF5njNu-IA,author::UClhMWQ7XKWywYvbRnuf8QsA,1
author::UCAKuKvcbfnBD3kF5njNu-IA,author::UCe8JZoYkX5oKUZyivHYdXhw,1
author::UCAKuKvcbfnBD3kF5njNu-IA,author::UCaKAjTW9MVub_clgr4DRYjQ,1
author::UCAKuKvcbfnBD3kF5njNu-IA,author::UCpe5jW3MIqkgTJ-PgkzvM6Q,1
author::UCAKuKvcbfnBD3kF5njNu-IA,author::UCylqlpsh8ENNM1LqgQ1KbxA,1
author::UCAKuKvcbfnBD3kF5njNu-IA,author::UCZeIIQrGAedW8tCbKWmGY-A,1
author::UCAKuKvcbfnBD3kF5njNu-IA,author::UCW80DaMjQlEUibC98Cot-Dg,1
author::UCAKuKvcbfnBD3kF5njNu-IA,author::UCUoYsrx1oZnCZ0usbBJn4fA,1
author::UCAKuKvcbfnBD3kF5njNu-IA,author::UCNpt5CQlTzNjlAKY6CJtClQ,1
author::UCAV7QIjYhbDJaycQycM_0eQ,author::UCusjriFsDHEc2AOjqk-p5ig,1
author::UCAV7QIjYhbDJaycQycM_0eQ,author::UCzZ6dDCEsLMXbc5pCFXIprw,1
author::UCAV7QIjYhbDJaycQycM_0eQ,author::UCNIeXbV_mEwpa412h1aqUWw,1
author::UCAV7QIjYhbDJaycQycM_0eQ,author::UCgQJgI9vu1FI2dnC9mrFthw,1
author::UCAV7QIjYhbDJaycQycM_0eQ,author::UCg3eIfd7BrsLEqS0BLkftHA,1
author::UCAV7QIjYhbDJaycQycM_0eQ,author::UCf5lnNZF7Qrtli9v4N_23WQ,1
author::UCAV7QIjYhbDJaycQycM_0eQ,author::UCGX_UbAQOXGZknv5iqklwTA,1
author::UCAV7QIjYhbDJaycQycM_0eQ,author::UCuP4UK33HKtJE_S39ksmaTw,1
author::UCAV7QIjYhbDJaycQycM_0eQ,author::UCtNyHmRZtvGF2hSvI2dUBWw,1
author::UCAV7QIjYhbDJaycQycM_0eQ,author::UCN2N_wYOw6fMwCeSzdXLPIw,1
author::UCAV7QIjYhbDJaycQycM_0eQ,author::UCVQf0tzL7xRzFJsABVVULpg,1
author::UCAV7QIjYhbDJaycQycM_0eQ,author::UCPZueDLrCS4BmTBRMA4q0fA,1
author::UCAV7QIjYhbDJaycQycM_0eQ,author::UCbYoNG5J3Au5BqtbXogfEFw,1
author::UCAV7QIjYhbDJaycQycM_0eQ,author::UCHTGCgY2l-DQJIvlA_cpa_Q,1
author::UCAV7QIjYhbDJaycQycM_0eQ,author::UClsrFGJKWPxxw7MiaEdKLXw,1
author::UCAlzM_N6xBlMYmM8EBzX86Q,author::UCXgr7vXlRrsaskPdo097kGA,1
author::UCAlzM_N6xBlMYmM8EBzX86Q,author::UCwO2SXr0ggzwg6QWWrr01nQ,1
author::UCAlzM_N6xBlMYmM8EBzX86Q,author::UCipetjeiWj4CZB6EbyYziZg,1
author::UCAlzM_N6xBlMYmM8EBzX86Q,author::UCV0iizTBoOfdAFX_thfI9BA,1
author::UCAlzM_N6xBlMYmM8EBzX86Q,author::UCWIZUtKJ636y-4TYrNvok0g,1
author::UCAlzM_N6xBlMYmM8EBzX86Q,author::UCLggDc_a5HriXv7I1h02sOA,1
author::UCAlzM_N6xBlMYmM8EBzX86Q,author::UCueV9cTyTDwgQSec1x2dYgA,1
author::UCAlzM_N6xBlMYmM8EBzX86Q,author::UCUIIIPTVDVHAXqhC_5V6lPA,1
author::UCAlzM_N6xBlMYmM8EBzX86Q,author::UChep9kVb5gQmpodEEl10Xlg,1
author::UCAlzM_N6xBlMYmM8EBzX86Q,author::UCsJJAvrVGupdmhOqgtDp8dg,1
author::UCAlzM_N6xBlMYmM8EBzX86Q,author::UCAmtbUiIrUIhikru0ZoTFig,1
author::UCAlzM_N6xBlMYmM8EBzX86Q,author::UCQ_-LPP8JAbfkc-b1Q6NvWw,1
author::UCAlzM_N6xBlMYmM8EBzX86Q,author::UCOS8ViEkccrTZx2w2ccxotA,1
author::UCAlzM_N6xBlMYmM8EBzX86Q,author::UCL1MT278vSaQ83ZDkVWn1gw,1
author::UCAlzM_N6xBlMYmM8EBzX86Q,author::UCjmPuazZJzscrwvk0QR9RVw,1
author::UCAlzM_N6xBlMYmM8EBzX86Q,author::UCB5p8a5gklc80jJItP6xTHg,1
author::UCAlzM_N6xBlMYmM8EBzX86Q,author::UCzoL2l5H5eVlorWGH8AZfAg,1
author::UCAlzM_N6xBlMYmM8EBzX86Q,author::UCplrIQtaPj6au60_f2-mOYw,1
author::UCAlzM_N6xBlMYmM8EBzX86Q,author::UCFxE8GbokBrBsPEKM1xrOjQ,1
author::UCAlzM_N6xBlMYmM8EBzX86Q,author::UCRETAiYdh2dL5ZxB0_N1zDA,1
author::UCAlzM_N6xBlMYmM8EBzX86Q,author::UCj-LL25XJnjxepPKCc3NGog,1
author::UCAlzM_N6xBlMYmM8EBzX86Q,author::UCTylKrsqkrBKIqubMu_5N0Q,1
author::UCAlzM_N6xBlMYmM8EBzX86Q,author::UCZLG9qH0tUjNhEGFIUt0CYw,1
author::UCAlzM_N6xBlMYmM8EBzX86Q,author::UCXXh7yg5KUFIWylTiKVEFKQ,1
author::UCAlzM_N6xBlMYmM8EBzX86Q,author::UCr1emrogPKkKTs_WTtx71xg,1
author::UCAlzM_N6xBlMYmM8EBzX86Q,author::UChs3tU2BcKOT0CezykvAsGw,1
author::UCAlzM_N6xBlMYmM8EBzX86Q,author::UCErZPJpHmLCsXs8ZWkAUupQ,1
author::UCAlzM_N6xBlMYmM8EBzX86Q,author::UCEgEQmRbtL5fwr9_DqAC--g,1
author::UCAlzM_N6xBlMYmM8EBzX86Q,author::UCmvOgzmmXbjUthHy-WJ52hQ,1
author::UCAlzM_N6xBlMYmM8EBzX86Q,author::UCsjs5Hp_r86x1xbK6FAeqaA,1
author::UCAlzM_N6xBlMYmM8EBzX86Q,author::UCOh6DaZC_x9HASnlRylEMfw,1
author::UCAlzM_N6xBlMYmM8EBzX86Q,author::UCThW2XNsAaBKme5PUt7n-Zg,1
author::UCAlzM_N6xBlMYmM8EBzX86Q,author::UCsUCN0Yq_UyTvKjOJLmNrnQ,1
author::UCAlzM_N6xBlMYmM8EBzX86Q,author::UCjSKM9j0Q7HLDr1hD6D-TUw,1
author::UCAlzM_N6xBlMYmM8EBzX86Q,author::UCL13XhnRzbGokEkCkEOb0-g,1
author::UCAlzM_N6xBlMYmM8EBzX86Q,author::UCiMythXHsw7eQEMykCdmMUA,1
author::UCAlzM_N6xBlMYmM8EBzX86Q,author::UCDPWkUX3sNNaCx-m1dV4glA,1
author::UCAlzM_N6xBlMYmM8EBzX86Q,author::UCQtICyzWmhC5woCtbNgaSmg,1
author::UCAlzM_N6xBlMYmM8EBzX86Q,author::UCQtSFINs1h6GHkpg9o5kMvg,1
author::UCAlzM_N6xBlMYmM8EBzX86Q,author::UCSou6a2OuYGSvPjm5psquyA,1
author::UCAlzM_N6xBlMYmM8EBzX86Q,author::UCYwpX26TrCxq8TvbKGRYLXA,1
author::UCAlzM_N6xBlMYmM8EBzX86Q,author::UCDQaQv0hr2SS_PO-CMEwVHg,1
author::UCAlzM_N6xBlMYmM8EBzX86Q,author::UCxff05WuyvwELNITi7bj7UA,1
author::UCAlzM_N6xBlMYmM8EBzX86Q,author::UCTP3O0rMnc8z8v8jaDQwL0w,1
author::UCAlzM_N6xBlMYmM8EBzX86Q,author::UCTwSut16JyAg3mX6LVUNGqA,1
author::UCAlzM_N6xBlMYmM8EBzX86Q,author::UCrJn_rbo_ENAdeqneS-RmRw,1
author::UCAlzM_N6xBlMYmM8EBzX86Q,author::UCFjudnPLoaSL1BaRuLahyHg,1
author::UCAlzM_N6xBlMYmM8EBzX86Q,author::UCFUuDARXdmmIrLppEqf-rFg,1
author::UCAlzM_N6xBlMYmM8EBzX86Q,author::UCl0ekS9Tt0jJGtOEM18S63w,1
author::UCAlzM_N6xBlMYmM8EBzX86Q,author::UCut6b9S98nv84cVX89PmKzA,1
author::UCAlzM_N6xBlMYmM8EBzX86Q,author::UCi1b_TRQfgO1Z9O2gNGGWNA,1
author::UCAlzM_N6xBlMYmM8EBzX86Q,author::UCYN4wSQ1Sx4_LurxLlW7MPg,1
author::UCAlzM_N6xBlMYmM8EBzX86Q,author::UCTD6q1nyIe3Y7HhqjaMj72w,1
author::UCAlzM_N6xBlMYmM8EBzX86Q,author::UCpIdtvoFHVLGASGB5ySqIEA,1
author::UCAlzM_N6xBlMYmM8EBzX86Q,author::UCGzXwyCzMzGmjmCbH3Hg01Q,1
author::UCAlzM_N6xBlMYmM8EBzX86Q,author::UCtNfIBnc5S5DbbQj_yxgJTw,1
author::UCAlzM_N6xBlMYmM8EBzX86Q,author::UCHTGCgY2l-DQJIvlA_cpa_Q,1
author::UCAlzM_N6xBlMYmM8EBzX86Q,author::UCQqetiwzzmRNTM5OWuXarGQ,1
author::UCAlzM_N6xBlMYmM8EBzX86Q,author::UCRelkU8JiZBytTzebJxaa-w,1
author::UCAlzM_N6xBlMYmM8EBzX86Q,author::UCDlr1VadSucIZgZ171pRBjQ,1
author::UCAlzM_N6xBlMYmM8EBzX86Q,author::UCgvw7xIdGFupzpt1Y_BFkEA,1
author::UCAlzM_N6xBlMYmM8EBzX86Q,author::UCpsKOkt5iWTbenzeuq7dsmQ,1
author::UCAlzM_N6xBlMYmM8EBzX86Q,author::UCwW2OFy95P7ZBkOPxWkpvYg,1
author::UCAlzM_N6xBlMYmM8EBzX86Q,author::UCDftMWXQoJ6nONfY7GVOVjg,1
author::UCAlzM_N6xBlMYmM8EBzX86Q,author::UCLFdHr9BEbXHkoJopbEPLZw,1
author::UCAlzM_N6xBlMYmM8EBzX86Q,author::UCNBnKqWf4d-rS4HwJRQljmQ,1
author::UCAlzM_N6xBlMYmM8EBzX86Q,author::UCiGRBf2RNF0WRKhRVT7zFoA,1
author::UCAlzM_N6xBlMYmM8EBzX86Q,author::UCcfdg8crmMJwEuLUsAhV7yg,1
author::UCAlzM_N6xBlMYmM8EBzX86Q,author::UCkd9W714-947dEE6ZOEBATA,1
author::UCAlzM_N6xBlMYmM8EBzX86Q,author::UCZ51R_9Q9C0c8I3pAWhtmjQ,1
author::UCAlzM_N6xBlMYmM8EBzX86Q,author::UCzSfZlOVxBSs5ObD25ywxDQ,1
author::UCAlzM_N6xBlMYmM8EBzX86Q,author::UCCaYwkkbQGcvFoUmothVdQQ,1
author::UCAlzM_N6xBlMYmM8EBzX86Q,author::UCDUffaruH6dyUnUGwsTKpgg,1
author::UCAlzM_N6xBlMYmM8EBzX86Q,author::UCwha8rxULYMVtNwZWeSkE1A,1
author::UCAlzM_N6xBlMYmM8EBzX86Q,author::UCDIMztpVm7G27qBuiWuT6oQ,1
author::UCAlzM_N6xBlMYmM8EBzX86Q,author::UChgkn5Jt5tWKYMoEOuCjz3Q,1
author::UCAlzM_N6xBlMYmM8EBzX86Q,author::UCvApqeCbLod-wejtT4CcVuA,1
author::UCAlzM_N6xBlMYmM8EBzX86Q,author::UCfM3nrxtTQMY5jFx1v1J4Gg,1
author::UCAlzM_N6xBlMYmM8EBzX86Q,author::UCRlCV9zSn7avAWh-9_XFWqQ,1
author::UCAlzM_N6xBlMYmM8EBzX86Q,author::UCFhxtoeARHPnXXPcDrOU3Xg,1
author::UCAlzM_N6xBlMYmM8EBzX86Q,author::UCNkcuy42zEwddwEcOd_HpnA,1
author::UCAlzM_N6xBlMYmM8EBzX86Q,author::UCz3gu01bmjNv0DpRq-K3XYg,1
author::UCAlzM_N6xBlMYmM8EBzX86Q,author::UCFoIAE8k82D6AV-8gjjKaNg,1
author::UCAlzM_N6xBlMYmM8EBzX86Q,author::UCySYJU5kUh7X8gVt9la2ISA,1
author::UCAlzM_N6xBlMYmM8EBzX86Q,author::UCQgYjVngJRfPHDLGB5X6ZjA,1
author::UCAlzM_N6xBlMYmM8EBzX86Q,author::UCHhHUjaMAZ8SiXdCUCj9DkQ,1
author::UCAlzM_N6xBlMYmM8EBzX86Q,author::UCXSkL3ejZ8qWYyF_M7s_QKA,1
author::UCAlzM_N6xBlMYmM8EBzX86Q,author::UChZknRmJkeGeQk0-mQuhDOg,1
author::UCAlzM_N6xBlMYmM8EBzX86Q,author::UCXr8_5WtGeipe4haOoQDgyQ,1
author::UCAlzM_N6xBlMYmM8EBzX86Q,author::UCljDbleJul41G1TzOjOZAVA,1
author::UCAlzM_N6xBlMYmM8EBzX86Q,author::UCujPF2nBgsTD62nWE3lcpIg,1
author::UCAlzM_N6xBlMYmM8EBzX86Q,author::UCmjppp6ujz3SAnULvP3sZMw,1
author::UCAlzM_N6xBlMYmM8EBzX86Q,author::UCylqlpsh8ENNM1LqgQ1KbxA,1
author::UCAlzM_N6xBlMYmM8EBzX86Q,author::UCp4iw5_5SmV9VGTFSNVGOmQ,1
author::UCAlzM_N6xBlMYmM8EBzX86Q,author::UCN6qbfPSzFtjhqUDZ3Cv3CQ,1
author::UCAlzM_N6xBlMYmM8EBzX86Q,author::UCpl8rF8uv_8uui-QRvuJaRA,1
author::UCAlzM_N6xBlMYmM8EBzX86Q,author::UCh5ESQvtzyHDhCA7XyekCFA,1
author::UCAlzM_N6xBlMYmM8EBzX86Q,author::UCsSXdJct-nsS8DsABoEsaYA,1
author::UCAlzM_N6xBlMYmM8EBzX86Q,author::UCKDR0f2fu2UzWL8mBv5-BHw,1
author::UCAlzM_N6xBlMYmM8EBzX86Q,author::UCOLGv5Pf6BF2wFcwUzgcvHg,1
author::UCAlzM_N6xBlMYmM8EBzX86Q,author::UCtUR3_CAiE7fCoZHM6cMfyQ,1
author::UCAmtbUiIrUIhikru0ZoTFig,author::UCXgr7vXlRrsaskPdo097kGA,1
author::UCAmtbUiIrUIhikru0ZoTFig,author::UCwO2SXr0ggzwg6QWWrr01nQ,1
author::UCAmtbUiIrUIhikru0ZoTFig,author::UCipetjeiWj4CZB6EbyYziZg,1
author::UCAmtbUiIrUIhikru0ZoTFig,author::UCV0iizTBoOfdAFX_thfI9BA,1
author::UCAmtbUiIrUIhikru0ZoTFig,author::UCWIZUtKJ636y-4TYrNvok0g,1
author::UCAmtbUiIrUIhikru0ZoTFig,author::UCLggDc_a5HriXv7I1h02sOA,1
author::UCAmtbUiIrUIhikru0ZoTFig,author::UCueV9cTyTDwgQSec1x2dYgA,1
author::UCAmtbUiIrUIhikru0ZoTFig,author::UCUIIIPTVDVHAXqhC_5V6lPA,1
author::UCAmtbUiIrUIhikru0ZoTFig,author::UChep9kVb5gQmpodEEl10Xlg,1
author::UCAmtbUiIrUIhikru0ZoTFig,author::UCsJJAvrVGupdmhOqgtDp8dg,1
author::UCAmtbUiIrUIhikru0ZoTFig,author::UCQ_-LPP8JAbfkc-b1Q6NvWw,1
author::UCAmtbUiIrUIhikru0ZoTFig,author::UCOS8ViEkccrTZx2w2ccxotA,1
author::UCAmtbUiIrUIhikru0ZoTFig,author::UCL1MT278vSaQ83ZDkVWn1gw,1
author::UCAmtbUiIrUIhikru0ZoTFig,author::UCjmPuazZJzscrwvk0QR9RVw,1
author::UCAmtbUiIrUIhikru0ZoTFig,author::UCB5p8a5gklc80jJItP6xTHg,1
author::UCAmtbUiIrUIhikru0ZoTFig,author::UCzoL2l5H5eVlorWGH8AZfAg,1
author::UCAmtbUiIrUIhikru0ZoTFig,author::UCplrIQtaPj6au60_f2-mOYw,1
author::UCAmtbUiIrUIhikru0ZoTFig,author::UCFxE8GbokBrBsPEKM1xrOjQ,1
author::UCAmtbUiIrUIhikru0ZoTFig,author::UCRETAiYdh2dL5ZxB0_N1zDA,1
author::UCAmtbUiIrUIhikru0ZoTFig,author::UCj-LL25XJnjxepPKCc3NGog,1
author::UCAmtbUiIrUIhikru0ZoTFig,author::UCTylKrsqkrBKIqubMu_5N0Q,1
author::UCAmtbUiIrUIhikru0ZoTFig,author::UCZLG9qH0tUjNhEGFIUt0CYw,1
author::UCAmtbUiIrUIhikru0ZoTFig,author::UCXXh7yg5KUFIWylTiKVEFKQ,1
author::UCAmtbUiIrUIhikru0ZoTFig,author::UCr1emrogPKkKTs_WTtx71xg,1
author::UCAmtbUiIrUIhikru0ZoTFig,author::UChs3tU2BcKOT0CezykvAsGw,1
author::UCAmtbUiIrUIhikru0ZoTFig,author::UCErZPJpHmLCsXs8ZWkAUupQ,1
author::UCAmtbUiIrUIhikru0ZoTFig,author::UCEgEQmRbtL5fwr9_DqAC--g,1
author::UCAmtbUiIrUIhikru0ZoTFig,author::UCmvOgzmmXbjUthHy-WJ52hQ,1
author::UCAmtbUiIrUIhikru0ZoTFig,author::UCsjs5Hp_r86x1xbK6FAeqaA,1
author::UCAmtbUiIrUIhikru0ZoTFig,author::UCOh6DaZC_x9HASnlRylEMfw,1
author::UCAmtbUiIrUIhikru0ZoTFig,author::UCThW2XNsAaBKme5PUt7n-Zg,1
author::UCAmtbUiIrUIhikru0ZoTFig,author::UCsUCN0Yq_UyTvKjOJLmNrnQ,1
author::UCAmtbUiIrUIhikru0ZoTFig,author::UCjSKM9j0Q7HLDr1hD6D-TUw,1
author::UCAmtbUiIrUIhikru0ZoTFig,author::UCL13XhnRzbGokEkCkEOb0-g,1
author::UCAmtbUiIrUIhikru0ZoTFig,author::UCiMythXHsw7eQEMykCdmMUA,1
author::UCAmtbUiIrUIhikru0ZoTFig,author::UCDPWkUX3sNNaCx-m1dV4glA,1
author::UCAmtbUiIrUIhikru0ZoTFig,author::UCQtICyzWmhC5woCtbNgaSmg,1
author::UCAmtbUiIrUIhikru0ZoTFig,author::UCQtSFINs1h6GHkpg9o5kMvg,1
author::UCAmtbUiIrUIhikru0ZoTFig,author::UCSou6a2OuYGSvPjm5psquyA,1
author::UCAmtbUiIrUIhikru0ZoTFig,author::UCYwpX26TrCxq8TvbKGRYLXA,1
author::UCAmtbUiIrUIhikru0ZoTFig,author::UCDQaQv0hr2SS_PO-CMEwVHg,1
author::UCAmtbUiIrUIhikru0ZoTFig,author::UCxff05WuyvwELNITi7bj7UA,1
author::UCAmtbUiIrUIhikru0ZoTFig,author::UCTP3O0rMnc8z8v8jaDQwL0w,1
author::UCAmtbUiIrUIhikru0ZoTFig,author::UCTwSut16JyAg3mX6LVUNGqA,1
author::UCAmtbUiIrUIhikru0ZoTFig,author::UCrJn_rbo_ENAdeqneS-RmRw,1
author::UCAmtbUiIrUIhikru0ZoTFig,author::UCFjudnPLoaSL1BaRuLahyHg,1
author::UCAmtbUiIrUIhikru0ZoTFig,author::UCFUuDARXdmmIrLppEqf-rFg,1
author::UCAmtbUiIrUIhikru0ZoTFig,author::UCl0ekS9Tt0jJGtOEM18S63w,1
author::UCAmtbUiIrUIhikru0ZoTFig,author::UCut6b9S98nv84cVX89PmKzA,1
author::UCAmtbUiIrUIhikru0ZoTFig,author::UCi1b_TRQfgO1Z9O2gNGGWNA,1
author::UCAmtbUiIrUIhikru0ZoTFig,author::UCYN4wSQ1Sx4_LurxLlW7MPg,1
author::UCAmtbUiIrUIhikru0ZoTFig,author::UCTD6q1nyIe3Y7HhqjaMj72w,1
author::UCAmtbUiIrUIhikru0ZoTFig,author::UCpIdtvoFHVLGASGB5ySqIEA,1
author::UCAmtbUiIrUIhikru0ZoTFig,author::UCGzXwyCzMzGmjmCbH3Hg01Q,1
author::UCAmtbUiIrUIhikru0ZoTFig,author::UCtNfIBnc5S5DbbQj_yxgJTw,1
author::UCAmtbUiIrUIhikru0ZoTFig,author::UCHTGCgY2l-DQJIvlA_cpa_Q,1
author::UCAmtbUiIrUIhikru0ZoTFig,author::UCQqetiwzzmRNTM5OWuXarGQ,1
author::UCAmtbUiIrUIhikru0ZoTFig,author::UCRelkU8JiZBytTzebJxaa-w,1
author::UCAmtbUiIrUIhikru0ZoTFig,author::UCDlr1VadSucIZgZ171pRBjQ,1
author::UCAmtbUiIrUIhikru0ZoTFig,author::UCgvw7xIdGFupzpt1Y_BFkEA,1
author::UCAmtbUiIrUIhikru0ZoTFig,author::UCpsKOkt5iWTbenzeuq7dsmQ,1
author::UCAmtbUiIrUIhikru0ZoTFig,author::UCwW2OFy95P7ZBkOPxWkpvYg,1
author::UCAmtbUiIrUIhikru0ZoTFig,author::UCDftMWXQoJ6nONfY7GVOVjg,1
author::UCAmtbUiIrUIhikru0ZoTFig,author::UCLFdHr9BEbXHkoJopbEPLZw,1
author::UCAmtbUiIrUIhikru0ZoTFig,author::UCNBnKqWf4d-rS4HwJRQljmQ,1
author::UCAmtbUiIrUIhikru0ZoTFig,author::UCiGRBf2RNF0WRKhRVT7zFoA,1
author::UCAmtbUiIrUIhikru0ZoTFig,author::UCcfdg8crmMJwEuLUsAhV7yg,1
author::UCAmtbUiIrUIhikru0ZoTFig,author::UCkd9W714-947dEE6ZOEBATA,1
author::UCAmtbUiIrUIhikru0ZoTFig,author::UCZ51R_9Q9C0c8I3pAWhtmjQ,1
author::UCAmtbUiIrUIhikru0ZoTFig,author::UCzSfZlOVxBSs5ObD25ywxDQ,1
author::UCAmtbUiIrUIhikru0ZoTFig,author::UCCaYwkkbQGcvFoUmothVdQQ,1
author::UCAmtbUiIrUIhikru0ZoTFig,author::UCDUffaruH6dyUnUGwsTKpgg,1
author::UCAmtbUiIrUIhikru0ZoTFig,author::UCwha8rxULYMVtNwZWeSkE1A,1
author::UCAmtbUiIrUIhikru0ZoTFig,author::UCDIMztpVm7G27qBuiWuT6oQ,1
author::UCAmtbUiIrUIhikru0ZoTFig,author::UChgkn5Jt5tWKYMoEOuCjz3Q,1
author::UCAmtbUiIrUIhikru0ZoTFig,author::UCvApqeCbLod-wejtT4CcVuA,1
author::UCAmtbUiIrUIhikru0ZoTFig,author::UCfM3nrxtTQMY5jFx1v1J4Gg,1
author::UCAmtbUiIrUIhikru0ZoTFig,author::UCRlCV9zSn7avAWh-9_XFWqQ,1
author::UCAmtbUiIrUIhikru0ZoTFig,author::UCFhxtoeARHPnXXPcDrOU3Xg,1
author::UCAmtbUiIrUIhikru0ZoTFig,author::UCNkcuy42zEwddwEcOd_HpnA,1
author::UCAmtbUiIrUIhikru0ZoTFig,author::UCz3gu01bmjNv0DpRq-K3XYg,1
author::UCAmtbUiIrUIhikru0ZoTFig,author::UCFoIAE8k82D6AV-8gjjKaNg,1
author::UCAmtbUiIrUIhikru0ZoTFig,author::UCySYJU5kUh7X8gVt9la2ISA,1
author::UCAmtbUiIrUIhikru0ZoTFig,author::UCQgYjVngJRfPHDLGB5X6ZjA,1
author::UCAmtbUiIrUIhikru0ZoTFig,author::UCHhHUjaMAZ8SiXdCUCj9DkQ,1
author::UCAmtbUiIrUIhikru0ZoTFig,author::UCXSkL3ejZ8qWYyF_M7s_QKA,1
author::UCAmtbUiIrUIhikru0ZoTFig,author::UChZknRmJkeGeQk0-mQuhDOg,1
author::UCAmtbUiIrUIhikru0ZoTFig,author::UCXr8_5WtGeipe4haOoQDgyQ,1
author::UCAmtbUiIrUIhikru0ZoTFig,author::UCljDbleJul41G1TzOjOZAVA,1
author::UCAmtbUiIrUIhikru0ZoTFig,author::UCujPF2nBgsTD62nWE3lcpIg,1
author::UCAmtbUiIrUIhikru0ZoTFig,author::UCmjppp6ujz3SAnULvP3sZMw,1
author::UCAmtbUiIrUIhikru0ZoTFig,author::UCylqlpsh8ENNM1LqgQ1KbxA,1
author::UCAmtbUiIrUIhikru0ZoTFig,author::UCp4iw5_5SmV9VGTFSNVGOmQ,1
author::UCAmtbUiIrUIhikru0ZoTFig,author::UCN6qbfPSzFtjhqUDZ3Cv3CQ,1
author::UCAmtbUiIrUIhikru0ZoTFig,author::UCpl8rF8uv_8uui-QRvuJaRA,1
author::UCAmtbUiIrUIhikru0ZoTFig,author::UCh5ESQvtzyHDhCA7XyekCFA,1
author::UCAmtbUiIrUIhikru0ZoTFig,author::UCsSXdJct-nsS8DsABoEsaYA,1
author::UCAmtbUiIrUIhikru0ZoTFig,author::UCKDR0f2fu2UzWL8mBv5-BHw,1
author::UCAmtbUiIrUIhikru0ZoTFig,author::UCOLGv5Pf6BF2wFcwUzgcvHg,1
author::UCAmtbUiIrUIhikru0ZoTFig,author::UCtUR3_CAiE7fCoZHM6cMfyQ,1
author::UCAxvOOHQk7dYPOajzFEVtbA,author::UCq3mDTTRZnUybct5M9OSXbg,1
author::UCAxvOOHQk7dYPOajzFEVtbA,author::UCXN2s7DwTJm33xO-pNkAdaA,1
author::UCAxvOOHQk7dYPOajzFEVtbA,author::UC_3xuTXvMIWU5MYP9HkJ3vQ,1
author::UCAxvOOHQk7dYPOajzFEVtbA,author::UCfXykdbSU97rj987LDUGfvg,1
author::UCAxvOOHQk7dYPOajzFEVtbA,author::UCjZgFEowMBrsjodqfovzdKw,1
author::UCAxvOOHQk7dYPOajzFEVtbA,author::UCLXYp1Cvc5DLtq5UQL5D9vw,1
author::UCAxvOOHQk7dYPOajzFEVtbA,author::UCIXLDYqR_syskKRJy_x9W9Q,1
author::UCAxvOOHQk7dYPOajzFEVtbA,author::UCfjhejO7LZy4doXURa7LZCQ,1
author::UCAxvOOHQk7dYPOajzFEVtbA,author::UCwCfs-2zbD5k0lG-UVg_JBw,1
author::UCAxvOOHQk7dYPOajzFEVtbA,author::UCO0zwwLWGyDgQmWPJ5Qrr1w,1
author::UCAxvOOHQk7dYPOajzFEVtbA,author::UCvl1tzQeBeGy6efPTRJXSCw,1
author::UCB5p8a5gklc80jJItP6xTHg,author::UCXgr7vXlRrsaskPdo097kGA,1
author::UCB5p8a5gklc80jJItP6xTHg,author::UCwO2SXr0ggzwg6QWWrr01nQ,1
author::UCB5p8a5gklc80jJItP6xTHg,author::UCipetjeiWj4CZB6EbyYziZg,1
author::UCB5p8a5gklc80jJItP6xTHg,author::UCV0iizTBoOfdAFX_thfI9BA,1
author::UCB5p8a5gklc80jJItP6xTHg,author::UCWIZUtKJ636y-4TYrNvok0g,1
author::UCB5p8a5gklc80jJItP6xTHg,author::UCLggDc_a5HriXv7I1h02sOA,1
author::UCB5p8a5gklc80jJItP6xTHg,author::UCueV9cTyTDwgQSec1x2dYgA,1
author::UCB5p8a5gklc80jJItP6xTHg,author::UCUIIIPTVDVHAXqhC_5V6lPA,1
author::UCB5p8a5gklc80jJItP6xTHg,author::UChep9kVb5gQmpodEEl10Xlg,1
author::UCB5p8a5gklc80jJItP6xTHg,author::UCsJJAvrVGupdmhOqgtDp8dg,1
author::UCB5p8a5gklc80jJItP6xTHg,author::UCQ_-LPP8JAbfkc-b1Q6NvWw,1
author::UCB5p8a5gklc80jJItP6xTHg,author::UCOS8ViEkccrTZx2w2ccxotA,1
author::UCB5p8a5gklc80jJItP6xTHg,author::UCL1MT278vSaQ83ZDkVWn1gw,1
author::UCB5p8a5gklc80jJItP6xTHg,author::UCjmPuazZJzscrwvk0QR9RVw,1
author::UCB5p8a5gklc80jJItP6xTHg,author::UCzoL2l5H5eVlorWGH8AZfAg,1
author::UCB5p8a5gklc80jJItP6xTHg,author::UCplrIQtaPj6au60_f2-mOYw,1
author::UCB5p8a5gklc80jJItP6xTHg,author::UCFxE8GbokBrBsPEKM1xrOjQ,1
author::UCB5p8a5gklc80jJItP6xTHg,author::UCRETAiYdh2dL5ZxB0_N1zDA,1
author::UCB5p8a5gklc80jJItP6xTHg,author::UCj-LL25XJnjxepPKCc3NGog,1
author::UCB5p8a5gklc80jJItP6xTHg,author::UCTylKrsqkrBKIqubMu_5N0Q,1
author::UCB5p8a5gklc80jJItP6xTHg,author::UCZLG9qH0tUjNhEGFIUt0CYw,1
author::UCB5p8a5gklc80jJItP6xTHg,author::UCXXh7yg5KUFIWylTiKVEFKQ,1
author::UCB5p8a5gklc80jJItP6xTHg,author::UCr1emrogPKkKTs_WTtx71xg,1
author::UCB5p8a5gklc80jJItP6xTHg,author::UChs3tU2BcKOT0CezykvAsGw,1
author::UCB5p8a5gklc80jJItP6xTHg,author::UCErZPJpHmLCsXs8ZWkAUupQ,1
author::UCB5p8a5gklc80jJItP6xTHg,author::UCEgEQmRbtL5fwr9_DqAC--g,1
author::UCB5p8a5gklc80jJItP6xTHg,author::UCmvOgzmmXbjUthHy-WJ52hQ,1
author::UCB5p8a5gklc80jJItP6xTHg,author::UCsjs5Hp_r86x1xbK6FAeqaA,1
author::UCB5p8a5gklc80jJItP6xTHg,author::UCOh6DaZC_x9HASnlRylEMfw,1
author::UCB5p8a5gklc80jJItP6xTHg,author::UCThW2XNsAaBKme5PUt7n-Zg,1
author::UCB5p8a5gklc80jJItP6xTHg,author::UCsUCN0Yq_UyTvKjOJLmNrnQ,1
author::UCB5p8a5gklc80jJItP6xTHg,author::UCjSKM9j0Q7HLDr1hD6D-TUw,1
author::UCB5p8a5gklc80jJItP6xTHg,author::UCL13XhnRzbGokEkCkEOb0-g,1
author::UCB5p8a5gklc80jJItP6xTHg,author::UCiMythXHsw7eQEMykCdmMUA,1
author::UCB5p8a5gklc80jJItP6xTHg,author::UCDPWkUX3sNNaCx-m1dV4glA,1
author::UCB5p8a5gklc80jJItP6xTHg,author::UCQtICyzWmhC5woCtbNgaSmg,1
author::UCB5p8a5gklc80jJItP6xTHg,author::UCQtSFINs1h6GHkpg9o5kMvg,1
author::UCB5p8a5gklc80jJItP6xTHg,author::UCSou6a2OuYGSvPjm5psquyA,1
author::UCB5p8a5gklc80jJItP6xTHg,author::UCYwpX26TrCxq8TvbKGRYLXA,1
author::UCB5p8a5gklc80jJItP6xTHg,author::UCDQaQv0hr2SS_PO-CMEwVHg,1
author::UCB5p8a5gklc80jJItP6xTHg,author::UCxff05WuyvwELNITi7bj7UA,1
author::UCB5p8a5gklc80jJItP6xTHg,author::UCTP3O0rMnc8z8v8jaDQwL0w,1
author::UCB5p8a5gklc80jJItP6xTHg,author::UCTwSut16JyAg3mX6LVUNGqA,1
author::UCB5p8a5gklc80jJItP6xTHg,author::UCrJn_rbo_ENAdeqneS-RmRw,1
author::UCB5p8a5gklc80jJItP6xTHg,author::UCFjudnPLoaSL1BaRuLahyHg,1
author::UCB5p8a5gklc80jJItP6xTHg,author::UCFUuDARXdmmIrLppEqf-rFg,1
author::UCB5p8a5gklc80jJItP6xTHg,author::UCl0ekS9Tt0jJGtOEM18S63w,1
author::UCB5p8a5gklc80jJItP6xTHg,author::UCut6b9S98nv84cVX89PmKzA,1
author::UCB5p8a5gklc80jJItP6xTHg,author::UCi1b_TRQfgO1Z9O2gNGGWNA,1
author::UCB5p8a5gklc80jJItP6xTHg,author::UCYN4wSQ1Sx4_LurxLlW7MPg,1
author::UCB5p8a5gklc80jJItP6xTHg,author::UCTD6q1nyIe3Y7HhqjaMj72w,1
author::UCB5p8a5gklc80jJItP6xTHg,author::UCpIdtvoFHVLGASGB5ySqIEA,1
author::UCB5p8a5gklc80jJItP6xTHg,author::UCGzXwyCzMzGmjmCbH3Hg01Q,1
author::UCB5p8a5gklc80jJItP6xTHg,author::UCtNfIBnc5S5DbbQj_yxgJTw,1
author::UCB5p8a5gklc80jJItP6xTHg,author::UCHTGCgY2l-DQJIvlA_cpa_Q,1
author::UCB5p8a5gklc80jJItP6xTHg,author::UCQqetiwzzmRNTM5OWuXarGQ,1
author::UCB5p8a5gklc80jJItP6xTHg,author::UCRelkU8JiZBytTzebJxaa-w,1
author::UCB5p8a5gklc80jJItP6xTHg,author::UCDlr1VadSucIZgZ171pRBjQ,1
author::UCB5p8a5gklc80jJItP6xTHg,author::UCgvw7xIdGFupzpt1Y_BFkEA,1
author::UCB5p8a5gklc80jJItP6xTHg,author::UCpsKOkt5iWTbenzeuq7dsmQ,1
author::UCB5p8a5gklc80jJItP6xTHg,author::UCwW2OFy95P7ZBkOPxWkpvYg,1
author::UCB5p8a5gklc80jJItP6xTHg,author::UCDftMWXQoJ6nONfY7GVOVjg,1
author::UCB5p8a5gklc80jJItP6xTHg,author::UCLFdHr9BEbXHkoJopbEPLZw,1
author::UCB5p8a5gklc80jJItP6xTHg,author::UCNBnKqWf4d-rS4HwJRQljmQ,1
author::UCB5p8a5gklc80jJItP6xTHg,author::UCiGRBf2RNF0WRKhRVT7zFoA,1
author::UCB5p8a5gklc80jJItP6xTHg,author::UCcfdg8crmMJwEuLUsAhV7yg,1
author::UCB5p8a5gklc80jJItP6xTHg,author::UCkd9W714-947dEE6ZOEBATA,1
author::UCB5p8a5gklc80jJItP6xTHg,author::UCZ51R_9Q9C0c8I3pAWhtmjQ,1
author::UCB5p8a5gklc80jJItP6xTHg,author::UCzSfZlOVxBSs5ObD25ywxDQ,1
author::UCB5p8a5gklc80jJItP6xTHg,author::UCCaYwkkbQGcvFoUmothVdQQ,1
author::UCB5p8a5gklc80jJItP6xTHg,author::UCDUffaruH6dyUnUGwsTKpgg,1
author::UCB5p8a5gklc80jJItP6xTHg,author::UCwha8rxULYMVtNwZWeSkE1A,1
author::UCB5p8a5gklc80jJItP6xTHg,author::UCDIMztpVm7G27qBuiWuT6oQ,1
author::UCB5p8a5gklc80jJItP6xTHg,author::UChgkn5Jt5tWKYMoEOuCjz3Q,1
author::UCB5p8a5gklc80jJItP6xTHg,author::UCvApqeCbLod-wejtT4CcVuA,1
author::UCB5p8a5gklc80jJItP6xTHg,author::UCfM3nrxtTQMY5jFx1v1J4Gg,1
author::UCB5p8a5gklc80jJItP6xTHg,author::UCRlCV9zSn7avAWh-9_XFWqQ,1
author::UCB5p8a5gklc80jJItP6xTHg,author::UCFhxtoeARHPnXXPcDrOU3Xg,1
author::UCB5p8a5gklc80jJItP6xTHg,author::UCNkcuy42zEwddwEcOd_HpnA,1
author::UCB5p8a5gklc80jJItP6xTHg,author::UCz3gu01bmjNv0DpRq-K3XYg,1
author::UCB5p8a5gklc80jJItP6xTHg,author::UCFoIAE8k82D6AV-8gjjKaNg,1
author::UCB5p8a5gklc80jJItP6xTHg,author::UCySYJU5kUh7X8gVt9la2ISA,1
author::UCB5p8a5gklc80jJItP6xTHg,author::UCQgYjVngJRfPHDLGB5X6ZjA,1
author::UCB5p8a5gklc80jJItP6xTHg,author::UCHhHUjaMAZ8SiXdCUCj9DkQ,1
author::UCB5p8a5gklc80jJItP6xTHg,author::UCXSkL3ejZ8qWYyF_M7s_QKA,1
author::UCB5p8a5gklc80jJItP6xTHg,author::UChZknRmJkeGeQk0-mQuhDOg,1
author::UCB5p8a5gklc80jJItP6xTHg,author::UCXr8_5WtGeipe4haOoQDgyQ,1
author::UCB5p8a5gklc80jJItP6xTHg,author::UCljDbleJul41G1TzOjOZAVA,1
author::UCB5p8a5gklc80jJItP6xTHg,author::UCujPF2nBgsTD62nWE3lcpIg,1
author::UCB5p8a5gklc80jJItP6xTHg,author::UCmjppp6ujz3SAnULvP3sZMw,1
author::UCB5p8a5gklc80jJItP6xTHg,author::UCylqlpsh8ENNM1LqgQ1KbxA,1
author::UCB5p8a5gklc80jJItP6xTHg,author::UCp4iw5_5SmV9VGTFSNVGOmQ,1
author::UCB5p8a5gklc80jJItP6xTHg,author::UCN6qbfPSzFtjhqUDZ3Cv3CQ,1
author::UCB5p8a5gklc80jJItP6xTHg,author::UCpl8rF8uv_8uui-QRvuJaRA,1
author::UCB5p8a5gklc80jJItP6xTHg,author::UCh5ESQvtzyHDhCA7XyekCFA,1
author::UCB5p8a5gklc80jJItP6xTHg,author::UCsSXdJct-nsS8DsABoEsaYA,1
author::UCB5p8a5gklc80jJItP6xTHg,author::UCKDR0f2fu2UzWL8mBv5-BHw,1
author::UCB5p8a5gklc80jJItP6xTHg,author::UCOLGv5Pf6BF2wFcwUzgcvHg,1
author::UCB5p8a5gklc80jJItP6xTHg,author::UCtUR3_CAiE7fCoZHM6cMfyQ,1
author::UCBlm80VQ4YoV3bUJR_XhkaQ,author::UCat2qkYvqmtDNEmo2PVuhXw,1
author::UCBlm80VQ4YoV3bUJR_XhkaQ,author::UCQMMuADgqWUOcJpLwHOzC-g,1
author::UCBlm80VQ4YoV3bUJR_XhkaQ,author::UCp_dAUfv8i3LW3zWc24dLaQ,1
author::UCBlm80VQ4YoV3bUJR_XhkaQ,author::UCi2KiZq63sRq8Mfbcp-MelQ,1
author::UCBlm80VQ4YoV3bUJR_XhkaQ,author::UCGZMgmM92E3njyXNe9-kjAQ,1
author::UCBlm80VQ4YoV3bUJR_XhkaQ,author::UCIgoiXdIKJyUGmUoH2Lxdzg,1
author::UCBlm80VQ4YoV3bUJR_XhkaQ,author::UCZjm6U576nX8WOiLhmMR3bw,1
author::UCBlm80VQ4YoV3bUJR_XhkaQ,author::UCVdjCrh4tQoX3haNAZv-n5A,1
author::UCBlm80VQ4YoV3bUJR_XhkaQ,author::UCxhtlxPV8AYWaNNyU6S9H8Q,1
author::UCBlm80VQ4YoV3bUJR_XhkaQ,author::UCPNXmbOBVeC4HS-xemvcPtQ,1
author::UCBlm80VQ4YoV3bUJR_XhkaQ,author::UCbNanjFI51cwGqMAb2rOrBw,1
author::UCBlm80VQ4YoV3bUJR_XhkaQ,author::UCtiHFjFu7d5v2XxHnKFUYig,1
author::UCBlm80VQ4YoV3bUJR_XhkaQ,author::UCrqXyRsg-_hTosURZ-uvoKg,1
author::UCBlm80VQ4YoV3bUJR_XhkaQ,author::UCOLHH4ZpMxPYF-Q6e6wvn5A,1
author::UCBlm80VQ4YoV3bUJR_XhkaQ,author::UCozFYHN0e_-vlQbX3wQGOug,1
author::UCBtB5dIyx-C16UN8ClUD2UA,author::UCdFlugHJJa4l3YqWuNRmvXw,1
author::UCBtB5dIyx-C16UN8ClUD2UA,author::UCFFrEmn6lPYiWyElpfzTy5Q,1
author::UCBtB5dIyx-C16UN8ClUD2UA,author::UCfRqgt2O-vjzUDMZY_tnxQw,1
author::UCBtB5dIyx-C16UN8ClUD2UA,author::UCk4O-J1BhoqPmig1KLGJePA,1
author::UCBtB5dIyx-C16UN8ClUD2UA,author::UCLh1Kde4_vI1sTZBkTNP7RQ,1
author::UCCBYcToQ2dwkd6TJh0FSyDg,author::UCRAquv8el-tQ30bN7MlmySQ,1
author::UCCBYcToQ2dwkd6TJh0FSyDg,author::UCwgCc9Jd_gG-uLE_SY-FfPg,1
author::UCCBYcToQ2dwkd6TJh0FSyDg,author::UCRvPToDkkumha7WJAfCDk1A,1
author::UCCBYcToQ2dwkd6TJh0FSyDg,author::UColMq7LmaoY3MT6aIDGrGvA,1
author::UCCBYcToQ2dwkd6TJh0FSyDg,author::UCiC-Jn7wdgyQV4_Urk0DkWQ,1
author::UCCBYcToQ2dwkd6TJh0FSyDg,author::UCgQw_Sbq3ugruDUKsq1e0-A,1
author::UCCBYcToQ2dwkd6TJh0FSyDg,author::UCdFlugHJJa4l3YqWuNRmvXw,1
author::UCCBYcToQ2dwkd6TJh0FSyDg,author::UCHbwIx9pmQuf7i-4_xO2EpA,1
author::UCCBYcToQ2dwkd6TJh0FSyDg,author::UCeDNEtI8_a42bZ47wJiJMwQ,1
author::UCCBYcToQ2dwkd6TJh0FSyDg,author::UCu8_3-Wg-YzNyvHYQDEscfw,1
author::UCCBYcToQ2dwkd6TJh0FSyDg,author::UCDrmf9y9nLgFY5wnA2hTuGA,1
author::UCCBYcToQ2dwkd6TJh0FSyDg,author::UCQqlPPUGqAfWjd-FSh_qn7Q,1
author::UCCBYcToQ2dwkd6TJh0FSyDg,author::UCkVtmkK07b2zaVVNssX4lOg,1
author::UCCBYcToQ2dwkd6TJh0FSyDg,author::UCqCrvuoJpC-aVb0f4logQRQ,1
author::UCCBYcToQ2dwkd6TJh0FSyDg,author::UCsGoJEvb-cFPZ2rWoJcXzEQ,1
author::UCCBYcToQ2dwkd6TJh0FSyDg,author::UCuXmOjxC-htcprLgeVXz6Tg,1
author::UCCBYcToQ2dwkd6TJh0FSyDg,author::UCWoAVGVqCn4xtINCMOTM4jg,1
author::UCCBYcToQ2dwkd6TJh0FSyDg,author::UClqA491Xa5fQcXcJJa-vTWw,1
author::UCCBYcToQ2dwkd6TJh0FSyDg,author::UCQyOePccUP-fIJYzchAgZYw,1
author::UCCBYcToQ2dwkd6TJh0FSyDg,author::UCV0lM03g5fg5pbPj97-sAtA,1
author::UCCBYcToQ2dwkd6TJh0FSyDg,author::UC_LYoGs5C3mbZKZuKuqYCvw,1
author::UCCBYcToQ2dwkd6TJh0FSyDg,author::UCgJNFj5dnxXpcMvmuhZDPxA,1
author::UCCBYcToQ2dwkd6TJh0FSyDg,author::UCpsKOkt5iWTbenzeuq7dsmQ,1
author::UCCBYcToQ2dwkd6TJh0FSyDg,author::UCkbsS_3D-pvg1iHOld9uvIg,1
author::UCCBYcToQ2dwkd6TJh0FSyDg,author::UCGGHbtfbbe0o68etrOf0qxw,1
author::UCCBYcToQ2dwkd6TJh0FSyDg,author::UCOcUI5XkTYNMSFhZNMIPpGg,1
author::UCCBYcToQ2dwkd6TJh0FSyDg,author::UCW-JC6lebVmf2P1dmY_L94g,1
author::UCCBYcToQ2dwkd6TJh0FSyDg,author::UCwjUvRseNtJoItylIyIez7Q,1
author::UCCBYcToQ2dwkd6TJh0FSyDg,author::UClhMWQ7XKWywYvbRnuf8QsA,1
author::UCCBYcToQ2dwkd6TJh0FSyDg,author::UCe8JZoYkX5oKUZyivHYdXhw,1
author::UCCBYcToQ2dwkd6TJh0FSyDg,author::UCaKAjTW9MVub_clgr4DRYjQ,1
author::UCCBYcToQ2dwkd6TJh0FSyDg,author::UCpe5jW3MIqkgTJ-PgkzvM6Q,1
author::UCCBYcToQ2dwkd6TJh0FSyDg,author::UCylqlpsh8ENNM1LqgQ1KbxA,1
author::UCCBYcToQ2dwkd6TJh0FSyDg,author::UCZeIIQrGAedW8tCbKWmGY-A,1
author::UCCBYcToQ2dwkd6TJh0FSyDg,author::UCW80DaMjQlEUibC98Cot-Dg,1
author::UCCBYcToQ2dwkd6TJh0FSyDg,author::UCUoYsrx1oZnCZ0usbBJn4fA,1
author::UCCBYcToQ2dwkd6TJh0FSyDg,author::UCNpt5CQlTzNjlAKY6CJtClQ,1
author::UCCUmP4PlbwgikVFpYwbtRTg,author::UCbrtvygfRT6QXqWDNrOf-cA,1
author::UCCUmP4PlbwgikVFpYwbtRTg,author::UCdQAuWwyC99MB7Y02Umj26Q,1
author::UCCUmP4PlbwgikVFpYwbtRTg,author::UCkxdJ_yGN2gghOMo2ybQtXQ,1
author::UCCUmP4PlbwgikVFpYwbtRTg,author::UChT7pzGytNd92Nmvi-zuWog,1
author::UCCUmP4PlbwgikVFpYwbtRTg,author::UCXO1BBohNWXkK9SBDAG2ySg,1
author::UCCUmP4PlbwgikVFpYwbtRTg,author::UCTTILH6QCIxbTnEWxwRqs1g,1
author::UCCUmP4PlbwgikVFpYwbtRTg,author::UCc_F88PzGWtA1OPNUEASulA,1
author::UCCUmP4PlbwgikVFpYwbtRTg,author::UCvcu1kR8xMYy_I1Ty-2mV2Q,1
author::UCCUmP4PlbwgikVFpYwbtRTg,author::UCxcoDvP-g2_KTZDmVZtvb3w,1
author::UCCUmP4PlbwgikVFpYwbtRTg,author::UCXVLc8CmAO813ubM-fLvCDw,1
author::UCCUmP4PlbwgikVFpYwbtRTg,author::UCcFIBN-rtC3d3hXeuN5TfWw,1
author::UCCUmP4PlbwgikVFpYwbtRTg,author::UCOY3XpD9qMCRSA8AA8c4CAw,1
author::UCCUmP4PlbwgikVFpYwbtRTg,author::UCefAH1MbvADWUjE9WVcB9EQ,1
author::UCCUmP4PlbwgikVFpYwbtRTg,author::UCXl30Y_upRqbti52fmjK4YA,1
author::UCCUmP4PlbwgikVFpYwbtRTg,author::UCwEe1RKlEv1UpNWmWYfSh4w,1
author::UCCaYwkkbQGcvFoUmothVdQQ,author::UCXgr7vXlRrsaskPdo097kGA,1
author::UCCaYwkkbQGcvFoUmothVdQQ,author::UCwO2SXr0ggzwg6QWWrr01nQ,1
author::UCCaYwkkbQGcvFoUmothVdQQ,author::UCipetjeiWj4CZB6EbyYziZg,1
author::UCCaYwkkbQGcvFoUmothVdQQ,author::UCV0iizTBoOfdAFX_thfI9BA,1
author::UCCaYwkkbQGcvFoUmothVdQQ,author::UCWIZUtKJ636y-4TYrNvok0g,1
author::UCCaYwkkbQGcvFoUmothVdQQ,author::UCLggDc_a5HriXv7I1h02sOA,1
author::UCCaYwkkbQGcvFoUmothVdQQ,author::UCueV9cTyTDwgQSec1x2dYgA,1
author::UCCaYwkkbQGcvFoUmothVdQQ,author::UCUIIIPTVDVHAXqhC_5V6lPA,1
author::UCCaYwkkbQGcvFoUmothVdQQ,author::UChep9kVb5gQmpodEEl10Xlg,1
author::UCCaYwkkbQGcvFoUmothVdQQ,author::UCsJJAvrVGupdmhOqgtDp8dg,1
author::UCCaYwkkbQGcvFoUmothVdQQ,author::UCQ_-LPP8JAbfkc-b1Q6NvWw,1
author::UCCaYwkkbQGcvFoUmothVdQQ,author::UCOS8ViEkccrTZx2w2ccxotA,1
author::UCCaYwkkbQGcvFoUmothVdQQ,author::UCL1MT278vSaQ83ZDkVWn1gw,1
author::UCCaYwkkbQGcvFoUmothVdQQ,author::UCjmPuazZJzscrwvk0QR9RVw,1
author::UCCaYwkkbQGcvFoUmothVdQQ,author::UCzoL2l5H5eVlorWGH8AZfAg,1
author::UCCaYwkkbQGcvFoUmothVdQQ,author::UCplrIQtaPj6au60_f2-mOYw,1
author::UCCaYwkkbQGcvFoUmothVdQQ,author::UCFxE8GbokBrBsPEKM1xrOjQ,1
author::UCCaYwkkbQGcvFoUmothVdQQ,author::UCRETAiYdh2dL5ZxB0_N1zDA,1
author::UCCaYwkkbQGcvFoUmothVdQQ,author::UCj-LL25XJnjxepPKCc3NGog,1
author::UCCaYwkkbQGcvFoUmothVdQQ,author::UCTylKrsqkrBKIqubMu_5N0Q,1
author::UCCaYwkkbQGcvFoUmothVdQQ,author::UCZLG9qH0tUjNhEGFIUt0CYw,1
author::UCCaYwkkbQGcvFoUmothVdQQ,author::UCXXh7yg5KUFIWylTiKVEFKQ,1
author::UCCaYwkkbQGcvFoUmothVdQQ,author::UCr1emrogPKkKTs_WTtx71xg,1
author::UCCaYwkkbQGcvFoUmothVdQQ,author::UChs3tU2BcKOT0CezykvAsGw,1
author::UCCaYwkkbQGcvFoUmothVdQQ,author::UCErZPJpHmLCsXs8ZWkAUupQ,1
author::UCCaYwkkbQGcvFoUmothVdQQ,author::UCEgEQmRbtL5fwr9_DqAC--g,1
author::UCCaYwkkbQGcvFoUmothVdQQ,author::UCmvOgzmmXbjUthHy-WJ52hQ,1
author::UCCaYwkkbQGcvFoUmothVdQQ,author::UCsjs5Hp_r86x1xbK6FAeqaA,1
author::UCCaYwkkbQGcvFoUmothVdQQ,author::UCOh6DaZC_x9HASnlRylEMfw,1
author::UCCaYwkkbQGcvFoUmothVdQQ,author::UCThW2XNsAaBKme5PUt7n-Zg,1
author::UCCaYwkkbQGcvFoUmothVdQQ,author::UCsUCN0Yq_UyTvKjOJLmNrnQ,1
author::UCCaYwkkbQGcvFoUmothVdQQ,author::UCjSKM9j0Q7HLDr1hD6D-TUw,1
author::UCCaYwkkbQGcvFoUmothVdQQ,author::UCL13XhnRzbGokEkCkEOb0-g,1
author::UCCaYwkkbQGcvFoUmothVdQQ,author::UCiMythXHsw7eQEMykCdmMUA,1
author::UCCaYwkkbQGcvFoUmothVdQQ,author::UCDPWkUX3sNNaCx-m1dV4glA,1
author::UCCaYwkkbQGcvFoUmothVdQQ,author::UCQtICyzWmhC5woCtbNgaSmg,1
author::UCCaYwkkbQGcvFoUmothVdQQ,author::UCQtSFINs1h6GHkpg9o5kMvg,1
author::UCCaYwkkbQGcvFoUmothVdQQ,author::UCSou6a2OuYGSvPjm5psquyA,1
author::UCCaYwkkbQGcvFoUmothVdQQ,author::UCYwpX26TrCxq8TvbKGRYLXA,1
author::UCCaYwkkbQGcvFoUmothVdQQ,author::UCDQaQv0hr2SS_PO-CMEwVHg,1
author::UCCaYwkkbQGcvFoUmothVdQQ,author::UCxff05WuyvwELNITi7bj7UA,1
author::UCCaYwkkbQGcvFoUmothVdQQ,author::UCTP3O0rMnc8z8v8jaDQwL0w,1
author::UCCaYwkkbQGcvFoUmothVdQQ,author::UCTwSut16JyAg3mX6LVUNGqA,1
author::UCCaYwkkbQGcvFoUmothVdQQ,author::UCrJn_rbo_ENAdeqneS-RmRw,1
author::UCCaYwkkbQGcvFoUmothVdQQ,author::UCFjudnPLoaSL1BaRuLahyHg,1
author::UCCaYwkkbQGcvFoUmothVdQQ,author::UCFUuDARXdmmIrLppEqf-rFg,1
author::UCCaYwkkbQGcvFoUmothVdQQ,author::UCl0ekS9Tt0jJGtOEM18S63w,1
author::UCCaYwkkbQGcvFoUmothVdQQ,author::UCut6b9S98nv84cVX89PmKzA,1
author::UCCaYwkkbQGcvFoUmothVdQQ,author::UCi1b_TRQfgO1Z9O2gNGGWNA,1
author::UCCaYwkkbQGcvFoUmothVdQQ,author::UCYN4wSQ1Sx4_LurxLlW7MPg,1
author::UCCaYwkkbQGcvFoUmothVdQQ,author::UCTD6q1nyIe3Y7HhqjaMj72w,1
author::UCCaYwkkbQGcvFoUmothVdQQ,author::UCpIdtvoFHVLGASGB5ySqIEA,1
author::UCCaYwkkbQGcvFoUmothVdQQ,author::UCGzXwyCzMzGmjmCbH3Hg01Q,1
author::UCCaYwkkbQGcvFoUmothVdQQ,author::UCtNfIBnc5S5DbbQj_yxgJTw,1
author::UCCaYwkkbQGcvFoUmothVdQQ,author::UCHTGCgY2l-DQJIvlA_cpa_Q,1
author::UCCaYwkkbQGcvFoUmothVdQQ,author::UCQqetiwzzmRNTM5OWuXarGQ,1
author::UCCaYwkkbQGcvFoUmothVdQQ,author::UCRelkU8JiZBytTzebJxaa-w,1
author::UCCaYwkkbQGcvFoUmothVdQQ,author::UCDlr1VadSucIZgZ171pRBjQ,1
author::UCCaYwkkbQGcvFoUmothVdQQ,author::UCgvw7xIdGFupzpt1Y_BFkEA,1
author::UCCaYwkkbQGcvFoUmothVdQQ,author::UCpsKOkt5iWTbenzeuq7dsmQ,1
author::UCCaYwkkbQGcvFoUmothVdQQ,author::UCwW2OFy95P7ZBkOPxWkpvYg,1
author::UCCaYwkkbQGcvFoUmothVdQQ,author::UCDftMWXQoJ6nONfY7GVOVjg,1
author::UCCaYwkkbQGcvFoUmothVdQQ,author::UCLFdHr9BEbXHkoJopbEPLZw,1
author::UCCaYwkkbQGcvFoUmothVdQQ,author::UCNBnKqWf4d-rS4HwJRQljmQ,1
author::UCCaYwkkbQGcvFoUmothVdQQ,author::UCiGRBf2RNF0WRKhRVT7zFoA,1
author::UCCaYwkkbQGcvFoUmothVdQQ,author::UCcfdg8crmMJwEuLUsAhV7yg,1
author::UCCaYwkkbQGcvFoUmothVdQQ,author::UCkd9W714-947dEE6ZOEBATA,1
author::UCCaYwkkbQGcvFoUmothVdQQ,author::UCZ51R_9Q9C0c8I3pAWhtmjQ,1
author::UCCaYwkkbQGcvFoUmothVdQQ,author::UCzSfZlOVxBSs5ObD25ywxDQ,1
author::UCCaYwkkbQGcvFoUmothVdQQ,author::UCDUffaruH6dyUnUGwsTKpgg,1
author::UCCaYwkkbQGcvFoUmothVdQQ,author::UCwha8rxULYMVtNwZWeSkE1A,1
author::UCCaYwkkbQGcvFoUmothVdQQ,author::UCDIMztpVm7G27qBuiWuT6oQ,1
author::UCCaYwkkbQGcvFoUmothVdQQ,author::UChgkn5Jt5tWKYMoEOuCjz3Q,1
author::UCCaYwkkbQGcvFoUmothVdQQ,author::UCvApqeCbLod-wejtT4CcVuA,1
author::UCCaYwkkbQGcvFoUmothVdQQ,author::UCfM3nrxtTQMY5jFx1v1J4Gg,1
author::UCCaYwkkbQGcvFoUmothVdQQ,author::UCRlCV9zSn7avAWh-9_XFWqQ,1
author::UCCaYwkkbQGcvFoUmothVdQQ,author::UCFhxtoeARHPnXXPcDrOU3Xg,1
author::UCCaYwkkbQGcvFoUmothVdQQ,author::UCNkcuy42zEwddwEcOd_HpnA,1
author::UCCaYwkkbQGcvFoUmothVdQQ,author::UCz3gu01bmjNv0DpRq-K3XYg,1
author::UCCaYwkkbQGcvFoUmothVdQQ,author::UCFoIAE8k82D6AV-8gjjKaNg,1
author::UCCaYwkkbQGcvFoUmothVdQQ,author::UCySYJU5kUh7X8gVt9la2ISA,1
author::UCCaYwkkbQGcvFoUmothVdQQ,author::UCQgYjVngJRfPHDLGB5X6ZjA,1
author::UCCaYwkkbQGcvFoUmothVdQQ,author::UCHhHUjaMAZ8SiXdCUCj9DkQ,1
author::UCCaYwkkbQGcvFoUmothVdQQ,author::UCXSkL3ejZ8qWYyF_M7s_QKA,1
author::UCCaYwkkbQGcvFoUmothVdQQ,author::UChZknRmJkeGeQk0-mQuhDOg,1
author::UCCaYwkkbQGcvFoUmothVdQQ,author::UCXr8_5WtGeipe4haOoQDgyQ,1
author::UCCaYwkkbQGcvFoUmothVdQQ,author::UCljDbleJul41G1TzOjOZAVA,1
author::UCCaYwkkbQGcvFoUmothVdQQ,author::UCujPF2nBgsTD62nWE3lcpIg,1
author::UCCaYwkkbQGcvFoUmothVdQQ,author::UCmjppp6ujz3SAnULvP3sZMw,1
author::UCCaYwkkbQGcvFoUmothVdQQ,author::UCylqlpsh8ENNM1LqgQ1KbxA,1
author::UCCaYwkkbQGcvFoUmothVdQQ,author::UCp4iw5_5SmV9VGTFSNVGOmQ,1
author::UCCaYwkkbQGcvFoUmothVdQQ,author::UCN6qbfPSzFtjhqUDZ3Cv3CQ,1
author::UCCaYwkkbQGcvFoUmothVdQQ,author::UCpl8rF8uv_8uui-QRvuJaRA,1
author::UCCaYwkkbQGcvFoUmothVdQQ,author::UCh5ESQvtzyHDhCA7XyekCFA,1
author::UCCaYwkkbQGcvFoUmothVdQQ,author::UCsSXdJct-nsS8DsABoEsaYA,1
author::UCCaYwkkbQGcvFoUmothVdQQ,author::UCKDR0f2fu2UzWL8mBv5-BHw,1
author::UCCaYwkkbQGcvFoUmothVdQQ,author::UCOLGv5Pf6BF2wFcwUzgcvHg,1
author::UCCaYwkkbQGcvFoUmothVdQQ,author::UCtUR3_CAiE7fCoZHM6cMfyQ,1
author::UCDIMztpVm7G27qBuiWuT6oQ,author::UCXgr7vXlRrsaskPdo097kGA,1
author::UCDIMztpVm7G27qBuiWuT6oQ,author::UCwO2SXr0ggzwg6QWWrr01nQ,1
author::UCDIMztpVm7G27qBuiWuT6oQ,author::UCipetjeiWj4CZB6EbyYziZg,1
author::UCDIMztpVm7G27qBuiWuT6oQ,author::UCV0iizTBoOfdAFX_thfI9BA,1
author::UCDIMztpVm7G27qBuiWuT6oQ,author::UCWIZUtKJ636y-4TYrNvok0g,1
author::UCDIMztpVm7G27qBuiWuT6oQ,author::UCLggDc_a5HriXv7I1h02sOA,1
author::UCDIMztpVm7G27qBuiWuT6oQ,author::UCueV9cTyTDwgQSec1x2dYgA,1
author::UCDIMztpVm7G27qBuiWuT6oQ,author::UCUIIIPTVDVHAXqhC_5V6lPA,1
author::UCDIMztpVm7G27qBuiWuT6oQ,author::UChep9kVb5gQmpodEEl10Xlg,1
author::UCDIMztpVm7G27qBuiWuT6oQ,author::UCsJJAvrVGupdmhOqgtDp8dg,1
author::UCDIMztpVm7G27qBuiWuT6oQ,author::UCQ_-LPP8JAbfkc-b1Q6NvWw,1
author::UCDIMztpVm7G27qBuiWuT6oQ,author::UCOS8ViEkccrTZx2w2ccxotA,1
author::UCDIMztpVm7G27qBuiWuT6oQ,author::UCL1MT278vSaQ83ZDkVWn1gw,1
author::UCDIMztpVm7G27qBuiWuT6oQ,author::UCjmPuazZJzscrwvk0QR9RVw,1
author::UCDIMztpVm7G27qBuiWuT6oQ,author::UCzoL2l5H5eVlorWGH8AZfAg,1
author::UCDIMztpVm7G27qBuiWuT6oQ,author::UCplrIQtaPj6au60_f2-mOYw,1
author::UCDIMztpVm7G27qBuiWuT6oQ,author::UCFxE8GbokBrBsPEKM1xrOjQ,1
author::UCDIMztpVm7G27qBuiWuT6oQ,author::UCRETAiYdh2dL5ZxB0_N1zDA,1
author::UCDIMztpVm7G27qBuiWuT6oQ,author::UCj-LL25XJnjxepPKCc3NGog,1
author::UCDIMztpVm7G27qBuiWuT6oQ,author::UCTylKrsqkrBKIqubMu_5N0Q,1
author::UCDIMztpVm7G27qBuiWuT6oQ,author::UCZLG9qH0tUjNhEGFIUt0CYw,1
author::UCDIMztpVm7G27qBuiWuT6oQ,author::UCXXh7yg5KUFIWylTiKVEFKQ,1
author::UCDIMztpVm7G27qBuiWuT6oQ,author::UCr1emrogPKkKTs_WTtx71xg,1
author::UCDIMztpVm7G27qBuiWuT6oQ,author::UChs3tU2BcKOT0CezykvAsGw,1
author::UCDIMztpVm7G27qBuiWuT6oQ,author::UCErZPJpHmLCsXs8ZWkAUupQ,1
author::UCDIMztpVm7G27qBuiWuT6oQ,author::UCEgEQmRbtL5fwr9_DqAC--g,1
author::UCDIMztpVm7G27qBuiWuT6oQ,author::UCmvOgzmmXbjUthHy-WJ52hQ,1
author::UCDIMztpVm7G27qBuiWuT6oQ,author::UCsjs5Hp_r86x1xbK6FAeqaA,1
author::UCDIMztpVm7G27qBuiWuT6oQ,author::UCOh6DaZC_x9HASnlRylEMfw,1
author::UCDIMztpVm7G27qBuiWuT6oQ,author::UCThW2XNsAaBKme5PUt7n-Zg,1
author::UCDIMztpVm7G27qBuiWuT6oQ,author::UCsUCN0Yq_UyTvKjOJLmNrnQ,1
author::UCDIMztpVm7G27qBuiWuT6oQ,author::UCjSKM9j0Q7HLDr1hD6D-TUw,1
author::UCDIMztpVm7G27qBuiWuT6oQ,author::UCL13XhnRzbGokEkCkEOb0-g,1
author::UCDIMztpVm7G27qBuiWuT6oQ,author::UCiMythXHsw7eQEMykCdmMUA,1
author::UCDIMztpVm7G27qBuiWuT6oQ,author::UCDPWkUX3sNNaCx-m1dV4glA,1
author::UCDIMztpVm7G27qBuiWuT6oQ,author::UCQtICyzWmhC5woCtbNgaSmg,1
author::UCDIMztpVm7G27qBuiWuT6oQ,author::UCQtSFINs1h6GHkpg9o5kMvg,1
author::UCDIMztpVm7G27qBuiWuT6oQ,author::UCSou6a2OuYGSvPjm5psquyA,1
author::UCDIMztpVm7G27qBuiWuT6oQ,author::UCYwpX26TrCxq8TvbKGRYLXA,1
author::UCDIMztpVm7G27qBuiWuT6oQ,author::UCDQaQv0hr2SS_PO-CMEwVHg,1
author::UCDIMztpVm7G27qBuiWuT6oQ,author::UCxff05WuyvwELNITi7bj7UA,1
author::UCDIMztpVm7G27qBuiWuT6oQ,author::UCTP3O0rMnc8z8v8jaDQwL0w,1
author::UCDIMztpVm7G27qBuiWuT6oQ,author::UCTwSut16JyAg3mX6LVUNGqA,1
author::UCDIMztpVm7G27qBuiWuT6oQ,author::UCrJn_rbo_ENAdeqneS-RmRw,1
author::UCDIMztpVm7G27qBuiWuT6oQ,author::UCFjudnPLoaSL1BaRuLahyHg,1
author::UCDIMztpVm7G27qBuiWuT6oQ,author::UCFUuDARXdmmIrLppEqf-rFg,1
author::UCDIMztpVm7G27qBuiWuT6oQ,author::UCl0ekS9Tt0jJGtOEM18S63w,1
author::UCDIMztpVm7G27qBuiWuT6oQ,author::UCut6b9S98nv84cVX89PmKzA,1
author::UCDIMztpVm7G27qBuiWuT6oQ,author::UCi1b_TRQfgO1Z9O2gNGGWNA,1
author::UCDIMztpVm7G27qBuiWuT6oQ,author::UCYN4wSQ1Sx4_LurxLlW7MPg,1
author::UCDIMztpVm7G27qBuiWuT6oQ,author::UCTD6q1nyIe3Y7HhqjaMj72w,1
author::UCDIMztpVm7G27qBuiWuT6oQ,author::UCpIdtvoFHVLGASGB5ySqIEA,1
author::UCDIMztpVm7G27qBuiWuT6oQ,author::UCGzXwyCzMzGmjmCbH3Hg01Q,1
author::UCDIMztpVm7G27qBuiWuT6oQ,author::UCtNfIBnc5S5DbbQj_yxgJTw,1
author::UCDIMztpVm7G27qBuiWuT6oQ,author::UCHTGCgY2l-DQJIvlA_cpa_Q,1
author::UCDIMztpVm7G27qBuiWuT6oQ,author::UCQqetiwzzmRNTM5OWuXarGQ,1
author::UCDIMztpVm7G27qBuiWuT6oQ,author::UCRelkU8JiZBytTzebJxaa-w,1
author::UCDIMztpVm7G27qBuiWuT6oQ,author::UCDlr1VadSucIZgZ171pRBjQ,1
author::UCDIMztpVm7G27qBuiWuT6oQ,author::UCgvw7xIdGFupzpt1Y_BFkEA,1
author::UCDIMztpVm7G27qBuiWuT6oQ,author::UCpsKOkt5iWTbenzeuq7dsmQ,1
author::UCDIMztpVm7G27qBuiWuT6oQ,author::UCwW2OFy95P7ZBkOPxWkpvYg,1
author::UCDIMztpVm7G27qBuiWuT6oQ,author::UCDftMWXQoJ6nONfY7GVOVjg,1
author::UCDIMztpVm7G27qBuiWuT6oQ,author::UCLFdHr9BEbXHkoJopbEPLZw,1
author::UCDIMztpVm7G27qBuiWuT6oQ,author::UCNBnKqWf4d-rS4HwJRQljmQ,1
author::UCDIMztpVm7G27qBuiWuT6oQ,author::UCiGRBf2RNF0WRKhRVT7zFoA,1
author::UCDIMztpVm7G27qBuiWuT6oQ,author::UCcfdg8crmMJwEuLUsAhV7yg,1
author::UCDIMztpVm7G27qBuiWuT6oQ,author::UCkd9W714-947dEE6ZOEBATA,1
author::UCDIMztpVm7G27qBuiWuT6oQ,author::UCZ51R_9Q9C0c8I3pAWhtmjQ,1
author::UCDIMztpVm7G27qBuiWuT6oQ,author::UCzSfZlOVxBSs5ObD25ywxDQ,1
author::UCDIMztpVm7G27qBuiWuT6oQ,author::UCDUffaruH6dyUnUGwsTKpgg,1
author::UCDIMztpVm7G27qBuiWuT6oQ,author::UCwha8rxULYMVtNwZWeSkE1A,1
author::UCDIMztpVm7G27qBuiWuT6oQ,author::UChgkn5Jt5tWKYMoEOuCjz3Q,1
author::UCDIMztpVm7G27qBuiWuT6oQ,author::UCvApqeCbLod-wejtT4CcVuA,1
author::UCDIMztpVm7G27qBuiWuT6oQ,author::UCfM3nrxtTQMY5jFx1v1J4Gg,1
author::UCDIMztpVm7G27qBuiWuT6oQ,author::UCRlCV9zSn7avAWh-9_XFWqQ,1
author::UCDIMztpVm7G27qBuiWuT6oQ,author::UCFhxtoeARHPnXXPcDrOU3Xg,1
author::UCDIMztpVm7G27qBuiWuT6oQ,author::UCNkcuy42zEwddwEcOd_HpnA,1
author::UCDIMztpVm7G27qBuiWuT6oQ,author::UCz3gu01bmjNv0DpRq-K3XYg,1
author::UCDIMztpVm7G27qBuiWuT6oQ,author::UCFoIAE8k82D6AV-8gjjKaNg,1
author::UCDIMztpVm7G27qBuiWuT6oQ,author::UCySYJU5kUh7X8gVt9la2ISA,1
author::UCDIMztpVm7G27qBuiWuT6oQ,author::UCQgYjVngJRfPHDLGB5X6ZjA,1
author::UCDIMztpVm7G27qBuiWuT6oQ,author::UCHhHUjaMAZ8SiXdCUCj9DkQ,1
author::UCDIMztpVm7G27qBuiWuT6oQ,author::UCXSkL3ejZ8qWYyF_M7s_QKA,1
author::UCDIMztpVm7G27qBuiWuT6oQ,author::UChZknRmJkeGeQk0-mQuhDOg,1
author::UCDIMztpVm7G27qBuiWuT6oQ,author::UCXr8_5WtGeipe4haOoQDgyQ,1
author::UCDIMztpVm7G27qBuiWuT6oQ,author::UCljDbleJul41G1TzOjOZAVA,1
author::UCDIMztpVm7G27qBuiWuT6oQ,author::UCujPF2nBgsTD62nWE3lcpIg,1
author::UCDIMztpVm7G27qBuiWuT6oQ,author::UCmjppp6ujz3SAnULvP3sZMw,1
author::UCDIMztpVm7G27qBuiWuT6oQ,author::UCylqlpsh8ENNM1LqgQ1KbxA,1
author::UCDIMztpVm7G27qBuiWuT6oQ,author::UCp4iw5_5SmV9VGTFSNVGOmQ,1
author::UCDIMztpVm7G27qBuiWuT6oQ,author::UCN6qbfPSzFtjhqUDZ3Cv3CQ,1
author::UCDIMztpVm7G27qBuiWuT6oQ,author::UCpl8rF8uv_8uui-QRvuJaRA,1
author::UCDIMztpVm7G27qBuiWuT6oQ,author::UCh5ESQvtzyHDhCA7XyekCFA,1
author::UCDIMztpVm7G27qBuiWuT6oQ,author::UCsSXdJct-nsS8DsABoEsaYA,1
author::UCDIMztpVm7G27qBuiWuT6oQ,author::UCKDR0f2fu2UzWL8mBv5-BHw,1
author::UCDIMztpVm7G27qBuiWuT6oQ,author::UCOLGv5Pf6BF2wFcwUzgcvHg,1
author::UCDIMztpVm7G27qBuiWuT6oQ,author::UCtUR3_CAiE7fCoZHM6cMfyQ,1
author::UCDPWkUX3sNNaCx-m1dV4glA,author::UCXgr7vXlRrsaskPdo097kGA,1
author::UCDPWkUX3sNNaCx-m1dV4glA,author::UCwO2SXr0ggzwg6QWWrr01nQ,1
author::UCDPWkUX3sNNaCx-m1dV4glA,author::UCipetjeiWj4CZB6EbyYziZg,1
author::UCDPWkUX3sNNaCx-m1dV4glA,author::UCV0iizTBoOfdAFX_thfI9BA,1
author::UCDPWkUX3sNNaCx-m1dV4glA,author::UCWIZUtKJ636y-4TYrNvok0g,1
author::UCDPWkUX3sNNaCx-m1dV4glA,author::UCLggDc_a5HriXv7I1h02sOA,1
author::UCDPWkUX3sNNaCx-m1dV4glA,author::UCueV9cTyTDwgQSec1x2dYgA,1
author::UCDPWkUX3sNNaCx-m1dV4glA,author::UCUIIIPTVDVHAXqhC_5V6lPA,1
author::UCDPWkUX3sNNaCx-m1dV4glA,author::UChep9kVb5gQmpodEEl10Xlg,1
author::UCDPWkUX3sNNaCx-m1dV4glA,author::UCsJJAvrVGupdmhOqgtDp8dg,1
author::UCDPWkUX3sNNaCx-m1dV4glA,author::UCQ_-LPP8JAbfkc-b1Q6NvWw,1
author::UCDPWkUX3sNNaCx-m1dV4glA,author::UCOS8ViEkccrTZx2w2ccxotA,1
author::UCDPWkUX3sNNaCx-m1dV4glA,author::UCL1MT278vSaQ83ZDkVWn1gw,1
author::UCDPWkUX3sNNaCx-m1dV4glA,author::UCjmPuazZJzscrwvk0QR9RVw,1
author::UCDPWkUX3sNNaCx-m1dV4glA,author::UCzoL2l5H5eVlorWGH8AZfAg,1
author::UCDPWkUX3sNNaCx-m1dV4glA,author::UCplrIQtaPj6au60_f2-mOYw,1
author::UCDPWkUX3sNNaCx-m1dV4glA,author::UCFxE8GbokBrBsPEKM1xrOjQ,1
author::UCDPWkUX3sNNaCx-m1dV4glA,author::UCRETAiYdh2dL5ZxB0_N1zDA,1
author::UCDPWkUX3sNNaCx-m1dV4glA,author::UCj-LL25XJnjxepPKCc3NGog,1
author::UCDPWkUX3sNNaCx-m1dV4glA,author::UCTylKrsqkrBKIqubMu_5N0Q,1
author::UCDPWkUX3sNNaCx-m1dV4glA,author::UCZLG9qH0tUjNhEGFIUt0CYw,1
author::UCDPWkUX3sNNaCx-m1dV4glA,author::UCXXh7yg5KUFIWylTiKVEFKQ,1
author::UCDPWkUX3sNNaCx-m1dV4glA,author::UCr1emrogPKkKTs_WTtx71xg,1
author::UCDPWkUX3sNNaCx-m1dV4glA,author::UChs3tU2BcKOT0CezykvAsGw,1
author::UCDPWkUX3sNNaCx-m1dV4glA,author::UCErZPJpHmLCsXs8ZWkAUupQ,1
author::UCDPWkUX3sNNaCx-m1dV4glA,author::UCEgEQmRbtL5fwr9_DqAC--g,1
author::UCDPWkUX3sNNaCx-m1dV4glA,author::UCmvOgzmmXbjUthHy-WJ52hQ,1
author::UCDPWkUX3sNNaCx-m1dV4glA,author::UCsjs5Hp_r86x1xbK6FAeqaA,1
author::UCDPWkUX3sNNaCx-m1dV4glA,author::UCOh6DaZC_x9HASnlRylEMfw,1
author::UCDPWkUX3sNNaCx-m1dV4glA,author::UCThW2XNsAaBKme5PUt7n-Zg,1
author::UCDPWkUX3sNNaCx-m1dV4glA,author::UCsUCN0Yq_UyTvKjOJLmNrnQ,1
author::UCDPWkUX3sNNaCx-m1dV4glA,author::UCjSKM9j0Q7HLDr1hD6D-TUw,1
author::UCDPWkUX3sNNaCx-m1dV4glA,author::UCL13XhnRzbGokEkCkEOb0-g,1
author::UCDPWkUX3sNNaCx-m1dV4glA,author::UCiMythXHsw7eQEMykCdmMUA,1
author::UCDPWkUX3sNNaCx-m1dV4glA,author::UCQtICyzWmhC5woCtbNgaSmg,1
author::UCDPWkUX3sNNaCx-m1dV4glA,author::UCQtSFINs1h6GHkpg9o5kMvg,1
author::UCDPWkUX3sNNaCx-m1dV4glA,author::UCSou6a2OuYGSvPjm5psquyA,1
author::UCDPWkUX3sNNaCx-m1dV4glA,author::UCYwpX26TrCxq8TvbKGRYLXA,1
author::UCDPWkUX3sNNaCx-m1dV4glA,author::UCDQaQv0hr2SS_PO-CMEwVHg,1
author::UCDPWkUX3sNNaCx-m1dV4glA,author::UCxff05WuyvwELNITi7bj7UA,1
author::UCDPWkUX3sNNaCx-m1dV4glA,author::UCTP3O0rMnc8z8v8jaDQwL0w,1
author::UCDPWkUX3sNNaCx-m1dV4glA,author::UCTwSut16JyAg3mX6LVUNGqA,1
author::UCDPWkUX3sNNaCx-m1dV4glA,author::UCrJn_rbo_ENAdeqneS-RmRw,1
author::UCDPWkUX3sNNaCx-m1dV4glA,author::UCFjudnPLoaSL1BaRuLahyHg,1
author::UCDPWkUX3sNNaCx-m1dV4glA,author::UCFUuDARXdmmIrLppEqf-rFg,1
author::UCDPWkUX3sNNaCx-m1dV4glA,author::UCl0ekS9Tt0jJGtOEM18S63w,1
author::UCDPWkUX3sNNaCx-m1dV4glA,author::UCut6b9S98nv84cVX89PmKzA,1
author::UCDPWkUX3sNNaCx-m1dV4glA,author::UCi1b_TRQfgO1Z9O2gNGGWNA,1
author::UCDPWkUX3sNNaCx-m1dV4glA,author::UCYN4wSQ1Sx4_LurxLlW7MPg,1
author::UCDPWkUX3sNNaCx-m1dV4glA,author::UCTD6q1nyIe3Y7HhqjaMj72w,1
author::UCDPWkUX3sNNaCx-m1dV4glA,author::UCpIdtvoFHVLGASGB5ySqIEA,1
author::UCDPWkUX3sNNaCx-m1dV4glA,author::UCGzXwyCzMzGmjmCbH3Hg01Q,1
author::UCDPWkUX3sNNaCx-m1dV4glA,author::UCtNfIBnc5S5DbbQj_yxgJTw,1
author::UCDPWkUX3sNNaCx-m1dV4glA,author::UCHTGCgY2l-DQJIvlA_cpa_Q,1
author::UCDPWkUX3sNNaCx-m1dV4glA,author::UCQqetiwzzmRNTM5OWuXarGQ,1
author::UCDPWkUX3sNNaCx-m1dV4glA,author::UCRelkU8JiZBytTzebJxaa-w,1
author::UCDPWkUX3sNNaCx-m1dV4glA,author::UCDlr1VadSucIZgZ171pRBjQ,1
author::UCDPWkUX3sNNaCx-m1dV4glA,author::UCgvw7xIdGFupzpt1Y_BFkEA,1
author::UCDPWkUX3sNNaCx-m1dV4glA,author::UCpsKOkt5iWTbenzeuq7dsmQ,1
author::UCDPWkUX3sNNaCx-m1dV4glA,author::UCwW2OFy95P7ZBkOPxWkpvYg,1
author::UCDPWkUX3sNNaCx-m1dV4glA,author::UCDftMWXQoJ6nONfY7GVOVjg,1
author::UCDPWkUX3sNNaCx-m1dV4glA,author::UCLFdHr9BEbXHkoJopbEPLZw,1
author::UCDPWkUX3sNNaCx-m1dV4glA,author::UCNBnKqWf4d-rS4HwJRQljmQ,1
author::UCDPWkUX3sNNaCx-m1dV4glA,author::UCiGRBf2RNF0WRKhRVT7zFoA,1
author::UCDPWkUX3sNNaCx-m1dV4glA,author::UCcfdg8crmMJwEuLUsAhV7yg,1
author::UCDPWkUX3sNNaCx-m1dV4glA,author::UCkd9W714-947dEE6ZOEBATA,1
author::UCDPWkUX3sNNaCx-m1dV4glA,author::UCZ51R_9Q9C0c8I3pAWhtmjQ,1
author::UCDPWkUX3sNNaCx-m1dV4glA,author::UCzSfZlOVxBSs5ObD25ywxDQ,1
author::UCDPWkUX3sNNaCx-m1dV4glA,author::UCDUffaruH6dyUnUGwsTKpgg,1
author::UCDPWkUX3sNNaCx-m1dV4glA,author::UCwha8rxULYMVtNwZWeSkE1A,1
author::UCDPWkUX3sNNaCx-m1dV4glA,author::UChgkn5Jt5tWKYMoEOuCjz3Q,1
author::UCDPWkUX3sNNaCx-m1dV4glA,author::UCvApqeCbLod-wejtT4CcVuA,1
author::UCDPWkUX3sNNaCx-m1dV4glA,author::UCfM3nrxtTQMY5jFx1v1J4Gg,1
author::UCDPWkUX3sNNaCx-m1dV4glA,author::UCRlCV9zSn7avAWh-9_XFWqQ,1
author::UCDPWkUX3sNNaCx-m1dV4glA,author::UCFhxtoeARHPnXXPcDrOU3Xg,1
author::UCDPWkUX3sNNaCx-m1dV4glA,author::UCNkcuy42zEwddwEcOd_HpnA,1
author::UCDPWkUX3sNNaCx-m1dV4glA,author::UCz3gu01bmjNv0DpRq-K3XYg,1
author::UCDPWkUX3sNNaCx-m1dV4glA,author::UCFoIAE8k82D6AV-8gjjKaNg,1
author::UCDPWkUX3sNNaCx-m1dV4glA,author::UCySYJU5kUh7X8gVt9la2ISA,1
author::UCDPWkUX3sNNaCx-m1dV4glA,author::UCQgYjVngJRfPHDLGB5X6ZjA,1
author::UCDPWkUX3sNNaCx-m1dV4glA,author::UCHhHUjaMAZ8SiXdCUCj9DkQ,1
author::UCDPWkUX3sNNaCx-m1dV4glA,author::UCXSkL3ejZ8qWYyF_M7s_QKA,1
author::UCDPWkUX3sNNaCx-m1dV4glA,author::UChZknRmJkeGeQk0-mQuhDOg,1
author::UCDPWkUX3sNNaCx-m1dV4glA,author::UCXr8_5WtGeipe4haOoQDgyQ,1
author::UCDPWkUX3sNNaCx-m1dV4glA,author::UCljDbleJul41G1TzOjOZAVA,1
author::UCDPWkUX3sNNaCx-m1dV4glA,author::UCujPF2nBgsTD62nWE3lcpIg,1
author::UCDPWkUX3sNNaCx-m1dV4glA,author::UCmjppp6ujz3SAnULvP3sZMw,1
author::UCDPWkUX3sNNaCx-m1dV4glA,author::UCylqlpsh8ENNM1LqgQ1KbxA,1
author::UCDPWkUX3sNNaCx-m1dV4glA,author::UCp4iw5_5SmV9VGTFSNVGOmQ,1
author::UCDPWkUX3sNNaCx-m1dV4glA,author::UCN6qbfPSzFtjhqUDZ3Cv3CQ,1
author::UCDPWkUX3sNNaCx-m1dV4glA,author::UCpl8rF8uv_8uui-QRvuJaRA,1
author::UCDPWkUX3sNNaCx-m1dV4glA,author::UCh5ESQvtzyHDhCA7XyekCFA,1
author::UCDPWkUX3sNNaCx-m1dV4glA,author::UCsSXdJct-nsS8DsABoEsaYA,1
author::UCDPWkUX3sNNaCx-m1dV4glA,author::UCKDR0f2fu2UzWL8mBv5-BHw,1
author::UCDPWkUX3sNNaCx-m1dV4glA,author::UCOLGv5Pf6BF2wFcwUzgcvHg,1
author::UCDPWkUX3sNNaCx-m1dV4glA,author::UCtUR3_CAiE7fCoZHM6cMfyQ,1
author::UCDQaQv0hr2SS_PO-CMEwVHg,author::UCXgr7vXlRrsaskPdo097kGA,1
author::UCDQaQv0hr2SS_PO-CMEwVHg,author::UCwO2SXr0ggzwg6QWWrr01nQ,1
author::UCDQaQv0hr2SS_PO-CMEwVHg,author::UCipetjeiWj4CZB6EbyYziZg,1
author::UCDQaQv0hr2SS_PO-CMEwVHg,author::UCV0iizTBoOfdAFX_thfI9BA,1
author::UCDQaQv0hr2SS_PO-CMEwVHg,author::UCWIZUtKJ636y-4TYrNvok0g,1
author::UCDQaQv0hr2SS_PO-CMEwVHg,author::UCLggDc_a5HriXv7I1h02sOA,1
author::UCDQaQv0hr2SS_PO-CMEwVHg,author::UCueV9cTyTDwgQSec1x2dYgA,1
author::UCDQaQv0hr2SS_PO-CMEwVHg,author::UCUIIIPTVDVHAXqhC_5V6lPA,1
author::UCDQaQv0hr2SS_PO-CMEwVHg,author::UChep9kVb5gQmpodEEl10Xlg,1
author::UCDQaQv0hr2SS_PO-CMEwVHg,author::UCsJJAvrVGupdmhOqgtDp8dg,1
author::UCDQaQv0hr2SS_PO-CMEwVHg,author::UCQ_-LPP8JAbfkc-b1Q6NvWw,1
author::UCDQaQv0hr2SS_PO-CMEwVHg,author::UCOS8ViEkccrTZx2w2ccxotA,1
author::UCDQaQv0hr2SS_PO-CMEwVHg,author::UCL1MT278vSaQ83ZDkVWn1gw,1
author::UCDQaQv0hr2SS_PO-CMEwVHg,author::UCjmPuazZJzscrwvk0QR9RVw,1
author::UCDQaQv0hr2SS_PO-CMEwVHg,author::UCzoL2l5H5eVlorWGH8AZfAg,1
author::UCDQaQv0hr2SS_PO-CMEwVHg,author::UCplrIQtaPj6au60_f2-mOYw,1
author::UCDQaQv0hr2SS_PO-CMEwVHg,author::UCFxE8GbokBrBsPEKM1xrOjQ,1
author::UCDQaQv0hr2SS_PO-CMEwVHg,author::UCRETAiYdh2dL5ZxB0_N1zDA,1
author::UCDQaQv0hr2SS_PO-CMEwVHg,author::UCj-LL25XJnjxepPKCc3NGog,1
author::UCDQaQv0hr2SS_PO-CMEwVHg,author::UCTylKrsqkrBKIqubMu_5N0Q,1
author::UCDQaQv0hr2SS_PO-CMEwVHg,author::UCZLG9qH0tUjNhEGFIUt0CYw,1
author::UCDQaQv0hr2SS_PO-CMEwVHg,author::UCXXh7yg5KUFIWylTiKVEFKQ,1
author::UCDQaQv0hr2SS_PO-CMEwVHg,author::UCr1emrogPKkKTs_WTtx71xg,1
author::UCDQaQv0hr2SS_PO-CMEwVHg,author::UChs3tU2BcKOT0CezykvAsGw,1
author::UCDQaQv0hr2SS_PO-CMEwVHg,author::UCErZPJpHmLCsXs8ZWkAUupQ,1
author::UCDQaQv0hr2SS_PO-CMEwVHg,author::UCEgEQmRbtL5fwr9_DqAC--g,1
author::UCDQaQv0hr2SS_PO-CMEwVHg,author::UCmvOgzmmXbjUthHy-WJ52hQ,1
author::UCDQaQv0hr2SS_PO-CMEwVHg,author::UCsjs5Hp_r86x1xbK6FAeqaA,1
author::UCDQaQv0hr2SS_PO-CMEwVHg,author::UCOh6DaZC_x9HASnlRylEMfw,1
author::UCDQaQv0hr2SS_PO-CMEwVHg,author::UCThW2XNsAaBKme5PUt7n-Zg,1
author::UCDQaQv0hr2SS_PO-CMEwVHg,author::UCsUCN0Yq_UyTvKjOJLmNrnQ,1
author::UCDQaQv0hr2SS_PO-CMEwVHg,author::UCjSKM9j0Q7HLDr1hD6D-TUw,1
author::UCDQaQv0hr2SS_PO-CMEwVHg,author::UCL13XhnRzbGokEkCkEOb0-g,1
author::UCDQaQv0hr2SS_PO-CMEwVHg,author::UCiMythXHsw7eQEMykCdmMUA,1
author::UCDQaQv0hr2SS_PO-CMEwVHg,author::UCQtICyzWmhC5woCtbNgaSmg,1
author::UCDQaQv0hr2SS_PO-CMEwVHg,author::UCQtSFINs1h6GHkpg9o5kMvg,1
author::UCDQaQv0hr2SS_PO-CMEwVHg,author::UCSou6a2OuYGSvPjm5psquyA,1
author::UCDQaQv0hr2SS_PO-CMEwVHg,author::UCYwpX26TrCxq8TvbKGRYLXA,1
author::UCDQaQv0hr2SS_PO-CMEwVHg,author::UCxff05WuyvwELNITi7bj7UA,1
author::UCDQaQv0hr2SS_PO-CMEwVHg,author::UCTP3O0rMnc8z8v8jaDQwL0w,1
author::UCDQaQv0hr2SS_PO-CMEwVHg,author::UCTwSut16JyAg3mX6LVUNGqA,1
author::UCDQaQv0hr2SS_PO-CMEwVHg,author::UCrJn_rbo_ENAdeqneS-RmRw,1
author::UCDQaQv0hr2SS_PO-CMEwVHg,author::UCFjudnPLoaSL1BaRuLahyHg,1
author::UCDQaQv0hr2SS_PO-CMEwVHg,author::UCFUuDARXdmmIrLppEqf-rFg,1
author::UCDQaQv0hr2SS_PO-CMEwVHg,author::UCl0ekS9Tt0jJGtOEM18S63w,1
author::UCDQaQv0hr2SS_PO-CMEwVHg,author::UCut6b9S98nv84cVX89PmKzA,1
author::UCDQaQv0hr2SS_PO-CMEwVHg,author::UCi1b_TRQfgO1Z9O2gNGGWNA,1
author::UCDQaQv0hr2SS_PO-CMEwVHg,author::UCYN4wSQ1Sx4_LurxLlW7MPg,1
author::UCDQaQv0hr2SS_PO-CMEwVHg,author::UCTD6q1nyIe3Y7HhqjaMj72w,1
author::UCDQaQv0hr2SS_PO-CMEwVHg,author::UCpIdtvoFHVLGASGB5ySqIEA,1
author::UCDQaQv0hr2SS_PO-CMEwVHg,author::UCGzXwyCzMzGmjmCbH3Hg01Q,1
author::UCDQaQv0hr2SS_PO-CMEwVHg,author::UCtNfIBnc5S5DbbQj_yxgJTw,1
author::UCDQaQv0hr2SS_PO-CMEwVHg,author::UCHTGCgY2l-DQJIvlA_cpa_Q,1
author::UCDQaQv0hr2SS_PO-CMEwVHg,author::UCQqetiwzzmRNTM5OWuXarGQ,1
author::UCDQaQv0hr2SS_PO-CMEwVHg,author::UCRelkU8JiZBytTzebJxaa-w,1
author::UCDQaQv0hr2SS_PO-CMEwVHg,author::UCDlr1VadSucIZgZ171pRBjQ,1
author::UCDQaQv0hr2SS_PO-CMEwVHg,author::UCgvw7xIdGFupzpt1Y_BFkEA,1
author::UCDQaQv0hr2SS_PO-CMEwVHg,author::UCpsKOkt5iWTbenzeuq7dsmQ,1
author::UCDQaQv0hr2SS_PO-CMEwVHg,author::UCwW2OFy95P7ZBkOPxWkpvYg,1
author::UCDQaQv0hr2SS_PO-CMEwVHg,author::UCDftMWXQoJ6nONfY7GVOVjg,1
author::UCDQaQv0hr2SS_PO-CMEwVHg,author::UCLFdHr9BEbXHkoJopbEPLZw,1
author::UCDQaQv0hr2SS_PO-CMEwVHg,author::UCNBnKqWf4d-rS4HwJRQljmQ,1
author::UCDQaQv0hr2SS_PO-CMEwVHg,author::UCiGRBf2RNF0WRKhRVT7zFoA,1
author::UCDQaQv0hr2SS_PO-CMEwVHg,author::UCcfdg8crmMJwEuLUsAhV7yg,1
author::UCDQaQv0hr2SS_PO-CMEwVHg,author::UCkd9W714-947dEE6ZOEBATA,1
author::UCDQaQv0hr2SS_PO-CMEwVHg,author::UCZ51R_9Q9C0c8I3pAWhtmjQ,1
author::UCDQaQv0hr2SS_PO-CMEwVHg,author::UCzSfZlOVxBSs5ObD25ywxDQ,1
author::UCDQaQv0hr2SS_PO-CMEwVHg,author::UCDUffaruH6dyUnUGwsTKpgg,1
author::UCDQaQv0hr2SS_PO-CMEwVHg,author::UCwha8rxULYMVtNwZWeSkE1A,1
author::UCDQaQv0hr2SS_PO-CMEwVHg,author::UChgkn5Jt5tWKYMoEOuCjz3Q,1
author::UCDQaQv0hr2SS_PO-CMEwVHg,author::UCvApqeCbLod-wejtT4CcVuA,1
author::UCDQaQv0hr2SS_PO-CMEwVHg,author::UCfM3nrxtTQMY5jFx1v1J4Gg,1
author::UCDQaQv0hr2SS_PO-CMEwVHg,author::UCRlCV9zSn7avAWh-9_XFWqQ,1
author::UCDQaQv0hr2SS_PO-CMEwVHg,author::UCFhxtoeARHPnXXPcDrOU3Xg,1
author::UCDQaQv0hr2SS_PO-CMEwVHg,author::UCNkcuy42zEwddwEcOd_HpnA,1
author::UCDQaQv0hr2SS_PO-CMEwVHg,author::UCz3gu01bmjNv0DpRq-K3XYg,1
author::UCDQaQv0hr2SS_PO-CMEwVHg,author::UCFoIAE8k82D6AV-8gjjKaNg,1
author::UCDQaQv0hr2SS_PO-CMEwVHg,author::UCySYJU5kUh7X8gVt9la2ISA,1
author::UCDQaQv0hr2SS_PO-CMEwVHg,author::UCQgYjVngJRfPHDLGB5X6ZjA,1
author::UCDQaQv0hr2SS_PO-CMEwVHg,author::UCHhHUjaMAZ8SiXdCUCj9DkQ,1
author::UCDQaQv0hr2SS_PO-CMEwVHg,author::UCXSkL3ejZ8qWYyF_M7s_QKA,1
author::UCDQaQv0hr2SS_PO-CMEwVHg,author::UChZknRmJkeGeQk0-mQuhDOg,1
author::UCDQaQv0hr2SS_PO-CMEwVHg,author::UCXr8_5WtGeipe4haOoQDgyQ,1
author::UCDQaQv0hr2SS_PO-CMEwVHg,author::UCljDbleJul41G1TzOjOZAVA,1
author::UCDQaQv0hr2SS_PO-CMEwVHg,author::UCujPF2nBgsTD62nWE3lcpIg,1
author::UCDQaQv0hr2SS_PO-CMEwVHg,author::UCmjppp6ujz3SAnULvP3sZMw,1
author::UCDQaQv0hr2SS_PO-CMEwVHg,author::UCylqlpsh8ENNM1LqgQ1KbxA,1
author::UCDQaQv0hr2SS_PO-CMEwVHg,author::UCp4iw5_5SmV9VGTFSNVGOmQ,1
author::UCDQaQv0hr2SS_PO-CMEwVHg,author::UCN6qbfPSzFtjhqUDZ3Cv3CQ,1
author::UCDQaQv0hr2SS_PO-CMEwVHg,author::UCpl8rF8uv_8uui-QRvuJaRA,1
author::UCDQaQv0hr2SS_PO-CMEwVHg,author::UCh5ESQvtzyHDhCA7XyekCFA,1
author::UCDQaQv0hr2SS_PO-CMEwVHg,author::UCsSXdJct-nsS8DsABoEsaYA,1
author::UCDQaQv0hr2SS_PO-CMEwVHg,author::UCKDR0f2fu2UzWL8mBv5-BHw,1
author::UCDQaQv0hr2SS_PO-CMEwVHg,author::UCOLGv5Pf6BF2wFcwUzgcvHg,1
author::UCDQaQv0hr2SS_PO-CMEwVHg,author::UCtUR3_CAiE7fCoZHM6cMfyQ,1
author::UCDUffaruH6dyUnUGwsTKpgg,author::UCXgr7vXlRrsaskPdo097kGA,1
author::UCDUffaruH6dyUnUGwsTKpgg,author::UCwO2SXr0ggzwg6QWWrr01nQ,1
author::UCDUffaruH6dyUnUGwsTKpgg,author::UCipetjeiWj4CZB6EbyYziZg,1
author::UCDUffaruH6dyUnUGwsTKpgg,author::UCV0iizTBoOfdAFX_thfI9BA,1
author::UCDUffaruH6dyUnUGwsTKpgg,author::UCWIZUtKJ636y-4TYrNvok0g,1
author::UCDUffaruH6dyUnUGwsTKpgg,author::UCLggDc_a5HriXv7I1h02sOA,1
author::UCDUffaruH6dyUnUGwsTKpgg,author::UCueV9cTyTDwgQSec1x2dYgA,1
author::UCDUffaruH6dyUnUGwsTKpgg,author::UCUIIIPTVDVHAXqhC_5V6lPA,1
author::UCDUffaruH6dyUnUGwsTKpgg,author::UChep9kVb5gQmpodEEl10Xlg,1
author::UCDUffaruH6dyUnUGwsTKpgg,author::UCsJJAvrVGupdmhOqgtDp8dg,1
author::UCDUffaruH6dyUnUGwsTKpgg,author::UCQ_-LPP8JAbfkc-b1Q6NvWw,1
author::UCDUffaruH6dyUnUGwsTKpgg,author::UCOS8ViEkccrTZx2w2ccxotA,1
author::UCDUffaruH6dyUnUGwsTKpgg,author::UCL1MT278vSaQ83ZDkVWn1gw,1
author::UCDUffaruH6dyUnUGwsTKpgg,author::UCjmPuazZJzscrwvk0QR9RVw,1
author::UCDUffaruH6dyUnUGwsTKpgg,author::UCzoL2l5H5eVlorWGH8AZfAg,1
author::UCDUffaruH6dyUnUGwsTKpgg,author::UCplrIQtaPj6au60_f2-mOYw,1
author::UCDUffaruH6dyUnUGwsTKpgg,author::UCFxE8GbokBrBsPEKM1xrOjQ,1
author::UCDUffaruH6dyUnUGwsTKpgg,author::UCRETAiYdh2dL5ZxB0_N1zDA,1
author::UCDUffaruH6dyUnUGwsTKpgg,author::UCj-LL25XJnjxepPKCc3NGog,1
author::UCDUffaruH6dyUnUGwsTKpgg,author::UCTylKrsqkrBKIqubMu_5N0Q,1
author::UCDUffaruH6dyUnUGwsTKpgg,author::UCZLG9qH0tUjNhEGFIUt0CYw,1
author::UCDUffaruH6dyUnUGwsTKpgg,author::UCXXh7yg5KUFIWylTiKVEFKQ,1
author::UCDUffaruH6dyUnUGwsTKpgg,author::UCr1emrogPKkKTs_WTtx71xg,1
author::UCDUffaruH6dyUnUGwsTKpgg,author::UChs3tU2BcKOT0CezykvAsGw,1
author::UCDUffaruH6dyUnUGwsTKpgg,author::UCErZPJpHmLCsXs8ZWkAUupQ,1
author::UCDUffaruH6dyUnUGwsTKpgg,author::UCEgEQmRbtL5fwr9_DqAC--g,1
author::UCDUffaruH6dyUnUGwsTKpgg,author::UCmvOgzmmXbjUthHy-WJ52hQ,1
author::UCDUffaruH6dyUnUGwsTKpgg,author::UCsjs5Hp_r86x1xbK6FAeqaA,1
author::UCDUffaruH6dyUnUGwsTKpgg,author::UCOh6DaZC_x9HASnlRylEMfw,1
author::UCDUffaruH6dyUnUGwsTKpgg,author::UCThW2XNsAaBKme5PUt7n-Zg,1
author::UCDUffaruH6dyUnUGwsTKpgg,author::UCsUCN0Yq_UyTvKjOJLmNrnQ,1
author::UCDUffaruH6dyUnUGwsTKpgg,author::UCjSKM9j0Q7HLDr1hD6D-TUw,1
author::UCDUffaruH6dyUnUGwsTKpgg,author::UCL13XhnRzbGokEkCkEOb0-g,1
author::UCDUffaruH6dyUnUGwsTKpgg,author::UCiMythXHsw7eQEMykCdmMUA,1
author::UCDUffaruH6dyUnUGwsTKpgg,author::UCQtICyzWmhC5woCtbNgaSmg,1
author::UCDUffaruH6dyUnUGwsTKpgg,author::UCQtSFINs1h6GHkpg9o5kMvg,1
author::UCDUffaruH6dyUnUGwsTKpgg,author::UCSou6a2OuYGSvPjm5psquyA,1
author::UCDUffaruH6dyUnUGwsTKpgg,author::UCYwpX26TrCxq8TvbKGRYLXA,1
author::UCDUffaruH6dyUnUGwsTKpgg,author::UCxff05WuyvwELNITi7bj7UA,1
author::UCDUffaruH6dyUnUGwsTKpgg,author::UCTP3O0rMnc8z8v8jaDQwL0w,1
author::UCDUffaruH6dyUnUGwsTKpgg,author::UCTwSut16JyAg3mX6LVUNGqA,1
author::UCDUffaruH6dyUnUGwsTKpgg,author::UCrJn_rbo_ENAdeqneS-RmRw,1
author::UCDUffaruH6dyUnUGwsTKpgg,author::UCFjudnPLoaSL1BaRuLahyHg,1
author::UCDUffaruH6dyUnUGwsTKpgg,author::UCFUuDARXdmmIrLppEqf-rFg,1
author::UCDUffaruH6dyUnUGwsTKpgg,author::UCl0ekS9Tt0jJGtOEM18S63w,1
author::UCDUffaruH6dyUnUGwsTKpgg,author::UCut6b9S98nv84cVX89PmKzA,1
author::UCDUffaruH6dyUnUGwsTKpgg,author::UCi1b_TRQfgO1Z9O2gNGGWNA,1
author::UCDUffaruH6dyUnUGwsTKpgg,author::UCYN4wSQ1Sx4_LurxLlW7MPg,1
author::UCDUffaruH6dyUnUGwsTKpgg,author::UCTD6q1nyIe3Y7HhqjaMj72w,1
author::UCDUffaruH6dyUnUGwsTKpgg,author::UCpIdtvoFHVLGASGB5ySqIEA,1
author::UCDUffaruH6dyUnUGwsTKpgg,author::UCGzXwyCzMzGmjmCbH3Hg01Q,1
author::UCDUffaruH6dyUnUGwsTKpgg,author::UCtNfIBnc5S5DbbQj_yxgJTw,1
author::UCDUffaruH6dyUnUGwsTKpgg,author::UCHTGCgY2l-DQJIvlA_cpa_Q,1
author::UCDUffaruH6dyUnUGwsTKpgg,author::UCQqetiwzzmRNTM5OWuXarGQ,1
author::UCDUffaruH6dyUnUGwsTKpgg,author::UCRelkU8JiZBytTzebJxaa-w,1
author::UCDUffaruH6dyUnUGwsTKpgg,author::UCDlr1VadSucIZgZ171pRBjQ,1
author::UCDUffaruH6dyUnUGwsTKpgg,author::UCgvw7xIdGFupzpt1Y_BFkEA,1
author::UCDUffaruH6dyUnUGwsTKpgg,author::UCpsKOkt5iWTbenzeuq7dsmQ,1
author::UCDUffaruH6dyUnUGwsTKpgg,author::UCwW2OFy95P7ZBkOPxWkpvYg,1
author::UCDUffaruH6dyUnUGwsTKpgg,author::UCDftMWXQoJ6nONfY7GVOVjg,1
author::UCDUffaruH6dyUnUGwsTKpgg,author::UCLFdHr9BEbXHkoJopbEPLZw,1
author::UCDUffaruH6dyUnUGwsTKpgg,author::UCNBnKqWf4d-rS4HwJRQljmQ,1
author::UCDUffaruH6dyUnUGwsTKpgg,author::UCiGRBf2RNF0WRKhRVT7zFoA,1
author::UCDUffaruH6dyUnUGwsTKpgg,author::UCcfdg8crmMJwEuLUsAhV7yg,1
author::UCDUffaruH6dyUnUGwsTKpgg,author::UCkd9W714-947dEE6ZOEBATA,1
author::UCDUffaruH6dyUnUGwsTKpgg,author::UCZ51R_9Q9C0c8I3pAWhtmjQ,1
author::UCDUffaruH6dyUnUGwsTKpgg,author::UCzSfZlOVxBSs5ObD25ywxDQ,1
author::UCDUffaruH6dyUnUGwsTKpgg,author::UCwha8rxULYMVtNwZWeSkE1A,1
author::UCDUffaruH6dyUnUGwsTKpgg,author::UChgkn5Jt5tWKYMoEOuCjz3Q,1
author::UCDUffaruH6dyUnUGwsTKpgg,author::UCvApqeCbLod-wejtT4CcVuA,1
author::UCDUffaruH6dyUnUGwsTKpgg,author::UCfM3nrxtTQMY5jFx1v1J4Gg,1
author::UCDUffaruH6dyUnUGwsTKpgg,author::UCRlCV9zSn7avAWh-9_XFWqQ,1
author::UCDUffaruH6dyUnUGwsTKpgg,author::UCFhxtoeARHPnXXPcDrOU3Xg,1
author::UCDUffaruH6dyUnUGwsTKpgg,author::UCNkcuy42zEwddwEcOd_HpnA,1
author::UCDUffaruH6dyUnUGwsTKpgg,author::UCz3gu01bmjNv0DpRq-K3XYg,1
author::UCDUffaruH6dyUnUGwsTKpgg,author::UCFoIAE8k82D6AV-8gjjKaNg,1
author::UCDUffaruH6dyUnUGwsTKpgg,author::UCySYJU5kUh7X8gVt9la2ISA,1
author::UCDUffaruH6dyUnUGwsTKpgg,author::UCQgYjVngJRfPHDLGB5X6ZjA,1
author::UCDUffaruH6dyUnUGwsTKpgg,author::UCHhHUjaMAZ8SiXdCUCj9DkQ,1
author::UCDUffaruH6dyUnUGwsTKpgg,author::UCXSkL3ejZ8qWYyF_M7s_QKA,1
author::UCDUffaruH6dyUnUGwsTKpgg,author::UChZknRmJkeGeQk0-mQuhDOg,1
author::UCDUffaruH6dyUnUGwsTKpgg,author::UCXr8_5WtGeipe4haOoQDgyQ,1
author::UCDUffaruH6dyUnUGwsTKpgg,author::UCljDbleJul41G1TzOjOZAVA,1
author::UCDUffaruH6dyUnUGwsTKpgg,author::UCujPF2nBgsTD62nWE3lcpIg,1
author::UCDUffaruH6dyUnUGwsTKpgg,author::UCmjppp6ujz3SAnULvP3sZMw,1
author::UCDUffaruH6dyUnUGwsTKpgg,author::UCylqlpsh8ENNM1LqgQ1KbxA,1
author::UCDUffaruH6dyUnUGwsTKpgg,author::UCp4iw5_5SmV9VGTFSNVGOmQ,1
author::UCDUffaruH6dyUnUGwsTKpgg,author::UCN6qbfPSzFtjhqUDZ3Cv3CQ,1
author::UCDUffaruH6dyUnUGwsTKpgg,author::UCpl8rF8uv_8uui-QRvuJaRA,1
author::UCDUffaruH6dyUnUGwsTKpgg,author::UCh5ESQvtzyHDhCA7XyekCFA,1
author::UCDUffaruH6dyUnUGwsTKpgg,author::UCsSXdJct-nsS8DsABoEsaYA,1
author::UCDUffaruH6dyUnUGwsTKpgg,author::UCKDR0f2fu2UzWL8mBv5-BHw,1
author::UCDUffaruH6dyUnUGwsTKpgg,author::UCOLGv5Pf6BF2wFcwUzgcvHg,1
author::UCDUffaruH6dyUnUGwsTKpgg,author::UCtUR3_CAiE7fCoZHM6cMfyQ,1
author::UCDftMWXQoJ6nONfY7GVOVjg,author::UCXgr7vXlRrsaskPdo097kGA,1
author::UCDftMWXQoJ6nONfY7GVOVjg,author::UCwO2SXr0ggzwg6QWWrr01nQ,1
author::UCDftMWXQoJ6nONfY7GVOVjg,author::UCipetjeiWj4CZB6EbyYziZg,1
author::UCDftMWXQoJ6nONfY7GVOVjg,author::UCV0iizTBoOfdAFX_thfI9BA,1
author::UCDftMWXQoJ6nONfY7GVOVjg,author::UCWIZUtKJ636y-4TYrNvok0g,1
author::UCDftMWXQoJ6nONfY7GVOVjg,author::UCLggDc_a5HriXv7I1h02sOA,1
author::UCDftMWXQoJ6nONfY7GVOVjg,author::UCueV9cTyTDwgQSec1x2dYgA,1
author::UCDftMWXQoJ6nONfY7GVOVjg,author::UCUIIIPTVDVHAXqhC_5V6lPA,1
author::UCDftMWXQoJ6nONfY7GVOVjg,author::UChep9kVb5gQmpodEEl10Xlg,1
author::UCDftMWXQoJ6nONfY7GVOVjg,author::UCsJJAvrVGupdmhOqgtDp8dg,1
author::UCDftMWXQoJ6nONfY7GVOVjg,author::UCQ_-LPP8JAbfkc-b1Q6NvWw,1
author::UCDftMWXQoJ6nONfY7GVOVjg,author::UCOS8ViEkccrTZx2w2ccxotA,1
author::UCDftMWXQoJ6nONfY7GVOVjg,author::UCL1MT278vSaQ83ZDkVWn1gw,1
author::UCDftMWXQoJ6nONfY7GVOVjg,author::UCjmPuazZJzscrwvk0QR9RVw,1
author::UCDftMWXQoJ6nONfY7GVOVjg,author::UCzoL2l5H5eVlorWGH8AZfAg,1
author::UCDftMWXQoJ6nONfY7GVOVjg,author::UCplrIQtaPj6au60_f2-mOYw,1
author::UCDftMWXQoJ6nONfY7GVOVjg,author::UCFxE8GbokBrBsPEKM1xrOjQ,1
author::UCDftMWXQoJ6nONfY7GVOVjg,author::UCRETAiYdh2dL5ZxB0_N1zDA,1
author::UCDftMWXQoJ6nONfY7GVOVjg,author::UCj-LL25XJnjxepPKCc3NGog,1
author::UCDftMWXQoJ6nONfY7GVOVjg,author::UCTylKrsqkrBKIqubMu_5N0Q,1
author::UCDftMWXQoJ6nONfY7GVOVjg,author::UCZLG9qH0tUjNhEGFIUt0CYw,1
author::UCDftMWXQoJ6nONfY7GVOVjg,author::UCXXh7yg5KUFIWylTiKVEFKQ,1
author::UCDftMWXQoJ6nONfY7GVOVjg,author::UCr1emrogPKkKTs_WTtx71xg,1
author::UCDftMWXQoJ6nONfY7GVOVjg,author::UChs3tU2BcKOT0CezykvAsGw,1
author::UCDftMWXQoJ6nONfY7GVOVjg,author::UCErZPJpHmLCsXs8ZWkAUupQ,1
author::UCDftMWXQoJ6nONfY7GVOVjg,author::UCEgEQmRbtL5fwr9_DqAC--g,1
author::UCDftMWXQoJ6nONfY7GVOVjg,author::UCmvOgzmmXbjUthHy-WJ52hQ,1
author::UCDftMWXQoJ6nONfY7GVOVjg,author::UCsjs5Hp_r86x1xbK6FAeqaA,1
author::UCDftMWXQoJ6nONfY7GVOVjg,author::UCOh6DaZC_x9HASnlRylEMfw,1
author::UCDftMWXQoJ6nONfY7GVOVjg,author::UCThW2XNsAaBKme5PUt7n-Zg,1
author::UCDftMWXQoJ6nONfY7GVOVjg,author::UCsUCN0Yq_UyTvKjOJLmNrnQ,1
author::UCDftMWXQoJ6nONfY7GVOVjg,author::UCjSKM9j0Q7HLDr1hD6D-TUw,1
author::UCDftMWXQoJ6nONfY7GVOVjg,author::UCL13XhnRzbGokEkCkEOb0-g,1
author::UCDftMWXQoJ6nONfY7GVOVjg,author::UCiMythXHsw7eQEMykCdmMUA,1
author::UCDftMWXQoJ6nONfY7GVOVjg,author::UCQtICyzWmhC5woCtbNgaSmg,1
author::UCDftMWXQoJ6nONfY7GVOVjg,author::UCQtSFINs1h6GHkpg9o5kMvg,1
author::UCDftMWXQoJ6nONfY7GVOVjg,author::UCSou6a2OuYGSvPjm5psquyA,1
author::UCDftMWXQoJ6nONfY7GVOVjg,author::UCYwpX26TrCxq8TvbKGRYLXA,1
author::UCDftMWXQoJ6nONfY7GVOVjg,author::UCxff05WuyvwELNITi7bj7UA,1
author::UCDftMWXQoJ6nONfY7GVOVjg,author::UCTP3O0rMnc8z8v8jaDQwL0w,1
author::UCDftMWXQoJ6nONfY7GVOVjg,author::UCTwSut16JyAg3mX6LVUNGqA,1
author::UCDftMWXQoJ6nONfY7GVOVjg,author::UCrJn_rbo_ENAdeqneS-RmRw,1
author::UCDftMWXQoJ6nONfY7GVOVjg,author::UCFjudnPLoaSL1BaRuLahyHg,1
author::UCDftMWXQoJ6nONfY7GVOVjg,author::UCFUuDARXdmmIrLppEqf-rFg,1
author::UCDftMWXQoJ6nONfY7GVOVjg,author::UCl0ekS9Tt0jJGtOEM18S63w,1
author::UCDftMWXQoJ6nONfY7GVOVjg,author::UCut6b9S98nv84cVX89PmKzA,1
author::UCDftMWXQoJ6nONfY7GVOVjg,author::UCi1b_TRQfgO1Z9O2gNGGWNA,1
author::UCDftMWXQoJ6nONfY7GVOVjg,author::UCYN4wSQ1Sx4_LurxLlW7MPg,1
author::UCDftMWXQoJ6nONfY7GVOVjg,author::UCTD6q1nyIe3Y7HhqjaMj72w,1
author::UCDftMWXQoJ6nONfY7GVOVjg,author::UCpIdtvoFHVLGASGB5ySqIEA,1
author::UCDftMWXQoJ6nONfY7GVOVjg,author::UCGzXwyCzMzGmjmCbH3Hg01Q,1
author::UCDftMWXQoJ6nONfY7GVOVjg,author::UCtNfIBnc5S5DbbQj_yxgJTw,1
author::UCDftMWXQoJ6nONfY7GVOVjg,author::UCHTGCgY2l-DQJIvlA_cpa_Q,1
author::UCDftMWXQoJ6nONfY7GVOVjg,author::UCQqetiwzzmRNTM5OWuXarGQ,1
author::UCDftMWXQoJ6nONfY7GVOVjg,author::UCRelkU8JiZBytTzebJxaa-w,1
author::UCDftMWXQoJ6nONfY7GVOVjg,author::UCDlr1VadSucIZgZ171pRBjQ,1
author::UCDftMWXQoJ6nONfY7GVOVjg,author::UCgvw7xIdGFupzpt1Y_BFkEA,1
author::UCDftMWXQoJ6nONfY7GVOVjg,author::UCpsKOkt5iWTbenzeuq7dsmQ,1
author::UCDftMWXQoJ6nONfY7GVOVjg,author::UCwW2OFy95P7ZBkOPxWkpvYg,1
author::UCDftMWXQoJ6nONfY7GVOVjg,author::UCLFdHr9BEbXHkoJopbEPLZw,1
author::UCDftMWXQoJ6nONfY7GVOVjg,author::UCNBnKqWf4d-rS4HwJRQljmQ,1
author::UCDftMWXQoJ6nONfY7GVOVjg,author::UCiGRBf2RNF0WRKhRVT7zFoA,1
author::UCDftMWXQoJ6nONfY7GVOVjg,author::UCcfdg8crmMJwEuLUsAhV7yg,1
author::UCDftMWXQoJ6nONfY7GVOVjg,author::UCkd9W714-947dEE6ZOEBATA,1
author::UCDftMWXQoJ6nONfY7GVOVjg,author::UCZ51R_9Q9C0c8I3pAWhtmjQ,1
author::UCDftMWXQoJ6nONfY7GVOVjg,author::UCzSfZlOVxBSs5ObD25ywxDQ,1
author::UCDftMWXQoJ6nONfY7GVOVjg,author::UCwha8rxULYMVtNwZWeSkE1A,1
author::UCDftMWXQoJ6nONfY7GVOVjg,author::UChgkn5Jt5tWKYMoEOuCjz3Q,1
author::UCDftMWXQoJ6nONfY7GVOVjg,author::UCvApqeCbLod-wejtT4CcVuA,1
author::UCDftMWXQoJ6nONfY7GVOVjg,author::UCfM3nrxtTQMY5jFx1v1J4Gg,1
author::UCDftMWXQoJ6nONfY7GVOVjg,author::UCRlCV9zSn7avAWh-9_XFWqQ,1
author::UCDftMWXQoJ6nONfY7GVOVjg,author::UCFhxtoeARHPnXXPcDrOU3Xg,1
author::UCDftMWXQoJ6nONfY7GVOVjg,author::UCNkcuy42zEwddwEcOd_HpnA,1
author::UCDftMWXQoJ6nONfY7GVOVjg,author::UCz3gu01bmjNv0DpRq-K3XYg,1
author::UCDftMWXQoJ6nONfY7GVOVjg,author::UCFoIAE8k82D6AV-8gjjKaNg,1
author::UCDftMWXQoJ6nONfY7GVOVjg,author::UCySYJU5kUh7X8gVt9la2ISA,1
author::UCDftMWXQoJ6nONfY7GVOVjg,author::UCQgYjVngJRfPHDLGB5X6ZjA,1
author::UCDftMWXQoJ6nONfY7GVOVjg,author::UCHhHUjaMAZ8SiXdCUCj9DkQ,1
author::UCDftMWXQoJ6nONfY7GVOVjg,author::UCXSkL3ejZ8qWYyF_M7s_QKA,1
author::UCDftMWXQoJ6nONfY7GVOVjg,author::UChZknRmJkeGeQk0-mQuhDOg,1
author::UCDftMWXQoJ6nONfY7GVOVjg,author::UCXr8_5WtGeipe4haOoQDgyQ,1
author::UCDftMWXQoJ6nONfY7GVOVjg,author::UCljDbleJul41G1TzOjOZAVA,1
author::UCDftMWXQoJ6nONfY7GVOVjg,author::UCujPF2nBgsTD62nWE3lcpIg,1
author::UCDftMWXQoJ6nONfY7GVOVjg,author::UCmjppp6ujz3SAnULvP3sZMw,1
author::UCDftMWXQoJ6nONfY7GVOVjg,author::UCylqlpsh8ENNM1LqgQ1KbxA,1
author::UCDftMWXQoJ6nONfY7GVOVjg,author::UCp4iw5_5SmV9VGTFSNVGOmQ,1
author::UCDftMWXQoJ6nONfY7GVOVjg,author::UCN6qbfPSzFtjhqUDZ3Cv3CQ,1
author::UCDftMWXQoJ6nONfY7GVOVjg,author::UCpl8rF8uv_8uui-QRvuJaRA,1
author::UCDftMWXQoJ6nONfY7GVOVjg,author::UCh5ESQvtzyHDhCA7XyekCFA,1
author::UCDftMWXQoJ6nONfY7GVOVjg,author::UCsSXdJct-nsS8DsABoEsaYA,1
author::UCDftMWXQoJ6nONfY7GVOVjg,author::UCKDR0f2fu2UzWL8mBv5-BHw,1
author::UCDftMWXQoJ6nONfY7GVOVjg,author::UCOLGv5Pf6BF2wFcwUzgcvHg,1
author::UCDftMWXQoJ6nONfY7GVOVjg,author::UCtUR3_CAiE7fCoZHM6cMfyQ,1
author::UCDlr1VadSucIZgZ171pRBjQ,author::UCXgr7vXlRrsaskPdo097kGA,1
author::UCDlr1VadSucIZgZ171pRBjQ,author::UCwO2SXr0ggzwg6QWWrr01nQ,1
author::UCDlr1VadSucIZgZ171pRBjQ,author::UCipetjeiWj4CZB6EbyYziZg,1
author::UCDlr1VadSucIZgZ171pRBjQ,author::UCV0iizTBoOfdAFX_thfI9BA,1
author::UCDlr1VadSucIZgZ171pRBjQ,author::UCWIZUtKJ636y-4TYrNvok0g,1
author::UCDlr1VadSucIZgZ171pRBjQ,author::UCLggDc_a5HriXv7I1h02sOA,1
author::UCDlr1VadSucIZgZ171pRBjQ,author::UCueV9cTyTDwgQSec1x2dYgA,1
author::UCDlr1VadSucIZgZ171pRBjQ,author::UCUIIIPTVDVHAXqhC_5V6lPA,1
author::UCDlr1VadSucIZgZ171pRBjQ,author::UChep9kVb5gQmpodEEl10Xlg,1
author::UCDlr1VadSucIZgZ171pRBjQ,author::UCsJJAvrVGupdmhOqgtDp8dg,1
author::UCDlr1VadSucIZgZ171pRBjQ,author::UCQ_-LPP8JAbfkc-b1Q6NvWw,1
author::UCDlr1VadSucIZgZ171pRBjQ,author::UCOS8ViEkccrTZx2w2ccxotA,1
author::UCDlr1VadSucIZgZ171pRBjQ,author::UCL1MT278vSaQ83ZDkVWn1gw,1
author::UCDlr1VadSucIZgZ171pRBjQ,author::UCjmPuazZJzscrwvk0QR9RVw,1
author::UCDlr1VadSucIZgZ171pRBjQ,author::UCzoL2l5H5eVlorWGH8AZfAg,1
author::UCDlr1VadSucIZgZ171pRBjQ,author::UCplrIQtaPj6au60_f2-mOYw,1
author::UCDlr1VadSucIZgZ171pRBjQ,author::UCFxE8GbokBrBsPEKM1xrOjQ,1
author::UCDlr1VadSucIZgZ171pRBjQ,author::UCRETAiYdh2dL5ZxB0_N1zDA,1
author::UCDlr1VadSucIZgZ171pRBjQ,author::UCj-LL25XJnjxepPKCc3NGog,1
author::UCDlr1VadSucIZgZ171pRBjQ,author::UCTylKrsqkrBKIqubMu_5N0Q,1
author::UCDlr1VadSucIZgZ171pRBjQ,author::UCZLG9qH0tUjNhEGFIUt0CYw,1
author::UCDlr1VadSucIZgZ171pRBjQ,author::UCXXh7yg5KUFIWylTiKVEFKQ,1
author::UCDlr1VadSucIZgZ171pRBjQ,author::UCr1emrogPKkKTs_WTtx71xg,1
author::UCDlr1VadSucIZgZ171pRBjQ,author::UChs3tU2BcKOT0CezykvAsGw,1
author::UCDlr1VadSucIZgZ171pRBjQ,author::UCErZPJpHmLCsXs8ZWkAUupQ,1
author::UCDlr1VadSucIZgZ171pRBjQ,author::UCEgEQmRbtL5fwr9_DqAC--g,1
author::UCDlr1VadSucIZgZ171pRBjQ,author::UCmvOgzmmXbjUthHy-WJ52hQ,1
author::UCDlr1VadSucIZgZ171pRBjQ,author::UCsjs5Hp_r86x1xbK6FAeqaA,1
author::UCDlr1VadSucIZgZ171pRBjQ,author::UCOh6DaZC_x9HASnlRylEMfw,1
author::UCDlr1VadSucIZgZ171pRBjQ,author::UCThW2XNsAaBKme5PUt7n-Zg,1
author::UCDlr1VadSucIZgZ171pRBjQ,author::UCsUCN0Yq_UyTvKjOJLmNrnQ,1
author::UCDlr1VadSucIZgZ171pRBjQ,author::UCjSKM9j0Q7HLDr1hD6D-TUw,1
author::UCDlr1VadSucIZgZ171pRBjQ,author::UCL13XhnRzbGokEkCkEOb0-g,1
author::UCDlr1VadSucIZgZ171pRBjQ,author::UCiMythXHsw7eQEMykCdmMUA,1
author::UCDlr1VadSucIZgZ171pRBjQ,author::UCQtICyzWmhC5woCtbNgaSmg,1
author::UCDlr1VadSucIZgZ171pRBjQ,author::UCQtSFINs1h6GHkpg9o5kMvg,1
author::UCDlr1VadSucIZgZ171pRBjQ,author::UCSou6a2OuYGSvPjm5psquyA,1
author::UCDlr1VadSucIZgZ171pRBjQ,author::UCYwpX26TrCxq8TvbKGRYLXA,1
author::UCDlr1VadSucIZgZ171pRBjQ,author::UCxff05WuyvwELNITi7bj7UA,1
author::UCDlr1VadSucIZgZ171pRBjQ,author::UCTP3O0rMnc8z8v8jaDQwL0w,1
author::UCDlr1VadSucIZgZ171pRBjQ,author::UCTwSut16JyAg3mX6LVUNGqA,1
author::UCDlr1VadSucIZgZ171pRBjQ,author::UCrJn_rbo_ENAdeqneS-RmRw,1
author::UCDlr1VadSucIZgZ171pRBjQ,author::UCFjudnPLoaSL1BaRuLahyHg,1
author::UCDlr1VadSucIZgZ171pRBjQ,author::UCFUuDARXdmmIrLppEqf-rFg,1
author::UCDlr1VadSucIZgZ171pRBjQ,author::UCl0ekS9Tt0jJGtOEM18S63w,1
author::UCDlr1VadSucIZgZ171pRBjQ,author::UCut6b9S98nv84cVX89PmKzA,1
author::UCDlr1VadSucIZgZ171pRBjQ,author::UCi1b_TRQfgO1Z9O2gNGGWNA,1
author::UCDlr1VadSucIZgZ171pRBjQ,author::UCYN4wSQ1Sx4_LurxLlW7MPg,1
author::UCDlr1VadSucIZgZ171pRBjQ,author::UCTD6q1nyIe3Y7HhqjaMj72w,1
author::UCDlr1VadSucIZgZ171pRBjQ,author::UCpIdtvoFHVLGASGB5ySqIEA,1
author::UCDlr1VadSucIZgZ171pRBjQ,author::UCGzXwyCzMzGmjmCbH3Hg01Q,1
author::UCDlr1VadSucIZgZ171pRBjQ,author::UCtNfIBnc5S5DbbQj_yxgJTw,1
author::UCDlr1VadSucIZgZ171pRBjQ,author::UCHTGCgY2l-DQJIvlA_cpa_Q,1
author::UCDlr1VadSucIZgZ171pRBjQ,author::UCQqetiwzzmRNTM5OWuXarGQ,1
author::UCDlr1VadSucIZgZ171pRBjQ,author::UCRelkU8JiZBytTzebJxaa-w,1
author::UCDlr1VadSucIZgZ171pRBjQ,author::UCgvw7xIdGFupzpt1Y_BFkEA,1
author::UCDlr1VadSucIZgZ171pRBjQ,author::UCpsKOkt5iWTbenzeuq7dsmQ,1
author::UCDlr1VadSucIZgZ171pRBjQ,author::UCwW2OFy95P7ZBkOPxWkpvYg,1
author::UCDlr1VadSucIZgZ171pRBjQ,author::UCLFdHr9BEbXHkoJopbEPLZw,1
author::UCDlr1VadSucIZgZ171pRBjQ,author::UCNBnKqWf4d-rS4HwJRQljmQ,1
author::UCDlr1VadSucIZgZ171pRBjQ,author::UCiGRBf2RNF0WRKhRVT7zFoA,1
author::UCDlr1VadSucIZgZ171pRBjQ,author::UCcfdg8crmMJwEuLUsAhV7yg,1
author::UCDlr1VadSucIZgZ171pRBjQ,author::UCkd9W714-947dEE6ZOEBATA,1
author::UCDlr1VadSucIZgZ171pRBjQ,author::UCZ51R_9Q9C0c8I3pAWhtmjQ,1
author::UCDlr1VadSucIZgZ171pRBjQ,author::UCzSfZlOVxBSs5ObD25ywxDQ,1
author::UCDlr1VadSucIZgZ171pRBjQ,author::UCwha8rxULYMVtNwZWeSkE1A,1
author::UCDlr1VadSucIZgZ171pRBjQ,author::UChgkn5Jt5tWKYMoEOuCjz3Q,1
author::UCDlr1VadSucIZgZ171pRBjQ,author::UCvApqeCbLod-wejtT4CcVuA,1
author::UCDlr1VadSucIZgZ171pRBjQ,author::UCfM3nrxtTQMY5jFx1v1J4Gg,1
author::UCDlr1VadSucIZgZ171pRBjQ,author::UCRlCV9zSn7avAWh-9_XFWqQ,1
author::UCDlr1VadSucIZgZ171pRBjQ,author::UCFhxtoeARHPnXXPcDrOU3Xg,1
author::UCDlr1VadSucIZgZ171pRBjQ,author::UCNkcuy42zEwddwEcOd_HpnA,1
author::UCDlr1VadSucIZgZ171pRBjQ,author::UCz3gu01bmjNv0DpRq-K3XYg,1
author::UCDlr1VadSucIZgZ171pRBjQ,author::UCFoIAE8k82D6AV-8gjjKaNg,1
author::UCDlr1VadSucIZgZ171pRBjQ,author::UCySYJU5kUh7X8gVt9la2ISA,1
author::UCDlr1VadSucIZgZ171pRBjQ,author::UCQgYjVngJRfPHDLGB5X6ZjA,1
author::UCDlr1VadSucIZgZ171pRBjQ,author::UCHhHUjaMAZ8SiXdCUCj9DkQ,1
author::UCDlr1VadSucIZgZ171pRBjQ,author::UCXSkL3ejZ8qWYyF_M7s_QKA,1
author::UCDlr1VadSucIZgZ171pRBjQ,author::UChZknRmJkeGeQk0-mQuhDOg,1
author::UCDlr1VadSucIZgZ171pRBjQ,author::UCXr8_5WtGeipe4haOoQDgyQ,1
author::UCDlr1VadSucIZgZ171pRBjQ,author::UCljDbleJul41G1TzOjOZAVA,1
author::UCDlr1VadSucIZgZ171pRBjQ,author::UCujPF2nBgsTD62nWE3lcpIg,1
author::UCDlr1VadSucIZgZ171pRBjQ,author::UCmjppp6ujz3SAnULvP3sZMw,1
author::UCDlr1VadSucIZgZ171pRBjQ,author::UCylqlpsh8ENNM1LqgQ1KbxA,1
author::UCDlr1VadSucIZgZ171pRBjQ,author::UCp4iw5_5SmV9VGTFSNVGOmQ,1
author::UCDlr1VadSucIZgZ171pRBjQ,author::UCN6qbfPSzFtjhqUDZ3Cv3CQ,1
author::UCDlr1VadSucIZgZ171pRBjQ,author::UCpl8rF8uv_8uui-QRvuJaRA,1
author::UCDlr1VadSucIZgZ171pRBjQ,author::UCh5ESQvtzyHDhCA7XyekCFA,1
author::UCDlr1VadSucIZgZ171pRBjQ,author::UCsSXdJct-nsS8DsABoEsaYA,1
author::UCDlr1VadSucIZgZ171pRBjQ,author::UCKDR0f2fu2UzWL8mBv5-BHw,1
author::UCDlr1VadSucIZgZ171pRBjQ,author::UCOLGv5Pf6BF2wFcwUzgcvHg,1
author::UCDlr1VadSucIZgZ171pRBjQ,author::UCtUR3_CAiE7fCoZHM6cMfyQ,1
author::UCDrmf9y9nLgFY5wnA2hTuGA,author::UCRAquv8el-tQ30bN7MlmySQ,1
author::UCDrmf9y9nLgFY5wnA2hTuGA,author::UCwgCc9Jd_gG-uLE_SY-FfPg,1
author::UCDrmf9y9nLgFY5wnA2hTuGA,author::UCRvPToDkkumha7WJAfCDk1A,1
author::UCDrmf9y9nLgFY5wnA2hTuGA,author::UColMq7LmaoY3MT6aIDGrGvA,1
author::UCDrmf9y9nLgFY5wnA2hTuGA,author::UCiC-Jn7wdgyQV4_Urk0DkWQ,1
author::UCDrmf9y9nLgFY5wnA2hTuGA,author::UCgQw_Sbq3ugruDUKsq1e0-A,1
author::UCDrmf9y9nLgFY5wnA2hTuGA,author::UCdFlugHJJa4l3YqWuNRmvXw,1
author::UCDrmf9y9nLgFY5wnA2hTuGA,author::UCHbwIx9pmQuf7i-4_xO2EpA,1
author::UCDrmf9y9nLgFY5wnA2hTuGA,author::UCeDNEtI8_a42bZ47wJiJMwQ,1
author::UCDrmf9y9nLgFY5wnA2hTuGA,author::UCu8_3-Wg-YzNyvHYQDEscfw,1
author::UCDrmf9y9nLgFY5wnA2hTuGA,author::UCQqlPPUGqAfWjd-FSh_qn7Q,1
author::UCDrmf9y9nLgFY5wnA2hTuGA,author::UCkVtmkK07b2zaVVNssX4lOg,1
author::UCDrmf9y9nLgFY5wnA2hTuGA,author::UCqCrvuoJpC-aVb0f4logQRQ,1
author::UCDrmf9y9nLgFY5wnA2hTuGA,author::UCsGoJEvb-cFPZ2rWoJcXzEQ,1
author::UCDrmf9y9nLgFY5wnA2hTuGA,author::UCuXmOjxC-htcprLgeVXz6Tg,1
author::UCDrmf9y9nLgFY5wnA2hTuGA,author::UCWoAVGVqCn4xtINCMOTM4jg,1
author::UCDrmf9y9nLgFY5wnA2hTuGA,author::UClqA491Xa5fQcXcJJa-vTWw,1
author::UCDrmf9y9nLgFY5wnA2hTuGA,author::UCQyOePccUP-fIJYzchAgZYw,1
author::UCDrmf9y9nLgFY5wnA2hTuGA,author::UCV0lM03g5fg5pbPj97-sAtA,1
author::UCDrmf9y9nLgFY5wnA2hTuGA,author::UC_LYoGs5C3mbZKZuKuqYCvw,1
author::UCDrmf9y9nLgFY5wnA2hTuGA,author::UCgJNFj5dnxXpcMvmuhZDPxA,1
author::UCDrmf9y9nLgFY5wnA2hTuGA,author::UCpsKOkt5iWTbenzeuq7dsmQ,1
author::UCDrmf9y9nLgFY5wnA2hTuGA,author::UCkbsS_3D-pvg1iHOld9uvIg,1
author::UCDrmf9y9nLgFY5wnA2hTuGA,author::UCGGHbtfbbe0o68etrOf0qxw,1
author::UCDrmf9y9nLgFY5wnA2hTuGA,author::UCOcUI5XkTYNMSFhZNMIPpGg,1
author::UCDrmf9y9nLgFY5wnA2hTuGA,author::UCW-JC6lebVmf2P1dmY_L94g,1
author::UCDrmf9y9nLgFY5wnA2hTuGA,author::UCwjUvRseNtJoItylIyIez7Q,1
author::UCDrmf9y9nLgFY5wnA2hTuGA,author::UClhMWQ7XKWywYvbRnuf8QsA,1
author::UCDrmf9y9nLgFY5wnA2hTuGA,author::UCe8JZoYkX5oKUZyivHYdXhw,1
author::UCDrmf9y9nLgFY5wnA2hTuGA,author::UCaKAjTW9MVub_clgr4DRYjQ,1
author::UCDrmf9y9nLgFY5wnA2hTuGA,author::UCpe5jW3MIqkgTJ-PgkzvM6Q,1
author::UCDrmf9y9nLgFY5wnA2hTuGA,author::UCylqlpsh8ENNM1LqgQ1KbxA,1
author::UCDrmf9y9nLgFY5wnA2hTuGA,author::UCZeIIQrGAedW8tCbKWmGY-A,1
author::UCDrmf9y9nLgFY5wnA2hTuGA,author::UCW80DaMjQlEUibC98Cot-Dg,1
author::UCDrmf9y9nLgFY5wnA2hTuGA,author::UCUoYsrx1oZnCZ0usbBJn4fA,1
author::UCDrmf9y9nLgFY5wnA2hTuGA,author::UCNpt5CQlTzNjlAKY6CJtClQ,1
author::UCEHXl4VvvVpq-_4xC5tsbhg,author::UCeQk-WfEA-cJRq4EKeE7TOw,1
author::UCEHXl4VvvVpq-_4xC5tsbhg,author::UCoGdCoJg2Lh0OX_jv6cG16g,1
author::UCEHXl4VvvVpq-_4xC5tsbhg,author::UCheEJ5GZuIvV0fj-nXyVwXw,1
author::UCEHXl4VvvVpq-_4xC5tsbhg,author::UCtsxPYw8VUsH_FfnKg-0lmw,1
author::UCEHXl4VvvVpq-_4xC5tsbhg,author::UCWaRixDdpgllTBf4V0jPnKQ,1
author::UCEHXl4VvvVpq-_4xC5tsbhg,author::UCgGqw4aqMdMVSGkKiMgrJRQ,1
author::UCEHXl4VvvVpq-_4xC5tsbhg,author::UCql1n3Ey6ULMSOACjMe-fxQ,1
author::UCEHXl4VvvVpq-_4xC5tsbhg,author::UCZFQwqh90apuL8eFhvRBkUg,1
author::UCEHXl4VvvVpq-_4xC5tsbhg,author::UCRfkkatKrNtAARnXMMYBGlA,1
author::UCEHXl4VvvVpq-_4xC5tsbhg,author::UCjZgFEowMBrsjodqfovzdKw,1
author::UCEHXl4VvvVpq-_4xC5tsbhg,author::UCwxoKK59nGCeBqB2sXfDBIw,1
author::UCEHXl4VvvVpq-_4xC5tsbhg,author::UCa36MjQLoPAmgJo-R3G8WQA,1
author::UCEHXl4VvvVpq-_4xC5tsbhg,author::UCp29O_C7cchZV8IxV7Crdag,1
author::UCEHXl4VvvVpq-_4xC5tsbhg,author::UCV3fr-YOixFKCZBbJP1-X4w,1
author::UCEHXl4VvvVpq-_4xC5tsbhg,author::UCFybmWapGvBKcQod7cPPH9w,1
author::UCEHXl4VvvVpq-_4xC5tsbhg,author::UChyps3dqY-VY1_wLeq-2lhw,1
author::UCEHXl4VvvVpq-_4xC5tsbhg,author::UCiOZX__1gahg1ypIj0_XG_w,1
author::UCEHXl4VvvVpq-_4xC5tsbhg,author::UCvDwJBBY1mHK70aTEYl6rsA,1
author::UCEHXl4VvvVpq-_4xC5tsbhg,author::UCfo_yUPzy1f1POwwZxhZ06Q,1
author::UCEHXl4VvvVpq-_4xC5tsbhg,author::UCtCtts20bW6F9CSohau51Iw,1
author::UCEHXl4VvvVpq-_4xC5tsbhg,author::UCWvntqPQx99k_Z_skWKqNSA,1
author::UCEHXl4VvvVpq-_4xC5tsbhg,author::UCzZ6dDCEsLMXbc5pCFXIprw,1
author::UCEHXl4VvvVpq-_4xC5tsbhg,author::UCyJhqmMbsvjpoarBBStA2kg,1
author::UCEHXl4VvvVpq-_4xC5tsbhg,author::UCaT4saRcyqCLE657Rq2hhZQ,1
author::UCEgEQmRbtL5fwr9_DqAC--g,author::UCXgr7vXlRrsaskPdo097kGA,1
author::UCEgEQmRbtL5fwr9_DqAC--g,author::UCwO2SXr0ggzwg6QWWrr01nQ,1
author::UCEgEQmRbtL5fwr9_DqAC--g,author::UCipetjeiWj4CZB6EbyYziZg,1
author::UCEgEQmRbtL5fwr9_DqAC--g,author::UCV0iizTBoOfdAFX_thfI9BA,1
author::UCEgEQmRbtL5fwr9_DqAC--g,author::UCWIZUtKJ636y-4TYrNvok0g,1
author::UCEgEQmRbtL5fwr9_DqAC--g,author::UCLggDc_a5HriXv7I1h02sOA,1
author::UCEgEQmRbtL5fwr9_DqAC--g,author::UCueV9cTyTDwgQSec1x2dYgA,1
author::UCEgEQmRbtL5fwr9_DqAC--g,author::UCUIIIPTVDVHAXqhC_5V6lPA,1
author::UCEgEQmRbtL5fwr9_DqAC--g,author::UChep9kVb5gQmpodEEl10Xlg,1
author::UCEgEQmRbtL5fwr9_DqAC--g,author::UCsJJAvrVGupdmhOqgtDp8dg,1
author::UCEgEQmRbtL5fwr9_DqAC--g,author::UCQ_-LPP8JAbfkc-b1Q6NvWw,1
author::UCEgEQmRbtL5fwr9_DqAC--g,author::UCOS8ViEkccrTZx2w2ccxotA,1
author::UCEgEQmRbtL5fwr9_DqAC--g,author::UCL1MT278vSaQ83ZDkVWn1gw,1
author::UCEgEQmRbtL5fwr9_DqAC--g,author::UCjmPuazZJzscrwvk0QR9RVw,1
author::UCEgEQmRbtL5fwr9_DqAC--g,author::UCzoL2l5H5eVlorWGH8AZfAg,1
author::UCEgEQmRbtL5fwr9_DqAC--g,author::UCplrIQtaPj6au60_f2-mOYw,1
author::UCEgEQmRbtL5fwr9_DqAC--g,author::UCFxE8GbokBrBsPEKM1xrOjQ,1
author::UCEgEQmRbtL5fwr9_DqAC--g,author::UCRETAiYdh2dL5ZxB0_N1zDA,1
author::UCEgEQmRbtL5fwr9_DqAC--g,author::UCj-LL25XJnjxepPKCc3NGog,1
author::UCEgEQmRbtL5fwr9_DqAC--g,author::UCTylKrsqkrBKIqubMu_5N0Q,1
author::UCEgEQmRbtL5fwr9_DqAC--g,author::UCZLG9qH0tUjNhEGFIUt0CYw,1
author::UCEgEQmRbtL5fwr9_DqAC--g,author::UCXXh7yg5KUFIWylTiKVEFKQ,1
author::UCEgEQmRbtL5fwr9_DqAC--g,author::UCr1emrogPKkKTs_WTtx71xg,1
author::UCEgEQmRbtL5fwr9_DqAC--g,author::UChs3tU2BcKOT0CezykvAsGw,1
author::UCEgEQmRbtL5fwr9_DqAC--g,author::UCErZPJpHmLCsXs8ZWkAUupQ,1
author::UCEgEQmRbtL5fwr9_DqAC--g,author::UCmvOgzmmXbjUthHy-WJ52hQ,1
author::UCEgEQmRbtL5fwr9_DqAC--g,author::UCsjs5Hp_r86x1xbK6FAeqaA,1
author::UCEgEQmRbtL5fwr9_DqAC--g,author::UCOh6DaZC_x9HASnlRylEMfw,1
author::UCEgEQmRbtL5fwr9_DqAC--g,author::UCThW2XNsAaBKme5PUt7n-Zg,1
author::UCEgEQmRbtL5fwr9_DqAC--g,author::UCsUCN0Yq_UyTvKjOJLmNrnQ,1
author::UCEgEQmRbtL5fwr9_DqAC--g,author::UCjSKM9j0Q7HLDr1hD6D-TUw,1
author::UCEgEQmRbtL5fwr9_DqAC--g,author::UCL13XhnRzbGokEkCkEOb0-g,1
author::UCEgEQmRbtL5fwr9_DqAC--g,author::UCiMythXHsw7eQEMykCdmMUA,1
author::UCEgEQmRbtL5fwr9_DqAC--g,author::UCQtICyzWmhC5woCtbNgaSmg,1
author::UCEgEQmRbtL5fwr9_DqAC--g,author::UCQtSFINs1h6GHkpg9o5kMvg,1
author::UCEgEQmRbtL5fwr9_DqAC--g,author::UCSou6a2OuYGSvPjm5psquyA,1
author::UCEgEQmRbtL5fwr9_DqAC--g,author::UCYwpX26TrCxq8TvbKGRYLXA,1
author::UCEgEQmRbtL5fwr9_DqAC--g,author::UCxff05WuyvwELNITi7bj7UA,1
author::UCEgEQmRbtL5fwr9_DqAC--g,author::UCTP3O0rMnc8z8v8jaDQwL0w,1
author::UCEgEQmRbtL5fwr9_DqAC--g,author::UCTwSut16JyAg3mX6LVUNGqA,1
author::UCEgEQmRbtL5fwr9_DqAC--g,author::UCrJn_rbo_ENAdeqneS-RmRw,1
author::UCEgEQmRbtL5fwr9_DqAC--g,author::UCFjudnPLoaSL1BaRuLahyHg,1
author::UCEgEQmRbtL5fwr9_DqAC--g,author::UCFUuDARXdmmIrLppEqf-rFg,1
author::UCEgEQmRbtL5fwr9_DqAC--g,author::UCl0ekS9Tt0jJGtOEM18S63w,1
author::UCEgEQmRbtL5fwr9_DqAC--g,author::UCut6b9S98nv84cVX89PmKzA,1
author::UCEgEQmRbtL5fwr9_DqAC--g,author::UCi1b_TRQfgO1Z9O2gNGGWNA,1
author::UCEgEQmRbtL5fwr9_DqAC--g,author::UCYN4wSQ1Sx4_LurxLlW7MPg,1
author::UCEgEQmRbtL5fwr9_DqAC--g,author::UCTD6q1nyIe3Y7HhqjaMj72w,1
author::UCEgEQmRbtL5fwr9_DqAC--g,author::UCpIdtvoFHVLGASGB5ySqIEA,1
author::UCEgEQmRbtL5fwr9_DqAC--g,author::UCGzXwyCzMzGmjmCbH3Hg01Q,1
author::UCEgEQmRbtL5fwr9_DqAC--g,author::UCtNfIBnc5S5DbbQj_yxgJTw,1
author::UCEgEQmRbtL5fwr9_DqAC--g,author::UCHTGCgY2l-DQJIvlA_cpa_Q,1
author::UCEgEQmRbtL5fwr9_DqAC--g,author::UCQqetiwzzmRNTM5OWuXarGQ,1
author::UCEgEQmRbtL5fwr9_DqAC--g,author::UCRelkU8JiZBytTzebJxaa-w,1
author::UCEgEQmRbtL5fwr9_DqAC--g,author::UCgvw7xIdGFupzpt1Y_BFkEA,1
author::UCEgEQmRbtL5fwr9_DqAC--g,author::UCpsKOkt5iWTbenzeuq7dsmQ,1
author::UCEgEQmRbtL5fwr9_DqAC--g,author::UCwW2OFy95P7ZBkOPxWkpvYg,1
author::UCEgEQmRbtL5fwr9_DqAC--g,author::UCLFdHr9BEbXHkoJopbEPLZw,1
author::UCEgEQmRbtL5fwr9_DqAC--g,author::UCNBnKqWf4d-rS4HwJRQljmQ,1
author::UCEgEQmRbtL5fwr9_DqAC--g,author::UCiGRBf2RNF0WRKhRVT7zFoA,1
author::UCEgEQmRbtL5fwr9_DqAC--g,author::UCcfdg8crmMJwEuLUsAhV7yg,1
author::UCEgEQmRbtL5fwr9_DqAC--g,author::UCkd9W714-947dEE6ZOEBATA,1
author::UCEgEQmRbtL5fwr9_DqAC--g,author::UCZ51R_9Q9C0c8I3pAWhtmjQ,1
author::UCEgEQmRbtL5fwr9_DqAC--g,author::UCzSfZlOVxBSs5ObD25ywxDQ,1
author::UCEgEQmRbtL5fwr9_DqAC--g,author::UCwha8rxULYMVtNwZWeSkE1A,1
author::UCEgEQmRbtL5fwr9_DqAC--g,author::UChgkn5Jt5tWKYMoEOuCjz3Q,1
author::UCEgEQmRbtL5fwr9_DqAC--g,author::UCvApqeCbLod-wejtT4CcVuA,1
author::UCEgEQmRbtL5fwr9_DqAC--g,author::UCfM3nrxtTQMY5jFx1v1J4Gg,1
author::UCEgEQmRbtL5fwr9_DqAC--g,author::UCRlCV9zSn7avAWh-9_XFWqQ,1
author::UCEgEQmRbtL5fwr9_DqAC--g,author::UCFhxtoeARHPnXXPcDrOU3Xg,1
author::UCEgEQmRbtL5fwr9_DqAC--g,author::UCNkcuy42zEwddwEcOd_HpnA,1
author::UCEgEQmRbtL5fwr9_DqAC--g,author::UCz3gu01bmjNv0DpRq-K3XYg,1
author::UCEgEQmRbtL5fwr9_DqAC--g,author::UCFoIAE8k82D6AV-8gjjKaNg,1
author::UCEgEQmRbtL5fwr9_DqAC--g,author::UCySYJU5kUh7X8gVt9la2ISA,1
author::UCEgEQmRbtL5fwr9_DqAC--g,author::UCQgYjVngJRfPHDLGB5X6ZjA,1
author::UCEgEQmRbtL5fwr9_DqAC--g,author::UCHhHUjaMAZ8SiXdCUCj9DkQ,1
author::UCEgEQmRbtL5fwr9_DqAC--g,author::UCXSkL3ejZ8qWYyF_M7s_QKA,1
author::UCEgEQmRbtL5fwr9_DqAC--g,author::UChZknRmJkeGeQk0-mQuhDOg,1
author::UCEgEQmRbtL5fwr9_DqAC--g,author::UCXr8_5WtGeipe4haOoQDgyQ,1
author::UCEgEQmRbtL5fwr9_DqAC--g,author::UCljDbleJul41G1TzOjOZAVA,1
author::UCEgEQmRbtL5fwr9_DqAC--g,author::UCujPF2nBgsTD62nWE3lcpIg,1
author::UCEgEQmRbtL5fwr9_DqAC--g,author::UCmjppp6ujz3SAnULvP3sZMw,1
author::UCEgEQmRbtL5fwr9_DqAC--g,author::UCylqlpsh8ENNM1LqgQ1KbxA,1
author::UCEgEQmRbtL5fwr9_DqAC--g,author::UCp4iw5_5SmV9VGTFSNVGOmQ,1
author::UCEgEQmRbtL5fwr9_DqAC--g,author::UCN6qbfPSzFtjhqUDZ3Cv3CQ,1
author::UCEgEQmRbtL5fwr9_DqAC--g,author::UCpl8rF8uv_8uui-QRvuJaRA,1
author::UCEgEQmRbtL5fwr9_DqAC--g,author::UCh5ESQvtzyHDhCA7XyekCFA,1
author::UCEgEQmRbtL5fwr9_DqAC--g,author::UCsSXdJct-nsS8DsABoEsaYA,1
author::UCEgEQmRbtL5fwr9_DqAC--g,author::UCKDR0f2fu2UzWL8mBv5-BHw,1
author::UCEgEQmRbtL5fwr9_DqAC--g,author::UCOLGv5Pf6BF2wFcwUzgcvHg,1
author::UCEgEQmRbtL5fwr9_DqAC--g,author::UCtUR3_CAiE7fCoZHM6cMfyQ,1
author::UCErZPJpHmLCsXs8ZWkAUupQ,author::UCXgr7vXlRrsaskPdo097kGA,1
author::UCErZPJpHmLCsXs8ZWkAUupQ,author::UCwO2SXr0ggzwg6QWWrr01nQ,1
author::UCErZPJpHmLCsXs8ZWkAUupQ,author::UCipetjeiWj4CZB6EbyYziZg,1
author::UCErZPJpHmLCsXs8ZWkAUupQ,author::UCV0iizTBoOfdAFX_thfI9BA,1
author::UCErZPJpHmLCsXs8ZWkAUupQ,author::UCWIZUtKJ636y-4TYrNvok0g,1
author::UCErZPJpHmLCsXs8ZWkAUupQ,author::UCLggDc_a5HriXv7I1h02sOA,1
author::UCErZPJpHmLCsXs8ZWkAUupQ,author::UCueV9cTyTDwgQSec1x2dYgA,1
author::UCErZPJpHmLCsXs8ZWkAUupQ,author::UCUIIIPTVDVHAXqhC_5V6lPA,1
author::UCErZPJpHmLCsXs8ZWkAUupQ,author::UChep9kVb5gQmpodEEl10Xlg,1
author::UCErZPJpHmLCsXs8ZWkAUupQ,author::UCsJJAvrVGupdmhOqgtDp8dg,1
author::UCErZPJpHmLCsXs8ZWkAUupQ,author::UCQ_-LPP8JAbfkc-b1Q6NvWw,1
author::UCErZPJpHmLCsXs8ZWkAUupQ,author::UCOS8ViEkccrTZx2w2ccxotA,1
author::UCErZPJpHmLCsXs8ZWkAUupQ,author::UCL1MT278vSaQ83ZDkVWn1gw,1
author::UCErZPJpHmLCsXs8ZWkAUupQ,author::UCjmPuazZJzscrwvk0QR9RVw,1
author::UCErZPJpHmLCsXs8ZWkAUupQ,author::UCzoL2l5H5eVlorWGH8AZfAg,1
author::UCErZPJpHmLCsXs8ZWkAUupQ,author::UCplrIQtaPj6au60_f2-mOYw,1
author::UCErZPJpHmLCsXs8ZWkAUupQ,author::UCFxE8GbokBrBsPEKM1xrOjQ,1
author::UCErZPJpHmLCsXs8ZWkAUupQ,author::UCRETAiYdh2dL5ZxB0_N1zDA,1
author::UCErZPJpHmLCsXs8ZWkAUupQ,author::UCj-LL25XJnjxepPKCc3NGog,1
author::UCErZPJpHmLCsXs8ZWkAUupQ,author::UCTylKrsqkrBKIqubMu_5N0Q,1
author::UCErZPJpHmLCsXs8ZWkAUupQ,author::UCZLG9qH0tUjNhEGFIUt0CYw,1
author::UCErZPJpHmLCsXs8ZWkAUupQ,author::UCXXh7yg5KUFIWylTiKVEFKQ,1
author::UCErZPJpHmLCsXs8ZWkAUupQ,author::UCr1emrogPKkKTs_WTtx71xg,1
author::UCErZPJpHmLCsXs8ZWkAUupQ,author::UChs3tU2BcKOT0CezykvAsGw,1
author::UCErZPJpHmLCsXs8ZWkAUupQ,author::UCmvOgzmmXbjUthHy-WJ52hQ,1
author::UCErZPJpHmLCsXs8ZWkAUupQ,author::UCsjs5Hp_r86x1xbK6FAeqaA,1
author::UCErZPJpHmLCsXs8ZWkAUupQ,author::UCOh6DaZC_x9HASnlRylEMfw,1
author::UCErZPJpHmLCsXs8ZWkAUupQ,author::UCThW2XNsAaBKme5PUt7n-Zg,1
author::UCErZPJpHmLCsXs8ZWkAUupQ,author::UCsUCN0Yq_UyTvKjOJLmNrnQ,1
author::UCErZPJpHmLCsXs8ZWkAUupQ,author::UCjSKM9j0Q7HLDr1hD6D-TUw,1
author::UCErZPJpHmLCsXs8ZWkAUupQ,author::UCL13XhnRzbGokEkCkEOb0-g,1
author::UCErZPJpHmLCsXs8ZWkAUupQ,author::UCiMythXHsw7eQEMykCdmMUA,1
author::UCErZPJpHmLCsXs8ZWkAUupQ,author::UCQtICyzWmhC5woCtbNgaSmg,1
author::UCErZPJpHmLCsXs8ZWkAUupQ,author::UCQtSFINs1h6GHkpg9o5kMvg,1
author::UCErZPJpHmLCsXs8ZWkAUupQ,author::UCSou6a2OuYGSvPjm5psquyA,1
author::UCErZPJpHmLCsXs8ZWkAUupQ,author::UCYwpX26TrCxq8TvbKGRYLXA,1
author::UCErZPJpHmLCsXs8ZWkAUupQ,author::UCxff05WuyvwELNITi7bj7UA,1
author::UCErZPJpHmLCsXs8ZWkAUupQ,author::UCTP3O0rMnc8z8v8jaDQwL0w,1
author::UCErZPJpHmLCsXs8ZWkAUupQ,author::UCTwSut16JyAg3mX6LVUNGqA,1
author::UCErZPJpHmLCsXs8ZWkAUupQ,author::UCrJn_rbo_ENAdeqneS-RmRw,1
author::UCErZPJpHmLCsXs8ZWkAUupQ,author::UCFjudnPLoaSL1BaRuLahyHg,1
author::UCErZPJpHmLCsXs8ZWkAUupQ,author::UCFUuDARXdmmIrLppEqf-rFg,1
author::UCErZPJpHmLCsXs8ZWkAUupQ,author::UCl0ekS9Tt0jJGtOEM18S63w,1
author::UCErZPJpHmLCsXs8ZWkAUupQ,author::UCut6b9S98nv84cVX89PmKzA,1
author::UCErZPJpHmLCsXs8ZWkAUupQ,author::UCi1b_TRQfgO1Z9O2gNGGWNA,1
author::UCErZPJpHmLCsXs8ZWkAUupQ,author::UCYN4wSQ1Sx4_LurxLlW7MPg,1
author::UCErZPJpHmLCsXs8ZWkAUupQ,author::UCTD6q1nyIe3Y7HhqjaMj72w,1
author::UCErZPJpHmLCsXs8ZWkAUupQ,author::UCpIdtvoFHVLGASGB5ySqIEA,1
author::UCErZPJpHmLCsXs8ZWkAUupQ,author::UCGzXwyCzMzGmjmCbH3Hg01Q,1
author::UCErZPJpHmLCsXs8ZWkAUupQ,author::UCtNfIBnc5S5DbbQj_yxgJTw,1
author::UCErZPJpHmLCsXs8ZWkAUupQ,author::UCHTGCgY2l-DQJIvlA_cpa_Q,1
author::UCErZPJpHmLCsXs8ZWkAUupQ,author::UCQqetiwzzmRNTM5OWuXarGQ,1
author::UCErZPJpHmLCsXs8ZWkAUupQ,author::UCRelkU8JiZBytTzebJxaa-w,1
author::UCErZPJpHmLCsXs8ZWkAUupQ,author::UCgvw7xIdGFupzpt1Y_BFkEA,1
author::UCErZPJpHmLCsXs8ZWkAUupQ,author::UCpsKOkt5iWTbenzeuq7dsmQ,1
author::UCErZPJpHmLCsXs8ZWkAUupQ,author::UCwW2OFy95P7ZBkOPxWkpvYg,1
author::UCErZPJpHmLCsXs8ZWkAUupQ,author::UCLFdHr9BEbXHkoJopbEPLZw,1
author::UCErZPJpHmLCsXs8ZWkAUupQ,author::UCNBnKqWf4d-rS4HwJRQljmQ,1
author::UCErZPJpHmLCsXs8ZWkAUupQ,author::UCiGRBf2RNF0WRKhRVT7zFoA,1
author::UCErZPJpHmLCsXs8ZWkAUupQ,author::UCcfdg8crmMJwEuLUsAhV7yg,1
author::UCErZPJpHmLCsXs8ZWkAUupQ,author::UCkd9W714-947dEE6ZOEBATA,1
author::UCErZPJpHmLCsXs8ZWkAUupQ,author::UCZ51R_9Q9C0c8I3pAWhtmjQ,1
author::UCErZPJpHmLCsXs8ZWkAUupQ,author::UCzSfZlOVxBSs5ObD25ywxDQ,1
author::UCErZPJpHmLCsXs8ZWkAUupQ,author::UCwha8rxULYMVtNwZWeSkE1A,1
author::UCErZPJpHmLCsXs8ZWkAUupQ,author::UChgkn5Jt5tWKYMoEOuCjz3Q,1
author::UCErZPJpHmLCsXs8ZWkAUupQ,author::UCvApqeCbLod-wejtT4CcVuA,1
author::UCErZPJpHmLCsXs8ZWkAUupQ,author::UCfM3nrxtTQMY5jFx1v1J4Gg,1
author::UCErZPJpHmLCsXs8ZWkAUupQ,author::UCRlCV9zSn7avAWh-9_XFWqQ,1
author::UCErZPJpHmLCsXs8ZWkAUupQ,author::UCFhxtoeARHPnXXPcDrOU3Xg,1
author::UCErZPJpHmLCsXs8ZWkAUupQ,author::UCNkcuy42zEwddwEcOd_HpnA,1
author::UCErZPJpHmLCsXs8ZWkAUupQ,author::UCz3gu01bmjNv0DpRq-K3XYg,1
author::UCErZPJpHmLCsXs8ZWkAUupQ,author::UCFoIAE8k82D6AV-8gjjKaNg,1
author::UCErZPJpHmLCsXs8ZWkAUupQ,author::UCySYJU5kUh7X8gVt9la2ISA,1
author::UCErZPJpHmLCsXs8ZWkAUupQ,author::UCQgYjVngJRfPHDLGB5X6ZjA,1
author::UCErZPJpHmLCsXs8ZWkAUupQ,author::UCHhHUjaMAZ8SiXdCUCj9DkQ,1
author::UCErZPJpHmLCsXs8ZWkAUupQ,author::UCXSkL3ejZ8qWYyF_M7s_QKA,1
author::UCErZPJpHmLCsXs8ZWkAUupQ,author::UChZknRmJkeGeQk0-mQuhDOg,1
author::UCErZPJpHmLCsXs8ZWkAUupQ,author::UCXr8_5WtGeipe4haOoQDgyQ,1
author::UCErZPJpHmLCsXs8ZWkAUupQ,author::UCljDbleJul41G1TzOjOZAVA,1
author::UCErZPJpHmLCsXs8ZWkAUupQ,author::UCujPF2nBgsTD62nWE3lcpIg,1
author::UCErZPJpHmLCsXs8ZWkAUupQ,author::UCmjppp6ujz3SAnULvP3sZMw,1
author::UCErZPJpHmLCsXs8ZWkAUupQ,author::UCylqlpsh8ENNM1LqgQ1KbxA,1
author::UCErZPJpHmLCsXs8ZWkAUupQ,author::UCp4iw5_5SmV9VGTFSNVGOmQ,1
author::UCErZPJpHmLCsXs8ZWkAUupQ,author::UCN6qbfPSzFtjhqUDZ3Cv3CQ,1
author::UCErZPJpHmLCsXs8ZWkAUupQ,author::UCpl8rF8uv_8uui-QRvuJaRA,1
author::UCErZPJpHmLCsXs8ZWkAUupQ,author::UCh5ESQvtzyHDhCA7XyekCFA,1
author::UCErZPJpHmLCsXs8ZWkAUupQ,author::UCsSXdJct-nsS8DsABoEsaYA,1
author::UCErZPJpHmLCsXs8ZWkAUupQ,author::UCKDR0f2fu2UzWL8mBv5-BHw,1
author::UCErZPJpHmLCsXs8ZWkAUupQ,author::UCOLGv5Pf6BF2wFcwUzgcvHg,1
author::UCErZPJpHmLCsXs8ZWkAUupQ,author::UCtUR3_CAiE7fCoZHM6cMfyQ,1
author::UCFFrEmn6lPYiWyElpfzTy5Q,author::UCdFlugHJJa4l3YqWuNRmvXw,1
author::UCFFrEmn6lPYiWyElpfzTy5Q,author::UCfRqgt2O-vjzUDMZY_tnxQw,1
author::UCFFrEmn6lPYiWyElpfzTy5Q,author::UCk4O-J1BhoqPmig1KLGJePA,1
author::UCFFrEmn6lPYiWyElpfzTy5Q,author::UCLh1Kde4_vI1sTZBkTNP7RQ,1
author::UCFOxCyF926Y9eHhMeVoWLzw,author::UCGqKxQS-z3NZzZF-2w338AA,1
author::UCFOxCyF926Y9eHhMeVoWLzw,author::UCIUhbSCy3-SGRe5UtqM4fzQ,1
author::UCFOxCyF926Y9eHhMeVoWLzw,author::UCY7Hq7F9Lnucf-Yr6JkHZNw,1
author::UCFOxCyF926Y9eHhMeVoWLzw,author::UCaT6M2zp7X6r6Whd8Vv3kHQ,1
author::UCFOxCyF926Y9eHhMeVoWLzw,author::UCxKR3RA8T-kxMgq_2WWhRcQ,1
author::UCFOxCyF926Y9eHhMeVoWLzw,author::UCgLrWFdYitoP-b7-PxtUr-w,1
author::UCFOxCyF926Y9eHhMeVoWLzw,author::UC_ljZ1hZXR9pzexFz87P5ZA,1
author::UCFOxCyF926Y9eHhMeVoWLzw,author::UCqilIa8r7iek5sGYg_q6ofA,1
author::UCFOxCyF926Y9eHhMeVoWLzw,author::UCtMBF_1O2jY2INlb_luuB_A,1
author::UCFOxCyF926Y9eHhMeVoWLzw,author::UCSTAUWVc1_82DHYeqOsqEFA,1
author::UCFOxCyF926Y9eHhMeVoWLzw,author::UCIp19h9igblA2YKfSLPDAug,1
author::UCFOxCyF926Y9eHhMeVoWLzw,author::UCHMQ_lDhibZ-XZ_3fo6oxwg,1
author::UCFOxCyF926Y9eHhMeVoWLzw,author::UCi-vPdnpQreC7BkFs40mJGA,1
author::UCFOxCyF926Y9eHhMeVoWLzw,author::UCyzf29IYjNw67gGIfsjgtxA,1
author::UCFOxCyF926Y9eHhMeVoWLzw,author::UCRcSR3Lvn9DZAmJpVPANfZQ,1
author::UCFOxCyF926Y9eHhMeVoWLzw,author::UCXmrpc6Li0spcKxtS0Q_ptg,1
author::UCFOxCyF926Y9eHhMeVoWLzw,author::UCRznz9-N3Qc1w-qNdLSIY2Q,1
author::UCFOxCyF926Y9eHhMeVoWLzw,author::UCs_5qeqdku9tGAq22y3OcuQ,1
author::UCFOxCyF926Y9eHhMeVoWLzw,author::UCgLurCo-e019HGODcjXHWCw,1
author::UCFOxCyF926Y9eHhMeVoWLzw,author::UCwUAv3_LpWVtTIi7lkmTL7A,1
author::UCFUuDARXdmmIrLppEqf-rFg,author::UCXgr7vXlRrsaskPdo097kGA,1
author::UCFUuDARXdmmIrLppEqf-rFg,author::UCwO2SXr0ggzwg6QWWrr01nQ,1
author::UCFUuDARXdmmIrLppEqf-rFg,author::UCipetjeiWj4CZB6EbyYziZg,1
author::UCFUuDARXdmmIrLppEqf-rFg,author::UCV0iizTBoOfdAFX_thfI9BA,1
author::UCFUuDARXdmmIrLppEqf-rFg,author::UCWIZUtKJ636y-4TYrNvok0g,1
author::UCFUuDARXdmmIrLppEqf-rFg,author::UCLggDc_a5HriXv7I1h02sOA,1
author::UCFUuDARXdmmIrLppEqf-rFg,author::UCueV9cTyTDwgQSec1x2dYgA,1
author::UCFUuDARXdmmIrLppEqf-rFg,author::UCUIIIPTVDVHAXqhC_5V6lPA,1
author::UCFUuDARXdmmIrLppEqf-rFg,author::UChep9kVb5gQmpodEEl10Xlg,1
author::UCFUuDARXdmmIrLppEqf-rFg,author::UCsJJAvrVGupdmhOqgtDp8dg,1
author::UCFUuDARXdmmIrLppEqf-rFg,author::UCQ_-LPP8JAbfkc-b1Q6NvWw,1
author::UCFUuDARXdmmIrLppEqf-rFg,author::UCOS8ViEkccrTZx2w2ccxotA,1
author::UCFUuDARXdmmIrLppEqf-rFg,author::UCL1MT278vSaQ83ZDkVWn1gw,1
author::UCFUuDARXdmmIrLppEqf-rFg,author::UCjmPuazZJzscrwvk0QR9RVw,1
author::UCFUuDARXdmmIrLppEqf-rFg,author::UCzoL2l5H5eVlorWGH8AZfAg,1
author::UCFUuDARXdmmIrLppEqf-rFg,author::UCplrIQtaPj6au60_f2-mOYw,1
author::UCFUuDARXdmmIrLppEqf-rFg,author::UCFxE8GbokBrBsPEKM1xrOjQ,1
author::UCFUuDARXdmmIrLppEqf-rFg,author::UCRETAiYdh2dL5ZxB0_N1zDA,1
author::UCFUuDARXdmmIrLppEqf-rFg,author::UCj-LL25XJnjxepPKCc3NGog,1
author::UCFUuDARXdmmIrLppEqf-rFg,author::UCTylKrsqkrBKIqubMu_5N0Q,1
author::UCFUuDARXdmmIrLppEqf-rFg,author::UCZLG9qH0tUjNhEGFIUt0CYw,1
author::UCFUuDARXdmmIrLppEqf-rFg,author::UCXXh7yg5KUFIWylTiKVEFKQ,1
author::UCFUuDARXdmmIrLppEqf-rFg,author::UCr1emrogPKkKTs_WTtx71xg,1
author::UCFUuDARXdmmIrLppEqf-rFg,author::UChs3tU2BcKOT0CezykvAsGw,1
author::UCFUuDARXdmmIrLppEqf-rFg,author::UCmvOgzmmXbjUthHy-WJ52hQ,1
author::UCFUuDARXdmmIrLppEqf-rFg,author::UCsjs5Hp_r86x1xbK6FAeqaA,1
author::UCFUuDARXdmmIrLppEqf-rFg,author::UCOh6DaZC_x9HASnlRylEMfw,1
author::UCFUuDARXdmmIrLppEqf-rFg,author::UCThW2XNsAaBKme5PUt7n-Zg,1
author::UCFUuDARXdmmIrLppEqf-rFg,author::UCsUCN0Yq_UyTvKjOJLmNrnQ,1
author::UCFUuDARXdmmIrLppEqf-rFg,author::UCjSKM9j0Q7HLDr1hD6D-TUw,1
author::UCFUuDARXdmmIrLppEqf-rFg,author::UCL13XhnRzbGokEkCkEOb0-g,1
author::UCFUuDARXdmmIrLppEqf-rFg,author::UCiMythXHsw7eQEMykCdmMUA,1
author::UCFUuDARXdmmIrLppEqf-rFg,author::UCQtICyzWmhC5woCtbNgaSmg,1
author::UCFUuDARXdmmIrLppEqf-rFg,author::UCQtSFINs1h6GHkpg9o5kMvg,1
author::UCFUuDARXdmmIrLppEqf-rFg,author::UCSou6a2OuYGSvPjm5psquyA,1
author::UCFUuDARXdmmIrLppEqf-rFg,author::UCYwpX26TrCxq8TvbKGRYLXA,1
author::UCFUuDARXdmmIrLppEqf-rFg,author::UCxff05WuyvwELNITi7bj7UA,1
author::UCFUuDARXdmmIrLppEqf-rFg,author::UCTP3O0rMnc8z8v8jaDQwL0w,1
author::UCFUuDARXdmmIrLppEqf-rFg,author::UCTwSut16JyAg3mX6LVUNGqA,1
author::UCFUuDARXdmmIrLppEqf-rFg,author::UCrJn_rbo_ENAdeqneS-RmRw,1
author::UCFUuDARXdmmIrLppEqf-rFg,author::UCFjudnPLoaSL1BaRuLahyHg,1
author::UCFUuDARXdmmIrLppEqf-rFg,author::UCl0ekS9Tt0jJGtOEM18S63w,1
author::UCFUuDARXdmmIrLppEqf-rFg,author::UCut6b9S98nv84cVX89PmKzA,1
author::UCFUuDARXdmmIrLppEqf-rFg,author::UCi1b_TRQfgO1Z9O2gNGGWNA,1
author::UCFUuDARXdmmIrLppEqf-rFg,author::UCYN4wSQ1Sx4_LurxLlW7MPg,1
author::UCFUuDARXdmmIrLppEqf-rFg,author::UCTD6q1nyIe3Y7HhqjaMj72w,1
author::UCFUuDARXdmmIrLppEqf-rFg,author::UCpIdtvoFHVLGASGB5ySqIEA,1
author::UCFUuDARXdmmIrLppEqf-rFg,author::UCGzXwyCzMzGmjmCbH3Hg01Q,1
author::UCFUuDARXdmmIrLppEqf-rFg,author::UCtNfIBnc5S5DbbQj_yxgJTw,1
author::UCFUuDARXdmmIrLppEqf-rFg,author::UCHTGCgY2l-DQJIvlA_cpa_Q,1
author::UCFUuDARXdmmIrLppEqf-rFg,author::UCQqetiwzzmRNTM5OWuXarGQ,1
author::UCFUuDARXdmmIrLppEqf-rFg,author::UCRelkU8JiZBytTzebJxaa-w,1
author::UCFUuDARXdmmIrLppEqf-rFg,author::UCgvw7xIdGFupzpt1Y_BFkEA,1
author::UCFUuDARXdmmIrLppEqf-rFg,author::UCpsKOkt5iWTbenzeuq7dsmQ,1
author::UCFUuDARXdmmIrLppEqf-rFg,author::UCwW2OFy95P7ZBkOPxWkpvYg,1
author::UCFUuDARXdmmIrLppEqf-rFg,author::UCLFdHr9BEbXHkoJopbEPLZw,1
author::UCFUuDARXdmmIrLppEqf-rFg,author::UCNBnKqWf4d-rS4HwJRQljmQ,1
author::UCFUuDARXdmmIrLppEqf-rFg,author::UCiGRBf2RNF0WRKhRVT7zFoA,1
author::UCFUuDARXdmmIrLppEqf-rFg,author::UCcfdg8crmMJwEuLUsAhV7yg,1
author::UCFUuDARXdmmIrLppEqf-rFg,author::UCkd9W714-947dEE6ZOEBATA,1
author::UCFUuDARXdmmIrLppEqf-rFg,author::UCZ51R_9Q9C0c8I3pAWhtmjQ,1
author::UCFUuDARXdmmIrLppEqf-rFg,author::UCzSfZlOVxBSs5ObD25ywxDQ,1
author::UCFUuDARXdmmIrLppEqf-rFg,author::UCwha8rxULYMVtNwZWeSkE1A,1
author::UCFUuDARXdmmIrLppEqf-rFg,author::UChgkn5Jt5tWKYMoEOuCjz3Q,1
author::UCFUuDARXdmmIrLppEqf-rFg,author::UCvApqeCbLod-wejtT4CcVuA,1
author::UCFUuDARXdmmIrLppEqf-rFg,author::UCfM3nrxtTQMY5jFx1v1J4Gg,1
author::UCFUuDARXdmmIrLppEqf-rFg,author::UCRlCV9zSn7avAWh-9_XFWqQ,1
author::UCFUuDARXdmmIrLppEqf-rFg,author::UCFhxtoeARHPnXXPcDrOU3Xg,1
author::UCFUuDARXdmmIrLppEqf-rFg,author::UCNkcuy42zEwddwEcOd_HpnA,1
author::UCFUuDARXdmmIrLppEqf-rFg,author::UCz3gu01bmjNv0DpRq-K3XYg,1
author::UCFUuDARXdmmIrLppEqf-rFg,author::UCFoIAE8k82D6AV-8gjjKaNg,1
author::UCFUuDARXdmmIrLppEqf-rFg,author::UCySYJU5kUh7X8gVt9la2ISA,1
author::UCFUuDARXdmmIrLppEqf-rFg,author::UCQgYjVngJRfPHDLGB5X6ZjA,1
author::UCFUuDARXdmmIrLppEqf-rFg,author::UCHhHUjaMAZ8SiXdCUCj9DkQ,1
author::UCFUuDARXdmmIrLppEqf-rFg,author::UCXSkL3ejZ8qWYyF_M7s_QKA,1
author::UCFUuDARXdmmIrLppEqf-rFg,author::UChZknRmJkeGeQk0-mQuhDOg,1
author::UCFUuDARXdmmIrLppEqf-rFg,author::UCXr8_5WtGeipe4haOoQDgyQ,1
author::UCFUuDARXdmmIrLppEqf-rFg,author::UCljDbleJul41G1TzOjOZAVA,1
author::UCFUuDARXdmmIrLppEqf-rFg,author::UCujPF2nBgsTD62nWE3lcpIg,1
author::UCFUuDARXdmmIrLppEqf-rFg,author::UCmjppp6ujz3SAnULvP3sZMw,1
author::UCFUuDARXdmmIrLppEqf-rFg,author::UCylqlpsh8ENNM1LqgQ1KbxA,1
author::UCFUuDARXdmmIrLppEqf-rFg,author::UCp4iw5_5SmV9VGTFSNVGOmQ,1
author::UCFUuDARXdmmIrLppEqf-rFg,author::UCN6qbfPSzFtjhqUDZ3Cv3CQ,1
author::UCFUuDARXdmmIrLppEqf-rFg,author::UCpl8rF8uv_8uui-QRvuJaRA,1
author::UCFUuDARXdmmIrLppEqf-rFg,author::UCh5ESQvtzyHDhCA7XyekCFA,1
author::UCFUuDARXdmmIrLppEqf-rFg,author::UCsSXdJct-nsS8DsABoEsaYA,1
author::UCFUuDARXdmmIrLppEqf-rFg,author::UCKDR0f2fu2UzWL8mBv5-BHw,1
author::UCFUuDARXdmmIrLppEqf-rFg,author::UCOLGv5Pf6BF2wFcwUzgcvHg,1
author::UCFUuDARXdmmIrLppEqf-rFg,author::UCtUR3_CAiE7fCoZHM6cMfyQ,1
author::UCFhxtoeARHPnXXPcDrOU3Xg,author::UCXgr7vXlRrsaskPdo097kGA,1
author::UCFhxtoeARHPnXXPcDrOU3Xg,author::UCwO2SXr0ggzwg6QWWrr01nQ,1
author::UCFhxtoeARHPnXXPcDrOU3Xg,author::UCipetjeiWj4CZB6EbyYziZg,1
author::UCFhxtoeARHPnXXPcDrOU3Xg,author::UCV0iizTBoOfdAFX_thfI9BA,1
author::UCFhxtoeARHPnXXPcDrOU3Xg,author::UCWIZUtKJ636y-4TYrNvok0g,1
author::UCFhxtoeARHPnXXPcDrOU3Xg,author::UCLggDc_a5HriXv7I1h02sOA,1
author::UCFhxtoeARHPnXXPcDrOU3Xg,author::UCueV9cTyTDwgQSec1x2dYgA,1
author::UCFhxtoeARHPnXXPcDrOU3Xg,author::UCUIIIPTVDVHAXqhC_5V6lPA,1
author::UCFhxtoeARHPnXXPcDrOU3Xg,author::UChep9kVb5gQmpodEEl10Xlg,1
author::UCFhxtoeARHPnXXPcDrOU3Xg,author::UCsJJAvrVGupdmhOqgtDp8dg,1
author::UCFhxtoeARHPnXXPcDrOU3Xg,author::UCQ_-LPP8JAbfkc-b1Q6NvWw,1
author::UCFhxtoeARHPnXXPcDrOU3Xg,author::UCOS8ViEkccrTZx2w2ccxotA,1
author::UCFhxtoeARHPnXXPcDrOU3Xg,author::UCL1MT278vSaQ83ZDkVWn1gw,1
author::UCFhxtoeARHPnXXPcDrOU3Xg,author::UCjmPuazZJzscrwvk0QR9RVw,1
author::UCFhxtoeARHPnXXPcDrOU3Xg,author::UCzoL2l5H5eVlorWGH8AZfAg,1
author::UCFhxtoeARHPnXXPcDrOU3Xg,author::UCplrIQtaPj6au60_f2-mOYw,1
author::UCFhxtoeARHPnXXPcDrOU3Xg,author::UCFxE8GbokBrBsPEKM1xrOjQ,1
author::UCFhxtoeARHPnXXPcDrOU3Xg,author::UCRETAiYdh2dL5ZxB0_N1zDA,1
author::UCFhxtoeARHPnXXPcDrOU3Xg,author::UCj-LL25XJnjxepPKCc3NGog,1
author::UCFhxtoeARHPnXXPcDrOU3Xg,author::UCTylKrsqkrBKIqubMu_5N0Q,1
author::UCFhxtoeARHPnXXPcDrOU3Xg,author::UCZLG9qH0tUjNhEGFIUt0CYw,1
author::UCFhxtoeARHPnXXPcDrOU3Xg,author::UCXXh7yg5KUFIWylTiKVEFKQ,1
author::UCFhxtoeARHPnXXPcDrOU3Xg,author::UCr1emrogPKkKTs_WTtx71xg,1
author::UCFhxtoeARHPnXXPcDrOU3Xg,author::UChs3tU2BcKOT0CezykvAsGw,1
author::UCFhxtoeARHPnXXPcDrOU3Xg,author::UCmvOgzmmXbjUthHy-WJ52hQ,1
author::UCFhxtoeARHPnXXPcDrOU3Xg,author::UCsjs5Hp_r86x1xbK6FAeqaA,1
author::UCFhxtoeARHPnXXPcDrOU3Xg,author::UCOh6DaZC_x9HASnlRylEMfw,1
author::UCFhxtoeARHPnXXPcDrOU3Xg,author::UCThW2XNsAaBKme5PUt7n-Zg,1
author::UCFhxtoeARHPnXXPcDrOU3Xg,author::UCsUCN0Yq_UyTvKjOJLmNrnQ,1
author::UCFhxtoeARHPnXXPcDrOU3Xg,author::UCjSKM9j0Q7HLDr1hD6D-TUw,1
author::UCFhxtoeARHPnXXPcDrOU3Xg,author::UCL13XhnRzbGokEkCkEOb0-g,1
author::UCFhxtoeARHPnXXPcDrOU3Xg,author::UCiMythXHsw7eQEMykCdmMUA,1
author::UCFhxtoeARHPnXXPcDrOU3Xg,author::UCQtICyzWmhC5woCtbNgaSmg,1
author::UCFhxtoeARHPnXXPcDrOU3Xg,author::UCQtSFINs1h6GHkpg9o5kMvg,1
author::UCFhxtoeARHPnXXPcDrOU3Xg,author::UCSou6a2OuYGSvPjm5psquyA,1
author::UCFhxtoeARHPnXXPcDrOU3Xg,author::UCYwpX26TrCxq8TvbKGRYLXA,1
author::UCFhxtoeARHPnXXPcDrOU3Xg,author::UCxff05WuyvwELNITi7bj7UA,1
author::UCFhxtoeARHPnXXPcDrOU3Xg,author::UCTP3O0rMnc8z8v8jaDQwL0w,1
author::UCFhxtoeARHPnXXPcDrOU3Xg,author::UCTwSut16JyAg3mX6LVUNGqA,1
author::UCFhxtoeARHPnXXPcDrOU3Xg,author::UCrJn_rbo_ENAdeqneS-RmRw,1
author::UCFhxtoeARHPnXXPcDrOU3Xg,author::UCFjudnPLoaSL1BaRuLahyHg,1
author::UCFhxtoeARHPnXXPcDrOU3Xg,author::UCl0ekS9Tt0jJGtOEM18S63w,1
author::UCFhxtoeARHPnXXPcDrOU3Xg,author::UCut6b9S98nv84cVX89PmKzA,1
author::UCFhxtoeARHPnXXPcDrOU3Xg,author::UCi1b_TRQfgO1Z9O2gNGGWNA,1
author::UCFhxtoeARHPnXXPcDrOU3Xg,author::UCYN4wSQ1Sx4_LurxLlW7MPg,1
author::UCFhxtoeARHPnXXPcDrOU3Xg,author::UCTD6q1nyIe3Y7HhqjaMj72w,1
author::UCFhxtoeARHPnXXPcDrOU3Xg,author::UCpIdtvoFHVLGASGB5ySqIEA,1
author::UCFhxtoeARHPnXXPcDrOU3Xg,author::UCGzXwyCzMzGmjmCbH3Hg01Q,1
author::UCFhxtoeARHPnXXPcDrOU3Xg,author::UCtNfIBnc5S5DbbQj_yxgJTw,1
author::UCFhxtoeARHPnXXPcDrOU3Xg,author::UCHTGCgY2l-DQJIvlA_cpa_Q,1
author::UCFhxtoeARHPnXXPcDrOU3Xg,author::UCQqetiwzzmRNTM5OWuXarGQ,1
author::UCFhxtoeARHPnXXPcDrOU3Xg,author::UCRelkU8JiZBytTzebJxaa-w,1
author::UCFhxtoeARHPnXXPcDrOU3Xg,author::UCgvw7xIdGFupzpt1Y_BFkEA,1
author::UCFhxtoeARHPnXXPcDrOU3Xg,author::UCpsKOkt5iWTbenzeuq7dsmQ,1
author::UCFhxtoeARHPnXXPcDrOU3Xg,author::UCwW2OFy95P7ZBkOPxWkpvYg,1
author::UCFhxtoeARHPnXXPcDrOU3Xg,author::UCLFdHr9BEbXHkoJopbEPLZw,1
author::UCFhxtoeARHPnXXPcDrOU3Xg,author::UCNBnKqWf4d-rS4HwJRQljmQ,1
author::UCFhxtoeARHPnXXPcDrOU3Xg,author::UCiGRBf2RNF0WRKhRVT7zFoA,1
author::UCFhxtoeARHPnXXPcDrOU3Xg,author::UCcfdg8crmMJwEuLUsAhV7yg,1
author::UCFhxtoeARHPnXXPcDrOU3Xg,author::UCkd9W714-947dEE6ZOEBATA,1
author::UCFhxtoeARHPnXXPcDrOU3Xg,author::UCZ51R_9Q9C0c8I3pAWhtmjQ,1
author::UCFhxtoeARHPnXXPcDrOU3Xg,author::UCzSfZlOVxBSs5ObD25ywxDQ,1
author::UCFhxtoeARHPnXXPcDrOU3Xg,author::UCwha8rxULYMVtNwZWeSkE1A,1
author::UCFhxtoeARHPnXXPcDrOU3Xg,author::UChgkn5Jt5tWKYMoEOuCjz3Q,1
author::UCFhxtoeARHPnXXPcDrOU3Xg,author::UCvApqeCbLod-wejtT4CcVuA,1
author::UCFhxtoeARHPnXXPcDrOU3Xg,author::UCfM3nrxtTQMY5jFx1v1J4Gg,1
author::UCFhxtoeARHPnXXPcDrOU3Xg,author::UCRlCV9zSn7avAWh-9_XFWqQ,1
author::UCFhxtoeARHPnXXPcDrOU3Xg,author::UCNkcuy42zEwddwEcOd_HpnA,1
author::UCFhxtoeARHPnXXPcDrOU3Xg,author::UCz3gu01bmjNv0DpRq-K3XYg,1
author::UCFhxtoeARHPnXXPcDrOU3Xg,author::UCFoIAE8k82D6AV-8gjjKaNg,1
author::UCFhxtoeARHPnXXPcDrOU3Xg,author::UCySYJU5kUh7X8gVt9la2ISA,1
author::UCFhxtoeARHPnXXPcDrOU3Xg,author::UCQgYjVngJRfPHDLGB5X6ZjA,1
author::UCFhxtoeARHPnXXPcDrOU3Xg,author::UCHhHUjaMAZ8SiXdCUCj9DkQ,1
author::UCFhxtoeARHPnXXPcDrOU3Xg,author::UCXSkL3ejZ8qWYyF_M7s_QKA,1
author::UCFhxtoeARHPnXXPcDrOU3Xg,author::UChZknRmJkeGeQk0-mQuhDOg,1
author::UCFhxtoeARHPnXXPcDrOU3Xg,author::UCXr8_5WtGeipe4haOoQDgyQ,1
author::UCFhxtoeARHPnXXPcDrOU3Xg,author::UCljDbleJul41G1TzOjOZAVA,1
author::UCFhxtoeARHPnXXPcDrOU3Xg,author::UCujPF2nBgsTD62nWE3lcpIg,1
author::UCFhxtoeARHPnXXPcDrOU3Xg,author::UCmjppp6ujz3SAnULvP3sZMw,1
author::UCFhxtoeARHPnXXPcDrOU3Xg,author::UCylqlpsh8ENNM1LqgQ1KbxA,1
author::UCFhxtoeARHPnXXPcDrOU3Xg,author::UCp4iw5_5SmV9VGTFSNVGOmQ,1
author::UCFhxtoeARHPnXXPcDrOU3Xg,author::UCN6qbfPSzFtjhqUDZ3Cv3CQ,1
author::UCFhxtoeARHPnXXPcDrOU3Xg,author::UCpl8rF8uv_8uui-QRvuJaRA,1
author::UCFhxtoeARHPnXXPcDrOU3Xg,author::UCh5ESQvtzyHDhCA7XyekCFA,1
author::UCFhxtoeARHPnXXPcDrOU3Xg,author::UCsSXdJct-nsS8DsABoEsaYA,1
author::UCFhxtoeARHPnXXPcDrOU3Xg,author::UCKDR0f2fu2UzWL8mBv5-BHw,1
author::UCFhxtoeARHPnXXPcDrOU3Xg,author::UCOLGv5Pf6BF2wFcwUzgcvHg,1
author::UCFhxtoeARHPnXXPcDrOU3Xg,author::UCtUR3_CAiE7fCoZHM6cMfyQ,1
author::UCFjudnPLoaSL1BaRuLahyHg,author::UCXgr7vXlRrsaskPdo097kGA,1
author::UCFjudnPLoaSL1BaRuLahyHg,author::UCwO2SXr0ggzwg6QWWrr01nQ,1
author::UCFjudnPLoaSL1BaRuLahyHg,author::UCipetjeiWj4CZB6EbyYziZg,1
author::UCFjudnPLoaSL1BaRuLahyHg,author::UCV0iizTBoOfdAFX_thfI9BA,1
author::UCFjudnPLoaSL1BaRuLahyHg,author::UCWIZUtKJ636y-4TYrNvok0g,1
author::UCFjudnPLoaSL1BaRuLahyHg,author::UCLggDc_a5HriXv7I1h02sOA,1
author::UCFjudnPLoaSL1BaRuLahyHg,author::UCueV9cTyTDwgQSec1x2dYgA,1
author::UCFjudnPLoaSL1BaRuLahyHg,author::UCUIIIPTVDVHAXqhC_5V6lPA,1
author::UCFjudnPLoaSL1BaRuLahyHg,author::UChep9kVb5gQmpodEEl10Xlg,1
author::UCFjudnPLoaSL1BaRuLahyHg,author::UCsJJAvrVGupdmhOqgtDp8dg,1
author::UCFjudnPLoaSL1BaRuLahyHg,author::UCQ_-LPP8JAbfkc-b1Q6NvWw,1
author::UCFjudnPLoaSL1BaRuLahyHg,author::UCOS8ViEkccrTZx2w2ccxotA,1
author::UCFjudnPLoaSL1BaRuLahyHg,author::UCL1MT278vSaQ83ZDkVWn1gw,1
author::UCFjudnPLoaSL1BaRuLahyHg,author::UCjmPuazZJzscrwvk0QR9RVw,1
author::UCFjudnPLoaSL1BaRuLahyHg,author::UCzoL2l5H5eVlorWGH8AZfAg,1
author::UCFjudnPLoaSL1BaRuLahyHg,author::UCplrIQtaPj6au60_f2-mOYw,1
author::UCFjudnPLoaSL1BaRuLahyHg,author::UCFxE8GbokBrBsPEKM1xrOjQ,1
author::UCFjudnPLoaSL1BaRuLahyHg,author::UCRETAiYdh2dL5ZxB0_N1zDA,1
author::UCFjudnPLoaSL1BaRuLahyHg,author::UCj-LL25XJnjxepPKCc3NGog,1
author::UCFjudnPLoaSL1BaRuLahyHg,author::UCTylKrsqkrBKIqubMu_5N0Q,1
author::UCFjudnPLoaSL1BaRuLahyHg,author::UCZLG9qH0tUjNhEGFIUt0CYw,1
author::UCFjudnPLoaSL1BaRuLahyHg,author::UCXXh7yg5KUFIWylTiKVEFKQ,1
author::UCFjudnPLoaSL1BaRuLahyHg,author::UCr1emrogPKkKTs_WTtx71xg,1
author::UCFjudnPLoaSL1BaRuLahyHg,author::UChs3tU2BcKOT0CezykvAsGw,1
author::UCFjudnPLoaSL1BaRuLahyHg,author::UCmvOgzmmXbjUthHy-WJ52hQ,1
author::UCFjudnPLoaSL1BaRuLahyHg,author::UCsjs5Hp_r86x1xbK6FAeqaA,1
author::UCFjudnPLoaSL1BaRuLahyHg,author::UCOh6DaZC_x9HASnlRylEMfw,1
author::UCFjudnPLoaSL1BaRuLahyHg,author::UCThW2XNsAaBKme5PUt7n-Zg,1
author::UCFjudnPLoaSL1BaRuLahyHg,author::UCsUCN0Yq_UyTvKjOJLmNrnQ,1
author::UCFjudnPLoaSL1BaRuLahyHg,author::UCjSKM9j0Q7HLDr1hD6D-TUw,1
author::UCFjudnPLoaSL1BaRuLahyHg,author::UCL13XhnRzbGokEkCkEOb0-g,1
author::UCFjudnPLoaSL1BaRuLahyHg,author::UCiMythXHsw7eQEMykCdmMUA,1
author::UCFjudnPLoaSL1BaRuLahyHg,author::UCQtICyzWmhC5woCtbNgaSmg,1
author::UCFjudnPLoaSL1BaRuLahyHg,author::UCQtSFINs1h6GHkpg9o5kMvg,1
author::UCFjudnPLoaSL1BaRuLahyHg,author::UCSou6a2OuYGSvPjm5psquyA,1
author::UCFjudnPLoaSL1BaRuLahyHg,author::UCYwpX26TrCxq8TvbKGRYLXA,1
author::UCFjudnPLoaSL1BaRuLahyHg,author::UCxff05WuyvwELNITi7bj7UA,1
author::UCFjudnPLoaSL1BaRuLahyHg,author::UCTP3O0rMnc8z8v8jaDQwL0w,1
author::UCFjudnPLoaSL1BaRuLahyHg,author::UCTwSut16JyAg3mX6LVUNGqA,1
author::UCFjudnPLoaSL1BaRuLahyHg,author::UCrJn_rbo_ENAdeqneS-RmRw,1
author::UCFjudnPLoaSL1BaRuLahyHg,author::UCl0ekS9Tt0jJGtOEM18S63w,1
author::UCFjudnPLoaSL1BaRuLahyHg,author::UCut6b9S98nv84cVX89PmKzA,1
author::UCFjudnPLoaSL1BaRuLahyHg,author::UCi1b_TRQfgO1Z9O2gNGGWNA,1
author::UCFjudnPLoaSL1BaRuLahyHg,author::UCYN4wSQ1Sx4_LurxLlW7MPg,1
author::UCFjudnPLoaSL1BaRuLahyHg,author::UCTD6q1nyIe3Y7HhqjaMj72w,1
author::UCFjudnPLoaSL1BaRuLahyHg,author::UCpIdtvoFHVLGASGB5ySqIEA,1
author::UCFjudnPLoaSL1BaRuLahyHg,author::UCGzXwyCzMzGmjmCbH3Hg01Q,1
author::UCFjudnPLoaSL1BaRuLahyHg,author::UCtNfIBnc5S5DbbQj_yxgJTw,1
author::UCFjudnPLoaSL1BaRuLahyHg,author::UCHTGCgY2l-DQJIvlA_cpa_Q,1
author::UCFjudnPLoaSL1BaRuLahyHg,author::UCQqetiwzzmRNTM5OWuXarGQ,1
author::UCFjudnPLoaSL1BaRuLahyHg,author::UCRelkU8JiZBytTzebJxaa-w,1
author::UCFjudnPLoaSL1BaRuLahyHg,author::UCgvw7xIdGFupzpt1Y_BFkEA,1
author::UCFjudnPLoaSL1BaRuLahyHg,author::UCpsKOkt5iWTbenzeuq7dsmQ,1
author::UCFjudnPLoaSL1BaRuLahyHg,author::UCwW2OFy95P7ZBkOPxWkpvYg,1
author::UCFjudnPLoaSL1BaRuLahyHg,author::UCLFdHr9BEbXHkoJopbEPLZw,1
author::UCFjudnPLoaSL1BaRuLahyHg,author::UCNBnKqWf4d-rS4HwJRQljmQ,1
author::UCFjudnPLoaSL1BaRuLahyHg,author::UCiGRBf2RNF0WRKhRVT7zFoA,1
author::UCFjudnPLoaSL1BaRuLahyHg,author::UCcfdg8crmMJwEuLUsAhV7yg,1
author::UCFjudnPLoaSL1BaRuLahyHg,author::UCkd9W714-947dEE6ZOEBATA,1
author::UCFjudnPLoaSL1BaRuLahyHg,author::UCZ51R_9Q9C0c8I3pAWhtmjQ,1
author::UCFjudnPLoaSL1BaRuLahyHg,author::UCzSfZlOVxBSs5ObD25ywxDQ,1
author::UCFjudnPLoaSL1BaRuLahyHg,author::UCwha8rxULYMVtNwZWeSkE1A,1
author::UCFjudnPLoaSL1BaRuLahyHg,author::UChgkn5Jt5tWKYMoEOuCjz3Q,1
author::UCFjudnPLoaSL1BaRuLahyHg,author::UCvApqeCbLod-wejtT4CcVuA,1
author::UCFjudnPLoaSL1BaRuLahyHg,author::UCfM3nrxtTQMY5jFx1v1J4Gg,1
author::UCFjudnPLoaSL1BaRuLahyHg,author::UCRlCV9zSn7avAWh-9_XFWqQ,1
author::UCFjudnPLoaSL1BaRuLahyHg,author::UCNkcuy42zEwddwEcOd_HpnA,1
author::UCFjudnPLoaSL1BaRuLahyHg,author::UCz3gu01bmjNv0DpRq-K3XYg,1
author::UCFjudnPLoaSL1BaRuLahyHg,author::UCFoIAE8k82D6AV-8gjjKaNg,1
author::UCFjudnPLoaSL1BaRuLahyHg,author::UCySYJU5kUh7X8gVt9la2ISA,1
author::UCFjudnPLoaSL1BaRuLahyHg,author::UCQgYjVngJRfPHDLGB5X6ZjA,1
author::UCFjudnPLoaSL1BaRuLahyHg,author::UCHhHUjaMAZ8SiXdCUCj9DkQ,1
author::UCFjudnPLoaSL1BaRuLahyHg,author::UCXSkL3ejZ8qWYyF_M7s_QKA,1
author::UCFjudnPLoaSL1BaRuLahyHg,author::UChZknRmJkeGeQk0-mQuhDOg,1
author::UCFjudnPLoaSL1BaRuLahyHg,author::UCXr8_5WtGeipe4haOoQDgyQ,1
author::UCFjudnPLoaSL1BaRuLahyHg,author::UCljDbleJul41G1TzOjOZAVA,1
author::UCFjudnPLoaSL1BaRuLahyHg,author::UCujPF2nBgsTD62nWE3lcpIg,1
author::UCFjudnPLoaSL1BaRuLahyHg,author::UCmjppp6ujz3SAnULvP3sZMw,1
author::UCFjudnPLoaSL1BaRuLahyHg,author::UCylqlpsh8ENNM1LqgQ1KbxA,1
author::UCFjudnPLoaSL1BaRuLahyHg,author::UCp4iw5_5SmV9VGTFSNVGOmQ,1
author::UCFjudnPLoaSL1BaRuLahyHg,author::UCN6qbfPSzFtjhqUDZ3Cv3CQ,1
author::UCFjudnPLoaSL1BaRuLahyHg,author::UCpl8rF8uv_8uui-QRvuJaRA,1
author::UCFjudnPLoaSL1BaRuLahyHg,author::UCh5ESQvtzyHDhCA7XyekCFA,1
author::UCFjudnPLoaSL1BaRuLahyHg,author::UCsSXdJct-nsS8DsABoEsaYA,1
author::UCFjudnPLoaSL1BaRuLahyHg,author::UCKDR0f2fu2UzWL8mBv5-BHw,1
author::UCFjudnPLoaSL1BaRuLahyHg,author::UCOLGv5Pf6BF2wFcwUzgcvHg,1
author::UCFjudnPLoaSL1BaRuLahyHg,author::UCtUR3_CAiE7fCoZHM6cMfyQ,1
author::UCFoIAE8k82D6AV-8gjjKaNg,author::UCXgr7vXlRrsaskPdo097kGA,1
author::UCFoIAE8k82D6AV-8gjjKaNg,author::UCwO2SXr0ggzwg6QWWrr01nQ,1
author::UCFoIAE8k82D6AV-8gjjKaNg,author::UCipetjeiWj4CZB6EbyYziZg,1
author::UCFoIAE8k82D6AV-8gjjKaNg,author::UCV0iizTBoOfdAFX_thfI9BA,1
author::UCFoIAE8k82D6AV-8gjjKaNg,author::UCWIZUtKJ636y-4TYrNvok0g,1
author::UCFoIAE8k82D6AV-8gjjKaNg,author::UCLggDc_a5HriXv7I1h02sOA,1
author::UCFoIAE8k82D6AV-8gjjKaNg,author::UCueV9cTyTDwgQSec1x2dYgA,1
author::UCFoIAE8k82D6AV-8gjjKaNg,author::UCUIIIPTVDVHAXqhC_5V6lPA,1
author::UCFoIAE8k82D6AV-8gjjKaNg,author::UChep9kVb5gQmpodEEl10Xlg,1
author::UCFoIAE8k82D6AV-8gjjKaNg,author::UCsJJAvrVGupdmhOqgtDp8dg,1
author::UCFoIAE8k82D6AV-8gjjKaNg,author::UCQ_-LPP8JAbfkc-b1Q6NvWw,1
author::UCFoIAE8k82D6AV-8gjjKaNg,author::UCOS8ViEkccrTZx2w2ccxotA,1
author::UCFoIAE8k82D6AV-8gjjKaNg,author::UCL1MT278vSaQ83ZDkVWn1gw,1
author::UCFoIAE8k82D6AV-8gjjKaNg,author::UCjmPuazZJzscrwvk0QR9RVw,1
author::UCFoIAE8k82D6AV-8gjjKaNg,author::UCzoL2l5H5eVlorWGH8AZfAg,1
author::UCFoIAE8k82D6AV-8gjjKaNg,author::UCplrIQtaPj6au60_f2-mOYw,1
author::UCFoIAE8k82D6AV-8gjjKaNg,author::UCFxE8GbokBrBsPEKM1xrOjQ,1
author::UCFoIAE8k82D6AV-8gjjKaNg,author::UCRETAiYdh2dL5ZxB0_N1zDA,1
author::UCFoIAE8k82D6AV-8gjjKaNg,author::UCj-LL25XJnjxepPKCc3NGog,1
author::UCFoIAE8k82D6AV-8gjjKaNg,author::UCTylKrsqkrBKIqubMu_5N0Q,1
author::UCFoIAE8k82D6AV-8gjjKaNg,author::UCZLG9qH0tUjNhEGFIUt0CYw,1
author::UCFoIAE8k82D6AV-8gjjKaNg,author::UCXXh7yg5KUFIWylTiKVEFKQ,1
author::UCFoIAE8k82D6AV-8gjjKaNg,author::UCr1emrogPKkKTs_WTtx71xg,1
author::UCFoIAE8k82D6AV-8gjjKaNg,author::UChs3tU2BcKOT0CezykvAsGw,1
author::UCFoIAE8k82D6AV-8gjjKaNg,author::UCmvOgzmmXbjUthHy-WJ52hQ,1
author::UCFoIAE8k82D6AV-8gjjKaNg,author::UCsjs5Hp_r86x1xbK6FAeqaA,1
author::UCFoIAE8k82D6AV-8gjjKaNg,author::UCOh6DaZC_x9HASnlRylEMfw,1
author::UCFoIAE8k82D6AV-8gjjKaNg,author::UCThW2XNsAaBKme5PUt7n-Zg,1
author::UCFoIAE8k82D6AV-8gjjKaNg,author::UCsUCN0Yq_UyTvKjOJLmNrnQ,1
author::UCFoIAE8k82D6AV-8gjjKaNg,author::UCjSKM9j0Q7HLDr1hD6D-TUw,1
author::UCFoIAE8k82D6AV-8gjjKaNg,author::UCL13XhnRzbGokEkCkEOb0-g,1
author::UCFoIAE8k82D6AV-8gjjKaNg,author::UCiMythXHsw7eQEMykCdmMUA,1
author::UCFoIAE8k82D6AV-8gjjKaNg,author::UCQtICyzWmhC5woCtbNgaSmg,1
author::UCFoIAE8k82D6AV-8gjjKaNg,author::UCQtSFINs1h6GHkpg9o5kMvg,1
author::UCFoIAE8k82D6AV-8gjjKaNg,author::UCSou6a2OuYGSvPjm5psquyA,1
author::UCFoIAE8k82D6AV-8gjjKaNg,author::UCYwpX26TrCxq8TvbKGRYLXA,1
author::UCFoIAE8k82D6AV-8gjjKaNg,author::UCxff05WuyvwELNITi7bj7UA,1
author::UCFoIAE8k82D6AV-8gjjKaNg,author::UCTP3O0rMnc8z8v8jaDQwL0w,1
author::UCFoIAE8k82D6AV-8gjjKaNg,author::UCTwSut16JyAg3mX6LVUNGqA,1
author::UCFoIAE8k82D6AV-8gjjKaNg,author::UCrJn_rbo_ENAdeqneS-RmRw,1
author::UCFoIAE8k82D6AV-8gjjKaNg,author::UCl0ekS9Tt0jJGtOEM18S63w,1
author::UCFoIAE8k82D6AV-8gjjKaNg,author::UCut6b9S98nv84cVX89PmKzA,1
author::UCFoIAE8k82D6AV-8gjjKaNg,author::UCi1b_TRQfgO1Z9O2gNGGWNA,1
author::UCFoIAE8k82D6AV-8gjjKaNg,author::UCYN4wSQ1Sx4_LurxLlW7MPg,1
author::UCFoIAE8k82D6AV-8gjjKaNg,author::UCTD6q1nyIe3Y7HhqjaMj72w,1
author::UCFoIAE8k82D6AV-8gjjKaNg,author::UCpIdtvoFHVLGASGB5ySqIEA,1
author::UCFoIAE8k82D6AV-8gjjKaNg,author::UCGzXwyCzMzGmjmCbH3Hg01Q,1
author::UCFoIAE8k82D6AV-8gjjKaNg,author::UCtNfIBnc5S5DbbQj_yxgJTw,1
author::UCFoIAE8k82D6AV-8gjjKaNg,author::UCHTGCgY2l-DQJIvlA_cpa_Q,1
author::UCFoIAE8k82D6AV-8gjjKaNg,author::UCQqetiwzzmRNTM5OWuXarGQ,1
author::UCFoIAE8k82D6AV-8gjjKaNg,author::UCRelkU8JiZBytTzebJxaa-w,1
author::UCFoIAE8k82D6AV-8gjjKaNg,author::UCgvw7xIdGFupzpt1Y_BFkEA,1
author::UCFoIAE8k82D6AV-8gjjKaNg,author::UCpsKOkt5iWTbenzeuq7dsmQ,1
author::UCFoIAE8k82D6AV-8gjjKaNg,author::UCwW2OFy95P7ZBkOPxWkpvYg,1
author::UCFoIAE8k82D6AV-8gjjKaNg,author::UCLFdHr9BEbXHkoJopbEPLZw,1
author::UCFoIAE8k82D6AV-8gjjKaNg,author::UCNBnKqWf4d-rS4HwJRQljmQ,1
author::UCFoIAE8k82D6AV-8gjjKaNg,author::UCiGRBf2RNF0WRKhRVT7zFoA,1
author::UCFoIAE8k82D6AV-8gjjKaNg,author::UCcfdg8crmMJwEuLUsAhV7yg,1
author::UCFoIAE8k82D6AV-8gjjKaNg,author::UCkd9W714-947dEE6ZOEBATA,1
author::UCFoIAE8k82D6AV-8gjjKaNg,author::UCZ51R_9Q9C0c8I3pAWhtmjQ,1
author::UCFoIAE8k82D6AV-8gjjKaNg,author::UCzSfZlOVxBSs5ObD25ywxDQ,1
author::UCFoIAE8k82D6AV-8gjjKaNg,author::UCwha8rxULYMVtNwZWeSkE1A,1
author::UCFoIAE8k82D6AV-8gjjKaNg,author::UChgkn5Jt5tWKYMoEOuCjz3Q,1
author::UCFoIAE8k82D6AV-8gjjKaNg,author::UCvApqeCbLod-wejtT4CcVuA,1
author::UCFoIAE8k82D6AV-8gjjKaNg,author::UCfM3nrxtTQMY5jFx1v1J4Gg,1
author::UCFoIAE8k82D6AV-8gjjKaNg,author::UCRlCV9zSn7avAWh-9_XFWqQ,1
author::UCFoIAE8k82D6AV-8gjjKaNg,author::UCNkcuy42zEwddwEcOd_HpnA,1
author::UCFoIAE8k82D6AV-8gjjKaNg,author::UCz3gu01bmjNv0DpRq-K3XYg,1
author::UCFoIAE8k82D6AV-8gjjKaNg,author::UCySYJU5kUh7X8gVt9la2ISA,1
author::UCFoIAE8k82D6AV-8gjjKaNg,author::UCQgYjVngJRfPHDLGB5X6ZjA,1
author::UCFoIAE8k82D6AV-8gjjKaNg,author::UCHhHUjaMAZ8SiXdCUCj9DkQ,1
author::UCFoIAE8k82D6AV-8gjjKaNg,author::UCXSkL3ejZ8qWYyF_M7s_QKA,1
author::UCFoIAE8k82D6AV-8gjjKaNg,author::UChZknRmJkeGeQk0-mQuhDOg,1
author::UCFoIAE8k82D6AV-8gjjKaNg,author::UCXr8_5WtGeipe4haOoQDgyQ,1
author::UCFoIAE8k82D6AV-8gjjKaNg,author::UCljDbleJul41G1TzOjOZAVA,1
author::UCFoIAE8k82D6AV-8gjjKaNg,author::UCujPF2nBgsTD62nWE3lcpIg,1
author::UCFoIAE8k82D6AV-8gjjKaNg,author::UCmjppp6ujz3SAnULvP3sZMw,1
author::UCFoIAE8k82D6AV-8gjjKaNg,author::UCylqlpsh8ENNM1LqgQ1KbxA,1
author::UCFoIAE8k82D6AV-8gjjKaNg,author::UCp4iw5_5SmV9VGTFSNVGOmQ,1
author::UCFoIAE8k82D6AV-8gjjKaNg,author::UCN6qbfPSzFtjhqUDZ3Cv3CQ,1
author::UCFoIAE8k82D6AV-8gjjKaNg,author::UCpl8rF8uv_8uui-QRvuJaRA,1
author::UCFoIAE8k82D6AV-8gjjKaNg,author::UCh5ESQvtzyHDhCA7XyekCFA,1
author::UCFoIAE8k82D6AV-8gjjKaNg,author::UCsSXdJct-nsS8DsABoEsaYA,1
author::UCFoIAE8k82D6AV-8gjjKaNg,author::UCKDR0f2fu2UzWL8mBv5-BHw,1
author::UCFoIAE8k82D6AV-8gjjKaNg,author::UCOLGv5Pf6BF2wFcwUzgcvHg,1
author::UCFoIAE8k82D6AV-8gjjKaNg,author::UCtUR3_CAiE7fCoZHM6cMfyQ,1
author::UCFxE8GbokBrBsPEKM1xrOjQ,author::UCXgr7vXlRrsaskPdo097kGA,1
author::UCFxE8GbokBrBsPEKM1xrOjQ,author::UCwO2SXr0ggzwg6QWWrr01nQ,1
author::UCFxE8GbokBrBsPEKM1xrOjQ,author::UCipetjeiWj4CZB6EbyYziZg,1
author::UCFxE8GbokBrBsPEKM1xrOjQ,author::UCV0iizTBoOfdAFX_thfI9BA,1
author::UCFxE8GbokBrBsPEKM1xrOjQ,author::UCWIZUtKJ636y-4TYrNvok0g,1
author::UCFxE8GbokBrBsPEKM1xrOjQ,author::UCLggDc_a5HriXv7I1h02sOA,1
author::UCFxE8GbokBrBsPEKM1xrOjQ,author::UCueV9cTyTDwgQSec1x2dYgA,1
author::UCFxE8GbokBrBsPEKM1xrOjQ,author::UCUIIIPTVDVHAXqhC_5V6lPA,1
author::UCFxE8GbokBrBsPEKM1xrOjQ,author::UChep9kVb5gQmpodEEl10Xlg,1
author::UCFxE8GbokBrBsPEKM1xrOjQ,author::UCsJJAvrVGupdmhOqgtDp8dg,1
author::UCFxE8GbokBrBsPEKM1xrOjQ,author::UCQ_-LPP8JAbfkc-b1Q6NvWw,1
author::UCFxE8GbokBrBsPEKM1xrOjQ,author::UCOS8ViEkccrTZx2w2ccxotA,1
author::UCFxE8GbokBrBsPEKM1xrOjQ,author::UCL1MT278vSaQ83ZDkVWn1gw,1
author::UCFxE8GbokBrBsPEKM1xrOjQ,author::UCjmPuazZJzscrwvk0QR9RVw,1
author::UCFxE8GbokBrBsPEKM1xrOjQ,author::UCzoL2l5H5eVlorWGH8AZfAg,1
author::UCFxE8GbokBrBsPEKM1xrOjQ,author::UCplrIQtaPj6au60_f2-mOYw,1
author::UCFxE8GbokBrBsPEKM1xrOjQ,author::UCRETAiYdh2dL5ZxB0_N1zDA,1
author::UCFxE8GbokBrBsPEKM1xrOjQ,author::UCj-LL25XJnjxepPKCc3NGog,1
author::UCFxE8GbokBrBsPEKM1xrOjQ,author::UCTylKrsqkrBKIqubMu_5N0Q,1
author::UCFxE8GbokBrBsPEKM1xrOjQ,author::UCZLG9qH0tUjNhEGFIUt0CYw,1
author::UCFxE8GbokBrBsPEKM1xrOjQ,author::UCXXh7yg5KUFIWylTiKVEFKQ,1
author::UCFxE8GbokBrBsPEKM1xrOjQ,author::UCr1emrogPKkKTs_WTtx71xg,1
author::UCFxE8GbokBrBsPEKM1xrOjQ,author::UChs3tU2BcKOT0CezykvAsGw,1
author::UCFxE8GbokBrBsPEKM1xrOjQ,author::UCmvOgzmmXbjUthHy-WJ52hQ,1
author::UCFxE8GbokBrBsPEKM1xrOjQ,author::UCsjs5Hp_r86x1xbK6FAeqaA,1
author::UCFxE8GbokBrBsPEKM1xrOjQ,author::UCOh6DaZC_x9HASnlRylEMfw,1
author::UCFxE8GbokBrBsPEKM1xrOjQ,author::UCThW2XNsAaBKme5PUt7n-Zg,1
author::UCFxE8GbokBrBsPEKM1xrOjQ,author::UCsUCN0Yq_UyTvKjOJLmNrnQ,1
author::UCFxE8GbokBrBsPEKM1xrOjQ,author::UCjSKM9j0Q7HLDr1hD6D-TUw,1
author::UCFxE8GbokBrBsPEKM1xrOjQ,author::UCL13XhnRzbGokEkCkEOb0-g,1
author::UCFxE8GbokBrBsPEKM1xrOjQ,author::UCiMythXHsw7eQEMykCdmMUA,1
author::UCFxE8GbokBrBsPEKM1xrOjQ,author::UCQtICyzWmhC5woCtbNgaSmg,1
author::UCFxE8GbokBrBsPEKM1xrOjQ,author::UCQtSFINs1h6GHkpg9o5kMvg,1
author::UCFxE8GbokBrBsPEKM1xrOjQ,author::UCSou6a2OuYGSvPjm5psquyA,1
author::UCFxE8GbokBrBsPEKM1xrOjQ,author::UCYwpX26TrCxq8TvbKGRYLXA,1
author::UCFxE8GbokBrBsPEKM1xrOjQ,author::UCxff05WuyvwELNITi7bj7UA,1
author::UCFxE8GbokBrBsPEKM1xrOjQ,author::UCTP3O0rMnc8z8v8jaDQwL0w,1
author::UCFxE8GbokBrBsPEKM1xrOjQ,author::UCTwSut16JyAg3mX6LVUNGqA,1
author::UCFxE8GbokBrBsPEKM1xrOjQ,author::UCrJn_rbo_ENAdeqneS-RmRw,1
author::UCFxE8GbokBrBsPEKM1xrOjQ,author::UCl0ekS9Tt0jJGtOEM18S63w,1
author::UCFxE8GbokBrBsPEKM1xrOjQ,author::UCut6b9S98nv84cVX89PmKzA,1
author::UCFxE8GbokBrBsPEKM1xrOjQ,author::UCi1b_TRQfgO1Z9O2gNGGWNA,1
author::UCFxE8GbokBrBsPEKM1xrOjQ,author::UCYN4wSQ1Sx4_LurxLlW7MPg,1
author::UCFxE8GbokBrBsPEKM1xrOjQ,author::UCTD6q1nyIe3Y7HhqjaMj72w,1
author::UCFxE8GbokBrBsPEKM1xrOjQ,author::UCpIdtvoFHVLGASGB5ySqIEA,1
author::UCFxE8GbokBrBsPEKM1xrOjQ,author::UCGzXwyCzMzGmjmCbH3Hg01Q,1
author::UCFxE8GbokBrBsPEKM1xrOjQ,author::UCtNfIBnc5S5DbbQj_yxgJTw,1
author::UCFxE8GbokBrBsPEKM1xrOjQ,author::UCHTGCgY2l-DQJIvlA_cpa_Q,1
author::UCFxE8GbokBrBsPEKM1xrOjQ,author::UCQqetiwzzmRNTM5OWuXarGQ,1
author::UCFxE8GbokBrBsPEKM1xrOjQ,author::UCRelkU8JiZBytTzebJxaa-w,1
author::UCFxE8GbokBrBsPEKM1xrOjQ,author::UCgvw7xIdGFupzpt1Y_BFkEA,1
author::UCFxE8GbokBrBsPEKM1xrOjQ,author::UCpsKOkt5iWTbenzeuq7dsmQ,1
author::UCFxE8GbokBrBsPEKM1xrOjQ,author::UCwW2OFy95P7ZBkOPxWkpvYg,1
author::UCFxE8GbokBrBsPEKM1xrOjQ,author::UCLFdHr9BEbXHkoJopbEPLZw,1
author::UCFxE8GbokBrBsPEKM1xrOjQ,author::UCNBnKqWf4d-rS4HwJRQljmQ,1
author::UCFxE8GbokBrBsPEKM1xrOjQ,author::UCiGRBf2RNF0WRKhRVT7zFoA,1
author::UCFxE8GbokBrBsPEKM1xrOjQ,author::UCcfdg8crmMJwEuLUsAhV7yg,1
author::UCFxE8GbokBrBsPEKM1xrOjQ,author::UCkd9W714-947dEE6ZOEBATA,1
author::UCFxE8GbokBrBsPEKM1xrOjQ,author::UCZ51R_9Q9C0c8I3pAWhtmjQ,1
author::UCFxE8GbokBrBsPEKM1xrOjQ,author::UCzSfZlOVxBSs5ObD25ywxDQ,1
author::UCFxE8GbokBrBsPEKM1xrOjQ,author::UCwha8rxULYMVtNwZWeSkE1A,1
author::UCFxE8GbokBrBsPEKM1xrOjQ,author::UChgkn5Jt5tWKYMoEOuCjz3Q,1
author::UCFxE8GbokBrBsPEKM1xrOjQ,author::UCvApqeCbLod-wejtT4CcVuA,1
author::UCFxE8GbokBrBsPEKM1xrOjQ,author::UCfM3nrxtTQMY5jFx1v1J4Gg,1
author::UCFxE8GbokBrBsPEKM1xrOjQ,author::UCRlCV9zSn7avAWh-9_XFWqQ,1
author::UCFxE8GbokBrBsPEKM1xrOjQ,author::UCNkcuy42zEwddwEcOd_HpnA,1
author::UCFxE8GbokBrBsPEKM1xrOjQ,author::UCz3gu01bmjNv0DpRq-K3XYg,1
author::UCFxE8GbokBrBsPEKM1xrOjQ,author::UCySYJU5kUh7X8gVt9la2ISA,1
author::UCFxE8GbokBrBsPEKM1xrOjQ,author::UCQgYjVngJRfPHDLGB5X6ZjA,1
author::UCFxE8GbokBrBsPEKM1xrOjQ,author::UCHhHUjaMAZ8SiXdCUCj9DkQ,1
author::UCFxE8GbokBrBsPEKM1xrOjQ,author::UCXSkL3ejZ8qWYyF_M7s_QKA,1
author::UCFxE8GbokBrBsPEKM1xrOjQ,author::UChZknRmJkeGeQk0-mQuhDOg,1
author::UCFxE8GbokBrBsPEKM1xrOjQ,author::UCXr8_5WtGeipe4haOoQDgyQ,1
author::UCFxE8GbokBrBsPEKM1xrOjQ,author::UCljDbleJul41G1TzOjOZAVA,1
author::UCFxE8GbokBrBsPEKM1xrOjQ,author::UCujPF2nBgsTD62nWE3lcpIg,1
author::UCFxE8GbokBrBsPEKM1xrOjQ,author::UCmjppp6ujz3SAnULvP3sZMw,1
author::UCFxE8GbokBrBsPEKM1xrOjQ,author::UCylqlpsh8ENNM1LqgQ1KbxA,1
author::UCFxE8GbokBrBsPEKM1xrOjQ,author::UCp4iw5_5SmV9VGTFSNVGOmQ,1
author::UCFxE8GbokBrBsPEKM1xrOjQ,author::UCN6qbfPSzFtjhqUDZ3Cv3CQ,1
author::UCFxE8GbokBrBsPEKM1xrOjQ,author::UCpl8rF8uv_8uui-QRvuJaRA,1
author::UCFxE8GbokBrBsPEKM1xrOjQ,author::UCh5ESQvtzyHDhCA7XyekCFA,1
author::UCFxE8GbokBrBsPEKM1xrOjQ,author::UCsSXdJct-nsS8DsABoEsaYA,1
author::UCFxE8GbokBrBsPEKM1xrOjQ,author::UCKDR0f2fu2UzWL8mBv5-BHw,1
author::UCFxE8GbokBrBsPEKM1xrOjQ,author::UCOLGv5Pf6BF2wFcwUzgcvHg,1
author::UCFxE8GbokBrBsPEKM1xrOjQ,author::UCtUR3_CAiE7fCoZHM6cMfyQ,1
author::UCFybmWapGvBKcQod7cPPH9w,author::UCeQk-WfEA-cJRq4EKeE7TOw,1
author::UCFybmWapGvBKcQod7cPPH9w,author::UCoGdCoJg2Lh0OX_jv6cG16g,1
author::UCFybmWapGvBKcQod7cPPH9w,author::UCheEJ5GZuIvV0fj-nXyVwXw,1
author::UCFybmWapGvBKcQod7cPPH9w,author::UCtsxPYw8VUsH_FfnKg-0lmw,1
author::UCFybmWapGvBKcQod7cPPH9w,author::UCWaRixDdpgllTBf4V0jPnKQ,1
author::UCFybmWapGvBKcQod7cPPH9w,author::UCgGqw4aqMdMVSGkKiMgrJRQ,1
author::UCFybmWapGvBKcQod7cPPH9w,author::UCql1n3Ey6ULMSOACjMe-fxQ,1
author::UCFybmWapGvBKcQod7cPPH9w,author::UCZFQwqh90apuL8eFhvRBkUg,1
author::UCFybmWapGvBKcQod7cPPH9w,author::UCRfkkatKrNtAARnXMMYBGlA,1
author::UCFybmWapGvBKcQod7cPPH9w,author::UCjZgFEowMBrsjodqfovzdKw,1
author::UCFybmWapGvBKcQod7cPPH9w,author::UCwxoKK59nGCeBqB2sXfDBIw,1
author::UCFybmWapGvBKcQod7cPPH9w,author::UCa36MjQLoPAmgJo-R3G8WQA,1
author::UCFybmWapGvBKcQod7cPPH9w,author::UCp29O_C7cchZV8IxV7Crdag,1
author::UCFybmWapGvBKcQod7cPPH9w,author::UCV3fr-YOixFKCZBbJP1-X4w,1
author::UCFybmWapGvBKcQod7cPPH9w,author::UChyps3dqY-VY1_wLeq-2lhw,1
author::UCFybmWapGvBKcQod7cPPH9w,author::UCiOZX__1gahg1ypIj0_XG_w,1
author::UCFybmWapGvBKcQod7cPPH9w,author::UCvDwJBBY1mHK70aTEYl6rsA,1
author::UCFybmWapGvBKcQod7cPPH9w,author::UCfo_yUPzy1f1POwwZxhZ06Q,1
author::UCFybmWapGvBKcQod7cPPH9w,author::UCtCtts20bW6F9CSohau51Iw,1
author::UCFybmWapGvBKcQod7cPPH9w,author::UCWvntqPQx99k_Z_skWKqNSA,1
author::UCFybmWapGvBKcQod7cPPH9w,author::UCzZ6dDCEsLMXbc5pCFXIprw,1
author::UCFybmWapGvBKcQod7cPPH9w,author::UCyJhqmMbsvjpoarBBStA2kg,1
author::UCFybmWapGvBKcQod7cPPH9w,author::UCaT4saRcyqCLE657Rq2hhZQ,1
author::UCGGHbtfbbe0o68etrOf0qxw,author::UCRAquv8el-tQ30bN7MlmySQ,1
author::UCGGHbtfbbe0o68etrOf0qxw,author::UCwgCc9Jd_gG-uLE_SY-FfPg,1
author::UCGGHbtfbbe0o68etrOf0qxw,author::UCRvPToDkkumha7WJAfCDk1A,1
author::UCGGHbtfbbe0o68etrOf0qxw,author::UColMq7LmaoY3MT6aIDGrGvA,1
author::UCGGHbtfbbe0o68etrOf0qxw,author::UCiC-Jn7wdgyQV4_Urk0DkWQ,1
author::UCGGHbtfbbe0o68etrOf0qxw,author::UCgQw_Sbq3ugruDUKsq1e0-A,1
author::UCGGHbtfbbe0o68etrOf0qxw,author::UCdFlugHJJa4l3YqWuNRmvXw,1
author::UCGGHbtfbbe0o68etrOf0qxw,author::UCHbwIx9pmQuf7i-4_xO2EpA,1
author::UCGGHbtfbbe0o68etrOf0qxw,author::UCeDNEtI8_a42bZ47wJiJMwQ,1
author::UCGGHbtfbbe0o68etrOf0qxw,author::UCu8_3-Wg-YzNyvHYQDEscfw,1
author::UCGGHbtfbbe0o68etrOf0qxw,author::UCQqlPPUGqAfWjd-FSh_qn7Q,1
author::UCGGHbtfbbe0o68etrOf0qxw,author::UCkVtmkK07b2zaVVNssX4lOg,1
author::UCGGHbtfbbe0o68etrOf0qxw,author::UCqCrvuoJpC-aVb0f4logQRQ,1
author::UCGGHbtfbbe0o68etrOf0qxw,author::UCsGoJEvb-cFPZ2rWoJcXzEQ,1
author::UCGGHbtfbbe0o68etrOf0qxw,author::UCuXmOjxC-htcprLgeVXz6Tg,1
author::UCGGHbtfbbe0o68etrOf0qxw,author::UCWoAVGVqCn4xtINCMOTM4jg,1
author::UCGGHbtfbbe0o68etrOf0qxw,author::UClqA491Xa5fQcXcJJa-vTWw,1
author::UCGGHbtfbbe0o68etrOf0qxw,author::UCQyOePccUP-fIJYzchAgZYw,1
author::UCGGHbtfbbe0o68etrOf0qxw,author::UCV0lM03g5fg5pbPj97-sAtA,1
author::UCGGHbtfbbe0o68etrOf0qxw,author::UC_LYoGs5C3mbZKZuKuqYCvw,1
author::UCGGHbtfbbe0o68etrOf0qxw,author::UCgJNFj5dnxXpcMvmuhZDPxA,1
author::UCGGHbtfbbe0o68etrOf0qxw,author::UCpsKOkt5iWTbenzeuq7dsmQ,1
author::UCGGHbtfbbe0o68etrOf0qxw,author::UCkbsS_3D-pvg1iHOld9uvIg,1
author::UCGGHbtfbbe0o68etrOf0qxw,author::UCOcUI5XkTYNMSFhZNMIPpGg,1
author::UCGGHbtfbbe0o68etrOf0qxw,author::UCW-JC6lebVmf2P1dmY_L94g,1
author::UCGGHbtfbbe0o68etrOf0qxw,author::UCwjUvRseNtJoItylIyIez7Q,1
author::UCGGHbtfbbe0o68etrOf0qxw,author::UClhMWQ7XKWywYvbRnuf8QsA,1
author::UCGGHbtfbbe0o68etrOf0qxw,author::UCe8JZoYkX5oKUZyivHYdXhw,1
author::UCGGHbtfbbe0o68etrOf0qxw,author::UCaKAjTW9MVub_clgr4DRYjQ,1
author::UCGGHbtfbbe0o68etrOf0qxw,author::UCpe5jW3MIqkgTJ-PgkzvM6Q,1
author::UCGGHbtfbbe0o68etrOf0qxw,author::UCylqlpsh8ENNM1LqgQ1KbxA,1
author::UCGGHbtfbbe0o68etrOf0qxw,author::UCZeIIQrGAedW8tCbKWmGY-A,1
author::UCGGHbtfbbe0o68etrOf0qxw,author::UCW80DaMjQlEUibC98Cot-Dg,1
author::UCGGHbtfbbe0o68etrOf0qxw,author::UCUoYsrx1oZnCZ0usbBJn4fA,1
author::UCGGHbtfbbe0o68etrOf0qxw,author::UCNpt5CQlTzNjlAKY6CJtClQ,1
author::UCGX_UbAQOXGZknv5iqklwTA,author::UCusjriFsDHEc2AOjqk-p5ig,1
author::UCGX_UbAQOXGZknv5iqklwTA,author::UCzZ6dDCEsLMXbc5pCFXIprw,1
author::UCGX_UbAQOXGZknv5iqklwTA,author::UCNIeXbV_mEwpa412h1aqUWw,1
author::UCGX_UbAQOXGZknv5iqklwTA,author::UCgQJgI9vu1FI2dnC9mrFthw,1
author::UCGX_UbAQOXGZknv5iqklwTA,author::UCg3eIfd7BrsLEqS0BLkftHA,1
author::UCGX_UbAQOXGZknv5iqklwTA,author::UCf5lnNZF7Qrtli9v4N_23WQ,1
author::UCGX_UbAQOXGZknv5iqklwTA,author::UCuP4UK33HKtJE_S39ksmaTw,1
author::UCGX_UbAQOXGZknv5iqklwTA,author::UCtNyHmRZtvGF2hSvI2dUBWw,1
author::UCGX_UbAQOXGZknv5iqklwTA,author::UCN2N_wYOw6fMwCeSzdXLPIw,1
author::UCGX_UbAQOXGZknv5iqklwTA,author::UCVQf0tzL7xRzFJsABVVULpg,1
author::UCGX_UbAQOXGZknv5iqklwTA,author::UCPZueDLrCS4BmTBRMA4q0fA,1
author::UCGX_UbAQOXGZknv5iqklwTA,author::UCbYoNG5J3Au5BqtbXogfEFw,1
author::UCGX_UbAQOXGZknv5iqklwTA,author::UCHTGCgY2l-DQJIvlA_cpa_Q,1
author::UCGX_UbAQOXGZknv5iqklwTA,author::UClsrFGJKWPxxw7MiaEdKLXw,1
author::UCGZMgmM92E3njyXNe9-kjAQ,author::UCat2qkYvqmtDNEmo2PVuhXw,1
author::UCGZMgmM92E3njyXNe9-kjAQ,author::UCQMMuADgqWUOcJpLwHOzC-g,1
author::UCGZMgmM92E3njyXNe9-kjAQ,author::UCp_dAUfv8i3LW3zWc24dLaQ,1
author::UCGZMgmM92E3njyXNe9-kjAQ,author::UCi2KiZq63sRq8Mfbcp-MelQ,1
author::UCGZMgmM92E3njyXNe9-kjAQ,author::UCIgoiXdIKJyUGmUoH2Lxdzg,1
author::UCGZMgmM92E3njyXNe9-kjAQ,author::UCZjm6U576nX8WOiLhmMR3bw,1
author::UCGZMgmM92E3njyXNe9-kjAQ,author::UCVdjCrh4tQoX3haNAZv-n5A,1
author::UCGZMgmM92E3njyXNe9-kjAQ,author::UCxhtlxPV8AYWaNNyU6S9H8Q,1
author::UCGZMgmM92E3njyXNe9-kjAQ,author::UCPNXmbOBVeC4HS-xemvcPtQ,1
author::UCGZMgmM92E3njyXNe9-kjAQ,author::UCbNanjFI51cwGqMAb2rOrBw,1
author::UCGZMgmM92E3njyXNe9-kjAQ,author::UCtiHFjFu7d5v2XxHnKFUYig,1
author::UCGZMgmM92E3njyXNe9-kjAQ,author::UCrqXyRsg-_hTosURZ-uvoKg,1
author::UCGZMgmM92E3njyXNe9-kjAQ,author::UCOLHH4ZpMxPYF-Q6e6wvn5A,1
author::UCGZMgmM92E3njyXNe9-kjAQ,author::UCozFYHN0e_-vlQbX3wQGOug,1
author::UCGj2v6Gl5bN8NSrzJMXS-CA,author::UCVhif9eV0f8plICen2DnpKA,1
author::UCGj2v6Gl5bN8NSrzJMXS-CA,author::UCyW68EGZey4ao_Vf2cR5Ztg,1
author::UCGj2v6Gl5bN8NSrzJMXS-CA,author::UCvcu1kR8xMYy_I1Ty-2mV2Q,1
author::UCGj2v6Gl5bN8NSrzJMXS-CA,author::UCZIQnb1fkwe39Iw2TAu-bGA,1
author::UCGj2v6Gl5bN8NSrzJMXS-CA,author::UCOARn3hnfkB7-_Rwa8Hoqcw,1
author::UCGm3gRBEHGRJYmtCryZLtDw,author::UCsUCN0Yq_UyTvKjOJLmNrnQ,1
author::UCGm3gRBEHGRJYmtCryZLtDw,author::UCHu8x4MVkayU6VgwVKd--MQ,1
author::UCGqKxQS-z3NZzZF-2w338AA,author::UCIUhbSCy3-SGRe5UtqM4fzQ,1
author::UCGqKxQS-z3NZzZF-2w338AA,author::UCY7Hq7F9Lnucf-Yr6JkHZNw,1
author::UCGqKxQS-z3NZzZF-2w338AA,author::UCaT6M2zp7X6r6Whd8Vv3kHQ,1
author::UCGqKxQS-z3NZzZF-2w338AA,author::UCxKR3RA8T-kxMgq_2WWhRcQ,1
author::UCGqKxQS-z3NZzZF-2w338AA,author::UCgLrWFdYitoP-b7-PxtUr-w,1
author::UCGqKxQS-z3NZzZF-2w338AA,author::UC_ljZ1hZXR9pzexFz87P5ZA,1
author::UCGqKxQS-z3NZzZF-2w338AA,author::UCqilIa8r7iek5sGYg_q6ofA,1
author::UCGqKxQS-z3NZzZF-2w338AA,author::UCtMBF_1O2jY2INlb_luuB_A,1
author::UCGqKxQS-z3NZzZF-2w338AA,author::UCSTAUWVc1_82DHYeqOsqEFA,1
author::UCGqKxQS-z3NZzZF-2w338AA,author::UCIp19h9igblA2YKfSLPDAug,1
author::UCGqKxQS-z3NZzZF-2w338AA,author::UCHMQ_lDhibZ-XZ_3fo6oxwg,1
author::UCGqKxQS-z3NZzZF-2w338AA,author::UCi-vPdnpQreC7BkFs40mJGA,1
author::UCGqKxQS-z3NZzZF-2w338AA,author::UCyzf29IYjNw67gGIfsjgtxA,1
author::UCGqKxQS-z3NZzZF-2w338AA,author::UCRcSR3Lvn9DZAmJpVPANfZQ,1
author::UCGqKxQS-z3NZzZF-2w338AA,author::UCXmrpc6Li0spcKxtS0Q_ptg,1
author::UCGqKxQS-z3NZzZF-2w338AA,author::UCRznz9-N3Qc1w-qNdLSIY2Q,1
author::UCGqKxQS-z3NZzZF-2w338AA,author::UCs_5qeqdku9tGAq22y3OcuQ,1
author::UCGqKxQS-z3NZzZF-2w338AA,author::UCgLurCo-e019HGODcjXHWCw,1
author::UCGqKxQS-z3NZzZF-2w338AA,author::UCwUAv3_LpWVtTIi7lkmTL7A,1
author::UCGzXwyCzMzGmjmCbH3Hg01Q,author::UCXgr7vXlRrsaskPdo097kGA,1
author::UCGzXwyCzMzGmjmCbH3Hg01Q,author::UCwO2SXr0ggzwg6QWWrr01nQ,1
author::UCGzXwyCzMzGmjmCbH3Hg01Q,author::UCipetjeiWj4CZB6EbyYziZg,1
author::UCGzXwyCzMzGmjmCbH3Hg01Q,author::UCV0iizTBoOfdAFX_thfI9BA,1
author::UCGzXwyCzMzGmjmCbH3Hg01Q,author::UCWIZUtKJ636y-4TYrNvok0g,1
author::UCGzXwyCzMzGmjmCbH3Hg01Q,author::UCLggDc_a5HriXv7I1h02sOA,1
author::UCGzXwyCzMzGmjmCbH3Hg01Q,author::UCueV9cTyTDwgQSec1x2dYgA,1
author::UCGzXwyCzMzGmjmCbH3Hg01Q,author::UCUIIIPTVDVHAXqhC_5V6lPA,1
author::UCGzXwyCzMzGmjmCbH3Hg01Q,author::UChep9kVb5gQmpodEEl10Xlg,1
author::UCGzXwyCzMzGmjmCbH3Hg01Q,author::UCsJJAvrVGupdmhOqgtDp8dg,1
author::UCGzXwyCzMzGmjmCbH3Hg01Q,author::UCQ_-LPP8JAbfkc-b1Q6NvWw,1
author::UCGzXwyCzMzGmjmCbH3Hg01Q,author::UCOS8ViEkccrTZx2w2ccxotA,1
author::UCGzXwyCzMzGmjmCbH3Hg01Q,author::UCL1MT278vSaQ83ZDkVWn1gw,1
author::UCGzXwyCzMzGmjmCbH3Hg01Q,author::UCjmPuazZJzscrwvk0QR9RVw,1
author::UCGzXwyCzMzGmjmCbH3Hg01Q,author::UCzoL2l5H5eVlorWGH8AZfAg,1
author::UCGzXwyCzMzGmjmCbH3Hg01Q,author::UCplrIQtaPj6au60_f2-mOYw,1
author::UCGzXwyCzMzGmjmCbH3Hg01Q,author::UCRETAiYdh2dL5ZxB0_N1zDA,1
author::UCGzXwyCzMzGmjmCbH3Hg01Q,author::UCj-LL25XJnjxepPKCc3NGog,1
author::UCGzXwyCzMzGmjmCbH3Hg01Q,author::UCTylKrsqkrBKIqubMu_5N0Q,1
author::UCGzXwyCzMzGmjmCbH3Hg01Q,author::UCZLG9qH0tUjNhEGFIUt0CYw,1
author::UCGzXwyCzMzGmjmCbH3Hg01Q,author::UCXXh7yg5KUFIWylTiKVEFKQ,1
author::UCGzXwyCzMzGmjmCbH3Hg01Q,author::UCr1emrogPKkKTs_WTtx71xg,1
author::UCGzXwyCzMzGmjmCbH3Hg01Q,author::UChs3tU2BcKOT0CezykvAsGw,1
author::UCGzXwyCzMzGmjmCbH3Hg01Q,author::UCmvOgzmmXbjUthHy-WJ52hQ,1
author::UCGzXwyCzMzGmjmCbH3Hg01Q,author::UCsjs5Hp_r86x1xbK6FAeqaA,1
author::UCGzXwyCzMzGmjmCbH3Hg01Q,author::UCOh6DaZC_x9HASnlRylEMfw,1
author::UCGzXwyCzMzGmjmCbH3Hg01Q,author::UCThW2XNsAaBKme5PUt7n-Zg,1
author::UCGzXwyCzMzGmjmCbH3Hg01Q,author::UCsUCN0Yq_UyTvKjOJLmNrnQ,1
author::UCGzXwyCzMzGmjmCbH3Hg01Q,author::UCjSKM9j0Q7HLDr1hD6D-TUw,1
author::UCGzXwyCzMzGmjmCbH3Hg01Q,author::UCL13XhnRzbGokEkCkEOb0-g,1
author::UCGzXwyCzMzGmjmCbH3Hg01Q,author::UCiMythXHsw7eQEMykCdmMUA,1
author::UCGzXwyCzMzGmjmCbH3Hg01Q,author::UCQtICyzWmhC5woCtbNgaSmg,1
author::UCGzXwyCzMzGmjmCbH3Hg01Q,author::UCQtSFINs1h6GHkpg9o5kMvg,1
author::UCGzXwyCzMzGmjmCbH3Hg01Q,author::UCSou6a2OuYGSvPjm5psquyA,1
author::UCGzXwyCzMzGmjmCbH3Hg01Q,author::UCYwpX26TrCxq8TvbKGRYLXA,1
author::UCGzXwyCzMzGmjmCbH3Hg01Q,author::UCxff05WuyvwELNITi7bj7UA,1
author::UCGzXwyCzMzGmjmCbH3Hg01Q,author::UCTP3O0rMnc8z8v8jaDQwL0w,1
author::UCGzXwyCzMzGmjmCbH3Hg01Q,author::UCTwSut16JyAg3mX6LVUNGqA,1
author::UCGzXwyCzMzGmjmCbH3Hg01Q,author::UCrJn_rbo_ENAdeqneS-RmRw,1
author::UCGzXwyCzMzGmjmCbH3Hg01Q,author::UCl0ekS9Tt0jJGtOEM18S63w,1
author::UCGzXwyCzMzGmjmCbH3Hg01Q,author::UCut6b9S98nv84cVX89PmKzA,1
author::UCGzXwyCzMzGmjmCbH3Hg01Q,author::UCi1b_TRQfgO1Z9O2gNGGWNA,1
author::UCGzXwyCzMzGmjmCbH3Hg01Q,author::UCYN4wSQ1Sx4_LurxLlW7MPg,1
author::UCGzXwyCzMzGmjmCbH3Hg01Q,author::UCTD6q1nyIe3Y7HhqjaMj72w,1
author::UCGzXwyCzMzGmjmCbH3Hg01Q,author::UCpIdtvoFHVLGASGB5ySqIEA,1
author::UCGzXwyCzMzGmjmCbH3Hg01Q,author::UCtNfIBnc5S5DbbQj_yxgJTw,1
author::UCGzXwyCzMzGmjmCbH3Hg01Q,author::UCHTGCgY2l-DQJIvlA_cpa_Q,1
author::UCGzXwyCzMzGmjmCbH3Hg01Q,author::UCQqetiwzzmRNTM5OWuXarGQ,1
author::UCGzXwyCzMzGmjmCbH3Hg01Q,author::UCRelkU8JiZBytTzebJxaa-w,1
author::UCGzXwyCzMzGmjmCbH3Hg01Q,author::UCgvw7xIdGFupzpt1Y_BFkEA,1
author::UCGzXwyCzMzGmjmCbH3Hg01Q,author::UCpsKOkt5iWTbenzeuq7dsmQ,1
author::UCGzXwyCzMzGmjmCbH3Hg01Q,author::UCwW2OFy95P7ZBkOPxWkpvYg,1
author::UCGzXwyCzMzGmjmCbH3Hg01Q,author::UCLFdHr9BEbXHkoJopbEPLZw,1
author::UCGzXwyCzMzGmjmCbH3Hg01Q,author::UCNBnKqWf4d-rS4HwJRQljmQ,1
author::UCGzXwyCzMzGmjmCbH3Hg01Q,author::UCiGRBf2RNF0WRKhRVT7zFoA,1
author::UCGzXwyCzMzGmjmCbH3Hg01Q,author::UCcfdg8crmMJwEuLUsAhV7yg,1
author::UCGzXwyCzMzGmjmCbH3Hg01Q,author::UCkd9W714-947dEE6ZOEBATA,1
author::UCGzXwyCzMzGmjmCbH3Hg01Q,author::UCZ51R_9Q9C0c8I3pAWhtmjQ,1
author::UCGzXwyCzMzGmjmCbH3Hg01Q,author::UCzSfZlOVxBSs5ObD25ywxDQ,1
author::UCGzXwyCzMzGmjmCbH3Hg01Q,author::UCwha8rxULYMVtNwZWeSkE1A,1
author::UCGzXwyCzMzGmjmCbH3Hg01Q,author::UChgkn5Jt5tWKYMoEOuCjz3Q,1
author::UCGzXwyCzMzGmjmCbH3Hg01Q,author::UCvApqeCbLod-wejtT4CcVuA,1
author::UCGzXwyCzMzGmjmCbH3Hg01Q,author::UCfM3nrxtTQMY5jFx1v1J4Gg,1
author::UCGzXwyCzMzGmjmCbH3Hg01Q,author::UCRlCV9zSn7avAWh-9_XFWqQ,1
author::UCGzXwyCzMzGmjmCbH3Hg01Q,author::UCNkcuy42zEwddwEcOd_HpnA,1
author::UCGzXwyCzMzGmjmCbH3Hg01Q,author::UCz3gu01bmjNv0DpRq-K3XYg,1
author::UCGzXwyCzMzGmjmCbH3Hg01Q,author::UCySYJU5kUh7X8gVt9la2ISA,1
author::UCGzXwyCzMzGmjmCbH3Hg01Q,author::UCQgYjVngJRfPHDLGB5X6ZjA,1
author::UCGzXwyCzMzGmjmCbH3Hg01Q,author::UCHhHUjaMAZ8SiXdCUCj9DkQ,1
author::UCGzXwyCzMzGmjmCbH3Hg01Q,author::UCXSkL3ejZ8qWYyF_M7s_QKA,1
author::UCGzXwyCzMzGmjmCbH3Hg01Q,author::UChZknRmJkeGeQk0-mQuhDOg,1
author::UCGzXwyCzMzGmjmCbH3Hg01Q,author::UCXr8_5WtGeipe4haOoQDgyQ,1
author::UCGzXwyCzMzGmjmCbH3Hg01Q,author::UCljDbleJul41G1TzOjOZAVA,1
author::UCGzXwyCzMzGmjmCbH3Hg01Q,author::UCujPF2nBgsTD62nWE3lcpIg,1
author::UCGzXwyCzMzGmjmCbH3Hg01Q,author::UCmjppp6ujz3SAnULvP3sZMw,1
author::UCGzXwyCzMzGmjmCbH3Hg01Q,author::UCylqlpsh8ENNM1LqgQ1KbxA,1
author::UCGzXwyCzMzGmjmCbH3Hg01Q,author::UCp4iw5_5SmV9VGTFSNVGOmQ,1
author::UCGzXwyCzMzGmjmCbH3Hg01Q,author::UCN6qbfPSzFtjhqUDZ3Cv3CQ,1
author::UCGzXwyCzMzGmjmCbH3Hg01Q,author::UCpl8rF8uv_8uui-QRvuJaRA,1
author::UCGzXwyCzMzGmjmCbH3Hg01Q,author::UCh5ESQvtzyHDhCA7XyekCFA,1
author::UCGzXwyCzMzGmjmCbH3Hg01Q,author::UCsSXdJct-nsS8DsABoEsaYA,1
author::UCGzXwyCzMzGmjmCbH3Hg01Q,author::UCKDR0f2fu2UzWL8mBv5-BHw,1
author::UCGzXwyCzMzGmjmCbH3Hg01Q,author::UCOLGv5Pf6BF2wFcwUzgcvHg,1
author::UCGzXwyCzMzGmjmCbH3Hg01Q,author::UCtUR3_CAiE7fCoZHM6cMfyQ,1
author::UCHGd14aYuZZShLD73dkk6mg,author::UCWWkebAekppaL5b5CNlppuw,1
author::UCHGd14aYuZZShLD73dkk6mg,author::UCQIdKuZ-OzuFqy0KjGrgesg,1
author::UCHMQ_lDhibZ-XZ_3fo6oxwg,author::UCIUhbSCy3-SGRe5UtqM4fzQ,1
author::UCHMQ_lDhibZ-XZ_3fo6oxwg,author::UCY7Hq7F9Lnucf-Yr6JkHZNw,1
author::UCHMQ_lDhibZ-XZ_3fo6oxwg,author::UCaT6M2zp7X6r6Whd8Vv3kHQ,1
author::UCHMQ_lDhibZ-XZ_3fo6oxwg,author::UCxKR3RA8T-kxMgq_2WWhRcQ,1
author::UCHMQ_lDhibZ-XZ_3fo6oxwg,author::UCgLrWFdYitoP-b7-PxtUr-w,1
author::UCHMQ_lDhibZ-XZ_3fo6oxwg,author::UC_ljZ1hZXR9pzexFz87P5ZA,1
author::UCHMQ_lDhibZ-XZ_3fo6oxwg,author::UCqilIa8r7iek5sGYg_q6ofA,1
author::UCHMQ_lDhibZ-XZ_3fo6oxwg,author::UCtMBF_1O2jY2INlb_luuB_A,1
author::UCHMQ_lDhibZ-XZ_3fo6oxwg,author::UCSTAUWVc1_82DHYeqOsqEFA,1
author::UCHMQ_lDhibZ-XZ_3fo6oxwg,author::UCIp19h9igblA2YKfSLPDAug,1
author::UCHMQ_lDhibZ-XZ_3fo6oxwg,author::UCi-vPdnpQreC7BkFs40mJGA,1
author::UCHMQ_lDhibZ-XZ_3fo6oxwg,author::UCyzf29IYjNw67gGIfsjgtxA,1
author::UCHMQ_lDhibZ-XZ_3fo6oxwg,author::UCRcSR3Lvn9DZAmJpVPANfZQ,1
author::UCHMQ_lDhibZ-XZ_3fo6oxwg,author::UCXmrpc6Li0spcKxtS0Q_ptg,1
author::UCHMQ_lDhibZ-XZ_3fo6oxwg,author::UCRznz9-N3Qc1w-qNdLSIY2Q,1
author::UCHMQ_lDhibZ-XZ_3fo6oxwg,author::UCs_5qeqdku9tGAq22y3OcuQ,1
author::UCHMQ_lDhibZ-XZ_3fo6oxwg,author::UCgLurCo-e019HGODcjXHWCw,1
author::UCHMQ_lDhibZ-XZ_3fo6oxwg,author::UCwUAv3_LpWVtTIi7lkmTL7A,1
author::UCHTGCgY2l-DQJIvlA_cpa_Q,author::UCXgr7vXlRrsaskPdo097kGA,1
author::UCHTGCgY2l-DQJIvlA_cpa_Q,author::UCwO2SXr0ggzwg6QWWrr01nQ,1
author::UCHTGCgY2l-DQJIvlA_cpa_Q,author::UCipetjeiWj4CZB6EbyYziZg,1
author::UCHTGCgY2l-DQJIvlA_cpa_Q,author::UCV0iizTBoOfdAFX_thfI9BA,1
author::UCHTGCgY2l-DQJIvlA_cpa_Q,author::UCWIZUtKJ636y-4TYrNvok0g,1
author::UCHTGCgY2l-DQJIvlA_cpa_Q,author::UCLggDc_a5HriXv7I1h02sOA,1
author::UCHTGCgY2l-DQJIvlA_cpa_Q,author::UCueV9cTyTDwgQSec1x2dYgA,1
author::UCHTGCgY2l-DQJIvlA_cpa_Q,author::UCUIIIPTVDVHAXqhC_5V6lPA,1
author::UCHTGCgY2l-DQJIvlA_cpa_Q,author::UChep9kVb5gQmpodEEl10Xlg,1
author::UCHTGCgY2l-DQJIvlA_cpa_Q,author::UCsJJAvrVGupdmhOqgtDp8dg,1
author::UCHTGCgY2l-DQJIvlA_cpa_Q,author::UCQ_-LPP8JAbfkc-b1Q6NvWw,1
author::UCHTGCgY2l-DQJIvlA_cpa_Q,author::UCOS8ViEkccrTZx2w2ccxotA,1
author::UCHTGCgY2l-DQJIvlA_cpa_Q,author::UCL1MT278vSaQ83ZDkVWn1gw,1
author::UCHTGCgY2l-DQJIvlA_cpa_Q,author::UCzZ6dDCEsLMXbc5pCFXIprw,1
author::UCHTGCgY2l-DQJIvlA_cpa_Q,author::UCjmPuazZJzscrwvk0QR9RVw,1
author::UCHTGCgY2l-DQJIvlA_cpa_Q,author::UCzoL2l5H5eVlorWGH8AZfAg,1
author::UCHTGCgY2l-DQJIvlA_cpa_Q,author::UCplrIQtaPj6au60_f2-mOYw,1
author::UCHTGCgY2l-DQJIvlA_cpa_Q,author::UCRETAiYdh2dL5ZxB0_N1zDA,1
author::UCHTGCgY2l-DQJIvlA_cpa_Q,author::UCj-LL25XJnjxepPKCc3NGog,1
author::UCHTGCgY2l-DQJIvlA_cpa_Q,author::UCN2N_wYOw6fMwCeSzdXLPIw,1
author::UCHTGCgY2l-DQJIvlA_cpa_Q,author::UCTylKrsqkrBKIqubMu_5N0Q,1
author::UCHTGCgY2l-DQJIvlA_cpa_Q,author::UCZLG9qH0tUjNhEGFIUt0CYw,1
author::UCHTGCgY2l-DQJIvlA_cpa_Q,author::UCusjriFsDHEc2AOjqk-p5ig,1
author::UCHTGCgY2l-DQJIvlA_cpa_Q,author::UCg3eIfd7BrsLEqS0BLkftHA,1
author::UCHTGCgY2l-DQJIvlA_cpa_Q,author::UCXXh7yg5KUFIWylTiKVEFKQ,1
author::UCHTGCgY2l-DQJIvlA_cpa_Q,author::UCr1emrogPKkKTs_WTtx71xg,1
author::UCHTGCgY2l-DQJIvlA_cpa_Q,author::UChs3tU2BcKOT0CezykvAsGw,1
author::UCHTGCgY2l-DQJIvlA_cpa_Q,author::UCmvOgzmmXbjUthHy-WJ52hQ,1
author::UCHTGCgY2l-DQJIvlA_cpa_Q,author::UCsjs5Hp_r86x1xbK6FAeqaA,1
author::UCHTGCgY2l-DQJIvlA_cpa_Q,author::UCOh6DaZC_x9HASnlRylEMfw,1
author::UCHTGCgY2l-DQJIvlA_cpa_Q,author::UCThW2XNsAaBKme5PUt7n-Zg,1
author::UCHTGCgY2l-DQJIvlA_cpa_Q,author::UCsUCN0Yq_UyTvKjOJLmNrnQ,1
author::UCHTGCgY2l-DQJIvlA_cpa_Q,author::UCjSKM9j0Q7HLDr1hD6D-TUw,1
author::UCHTGCgY2l-DQJIvlA_cpa_Q,author::UCPZueDLrCS4BmTBRMA4q0fA,1
author::UCHTGCgY2l-DQJIvlA_cpa_Q,author::UCL13XhnRzbGokEkCkEOb0-g,1
author::UCHTGCgY2l-DQJIvlA_cpa_Q,author::UCiMythXHsw7eQEMykCdmMUA,1
author::UCHTGCgY2l-DQJIvlA_cpa_Q,author::UCQtICyzWmhC5woCtbNgaSmg,1
author::UCHTGCgY2l-DQJIvlA_cpa_Q,author::UCQtSFINs1h6GHkpg9o5kMvg,1
author::UCHTGCgY2l-DQJIvlA_cpa_Q,author::UCSou6a2OuYGSvPjm5psquyA,1
author::UCHTGCgY2l-DQJIvlA_cpa_Q,author::UCYwpX26TrCxq8TvbKGRYLXA,1
author::UCHTGCgY2l-DQJIvlA_cpa_Q,author::UCxff05WuyvwELNITi7bj7UA,1
author::UCHTGCgY2l-DQJIvlA_cpa_Q,author::UCTP3O0rMnc8z8v8jaDQwL0w,1
author::UCHTGCgY2l-DQJIvlA_cpa_Q,author::UCTwSut16JyAg3mX6LVUNGqA,1
author::UCHTGCgY2l-DQJIvlA_cpa_Q,author::UCuP4UK33HKtJE_S39ksmaTw,1
author::UCHTGCgY2l-DQJIvlA_cpa_Q,author::UCrJn_rbo_ENAdeqneS-RmRw,1
author::UCHTGCgY2l-DQJIvlA_cpa_Q,author::UCtNyHmRZtvGF2hSvI2dUBWw,1
author::UCHTGCgY2l-DQJIvlA_cpa_Q,author::UCl0ekS9Tt0jJGtOEM18S63w,1
author::UCHTGCgY2l-DQJIvlA_cpa_Q,author::UCut6b9S98nv84cVX89PmKzA,1
author::UCHTGCgY2l-DQJIvlA_cpa_Q,author::UCi1b_TRQfgO1Z9O2gNGGWNA,1
author::UCHTGCgY2l-DQJIvlA_cpa_Q,author::UCYN4wSQ1Sx4_LurxLlW7MPg,1
author::UCHTGCgY2l-DQJIvlA_cpa_Q,author::UCTD6q1nyIe3Y7HhqjaMj72w,1
author::UCHTGCgY2l-DQJIvlA_cpa_Q,author::UCpIdtvoFHVLGASGB5ySqIEA,1
author::UCHTGCgY2l-DQJIvlA_cpa_Q,author::UCtNfIBnc5S5DbbQj_yxgJTw,1
author::UCHTGCgY2l-DQJIvlA_cpa_Q,author::UCQqetiwzzmRNTM5OWuXarGQ,1
author::UCHTGCgY2l-DQJIvlA_cpa_Q,author::UCRelkU8JiZBytTzebJxaa-w,1
author::UCHTGCgY2l-DQJIvlA_cpa_Q,author::UCgvw7xIdGFupzpt1Y_BFkEA,1
author::UCHTGCgY2l-DQJIvlA_cpa_Q,author::UCpsKOkt5iWTbenzeuq7dsmQ,1
author::UCHTGCgY2l-DQJIvlA_cpa_Q,author::UCwW2OFy95P7ZBkOPxWkpvYg,1
author::UCHTGCgY2l-DQJIvlA_cpa_Q,author::UCgQJgI9vu1FI2dnC9mrFthw,1
author::UCHTGCgY2l-DQJIvlA_cpa_Q,author::UCf5lnNZF7Qrtli9v4N_23WQ,1
author::UCHTGCgY2l-DQJIvlA_cpa_Q,author::UCLFdHr9BEbXHkoJopbEPLZw,1
author::UCHTGCgY2l-DQJIvlA_cpa_Q,author::UCNBnKqWf4d-rS4HwJRQljmQ,1
author::UCHTGCgY2l-DQJIvlA_cpa_Q,author::UCiGRBf2RNF0WRKhRVT7zFoA,1
author::UCHTGCgY2l-DQJIvlA_cpa_Q,author::UCcfdg8crmMJwEuLUsAhV7yg,1
author::UCHTGCgY2l-DQJIvlA_cpa_Q,author::UCkd9W714-947dEE6ZOEBATA,1
author::UCHTGCgY2l-DQJIvlA_cpa_Q,author::UCZ51R_9Q9C0c8I3pAWhtmjQ,1
author::UCHTGCgY2l-DQJIvlA_cpa_Q,author::UCzSfZlOVxBSs5ObD25ywxDQ,1
author::UCHTGCgY2l-DQJIvlA_cpa_Q,author::UCVQf0tzL7xRzFJsABVVULpg,1
author::UCHTGCgY2l-DQJIvlA_cpa_Q,author::UCwha8rxULYMVtNwZWeSkE1A,1
author::UCHTGCgY2l-DQJIvlA_cpa_Q,author::UChgkn5Jt5tWKYMoEOuCjz3Q,1
author::UCHTGCgY2l-DQJIvlA_cpa_Q,author::UCvApqeCbLod-wejtT4CcVuA,1
author::UCHTGCgY2l-DQJIvlA_cpa_Q,author::UCfM3nrxtTQMY5jFx1v1J4Gg,1
author::UCHTGCgY2l-DQJIvlA_cpa_Q,author::UCRlCV9zSn7avAWh-9_XFWqQ,1
author::UCHTGCgY2l-DQJIvlA_cpa_Q,author::UCNkcuy42zEwddwEcOd_HpnA,1
author::UCHTGCgY2l-DQJIvlA_cpa_Q,author::UCz3gu01bmjNv0DpRq-K3XYg,1
author::UCHTGCgY2l-DQJIvlA_cpa_Q,author::UCySYJU5kUh7X8gVt9la2ISA,1
author::UCHTGCgY2l-DQJIvlA_cpa_Q,author::UCbYoNG5J3Au5BqtbXogfEFw,1
author::UCHTGCgY2l-DQJIvlA_cpa_Q,author::UCQgYjVngJRfPHDLGB5X6ZjA,1
author::UCHTGCgY2l-DQJIvlA_cpa_Q,author::UCHhHUjaMAZ8SiXdCUCj9DkQ,1
author::UCHTGCgY2l-DQJIvlA_cpa_Q,author::UCXSkL3ejZ8qWYyF_M7s_QKA,1
author::UCHTGCgY2l-DQJIvlA_cpa_Q,author::UChZknRmJkeGeQk0-mQuhDOg,1
author::UCHTGCgY2l-DQJIvlA_cpa_Q,author::UCXr8_5WtGeipe4haOoQDgyQ,1
author::UCHTGCgY2l-DQJIvlA_cpa_Q,author::UCljDbleJul41G1TzOjOZAVA,1
author::UCHTGCgY2l-DQJIvlA_cpa_Q,author::UCujPF2nBgsTD62nWE3lcpIg,1
author::UCHTGCgY2l-DQJIvlA_cpa_Q,author::UCNIeXbV_mEwpa412h1aqUWw,1
author::UCHTGCgY2l-DQJIvlA_cpa_Q,author::UCmjppp6ujz3SAnULvP3sZMw,1
author::UCHTGCgY2l-DQJIvlA_cpa_Q,author::UCylqlpsh8ENNM1LqgQ1KbxA,1
author::UCHTGCgY2l-DQJIvlA_cpa_Q,author::UCN6qbfPSzFtjhqUDZ3Cv3CQ,1
author::UCHTGCgY2l-DQJIvlA_cpa_Q,author::UCp4iw5_5SmV9VGTFSNVGOmQ,1
author::UCHTGCgY2l-DQJIvlA_cpa_Q,author::UCpl8rF8uv_8uui-QRvuJaRA,1
author::UCHTGCgY2l-DQJIvlA_cpa_Q,author::UCh5ESQvtzyHDhCA7XyekCFA,1
author::UCHTGCgY2l-DQJIvlA_cpa_Q,author::UCsSXdJct-nsS8DsABoEsaYA,1
author::UCHTGCgY2l-DQJIvlA_cpa_Q,author::UCKDR0f2fu2UzWL8mBv5-BHw,1
author::UCHTGCgY2l-DQJIvlA_cpa_Q,author::UCOLGv5Pf6BF2wFcwUzgcvHg,1
author::UCHTGCgY2l-DQJIvlA_cpa_Q,author::UClsrFGJKWPxxw7MiaEdKLXw,1
author::UCHTGCgY2l-DQJIvlA_cpa_Q,author::UCtUR3_CAiE7fCoZHM6cMfyQ,1
author::UCHbwIx9pmQuf7i-4_xO2EpA,author::UCRAquv8el-tQ30bN7MlmySQ,1
author::UCHbwIx9pmQuf7i-4_xO2EpA,author::UCwgCc9Jd_gG-uLE_SY-FfPg,1
author::UCHbwIx9pmQuf7i-4_xO2EpA,author::UCRvPToDkkumha7WJAfCDk1A,1
author::UCHbwIx9pmQuf7i-4_xO2EpA,author::UColMq7LmaoY3MT6aIDGrGvA,1
author::UCHbwIx9pmQuf7i-4_xO2EpA,author::UCiC-Jn7wdgyQV4_Urk0DkWQ,1
author::UCHbwIx9pmQuf7i-4_xO2EpA,author::UCgQw_Sbq3ugruDUKsq1e0-A,1
author::UCHbwIx9pmQuf7i-4_xO2EpA,author::UCdFlugHJJa4l3YqWuNRmvXw,1
author::UCHbwIx9pmQuf7i-4_xO2EpA,author::UCeDNEtI8_a42bZ47wJiJMwQ,1
author::UCHbwIx9pmQuf7i-4_xO2EpA,author::UCu8_3-Wg-YzNyvHYQDEscfw,1
author::UCHbwIx9pmQuf7i-4_xO2EpA,author::UCQqlPPUGqAfWjd-FSh_qn7Q,1
author::UCHbwIx9pmQuf7i-4_xO2EpA,author::UCkVtmkK07b2zaVVNssX4lOg,1
author::UCHbwIx9pmQuf7i-4_xO2EpA,author::UCqCrvuoJpC-aVb0f4logQRQ,1
author::UCHbwIx9pmQuf7i-4_xO2EpA,author::UCsGoJEvb-cFPZ2rWoJcXzEQ,1
author::UCHbwIx9pmQuf7i-4_xO2EpA,author::UCuXmOjxC-htcprLgeVXz6Tg,1
author::UCHbwIx9pmQuf7i-4_xO2EpA,author::UCWoAVGVqCn4xtINCMOTM4jg,1
author::UCHbwIx9pmQuf7i-4_xO2EpA,author::UClqA491Xa5fQcXcJJa-vTWw,1
author::UCHbwIx9pmQuf7i-4_xO2EpA,author::UCQyOePccUP-fIJYzchAgZYw,1
author::UCHbwIx9pmQuf7i-4_xO2EpA,author::UCV0lM03g5fg5pbPj97-sAtA,1
author::UCHbwIx9pmQuf7i-4_xO2EpA,author::UC_LYoGs5C3mbZKZuKuqYCvw,1
author::UCHbwIx9pmQuf7i-4_xO2EpA,author::UCgJNFj5dnxXpcMvmuhZDPxA,1
author::UCHbwIx9pmQuf7i-4_xO2EpA,author::UCpsKOkt5iWTbenzeuq7dsmQ,1
author::UCHbwIx9pmQuf7i-4_xO2EpA,author::UCkbsS_3D-pvg1iHOld9uvIg,1
author::UCHbwIx9pmQuf7i-4_xO2EpA,author::UCOcUI5XkTYNMSFhZNMIPpGg,1
author::UCHbwIx9pmQuf7i-4_xO2EpA,author::UCW-JC6lebVmf2P1dmY_L94g,1
author::UCHbwIx9pmQuf7i-4_xO2EpA,author::UCwjUvRseNtJoItylIyIez7Q,1
author::UCHbwIx9pmQuf7i-4_xO2EpA,author::UClhMWQ7XKWywYvbRnuf8QsA,1
author::UCHbwIx9pmQuf7i-4_xO2EpA,author::UCe8JZoYkX5oKUZyivHYdXhw,1
author::UCHbwIx9pmQuf7i-4_xO2EpA,author::UCaKAjTW9MVub_clgr4DRYjQ,1
author::UCHbwIx9pmQuf7i-4_xO2EpA,author::UCpe5jW3MIqkgTJ-PgkzvM6Q,1
author::UCHbwIx9pmQuf7i-4_xO2EpA,author::UCylqlpsh8ENNM1LqgQ1KbxA,1
author::UCHbwIx9pmQuf7i-4_xO2EpA,author::UCZeIIQrGAedW8tCbKWmGY-A,1
author::UCHbwIx9pmQuf7i-4_xO2EpA,author::UCW80DaMjQlEUibC98Cot-Dg,1
author::UCHbwIx9pmQuf7i-4_xO2EpA,author::UCUoYsrx1oZnCZ0usbBJn4fA,1
author::UCHbwIx9pmQuf7i-4_xO2EpA,author::UCNpt5CQlTzNjlAKY6CJtClQ,1
author::UCHhHUjaMAZ8SiXdCUCj9DkQ,author::UCXgr7vXlRrsaskPdo097kGA,1
author::UCHhHUjaMAZ8SiXdCUCj9DkQ,author::UCwO2SXr0ggzwg6QWWrr01nQ,1
author::UCHhHUjaMAZ8SiXdCUCj9DkQ,author::UCipetjeiWj4CZB6EbyYziZg,1
author::UCHhHUjaMAZ8SiXdCUCj9DkQ,author::UCV0iizTBoOfdAFX_thfI9BA,1
author::UCHhHUjaMAZ8SiXdCUCj9DkQ,author::UCWIZUtKJ636y-4TYrNvok0g,1
author::UCHhHUjaMAZ8SiXdCUCj9DkQ,author::UCLggDc_a5HriXv7I1h02sOA,1
author::UCHhHUjaMAZ8SiXdCUCj9DkQ,author::UCueV9cTyTDwgQSec1x2dYgA,1
author::UCHhHUjaMAZ8SiXdCUCj9DkQ,author::UCUIIIPTVDVHAXqhC_5V6lPA,1
author::UCHhHUjaMAZ8SiXdCUCj9DkQ,author::UChep9kVb5gQmpodEEl10Xlg,1
author::UCHhHUjaMAZ8SiXdCUCj9DkQ,author::UCsJJAvrVGupdmhOqgtDp8dg,1
author::UCHhHUjaMAZ8SiXdCUCj9DkQ,author::UCQ_-LPP8JAbfkc-b1Q6NvWw,1
author::UCHhHUjaMAZ8SiXdCUCj9DkQ,author::UCOS8ViEkccrTZx2w2ccxotA,1
author::UCHhHUjaMAZ8SiXdCUCj9DkQ,author::UCL1MT278vSaQ83ZDkVWn1gw,1
author::UCHhHUjaMAZ8SiXdCUCj9DkQ,author::UCjmPuazZJzscrwvk0QR9RVw,1
author::UCHhHUjaMAZ8SiXdCUCj9DkQ,author::UCzoL2l5H5eVlorWGH8AZfAg,1
author::UCHhHUjaMAZ8SiXdCUCj9DkQ,author::UCplrIQtaPj6au60_f2-mOYw,1
author::UCHhHUjaMAZ8SiXdCUCj9DkQ,author::UCRETAiYdh2dL5ZxB0_N1zDA,1
author::UCHhHUjaMAZ8SiXdCUCj9DkQ,author::UCj-LL25XJnjxepPKCc3NGog,1
author::UCHhHUjaMAZ8SiXdCUCj9DkQ,author::UCTylKrsqkrBKIqubMu_5N0Q,1
author::UCHhHUjaMAZ8SiXdCUCj9DkQ,author::UCZLG9qH0tUjNhEGFIUt0CYw,1
author::UCHhHUjaMAZ8SiXdCUCj9DkQ,author::UCXXh7yg5KUFIWylTiKVEFKQ,1
author::UCHhHUjaMAZ8SiXdCUCj9DkQ,author::UCr1emrogPKkKTs_WTtx71xg,1
author::UCHhHUjaMAZ8SiXdCUCj9DkQ,author::UChs3tU2BcKOT0CezykvAsGw,1
author::UCHhHUjaMAZ8SiXdCUCj9DkQ,author::UCmvOgzmmXbjUthHy-WJ52hQ,1
author::UCHhHUjaMAZ8SiXdCUCj9DkQ,author::UCsjs5Hp_r86x1xbK6FAeqaA,1
author::UCHhHUjaMAZ8SiXdCUCj9DkQ,author::UCOh6DaZC_x9HASnlRylEMfw,1
author::UCHhHUjaMAZ8SiXdCUCj9DkQ,author::UCThW2XNsAaBKme5PUt7n-Zg,1
author::UCHhHUjaMAZ8SiXdCUCj9DkQ,author::UCsUCN0Yq_UyTvKjOJLmNrnQ,1
author::UCHhHUjaMAZ8SiXdCUCj9DkQ,author::UCjSKM9j0Q7HLDr1hD6D-TUw,1
author::UCHhHUjaMAZ8SiXdCUCj9DkQ,author::UCL13XhnRzbGokEkCkEOb0-g,1
author::UCHhHUjaMAZ8SiXdCUCj9DkQ,author::UCiMythXHsw7eQEMykCdmMUA,1
author::UCHhHUjaMAZ8SiXdCUCj9DkQ,author::UCQtICyzWmhC5woCtbNgaSmg,1
author::UCHhHUjaMAZ8SiXdCUCj9DkQ,author::UCQtSFINs1h6GHkpg9o5kMvg,1
author::UCHhHUjaMAZ8SiXdCUCj9DkQ,author::UCSou6a2OuYGSvPjm5psquyA,1
author::UCHhHUjaMAZ8SiXdCUCj9DkQ,author::UCYwpX26TrCxq8TvbKGRYLXA,1
author::UCHhHUjaMAZ8SiXdCUCj9DkQ,author::UCxff05WuyvwELNITi7bj7UA,1
author::UCHhHUjaMAZ8SiXdCUCj9DkQ,author::UCTP3O0rMnc8z8v8jaDQwL0w,1
author::UCHhHUjaMAZ8SiXdCUCj9DkQ,author::UCTwSut16JyAg3mX6LVUNGqA,1
author::UCHhHUjaMAZ8SiXdCUCj9DkQ,author::UCrJn_rbo_ENAdeqneS-RmRw,1
author::UCHhHUjaMAZ8SiXdCUCj9DkQ,author::UCl0ekS9Tt0jJGtOEM18S63w,1
author::UCHhHUjaMAZ8SiXdCUCj9DkQ,author::UCut6b9S98nv84cVX89PmKzA,1
author::UCHhHUjaMAZ8SiXdCUCj9DkQ,author::UCi1b_TRQfgO1Z9O2gNGGWNA,1
author::UCHhHUjaMAZ8SiXdCUCj9DkQ,author::UCYN4wSQ1Sx4_LurxLlW7MPg,1
author::UCHhHUjaMAZ8SiXdCUCj9DkQ,author::UCTD6q1nyIe3Y7HhqjaMj72w,1
author::UCHhHUjaMAZ8SiXdCUCj9DkQ,author::UCpIdtvoFHVLGASGB5ySqIEA,1
author::UCHhHUjaMAZ8SiXdCUCj9DkQ,author::UCtNfIBnc5S5DbbQj_yxgJTw,1
author::UCHhHUjaMAZ8SiXdCUCj9DkQ,author::UCQqetiwzzmRNTM5OWuXarGQ,1
author::UCHhHUjaMAZ8SiXdCUCj9DkQ,author::UCRelkU8JiZBytTzebJxaa-w,1
author::UCHhHUjaMAZ8SiXdCUCj9DkQ,author::UCgvw7xIdGFupzpt1Y_BFkEA,1
author::UCHhHUjaMAZ8SiXdCUCj9DkQ,author::UCpsKOkt5iWTbenzeuq7dsmQ,1
author::UCHhHUjaMAZ8SiXdCUCj9DkQ,author::UCwW2OFy95P7ZBkOPxWkpvYg,1
author::UCHhHUjaMAZ8SiXdCUCj9DkQ,author::UCLFdHr9BEbXHkoJopbEPLZw,1
author::UCHhHUjaMAZ8SiXdCUCj9DkQ,author::UCNBnKqWf4d-rS4HwJRQljmQ,1
author::UCHhHUjaMAZ8SiXdCUCj9DkQ,author::UCiGRBf2RNF0WRKhRVT7zFoA,1
author::UCHhHUjaMAZ8SiXdCUCj9DkQ,author::UCcfdg8crmMJwEuLUsAhV7yg,1
author::UCHhHUjaMAZ8SiXdCUCj9DkQ,author::UCkd9W714-947dEE6ZOEBATA,1
author::UCHhHUjaMAZ8SiXdCUCj9DkQ,author::UCZ51R_9Q9C0c8I3pAWhtmjQ,1
author::UCHhHUjaMAZ8SiXdCUCj9DkQ,author::UCzSfZlOVxBSs5ObD25ywxDQ,1
author::UCHhHUjaMAZ8SiXdCUCj9DkQ,author::UCwha8rxULYMVtNwZWeSkE1A,1
author::UCHhHUjaMAZ8SiXdCUCj9DkQ,author::UChgkn5Jt5tWKYMoEOuCjz3Q,1
author::UCHhHUjaMAZ8SiXdCUCj9DkQ,author::UCvApqeCbLod-wejtT4CcVuA,1
author::UCHhHUjaMAZ8SiXdCUCj9DkQ,author::UCfM3nrxtTQMY5jFx1v1J4Gg,1
author::UCHhHUjaMAZ8SiXdCUCj9DkQ,author::UCRlCV9zSn7avAWh-9_XFWqQ,1
author::UCHhHUjaMAZ8SiXdCUCj9DkQ,author::UCNkcuy42zEwddwEcOd_HpnA,1
author::UCHhHUjaMAZ8SiXdCUCj9DkQ,author::UCz3gu01bmjNv0DpRq-K3XYg,1
author::UCHhHUjaMAZ8SiXdCUCj9DkQ,author::UCySYJU5kUh7X8gVt9la2ISA,1
author::UCHhHUjaMAZ8SiXdCUCj9DkQ,author::UCQgYjVngJRfPHDLGB5X6ZjA,1
author::UCHhHUjaMAZ8SiXdCUCj9DkQ,author::UCXSkL3ejZ8qWYyF_M7s_QKA,1
author::UCHhHUjaMAZ8SiXdCUCj9DkQ,author::UChZknRmJkeGeQk0-mQuhDOg,1
author::UCHhHUjaMAZ8SiXdCUCj9DkQ,author::UCXr8_5WtGeipe4haOoQDgyQ,1
author::UCHhHUjaMAZ8SiXdCUCj9DkQ,author::UCljDbleJul41G1TzOjOZAVA,1
author::UCHhHUjaMAZ8SiXdCUCj9DkQ,author::UCujPF2nBgsTD62nWE3lcpIg,1
author::UCHhHUjaMAZ8SiXdCUCj9DkQ,author::UCmjppp6ujz3SAnULvP3sZMw,1
author::UCHhHUjaMAZ8SiXdCUCj9DkQ,author::UCylqlpsh8ENNM1LqgQ1KbxA,1
author::UCHhHUjaMAZ8SiXdCUCj9DkQ,author::UCp4iw5_5SmV9VGTFSNVGOmQ,1
author::UCHhHUjaMAZ8SiXdCUCj9DkQ,author::UCN6qbfPSzFtjhqUDZ3Cv3CQ,1
author::UCHhHUjaMAZ8SiXdCUCj9DkQ,author::UCpl8rF8uv_8uui-QRvuJaRA,1
author::UCHhHUjaMAZ8SiXdCUCj9DkQ,author::UCh5ESQvtzyHDhCA7XyekCFA,1
author::UCHhHUjaMAZ8SiXdCUCj9DkQ,author::UCsSXdJct-nsS8DsABoEsaYA,1
author::UCHhHUjaMAZ8SiXdCUCj9DkQ,author::UCKDR0f2fu2UzWL8mBv5-BHw,1
author::UCHhHUjaMAZ8SiXdCUCj9DkQ,author::UCOLGv5Pf6BF2wFcwUzgcvHg,1
author::UCHhHUjaMAZ8SiXdCUCj9DkQ,author::UCtUR3_CAiE7fCoZHM6cMfyQ,1
author::UCHu8x4MVkayU6VgwVKd--MQ,author::UCsUCN0Yq_UyTvKjOJLmNrnQ,1
author::UCIUhbSCy3-SGRe5UtqM4fzQ,author::UCY7Hq7F9Lnucf-Yr6JkHZNw,1
author::UCIUhbSCy3-SGRe5UtqM4fzQ,author::UCaT6M2zp7X6r6Whd8Vv3kHQ,1
author::UCIUhbSCy3-SGRe5UtqM4fzQ,author::UCxKR3RA8T-kxMgq_2WWhRcQ,1
author::UCIUhbSCy3-SGRe5UtqM4fzQ,author::UCgLrWFdYitoP-b7-PxtUr-w,1
author::UCIUhbSCy3-SGRe5UtqM4fzQ,author::UC_ljZ1hZXR9pzexFz87P5ZA,1
author::UCIUhbSCy3-SGRe5UtqM4fzQ,author::UCqilIa8r7iek5sGYg_q6ofA,1
author::UCIUhbSCy3-SGRe5UtqM4fzQ,author::UCtMBF_1O2jY2INlb_luuB_A,1
author::UCIUhbSCy3-SGRe5UtqM4fzQ,author::UCSTAUWVc1_82DHYeqOsqEFA,1
author::UCIUhbSCy3-SGRe5UtqM4fzQ,author::UCIp19h9igblA2YKfSLPDAug,1
author::UCIUhbSCy3-SGRe5UtqM4fzQ,author::UCi-vPdnpQreC7BkFs40mJGA,1
author::UCIUhbSCy3-SGRe5UtqM4fzQ,author::UCyzf29IYjNw67gGIfsjgtxA,1
author::UCIUhbSCy3-SGRe5UtqM4fzQ,author::UCRcSR3Lvn9DZAmJpVPANfZQ,1
author::UCIUhbSCy3-SGRe5UtqM4fzQ,author::UCXmrpc6Li0spcKxtS0Q_ptg,1
author::UCIUhbSCy3-SGRe5UtqM4fzQ,author::UCRznz9-N3Qc1w-qNdLSIY2Q,1
author::UCIUhbSCy3-SGRe5UtqM4fzQ,author::UCs_5qeqdku9tGAq22y3OcuQ,1
author::UCIUhbSCy3-SGRe5UtqM4fzQ,author::UCgLurCo-e019HGODcjXHWCw,1
author::UCIUhbSCy3-SGRe5UtqM4fzQ,author::UCwUAv3_LpWVtTIi7lkmTL7A,1
author::UCIXLDYqR_syskKRJy_x9W9Q,author::UCq3mDTTRZnUybct5M9OSXbg,1
author::UCIXLDYqR_syskKRJy_x9W9Q,author::UCXN2s7DwTJm33xO-pNkAdaA,1
author::UCIXLDYqR_syskKRJy_x9W9Q,author::UC_3xuTXvMIWU5MYP9HkJ3vQ,1
author::UCIXLDYqR_syskKRJy_x9W9Q,author::UCfXykdbSU97rj987LDUGfvg,1
author::UCIXLDYqR_syskKRJy_x9W9Q,author::UCjZgFEowMBrsjodqfovzdKw,1
author::UCIXLDYqR_syskKRJy_x9W9Q,author::UCLXYp1Cvc5DLtq5UQL5D9vw,1
author::UCIXLDYqR_syskKRJy_x9W9Q,author::UCfjhejO7LZy4doXURa7LZCQ,1
author::UCIXLDYqR_syskKRJy_x9W9Q,author::UCwCfs-2zbD5k0lG-UVg_JBw,1
author::UCIXLDYqR_syskKRJy_x9W9Q,author::UCO0zwwLWGyDgQmWPJ5Qrr1w,1
author::UCIXLDYqR_syskKRJy_x9W9Q,author::UCvl1tzQeBeGy6efPTRJXSCw,1
author::UCIgoiXdIKJyUGmUoH2Lxdzg,author::UCat2qkYvqmtDNEmo2PVuhXw,1
author::UCIgoiXdIKJyUGmUoH2Lxdzg,author::UCQMMuADgqWUOcJpLwHOzC-g,1
author::UCIgoiXdIKJyUGmUoH2Lxdzg,author::UCp_dAUfv8i3LW3zWc24dLaQ,1
author::UCIgoiXdIKJyUGmUoH2Lxdzg,author::UCi2KiZq63sRq8Mfbcp-MelQ,1
author::UCIgoiXdIKJyUGmUoH2Lxdzg,author::UCZjm6U576nX8WOiLhmMR3bw,1
author::UCIgoiXdIKJyUGmUoH2Lxdzg,author::UCVdjCrh4tQoX3haNAZv-n5A,1
author::UCIgoiXdIKJyUGmUoH2Lxdzg,author::UCxhtlxPV8AYWaNNyU6S9H8Q,1
author::UCIgoiXdIKJyUGmUoH2Lxdzg,author::UCPNXmbOBVeC4HS-xemvcPtQ,1
author::UCIgoiXdIKJyUGmUoH2Lxdzg,author::UCbNanjFI51cwGqMAb2rOrBw,1
author::UCIgoiXdIKJyUGmUoH2Lxdzg,author::UCtiHFjFu7d5v2XxHnKFUYig,1
author::UCIgoiXdIKJyUGmUoH2Lxdzg,author::UCrqXyRsg-_hTosURZ-uvoKg,1
author::UCIgoiXdIKJyUGmUoH2Lxdzg,author::UCOLHH4ZpMxPYF-Q6e6wvn5A,1
author::UCIgoiXdIKJyUGmUoH2Lxdzg,author::UCozFYHN0e_-vlQbX3wQGOug,1
author::UCIp19h9igblA2YKfSLPDAug,author::UCY7Hq7F9Lnucf-Yr6JkHZNw,1
author::UCIp19h9igblA2YKfSLPDAug,author::UCaT6M2zp7X6r6Whd8Vv3kHQ,1
author::UCIp19h9igblA2YKfSLPDAug,author::UCxKR3RA8T-kxMgq_2WWhRcQ,1
author::UCIp19h9igblA2YKfSLPDAug,author::UCgLrWFdYitoP-b7-PxtUr-w,1
author::UCIp19h9igblA2YKfSLPDAug,author::UC_ljZ1hZXR9pzexFz87P5ZA,1
author::UCIp19h9igblA2YKfSLPDAug,author::UCqilIa8r7iek5sGYg_q6ofA,1
author::UCIp19h9igblA2YKfSLPDAug,author::UCtMBF_1O2jY2INlb_luuB_A,1
author::UCIp19h9igblA2YKfSLPDAug,author::UCSTAUWVc1_82DHYeqOsqEFA,1
author::UCIp19h9igblA2YKfSLPDAug,author::UCi-vPdnpQreC7BkFs40mJGA,1
author::UCIp19h9igblA2YKfSLPDAug,author::UCyzf29IYjNw67gGIfsjgtxA,1
author::UCIp19h9igblA2YKfSLPDAug,author::UCRcSR3Lvn9DZAmJpVPANfZQ,1
author::UCIp19h9igblA2YKfSLPDAug,author::UCXmrpc6Li0spcKxtS0Q_ptg,1
author::UCIp19h9igblA2YKfSLPDAug,author::UCRznz9-N3Qc1w-qNdLSIY2Q,1
author::UCIp19h9igblA2YKfSLPDAug,author::UCs_5qeqdku9tGAq22y3OcuQ,1
author::UCIp19h9igblA2YKfSLPDAug,author::UCgLurCo-e019HGODcjXHWCw,1
author::UCIp19h9igblA2YKfSLPDAug,author::UCwUAv3_LpWVtTIi7lkmTL7A,1
author::UCJp3OrVYcBorC94sKwdch_A,author::UCbrtvygfRT6QXqWDNrOf-cA,1
author::UCJp3OrVYcBorC94sKwdch_A,author::UCjJf-AJKRFFWtiN-CSwkDmA,1
author::UCJp3OrVYcBorC94sKwdch_A,author::UCnU8wO1OurAmGstDw6VGjgQ,1
author::UCJp3OrVYcBorC94sKwdch_A,author::UCpsKOkt5iWTbenzeuq7dsmQ,1
author::UCJp3OrVYcBorC94sKwdch_A,author::UCZOmq6MwFDVoCaEl99BRRaw,1
author::UCJp3OrVYcBorC94sKwdch_A,author::UCVC2QugcI1G4RvlCiUqd1aQ,1
author::UCJp3OrVYcBorC94sKwdch_A,author::UCvcu1kR8xMYy_I1Ty-2mV2Q,1
author::UCJp3OrVYcBorC94sKwdch_A,author::UC_6KbBY1bsYXz9fwFS0eQRg,1
author::UCJxJC56BSAX-ArD0NAb9qnQ,author::UCyor0Mmm0ivLX2jIdyGp84Q,1
author::UCKDR0f2fu2UzWL8mBv5-BHw,author::UCXgr7vXlRrsaskPdo097kGA,1
author::UCKDR0f2fu2UzWL8mBv5-BHw,author::UCwO2SXr0ggzwg6QWWrr01nQ,1
author::UCKDR0f2fu2UzWL8mBv5-BHw,author::UCipetjeiWj4CZB6EbyYziZg,1
author::UCKDR0f2fu2UzWL8mBv5-BHw,author::UCV0iizTBoOfdAFX_thfI9BA,1
author::UCKDR0f2fu2UzWL8mBv5-BHw,author::UCWIZUtKJ636y-4TYrNvok0g,1
author::UCKDR0f2fu2UzWL8mBv5-BHw,author::UCLggDc_a5HriXv7I1h02sOA,1
author::UCKDR0f2fu2UzWL8mBv5-BHw,author::UCueV9cTyTDwgQSec1x2dYgA,1
author::UCKDR0f2fu2UzWL8mBv5-BHw,author::UCUIIIPTVDVHAXqhC_5V6lPA,1
author::UCKDR0f2fu2UzWL8mBv5-BHw,author::UChep9kVb5gQmpodEEl10Xlg,1
author::UCKDR0f2fu2UzWL8mBv5-BHw,author::UCsJJAvrVGupdmhOqgtDp8dg,1
author::UCKDR0f2fu2UzWL8mBv5-BHw,author::UCQ_-LPP8JAbfkc-b1Q6NvWw,1
author::UCKDR0f2fu2UzWL8mBv5-BHw,author::UCOS8ViEkccrTZx2w2ccxotA,1
author::UCKDR0f2fu2UzWL8mBv5-BHw,author::UCL1MT278vSaQ83ZDkVWn1gw,1
author::UCKDR0f2fu2UzWL8mBv5-BHw,author::UCjmPuazZJzscrwvk0QR9RVw,1
author::UCKDR0f2fu2UzWL8mBv5-BHw,author::UCzoL2l5H5eVlorWGH8AZfAg,1
author::UCKDR0f2fu2UzWL8mBv5-BHw,author::UCplrIQtaPj6au60_f2-mOYw,1
author::UCKDR0f2fu2UzWL8mBv5-BHw,author::UCRETAiYdh2dL5ZxB0_N1zDA,1
author::UCKDR0f2fu2UzWL8mBv5-BHw,author::UCj-LL25XJnjxepPKCc3NGog,1
author::UCKDR0f2fu2UzWL8mBv5-BHw,author::UCTylKrsqkrBKIqubMu_5N0Q,1
author::UCKDR0f2fu2UzWL8mBv5-BHw,author::UCZLG9qH0tUjNhEGFIUt0CYw,1
author::UCKDR0f2fu2UzWL8mBv5-BHw,author::UCXXh7yg5KUFIWylTiKVEFKQ,1
author::UCKDR0f2fu2UzWL8mBv5-BHw,author::UCr1emrogPKkKTs_WTtx71xg,1
author::UCKDR0f2fu2UzWL8mBv5-BHw,author::UChs3tU2BcKOT0CezykvAsGw,1
author::UCKDR0f2fu2UzWL8mBv5-BHw,author::UCmvOgzmmXbjUthHy-WJ52hQ,1
author::UCKDR0f2fu2UzWL8mBv5-BHw,author::UCsjs5Hp_r86x1xbK6FAeqaA,1
author::UCKDR0f2fu2UzWL8mBv5-BHw,author::UCOh6DaZC_x9HASnlRylEMfw,1
author::UCKDR0f2fu2UzWL8mBv5-BHw,author::UCThW2XNsAaBKme5PUt7n-Zg,1
author::UCKDR0f2fu2UzWL8mBv5-BHw,author::UCsUCN0Yq_UyTvKjOJLmNrnQ,1
author::UCKDR0f2fu2UzWL8mBv5-BHw,author::UCjSKM9j0Q7HLDr1hD6D-TUw,1
author::UCKDR0f2fu2UzWL8mBv5-BHw,author::UCL13XhnRzbGokEkCkEOb0-g,1
author::UCKDR0f2fu2UzWL8mBv5-BHw,author::UCiMythXHsw7eQEMykCdmMUA,1
author::UCKDR0f2fu2UzWL8mBv5-BHw,author::UCQtICyzWmhC5woCtbNgaSmg,1
author::UCKDR0f2fu2UzWL8mBv5-BHw,author::UCQtSFINs1h6GHkpg9o5kMvg,1
author::UCKDR0f2fu2UzWL8mBv5-BHw,author::UCSou6a2OuYGSvPjm5psquyA,1
author::UCKDR0f2fu2UzWL8mBv5-BHw,author::UCYwpX26TrCxq8TvbKGRYLXA,1
author::UCKDR0f2fu2UzWL8mBv5-BHw,author::UCxff05WuyvwELNITi7bj7UA,1
author::UCKDR0f2fu2UzWL8mBv5-BHw,author::UCTP3O0rMnc8z8v8jaDQwL0w,1
author::UCKDR0f2fu2UzWL8mBv5-BHw,author::UCTwSut16JyAg3mX6LVUNGqA,1
author::UCKDR0f2fu2UzWL8mBv5-BHw,author::UCrJn_rbo_ENAdeqneS-RmRw,1
author::UCKDR0f2fu2UzWL8mBv5-BHw,author::UCl0ekS9Tt0jJGtOEM18S63w,1
author::UCKDR0f2fu2UzWL8mBv5-BHw,author::UCut6b9S98nv84cVX89PmKzA,1
author::UCKDR0f2fu2UzWL8mBv5-BHw,author::UCi1b_TRQfgO1Z9O2gNGGWNA,1
author::UCKDR0f2fu2UzWL8mBv5-BHw,author::UCYN4wSQ1Sx4_LurxLlW7MPg,1
author::UCKDR0f2fu2UzWL8mBv5-BHw,author::UCTD6q1nyIe3Y7HhqjaMj72w,1
author::UCKDR0f2fu2UzWL8mBv5-BHw,author::UCpIdtvoFHVLGASGB5ySqIEA,1
author::UCKDR0f2fu2UzWL8mBv5-BHw,author::UCtNfIBnc5S5DbbQj_yxgJTw,1
author::UCKDR0f2fu2UzWL8mBv5-BHw,author::UCQqetiwzzmRNTM5OWuXarGQ,1
author::UCKDR0f2fu2UzWL8mBv5-BHw,author::UCRelkU8JiZBytTzebJxaa-w,1
author::UCKDR0f2fu2UzWL8mBv5-BHw,author::UCgvw7xIdGFupzpt1Y_BFkEA,1
author::UCKDR0f2fu2UzWL8mBv5-BHw,author::UCpsKOkt5iWTbenzeuq7dsmQ,1
author::UCKDR0f2fu2UzWL8mBv5-BHw,author::UCwW2OFy95P7ZBkOPxWkpvYg,1
author::UCKDR0f2fu2UzWL8mBv5-BHw,author::UCLFdHr9BEbXHkoJopbEPLZw,1
author::UCKDR0f2fu2UzWL8mBv5-BHw,author::UCNBnKqWf4d-rS4HwJRQljmQ,1
author::UCKDR0f2fu2UzWL8mBv5-BHw,author::UCiGRBf2RNF0WRKhRVT7zFoA,1
author::UCKDR0f2fu2UzWL8mBv5-BHw,author::UCcfdg8crmMJwEuLUsAhV7yg,1
author::UCKDR0f2fu2UzWL8mBv5-BHw,author::UCkd9W714-947dEE6ZOEBATA,1
author::UCKDR0f2fu2UzWL8mBv5-BHw,author::UCZ51R_9Q9C0c8I3pAWhtmjQ,1
author::UCKDR0f2fu2UzWL8mBv5-BHw,author::UCzSfZlOVxBSs5ObD25ywxDQ,1
author::UCKDR0f2fu2UzWL8mBv5-BHw,author::UCwha8rxULYMVtNwZWeSkE1A,1
author::UCKDR0f2fu2UzWL8mBv5-BHw,author::UChgkn5Jt5tWKYMoEOuCjz3Q,1
author::UCKDR0f2fu2UzWL8mBv5-BHw,author::UCvApqeCbLod-wejtT4CcVuA,1
author::UCKDR0f2fu2UzWL8mBv5-BHw,author::UCfM3nrxtTQMY5jFx1v1J4Gg,1
author::UCKDR0f2fu2UzWL8mBv5-BHw,author::UCRlCV9zSn7avAWh-9_XFWqQ,1
author::UCKDR0f2fu2UzWL8mBv5-BHw,author::UCNkcuy42zEwddwEcOd_HpnA,1
author::UCKDR0f2fu2UzWL8mBv5-BHw,author::UCz3gu01bmjNv0DpRq-K3XYg,1
author::UCKDR0f2fu2UzWL8mBv5-BHw,author::UCySYJU5kUh7X8gVt9la2ISA,1
author::UCKDR0f2fu2UzWL8mBv5-BHw,author::UCQgYjVngJRfPHDLGB5X6ZjA,1
author::UCKDR0f2fu2UzWL8mBv5-BHw,author::UCXSkL3ejZ8qWYyF_M7s_QKA,1
author::UCKDR0f2fu2UzWL8mBv5-BHw,author::UChZknRmJkeGeQk0-mQuhDOg,1
author::UCKDR0f2fu2UzWL8mBv5-BHw,author::UCXr8_5WtGeipe4haOoQDgyQ,1
author::UCKDR0f2fu2UzWL8mBv5-BHw,author::UCljDbleJul41G1TzOjOZAVA,1
author::UCKDR0f2fu2UzWL8mBv5-BHw,author::UCujPF2nBgsTD62nWE3lcpIg,1
author::UCKDR0f2fu2UzWL8mBv5-BHw,author::UCmjppp6ujz3SAnULvP3sZMw,1
author::UCKDR0f2fu2UzWL8mBv5-BHw,author::UCylqlpsh8ENNM1LqgQ1KbxA,1
author::UCKDR0f2fu2UzWL8mBv5-BHw,author::UCp4iw5_5SmV9VGTFSNVGOmQ,1
author::UCKDR0f2fu2UzWL8mBv5-BHw,author::UCN6qbfPSzFtjhqUDZ3Cv3CQ,1
author::UCKDR0f2fu2UzWL8mBv5-BHw,author::UCpl8rF8uv_8uui-QRvuJaRA,1
author::UCKDR0f2fu2UzWL8mBv5-BHw,author::UCh5ESQvtzyHDhCA7XyekCFA,1
author::UCKDR0f2fu2UzWL8mBv5-BHw,author::UCsSXdJct-nsS8DsABoEsaYA,1
author::UCKDR0f2fu2UzWL8mBv5-BHw,author::UCOLGv5Pf6BF2wFcwUzgcvHg,1
author::UCKDR0f2fu2UzWL8mBv5-BHw,author::UCtUR3_CAiE7fCoZHM6cMfyQ,1
author::UCKVzDUqbtdSMBcexaEtMmzQ,author::UCtowGNY2lnlg6O2CkwDgkLg,1
author::UCKVzDUqbtdSMBcexaEtMmzQ,author::UCNiMNUJvaRJb0_QLClqwVnA,1
author::UCKVzDUqbtdSMBcexaEtMmzQ,author::UCld2stqxaVSk0QdGncM224A,1
author::UCL13XhnRzbGokEkCkEOb0-g,author::UCXgr7vXlRrsaskPdo097kGA,1
author::UCL13XhnRzbGokEkCkEOb0-g,author::UCwO2SXr0ggzwg6QWWrr01nQ,1
author::UCL13XhnRzbGokEkCkEOb0-g,author::UCipetjeiWj4CZB6EbyYziZg,1
author::UCL13XhnRzbGokEkCkEOb0-g,author::UCV0iizTBoOfdAFX_thfI9BA,1
author::UCL13XhnRzbGokEkCkEOb0-g,author::UCWIZUtKJ636y-4TYrNvok0g,1
author::UCL13XhnRzbGokEkCkEOb0-g,author::UCLggDc_a5HriXv7I1h02sOA,1
author::UCL13XhnRzbGokEkCkEOb0-g,author::UCueV9cTyTDwgQSec1x2dYgA,1
author::UCL13XhnRzbGokEkCkEOb0-g,author::UCUIIIPTVDVHAXqhC_5V6lPA,1
author::UCL13XhnRzbGokEkCkEOb0-g,author::UChep9kVb5gQmpodEEl10Xlg,1
author::UCL13XhnRzbGokEkCkEOb0-g,author::UCsJJAvrVGupdmhOqgtDp8dg,1
author::UCL13XhnRzbGokEkCkEOb0-g,author::UCQ_-LPP8JAbfkc-b1Q6NvWw,1
author::UCL13XhnRzbGokEkCkEOb0-g,author::UCOS8ViEkccrTZx2w2ccxotA,1
author::UCL13XhnRzbGokEkCkEOb0-g,author::UCL1MT278vSaQ83ZDkVWn1gw,1
author::UCL13XhnRzbGokEkCkEOb0-g,author::UCjmPuazZJzscrwvk0QR9RVw,1
author::UCL13XhnRzbGokEkCkEOb0-g,author::UCzoL2l5H5eVlorWGH8AZfAg,1
author::UCL13XhnRzbGokEkCkEOb0-g,author::UCplrIQtaPj6au60_f2-mOYw,1
author::UCL13XhnRzbGokEkCkEOb0-g,author::UCRETAiYdh2dL5ZxB0_N1zDA,1
author::UCL13XhnRzbGokEkCkEOb0-g,author::UCj-LL25XJnjxepPKCc3NGog,1
author::UCL13XhnRzbGokEkCkEOb0-g,author::UCTylKrsqkrBKIqubMu_5N0Q,1
author::UCL13XhnRzbGokEkCkEOb0-g,author::UCZLG9qH0tUjNhEGFIUt0CYw,1
author::UCL13XhnRzbGokEkCkEOb0-g,author::UCXXh7yg5KUFIWylTiKVEFKQ,1
author::UCL13XhnRzbGokEkCkEOb0-g,author::UCr1emrogPKkKTs_WTtx71xg,1
author::UCL13XhnRzbGokEkCkEOb0-g,author::UChs3tU2BcKOT0CezykvAsGw,1
author::UCL13XhnRzbGokEkCkEOb0-g,author::UCmvOgzmmXbjUthHy-WJ52hQ,1
author::UCL13XhnRzbGokEkCkEOb0-g,author::UCsjs5Hp_r86x1xbK6FAeqaA,1
author::UCL13XhnRzbGokEkCkEOb0-g,author::UCOh6DaZC_x9HASnlRylEMfw,1
author::UCL13XhnRzbGokEkCkEOb0-g,author::UCThW2XNsAaBKme5PUt7n-Zg,1
author::UCL13XhnRzbGokEkCkEOb0-g,author::UCsUCN0Yq_UyTvKjOJLmNrnQ,1
author::UCL13XhnRzbGokEkCkEOb0-g,author::UCjSKM9j0Q7HLDr1hD6D-TUw,1
author::UCL13XhnRzbGokEkCkEOb0-g,author::UCiMythXHsw7eQEMykCdmMUA,1
author::UCL13XhnRzbGokEkCkEOb0-g,author::UCQtICyzWmhC5woCtbNgaSmg,1
author::UCL13XhnRzbGokEkCkEOb0-g,author::UCQtSFINs1h6GHkpg9o5kMvg,1
author::UCL13XhnRzbGokEkCkEOb0-g,author::UCSou6a2OuYGSvPjm5psquyA,1
author::UCL13XhnRzbGokEkCkEOb0-g,author::UCYwpX26TrCxq8TvbKGRYLXA,1
author::UCL13XhnRzbGokEkCkEOb0-g,author::UCxff05WuyvwELNITi7bj7UA,1
author::UCL13XhnRzbGokEkCkEOb0-g,author::UCTP3O0rMnc8z8v8jaDQwL0w,1
author::UCL13XhnRzbGokEkCkEOb0-g,author::UCTwSut16JyAg3mX6LVUNGqA,1
author::UCL13XhnRzbGokEkCkEOb0-g,author::UCrJn_rbo_ENAdeqneS-RmRw,1
author::UCL13XhnRzbGokEkCkEOb0-g,author::UCl0ekS9Tt0jJGtOEM18S63w,1
author::UCL13XhnRzbGokEkCkEOb0-g,author::UCut6b9S98nv84cVX89PmKzA,1
author::UCL13XhnRzbGokEkCkEOb0-g,author::UCi1b_TRQfgO1Z9O2gNGGWNA,1
author::UCL13XhnRzbGokEkCkEOb0-g,author::UCYN4wSQ1Sx4_LurxLlW7MPg,1
author::UCL13XhnRzbGokEkCkEOb0-g,author::UCTD6q1nyIe3Y7HhqjaMj72w,1
author::UCL13XhnRzbGokEkCkEOb0-g,author::UCpIdtvoFHVLGASGB5ySqIEA,1
author::UCL13XhnRzbGokEkCkEOb0-g,author::UCtNfIBnc5S5DbbQj_yxgJTw,1
author::UCL13XhnRzbGokEkCkEOb0-g,author::UCQqetiwzzmRNTM5OWuXarGQ,1
author::UCL13XhnRzbGokEkCkEOb0-g,author::UCRelkU8JiZBytTzebJxaa-w,1
author::UCL13XhnRzbGokEkCkEOb0-g,author::UCgvw7xIdGFupzpt1Y_BFkEA,1
author::UCL13XhnRzbGokEkCkEOb0-g,author::UCpsKOkt5iWTbenzeuq7dsmQ,1
author::UCL13XhnRzbGokEkCkEOb0-g,author::UCwW2OFy95P7ZBkOPxWkpvYg,1
author::UCL13XhnRzbGokEkCkEOb0-g,author::UCLFdHr9BEbXHkoJopbEPLZw,1
author::UCL13XhnRzbGokEkCkEOb0-g,author::UCNBnKqWf4d-rS4HwJRQljmQ,1
author::UCL13XhnRzbGokEkCkEOb0-g,author::UCiGRBf2RNF0WRKhRVT7zFoA,1
author::UCL13XhnRzbGokEkCkEOb0-g,author::UCcfdg8crmMJwEuLUsAhV7yg,1
author::UCL13XhnRzbGokEkCkEOb0-g,author::UCkd9W714-947dEE6ZOEBATA,1
author::UCL13XhnRzbGokEkCkEOb0-g,author::UCZ51R_9Q9C0c8I3pAWhtmjQ,1
author::UCL13XhnRzbGokEkCkEOb0-g,author::UCzSfZlOVxBSs5ObD25ywxDQ,1
author::UCL13XhnRzbGokEkCkEOb0-g,author::UCwha8rxULYMVtNwZWeSkE1A,1
author::UCL13XhnRzbGokEkCkEOb0-g,author::UChgkn5Jt5tWKYMoEOuCjz3Q,1
author::UCL13XhnRzbGokEkCkEOb0-g,author::UCvApqeCbLod-wejtT4CcVuA,1
author::UCL13XhnRzbGokEkCkEOb0-g,author::UCfM3nrxtTQMY5jFx1v1J4Gg,1
author::UCL13XhnRzbGokEkCkEOb0-g,author::UCRlCV9zSn7avAWh-9_XFWqQ,1
author::UCL13XhnRzbGokEkCkEOb0-g,author::UCNkcuy42zEwddwEcOd_HpnA,1
author::UCL13XhnRzbGokEkCkEOb0-g,author::UCz3gu01bmjNv0DpRq-K3XYg,1
author::UCL13XhnRzbGokEkCkEOb0-g,author::UCySYJU5kUh7X8gVt9la2ISA,1
author::UCL13XhnRzbGokEkCkEOb0-g,author::UCQgYjVngJRfPHDLGB5X6ZjA,1
author::UCL13XhnRzbGokEkCkEOb0-g,author::UCXSkL3ejZ8qWYyF_M7s_QKA,1
author::UCL13XhnRzbGokEkCkEOb0-g,author::UChZknRmJkeGeQk0-mQuhDOg,1
author::UCL13XhnRzbGokEkCkEOb0-g,author::UCXr8_5WtGeipe4haOoQDgyQ,1
author::UCL13XhnRzbGokEkCkEOb0-g,author::UCljDbleJul41G1TzOjOZAVA,1
author::UCL13XhnRzbGokEkCkEOb0-g,author::UCujPF2nBgsTD62nWE3lcpIg,1
author::UCL13XhnRzbGokEkCkEOb0-g,author::UCmjppp6ujz3SAnULvP3sZMw,1
author::UCL13XhnRzbGokEkCkEOb0-g,author::UCylqlpsh8ENNM1LqgQ1KbxA,1
author::UCL13XhnRzbGokEkCkEOb0-g,author::UCp4iw5_5SmV9VGTFSNVGOmQ,1
author::UCL13XhnRzbGokEkCkEOb0-g,author::UCN6qbfPSzFtjhqUDZ3Cv3CQ,1
author::UCL13XhnRzbGokEkCkEOb0-g,author::UCpl8rF8uv_8uui-QRvuJaRA,1
author::UCL13XhnRzbGokEkCkEOb0-g,author::UCh5ESQvtzyHDhCA7XyekCFA,1
author::UCL13XhnRzbGokEkCkEOb0-g,author::UCsSXdJct-nsS8DsABoEsaYA,1
author::UCL13XhnRzbGokEkCkEOb0-g,author::UCOLGv5Pf6BF2wFcwUzgcvHg,1
author::UCL13XhnRzbGokEkCkEOb0-g,author::UCtUR3_CAiE7fCoZHM6cMfyQ,1
author::UCL1MT278vSaQ83ZDkVWn1gw,author::UCXgr7vXlRrsaskPdo097kGA,1
author::UCL1MT278vSaQ83ZDkVWn1gw,author::UCwO2SXr0ggzwg6QWWrr01nQ,1
author::UCL1MT278vSaQ83ZDkVWn1gw,author::UCipetjeiWj4CZB6EbyYziZg,1
author::UCL1MT278vSaQ83ZDkVWn1gw,author::UCV0iizTBoOfdAFX_thfI9BA,1
author::UCL1MT278vSaQ83ZDkVWn1gw,author::UCWIZUtKJ636y-4TYrNvok0g,1
author::UCL1MT278vSaQ83ZDkVWn1gw,author::UCLggDc_a5HriXv7I1h02sOA,1
author::UCL1MT278vSaQ83ZDkVWn1gw,author::UCueV9cTyTDwgQSec1x2dYgA,1
author::UCL1MT278vSaQ83ZDkVWn1gw,author::UCUIIIPTVDVHAXqhC_5V6lPA,1
author::UCL1MT278vSaQ83ZDkVWn1gw,author::UChep9kVb5gQmpodEEl10Xlg,1
author::UCL1MT278vSaQ83ZDkVWn1gw,author::UCsJJAvrVGupdmhOqgtDp8dg,1
author::UCL1MT278vSaQ83ZDkVWn1gw,author::UCQ_-LPP8JAbfkc-b1Q6NvWw,1
author::UCL1MT278vSaQ83ZDkVWn1gw,author::UCOS8ViEkccrTZx2w2ccxotA,1
author::UCL1MT278vSaQ83ZDkVWn1gw,author::UCjmPuazZJzscrwvk0QR9RVw,1
author::UCL1MT278vSaQ83ZDkVWn1gw,author::UCzoL2l5H5eVlorWGH8AZfAg,1
author::UCL1MT278vSaQ83ZDkVWn1gw,author::UCplrIQtaPj6au60_f2-mOYw,1
author::UCL1MT278vSaQ83ZDkVWn1gw,author::UCRETAiYdh2dL5ZxB0_N1zDA,1
author::UCL1MT278vSaQ83ZDkVWn1gw,author::UCj-LL25XJnjxepPKCc3NGog,1
author::UCL1MT278vSaQ83ZDkVWn1gw,author::UCTylKrsqkrBKIqubMu_5N0Q,1
author::UCL1MT278vSaQ83ZDkVWn1gw,author::UCZLG9qH0tUjNhEGFIUt0CYw,1
author::UCL1MT278vSaQ83ZDkVWn1gw,author::UCXXh7yg5KUFIWylTiKVEFKQ,1
author::UCL1MT278vSaQ83ZDkVWn1gw,author::UCr1emrogPKkKTs_WTtx71xg,1
author::UCL1MT278vSaQ83ZDkVWn1gw,author::UChs3tU2BcKOT0CezykvAsGw,1
author::UCL1MT278vSaQ83ZDkVWn1gw,author::UCmvOgzmmXbjUthHy-WJ52hQ,1
author::UCL1MT278vSaQ83ZDkVWn1gw,author::UCsjs5Hp_r86x1xbK6FAeqaA,1
author::UCL1MT278vSaQ83ZDkVWn1gw,author::UCOh6DaZC_x9HASnlRylEMfw,1
author::UCL1MT278vSaQ83ZDkVWn1gw,author::UCThW2XNsAaBKme5PUt7n-Zg,1
author::UCL1MT278vSaQ83ZDkVWn1gw,author::UCsUCN0Yq_UyTvKjOJLmNrnQ,1
author::UCL1MT278vSaQ83ZDkVWn1gw,author::UCjSKM9j0Q7HLDr1hD6D-TUw,1
author::UCL1MT278vSaQ83ZDkVWn1gw,author::UCiMythXHsw7eQEMykCdmMUA,1
author::UCL1MT278vSaQ83ZDkVWn1gw,author::UCQtICyzWmhC5woCtbNgaSmg,1
author::UCL1MT278vSaQ83ZDkVWn1gw,author::UCQtSFINs1h6GHkpg9o5kMvg,1
author::UCL1MT278vSaQ83ZDkVWn1gw,author::UCSou6a2OuYGSvPjm5psquyA,1
author::UCL1MT278vSaQ83ZDkVWn1gw,author::UCYwpX26TrCxq8TvbKGRYLXA,1
author::UCL1MT278vSaQ83ZDkVWn1gw,author::UCxff05WuyvwELNITi7bj7UA,1
author::UCL1MT278vSaQ83ZDkVWn1gw,author::UCTP3O0rMnc8z8v8jaDQwL0w,1
author::UCL1MT278vSaQ83ZDkVWn1gw,author::UCTwSut16JyAg3mX6LVUNGqA,1
author::UCL1MT278vSaQ83ZDkVWn1gw,author::UCrJn_rbo_ENAdeqneS-RmRw,1
author::UCL1MT278vSaQ83ZDkVWn1gw,author::UCl0ekS9Tt0jJGtOEM18S63w,1
author::UCL1MT278vSaQ83ZDkVWn1gw,author::UCut6b9S98nv84cVX89PmKzA,1
author::UCL1MT278vSaQ83ZDkVWn1gw,author::UCi1b_TRQfgO1Z9O2gNGGWNA,1
author::UCL1MT278vSaQ83ZDkVWn1gw,author::UCYN4wSQ1Sx4_LurxLlW7MPg,1
author::UCL1MT278vSaQ83ZDkVWn1gw,author::UCTD6q1nyIe3Y7HhqjaMj72w,1
author::UCL1MT278vSaQ83ZDkVWn1gw,author::UCpIdtvoFHVLGASGB5ySqIEA,1
author::UCL1MT278vSaQ83ZDkVWn1gw,author::UCtNfIBnc5S5DbbQj_yxgJTw,1
author::UCL1MT278vSaQ83ZDkVWn1gw,author::UCQqetiwzzmRNTM5OWuXarGQ,1
author::UCL1MT278vSaQ83ZDkVWn1gw,author::UCRelkU8JiZBytTzebJxaa-w,1
author::UCL1MT278vSaQ83ZDkVWn1gw,author::UCgvw7xIdGFupzpt1Y_BFkEA,1
author::UCL1MT278vSaQ83ZDkVWn1gw,author::UCpsKOkt5iWTbenzeuq7dsmQ,1
author::UCL1MT278vSaQ83ZDkVWn1gw,author::UCwW2OFy95P7ZBkOPxWkpvYg,1
author::UCL1MT278vSaQ83ZDkVWn1gw,author::UCLFdHr9BEbXHkoJopbEPLZw,1
author::UCL1MT278vSaQ83ZDkVWn1gw,author::UCNBnKqWf4d-rS4HwJRQljmQ,1
author::UCL1MT278vSaQ83ZDkVWn1gw,author::UCiGRBf2RNF0WRKhRVT7zFoA,1
author::UCL1MT278vSaQ83ZDkVWn1gw,author::UCcfdg8crmMJwEuLUsAhV7yg,1
author::UCL1MT278vSaQ83ZDkVWn1gw,author::UCkd9W714-947dEE6ZOEBATA,1
author::UCL1MT278vSaQ83ZDkVWn1gw,author::UCZ51R_9Q9C0c8I3pAWhtmjQ,1
author::UCL1MT278vSaQ83ZDkVWn1gw,author::UCzSfZlOVxBSs5ObD25ywxDQ,1
author::UCL1MT278vSaQ83ZDkVWn1gw,author::UCwha8rxULYMVtNwZWeSkE1A,1
author::UCL1MT278vSaQ83ZDkVWn1gw,author::UChgkn5Jt5tWKYMoEOuCjz3Q,1
author::UCL1MT278vSaQ83ZDkVWn1gw,author::UCvApqeCbLod-wejtT4CcVuA,1
author::UCL1MT278vSaQ83ZDkVWn1gw,author::UCfM3nrxtTQMY5jFx1v1J4Gg,1
author::UCL1MT278vSaQ83ZDkVWn1gw,author::UCRlCV9zSn7avAWh-9_XFWqQ,1
author::UCL1MT278vSaQ83ZDkVWn1gw,author::UCNkcuy42zEwddwEcOd_HpnA,1
author::UCL1MT278vSaQ83ZDkVWn1gw,author::UCz3gu01bmjNv0DpRq-K3XYg,1
author::UCL1MT278vSaQ83ZDkVWn1gw,author::UCySYJU5kUh7X8gVt9la2ISA,1
author::UCL1MT278vSaQ83ZDkVWn1gw,author::UCQgYjVngJRfPHDLGB5X6ZjA,1
author::UCL1MT278vSaQ83ZDkVWn1gw,author::UCXSkL3ejZ8qWYyF_M7s_QKA,1
author::UCL1MT278vSaQ83ZDkVWn1gw,author::UChZknRmJkeGeQk0-mQuhDOg,1
author::UCL1MT278vSaQ83ZDkVWn1gw,author::UCXr8_5WtGeipe4haOoQDgyQ,1
author::UCL1MT278vSaQ83ZDkVWn1gw,author::UCljDbleJul41G1TzOjOZAVA,1
author::UCL1MT278vSaQ83ZDkVWn1gw,author::UCujPF2nBgsTD62nWE3lcpIg,1
author::UCL1MT278vSaQ83ZDkVWn1gw,author::UCmjppp6ujz3SAnULvP3sZMw,1
author::UCL1MT278vSaQ83ZDkVWn1gw,author::UCylqlpsh8ENNM1LqgQ1KbxA,1
author::UCL1MT278vSaQ83ZDkVWn1gw,author::UCp4iw5_5SmV9VGTFSNVGOmQ,1
author::UCL1MT278vSaQ83ZDkVWn1gw,author::UCN6qbfPSzFtjhqUDZ3Cv3CQ,1
author::UCL1MT278vSaQ83ZDkVWn1gw,author::UCpl8rF8uv_8uui-QRvuJaRA,1
author::UCL1MT278vSaQ83ZDkVWn1gw,author::UCh5ESQvtzyHDhCA7XyekCFA,1
author::UCL1MT278vSaQ83ZDkVWn1gw,author::UCsSXdJct-nsS8DsABoEsaYA,1
author::UCL1MT278vSaQ83ZDkVWn1gw,author::UCOLGv5Pf6BF2wFcwUzgcvHg,1
author::UCL1MT278vSaQ83ZDkVWn1gw,author::UCtUR3_CAiE7fCoZHM6cMfyQ,1
author::UCLFdHr9BEbXHkoJopbEPLZw,author::UCXgr7vXlRrsaskPdo097kGA,1
author::UCLFdHr9BEbXHkoJopbEPLZw,author::UCwO2SXr0ggzwg6QWWrr01nQ,1
author::UCLFdHr9BEbXHkoJopbEPLZw,author::UCipetjeiWj4CZB6EbyYziZg,1
author::UCLFdHr9BEbXHkoJopbEPLZw,author::UCV0iizTBoOfdAFX_thfI9BA,1
author::UCLFdHr9BEbXHkoJopbEPLZw,author::UCWIZUtKJ636y-4TYrNvok0g,1
author::UCLFdHr9BEbXHkoJopbEPLZw,author::UCLggDc_a5HriXv7I1h02sOA,1
author::UCLFdHr9BEbXHkoJopbEPLZw,author::UCueV9cTyTDwgQSec1x2dYgA,1
author::UCLFdHr9BEbXHkoJopbEPLZw,author::UCUIIIPTVDVHAXqhC_5V6lPA,1
author::UCLFdHr9BEbXHkoJopbEPLZw,author::UChep9kVb5gQmpodEEl10Xlg,1
author::UCLFdHr9BEbXHkoJopbEPLZw,author::UCsJJAvrVGupdmhOqgtDp8dg,1
author::UCLFdHr9BEbXHkoJopbEPLZw,author::UCQ_-LPP8JAbfkc-b1Q6NvWw,1
author::UCLFdHr9BEbXHkoJopbEPLZw,author::UCOS8ViEkccrTZx2w2ccxotA,1
author::UCLFdHr9BEbXHkoJopbEPLZw,author::UCjmPuazZJzscrwvk0QR9RVw,1
author::UCLFdHr9BEbXHkoJopbEPLZw,author::UCzoL2l5H5eVlorWGH8AZfAg,1
author::UCLFdHr9BEbXHkoJopbEPLZw,author::UCplrIQtaPj6au60_f2-mOYw,1
author::UCLFdHr9BEbXHkoJopbEPLZw,author::UCRETAiYdh2dL5ZxB0_N1zDA,1
author::UCLFdHr9BEbXHkoJopbEPLZw,author::UCj-LL25XJnjxepPKCc3NGog,1
author::UCLFdHr9BEbXHkoJopbEPLZw,author::UCTylKrsqkrBKIqubMu_5N0Q,1
author::UCLFdHr9BEbXHkoJopbEPLZw,author::UCZLG9qH0tUjNhEGFIUt0CYw,1
author::UCLFdHr9BEbXHkoJopbEPLZw,author::UCXXh7yg5KUFIWylTiKVEFKQ,1
author::UCLFdHr9BEbXHkoJopbEPLZw,author::UCr1emrogPKkKTs_WTtx71xg,1
author::UCLFdHr9BEbXHkoJopbEPLZw,author::UChs3tU2BcKOT0CezykvAsGw,1
author::UCLFdHr9BEbXHkoJopbEPLZw,author::UCmvOgzmmXbjUthHy-WJ52hQ,1
author::UCLFdHr9BEbXHkoJopbEPLZw,author::UCsjs5Hp_r86x1xbK6FAeqaA,1
author::UCLFdHr9BEbXHkoJopbEPLZw,author::UCOh6DaZC_x9HASnlRylEMfw,1
author::UCLFdHr9BEbXHkoJopbEPLZw,author::UCThW2XNsAaBKme5PUt7n-Zg,1
author::UCLFdHr9BEbXHkoJopbEPLZw,author::UCsUCN0Yq_UyTvKjOJLmNrnQ,1
author::UCLFdHr9BEbXHkoJopbEPLZw,author::UCjSKM9j0Q7HLDr1hD6D-TUw,1
author::UCLFdHr9BEbXHkoJopbEPLZw,author::UCiMythXHsw7eQEMykCdmMUA,1
author::UCLFdHr9BEbXHkoJopbEPLZw,author::UCQtICyzWmhC5woCtbNgaSmg,1
author::UCLFdHr9BEbXHkoJopbEPLZw,author::UCQtSFINs1h6GHkpg9o5kMvg,1
author::UCLFdHr9BEbXHkoJopbEPLZw,author::UCSou6a2OuYGSvPjm5psquyA,1
author::UCLFdHr9BEbXHkoJopbEPLZw,author::UCYwpX26TrCxq8TvbKGRYLXA,1
author::UCLFdHr9BEbXHkoJopbEPLZw,author::UCxff05WuyvwELNITi7bj7UA,1
author::UCLFdHr9BEbXHkoJopbEPLZw,author::UCTP3O0rMnc8z8v8jaDQwL0w,1
author::UCLFdHr9BEbXHkoJopbEPLZw,author::UCTwSut16JyAg3mX6LVUNGqA,1
author::UCLFdHr9BEbXHkoJopbEPLZw,author::UCrJn_rbo_ENAdeqneS-RmRw,1
author::UCLFdHr9BEbXHkoJopbEPLZw,author::UCl0ekS9Tt0jJGtOEM18S63w,1
author::UCLFdHr9BEbXHkoJopbEPLZw,author::UCut6b9S98nv84cVX89PmKzA,1
author::UCLFdHr9BEbXHkoJopbEPLZw,author::UCi1b_TRQfgO1Z9O2gNGGWNA,1
author::UCLFdHr9BEbXHkoJopbEPLZw,author::UCYN4wSQ1Sx4_LurxLlW7MPg,1
author::UCLFdHr9BEbXHkoJopbEPLZw,author::UCTD6q1nyIe3Y7HhqjaMj72w,1
author::UCLFdHr9BEbXHkoJopbEPLZw,author::UCpIdtvoFHVLGASGB5ySqIEA,1
author::UCLFdHr9BEbXHkoJopbEPLZw,author::UCtNfIBnc5S5DbbQj_yxgJTw,1
author::UCLFdHr9BEbXHkoJopbEPLZw,author::UCQqetiwzzmRNTM5OWuXarGQ,1
author::UCLFdHr9BEbXHkoJopbEPLZw,author::UCRelkU8JiZBytTzebJxaa-w,1
author::UCLFdHr9BEbXHkoJopbEPLZw,author::UCgvw7xIdGFupzpt1Y_BFkEA,1
author::UCLFdHr9BEbXHkoJopbEPLZw,author::UCpsKOkt5iWTbenzeuq7dsmQ,1
author::UCLFdHr9BEbXHkoJopbEPLZw,author::UCwW2OFy95P7ZBkOPxWkpvYg,1
author::UCLFdHr9BEbXHkoJopbEPLZw,author::UCNBnKqWf4d-rS4HwJRQljmQ,1
author::UCLFdHr9BEbXHkoJopbEPLZw,author::UCiGRBf2RNF0WRKhRVT7zFoA,1
author::UCLFdHr9BEbXHkoJopbEPLZw,author::UCcfdg8crmMJwEuLUsAhV7yg,1
author::UCLFdHr9BEbXHkoJopbEPLZw,author::UCkd9W714-947dEE6ZOEBATA,1
author::UCLFdHr9BEbXHkoJopbEPLZw,author::UCZ51R_9Q9C0c8I3pAWhtmjQ,1
author::UCLFdHr9BEbXHkoJopbEPLZw,author::UCzSfZlOVxBSs5ObD25ywxDQ,1
author::UCLFdHr9BEbXHkoJopbEPLZw,author::UCwha8rxULYMVtNwZWeSkE1A,1
author::UCLFdHr9BEbXHkoJopbEPLZw,author::UChgkn5Jt5tWKYMoEOuCjz3Q,1
author::UCLFdHr9BEbXHkoJopbEPLZw,author::UCvApqeCbLod-wejtT4CcVuA,1
author::UCLFdHr9BEbXHkoJopbEPLZw,author::UCfM3nrxtTQMY5jFx1v1J4Gg,1
author::UCLFdHr9BEbXHkoJopbEPLZw,author::UCRlCV9zSn7avAWh-9_XFWqQ,1
author::UCLFdHr9BEbXHkoJopbEPLZw,author::UCNkcuy42zEwddwEcOd_HpnA,1
author::UCLFdHr9BEbXHkoJopbEPLZw,author::UCz3gu01bmjNv0DpRq-K3XYg,1
author::UCLFdHr9BEbXHkoJopbEPLZw,author::UCySYJU5kUh7X8gVt9la2ISA,1
author::UCLFdHr9BEbXHkoJopbEPLZw,author::UCQgYjVngJRfPHDLGB5X6ZjA,1
author::UCLFdHr9BEbXHkoJopbEPLZw,author::UCXSkL3ejZ8qWYyF_M7s_QKA,1
author::UCLFdHr9BEbXHkoJopbEPLZw,author::UChZknRmJkeGeQk0-mQuhDOg,1
author::UCLFdHr9BEbXHkoJopbEPLZw,author::UCXr8_5WtGeipe4haOoQDgyQ,1
author::UCLFdHr9BEbXHkoJopbEPLZw,author::UCljDbleJul41G1TzOjOZAVA,1
author::UCLFdHr9BEbXHkoJopbEPLZw,author::UCujPF2nBgsTD62nWE3lcpIg,1
author::UCLFdHr9BEbXHkoJopbEPLZw,author::UCmjppp6ujz3SAnULvP3sZMw,1
author::UCLFdHr9BEbXHkoJopbEPLZw,author::UCylqlpsh8ENNM1LqgQ1KbxA,1
author::UCLFdHr9BEbXHkoJopbEPLZw,author::UCp4iw5_5SmV9VGTFSNVGOmQ,1
author::UCLFdHr9BEbXHkoJopbEPLZw,author::UCN6qbfPSzFtjhqUDZ3Cv3CQ,1
author::UCLFdHr9BEbXHkoJopbEPLZw,author::UCpl8rF8uv_8uui-QRvuJaRA,1
author::UCLFdHr9BEbXHkoJopbEPLZw,author::UCh5ESQvtzyHDhCA7XyekCFA,1
author::UCLFdHr9BEbXHkoJopbEPLZw,author::UCsSXdJct-nsS8DsABoEsaYA,1
author::UCLFdHr9BEbXHkoJopbEPLZw,author::UCOLGv5Pf6BF2wFcwUzgcvHg,1
author::UCLFdHr9BEbXHkoJopbEPLZw,author::UCtUR3_CAiE7fCoZHM6cMfyQ,1
author::UCLXYp1Cvc5DLtq5UQL5D9vw,author::UCq3mDTTRZnUybct5M9OSXbg,1
author::UCLXYp1Cvc5DLtq5UQL5D9vw,author::UCXN2s7DwTJm33xO-pNkAdaA,1
author::UCLXYp1Cvc5DLtq5UQL5D9vw,author::UC_3xuTXvMIWU5MYP9HkJ3vQ,1
author::UCLXYp1Cvc5DLtq5UQL5D9vw,author::UCfXykdbSU97rj987LDUGfvg,1
author::UCLXYp1Cvc5DLtq5UQL5D9vw,author::UCjZgFEowMBrsjodqfovzdKw,1
author::UCLXYp1Cvc5DLtq5UQL5D9vw,author::UCfjhejO7LZy4doXURa7LZCQ,1
author::UCLXYp1Cvc5DLtq5UQL5D9vw,author::UCwCfs-2zbD5k0lG-UVg_JBw,1
author::UCLXYp1Cvc5DLtq5UQL5D9vw,author::UCO0zwwLWGyDgQmWPJ5Qrr1w,1
author::UCLXYp1Cvc5DLtq5UQL5D9vw,author::UCvl1tzQeBeGy6efPTRJXSCw,1
author::UCLggDc_a5HriXv7I1h02sOA,author::UCXgr7vXlRrsaskPdo097kGA,1
author::UCLggDc_a5HriXv7I1h02sOA,author::UCwO2SXr0ggzwg6QWWrr01nQ,1
author::UCLggDc_a5HriXv7I1h02sOA,author::UCipetjeiWj4CZB6EbyYziZg,1
author::UCLggDc_a5HriXv7I1h02sOA,author::UCV0iizTBoOfdAFX_thfI9BA,1
author::UCLggDc_a5HriXv7I1h02sOA,author::UCWIZUtKJ636y-4TYrNvok0g,1
author::UCLggDc_a5HriXv7I1h02sOA,author::UCueV9cTyTDwgQSec1x2dYgA,1
author::UCLggDc_a5HriXv7I1h02sOA,author::UCUIIIPTVDVHAXqhC_5V6lPA,1
author::UCLggDc_a5HriXv7I1h02sOA,author::UChep9kVb5gQmpodEEl10Xlg,1
author::UCLggDc_a5HriXv7I1h02sOA,author::UCsJJAvrVGupdmhOqgtDp8dg,1
author::UCLggDc_a5HriXv7I1h02sOA,author::UCQ_-LPP8JAbfkc-b1Q6NvWw,1
author::UCLggDc_a5HriXv7I1h02sOA,author::UCOS8ViEkccrTZx2w2ccxotA,1
author::UCLggDc_a5HriXv7I1h02sOA,author::UCjmPuazZJzscrwvk0QR9RVw,1
author::UCLggDc_a5HriXv7I1h02sOA,author::UCzoL2l5H5eVlorWGH8AZfAg,1
author::UCLggDc_a5HriXv7I1h02sOA,author::UCplrIQtaPj6au60_f2-mOYw,1
author::UCLggDc_a5HriXv7I1h02sOA,author::UCRETAiYdh2dL5ZxB0_N1zDA,1
author::UCLggDc_a5HriXv7I1h02sOA,author::UCj-LL25XJnjxepPKCc3NGog,1
author::UCLggDc_a5HriXv7I1h02sOA,author::UCTylKrsqkrBKIqubMu_5N0Q,1
author::UCLggDc_a5HriXv7I1h02sOA,author::UCZLG9qH0tUjNhEGFIUt0CYw,1
author::UCLggDc_a5HriXv7I1h02sOA,author::UCXXh7yg5KUFIWylTiKVEFKQ,1
author::UCLggDc_a5HriXv7I1h02sOA,author::UCr1emrogPKkKTs_WTtx71xg,1
author::UCLggDc_a5HriXv7I1h02sOA,author::UChs3tU2BcKOT0CezykvAsGw,1
author::UCLggDc_a5HriXv7I1h02sOA,author::UCmvOgzmmXbjUthHy-WJ52hQ,1
author::UCLggDc_a5HriXv7I1h02sOA,author::UCsjs5Hp_r86x1xbK6FAeqaA,1
author::UCLggDc_a5HriXv7I1h02sOA,author::UCOh6DaZC_x9HASnlRylEMfw,1
author::UCLggDc_a5HriXv7I1h02sOA,author::UCThW2XNsAaBKme5PUt7n-Zg,1
author::UCLggDc_a5HriXv7I1h02sOA,author::UCsUCN0Yq_UyTvKjOJLmNrnQ,1
author::UCLggDc_a5HriXv7I1h02sOA,author::UCjSKM9j0Q7HLDr1hD6D-TUw,1
author::UCLggDc_a5HriXv7I1h02sOA,author::UCiMythXHsw7eQEMykCdmMUA,1
author::UCLggDc_a5HriXv7I1h02sOA,author::UCQtICyzWmhC5woCtbNgaSmg,1
author::UCLggDc_a5HriXv7I1h02sOA,author::UCQtSFINs1h6GHkpg9o5kMvg,1
author::UCLggDc_a5HriXv7I1h02sOA,author::UCSou6a2OuYGSvPjm5psquyA,1
author::UCLggDc_a5HriXv7I1h02sOA,author::UCYwpX26TrCxq8TvbKGRYLXA,1
author::UCLggDc_a5HriXv7I1h02sOA,author::UCxff05WuyvwELNITi7bj7UA,1
author::UCLggDc_a5HriXv7I1h02sOA,author::UCTP3O0rMnc8z8v8jaDQwL0w,1
author::UCLggDc_a5HriXv7I1h02sOA,author::UCTwSut16JyAg3mX6LVUNGqA,1
author::UCLggDc_a5HriXv7I1h02sOA,author::UCrJn_rbo_ENAdeqneS-RmRw,1
author::UCLggDc_a5HriXv7I1h02sOA,author::UCl0ekS9Tt0jJGtOEM18S63w,1
author::UCLggDc_a5HriXv7I1h02sOA,author::UCut6b9S98nv84cVX89PmKzA,1
author::UCLggDc_a5HriXv7I1h02sOA,author::UCi1b_TRQfgO1Z9O2gNGGWNA,1
author::UCLggDc_a5HriXv7I1h02sOA,author::UCYN4wSQ1Sx4_LurxLlW7MPg,1
author::UCLggDc_a5HriXv7I1h02sOA,author::UCTD6q1nyIe3Y7HhqjaMj72w,1
author::UCLggDc_a5HriXv7I1h02sOA,author::UCpIdtvoFHVLGASGB5ySqIEA,1
author::UCLggDc_a5HriXv7I1h02sOA,author::UCtNfIBnc5S5DbbQj_yxgJTw,1
author::UCLggDc_a5HriXv7I1h02sOA,author::UCQqetiwzzmRNTM5OWuXarGQ,1
author::UCLggDc_a5HriXv7I1h02sOA,author::UCRelkU8JiZBytTzebJxaa-w,1
author::UCLggDc_a5HriXv7I1h02sOA,author::UCgvw7xIdGFupzpt1Y_BFkEA,1
author::UCLggDc_a5HriXv7I1h02sOA,author::UCpsKOkt5iWTbenzeuq7dsmQ,1
author::UCLggDc_a5HriXv7I1h02sOA,author::UCwW2OFy95P7ZBkOPxWkpvYg,1
author::UCLggDc_a5HriXv7I1h02sOA,author::UCNBnKqWf4d-rS4HwJRQljmQ,1
author::UCLggDc_a5HriXv7I1h02sOA,author::UCiGRBf2RNF0WRKhRVT7zFoA,1
author::UCLggDc_a5HriXv7I1h02sOA,author::UCcfdg8crmMJwEuLUsAhV7yg,1
author::UCLggDc_a5HriXv7I1h02sOA,author::UCkd9W714-947dEE6ZOEBATA,1
author::UCLggDc_a5HriXv7I1h02sOA,author::UCZ51R_9Q9C0c8I3pAWhtmjQ,1
author::UCLggDc_a5HriXv7I1h02sOA,author::UCzSfZlOVxBSs5ObD25ywxDQ,1
author::UCLggDc_a5HriXv7I1h02sOA,author::UCwha8rxULYMVtNwZWeSkE1A,1
author::UCLggDc_a5HriXv7I1h02sOA,author::UChgkn5Jt5tWKYMoEOuCjz3Q,1
author::UCLggDc_a5HriXv7I1h02sOA,author::UCvApqeCbLod-wejtT4CcVuA,1
author::UCLggDc_a5HriXv7I1h02sOA,author::UCfM3nrxtTQMY5jFx1v1J4Gg,1
author::UCLggDc_a5HriXv7I1h02sOA,author::UCRlCV9zSn7avAWh-9_XFWqQ,1
author::UCLggDc_a5HriXv7I1h02sOA,author::UCNkcuy42zEwddwEcOd_HpnA,1
author::UCLggDc_a5HriXv7I1h02sOA,author::UCz3gu01bmjNv0DpRq-K3XYg,1
author::UCLggDc_a5HriXv7I1h02sOA,author::UCySYJU5kUh7X8gVt9la2ISA,1
author::UCLggDc_a5HriXv7I1h02sOA,author::UCQgYjVngJRfPHDLGB5X6ZjA,1
author::UCLggDc_a5HriXv7I1h02sOA,author::UCXSkL3ejZ8qWYyF_M7s_QKA,1
author::UCLggDc_a5HriXv7I1h02sOA,author::UChZknRmJkeGeQk0-mQuhDOg,1
author::UCLggDc_a5HriXv7I1h02sOA,author::UCXr8_5WtGeipe4haOoQDgyQ,1
author::UCLggDc_a5HriXv7I1h02sOA,author::UCljDbleJul41G1TzOjOZAVA,1
author::UCLggDc_a5HriXv7I1h02sOA,author::UCujPF2nBgsTD62nWE3lcpIg,1
author::UCLggDc_a5HriXv7I1h02sOA,author::UCmjppp6ujz3SAnULvP3sZMw,1
author::UCLggDc_a5HriXv7I1h02sOA,author::UCylqlpsh8ENNM1LqgQ1KbxA,1
author::UCLggDc_a5HriXv7I1h02sOA,author::UCp4iw5_5SmV9VGTFSNVGOmQ,1
author::UCLggDc_a5HriXv7I1h02sOA,author::UCN6qbfPSzFtjhqUDZ3Cv3CQ,1
author::UCLggDc_a5HriXv7I1h02sOA,author::UCpl8rF8uv_8uui-QRvuJaRA,1
author::UCLggDc_a5HriXv7I1h02sOA,author::UCh5ESQvtzyHDhCA7XyekCFA,1
author::UCLggDc_a5HriXv7I1h02sOA,author::UCsSXdJct-nsS8DsABoEsaYA,1
author::UCLggDc_a5HriXv7I1h02sOA,author::UCOLGv5Pf6BF2wFcwUzgcvHg,1
author::UCLggDc_a5HriXv7I1h02sOA,author::UCtUR3_CAiE7fCoZHM6cMfyQ,1
author::UCLh1Kde4_vI1sTZBkTNP7RQ,author::UCdFlugHJJa4l3YqWuNRmvXw,1
author::UCLh1Kde4_vI1sTZBkTNP7RQ,author::UCfRqgt2O-vjzUDMZY_tnxQw,1
author::UCLh1Kde4_vI1sTZBkTNP7RQ,author::UCk4O-J1BhoqPmig1KLGJePA,1
author::UCN2N_wYOw6fMwCeSzdXLPIw,author::UCusjriFsDHEc2AOjqk-p5ig,1
author::UCN2N_wYOw6fMwCeSzdXLPIw,author::UCzZ6dDCEsLMXbc5pCFXIprw,1
author::UCN2N_wYOw6fMwCeSzdXLPIw,author::UCNIeXbV_mEwpa412h1aqUWw,1
author::UCN2N_wYOw6fMwCeSzdXLPIw,author::UCgQJgI9vu1FI2dnC9mrFthw,1
author::UCN2N_wYOw6fMwCeSzdXLPIw,author::UCg3eIfd7BrsLEqS0BLkftHA,1
author::UCN2N_wYOw6fMwCeSzdXLPIw,author::UCf5lnNZF7Qrtli9v4N_23WQ,1
author::UCN2N_wYOw6fMwCeSzdXLPIw,author::UCuP4UK33HKtJE_S39ksmaTw,1
author::UCN2N_wYOw6fMwCeSzdXLPIw,author::UCtNyHmRZtvGF2hSvI2dUBWw,1
author::UCN2N_wYOw6fMwCeSzdXLPIw,author::UCVQf0tzL7xRzFJsABVVULpg,1
author::UCN2N_wYOw6fMwCeSzdXLPIw,author::UCPZueDLrCS4BmTBRMA4q0fA,1
author::UCN2N_wYOw6fMwCeSzdXLPIw,author::UCbYoNG5J3Au5BqtbXogfEFw,1
author::UCN2N_wYOw6fMwCeSzdXLPIw,author::UClsrFGJKWPxxw7MiaEdKLXw,1
author::UCN6qbfPSzFtjhqUDZ3Cv3CQ,author::UCXgr7vXlRrsaskPdo097kGA,1
author::UCN6qbfPSzFtjhqUDZ3Cv3CQ,author::UCwO2SXr0ggzwg6QWWrr01nQ,1
author::UCN6qbfPSzFtjhqUDZ3Cv3CQ,author::UCipetjeiWj4CZB6EbyYziZg,1
author::UCN6qbfPSzFtjhqUDZ3Cv3CQ,author::UCV0iizTBoOfdAFX_thfI9BA,1
author::UCN6qbfPSzFtjhqUDZ3Cv3CQ,author::UCWIZUtKJ636y-4TYrNvok0g,1
author::UCN6qbfPSzFtjhqUDZ3Cv3CQ,author::UCueV9cTyTDwgQSec1x2dYgA,1
author::UCN6qbfPSzFtjhqUDZ3Cv3CQ,author::UCUIIIPTVDVHAXqhC_5V6lPA,1
author::UCN6qbfPSzFtjhqUDZ3Cv3CQ,author::UChep9kVb5gQmpodEEl10Xlg,1
author::UCN6qbfPSzFtjhqUDZ3Cv3CQ,author::UCsJJAvrVGupdmhOqgtDp8dg,1
author::UCN6qbfPSzFtjhqUDZ3Cv3CQ,author::UCQ_-LPP8JAbfkc-b1Q6NvWw,1
author::UCN6qbfPSzFtjhqUDZ3Cv3CQ,author::UCOS8ViEkccrTZx2w2ccxotA,1
author::UCN6qbfPSzFtjhqUDZ3Cv3CQ,author::UCjmPuazZJzscrwvk0QR9RVw,1
author::UCN6qbfPSzFtjhqUDZ3Cv3CQ,author::UCzoL2l5H5eVlorWGH8AZfAg,1
author::UCN6qbfPSzFtjhqUDZ3Cv3CQ,author::UCplrIQtaPj6au60_f2-mOYw,1
author::UCN6qbfPSzFtjhqUDZ3Cv3CQ,author::UCRETAiYdh2dL5ZxB0_N1zDA,1
author::UCN6qbfPSzFtjhqUDZ3Cv3CQ,author::UCj-LL25XJnjxepPKCc3NGog,1
author::UCN6qbfPSzFtjhqUDZ3Cv3CQ,author::UCTylKrsqkrBKIqubMu_5N0Q,1
author::UCN6qbfPSzFtjhqUDZ3Cv3CQ,author::UCZLG9qH0tUjNhEGFIUt0CYw,1
author::UCN6qbfPSzFtjhqUDZ3Cv3CQ,author::UCXXh7yg5KUFIWylTiKVEFKQ,1
author::UCN6qbfPSzFtjhqUDZ3Cv3CQ,author::UCr1emrogPKkKTs_WTtx71xg,1
author::UCN6qbfPSzFtjhqUDZ3Cv3CQ,author::UChs3tU2BcKOT0CezykvAsGw,1
author::UCN6qbfPSzFtjhqUDZ3Cv3CQ,author::UCmvOgzmmXbjUthHy-WJ52hQ,1
author::UCN6qbfPSzFtjhqUDZ3Cv3CQ,author::UCsjs5Hp_r86x1xbK6FAeqaA,1
author::UCN6qbfPSzFtjhqUDZ3Cv3CQ,author::UCOh6DaZC_x9HASnlRylEMfw,1
author::UCN6qbfPSzFtjhqUDZ3Cv3CQ,author::UCThW2XNsAaBKme5PUt7n-Zg,1
author::UCN6qbfPSzFtjhqUDZ3Cv3CQ,author::UCsUCN0Yq_UyTvKjOJLmNrnQ,1
author::UCN6qbfPSzFtjhqUDZ3Cv3CQ,author::UCjSKM9j0Q7HLDr1hD6D-TUw,1
author::UCN6qbfPSzFtjhqUDZ3Cv3CQ,author::UCiMythXHsw7eQEMykCdmMUA,1
author::UCN6qbfPSzFtjhqUDZ3Cv3CQ,author::UCQtICyzWmhC5woCtbNgaSmg,1
author::UCN6qbfPSzFtjhqUDZ3Cv3CQ,author::UCQtSFINs1h6GHkpg9o5kMvg,1
author::UCN6qbfPSzFtjhqUDZ3Cv3CQ,author::UCSou6a2OuYGSvPjm5psquyA,1
author::UCN6qbfPSzFtjhqUDZ3Cv3CQ,author::UCYwpX26TrCxq8TvbKGRYLXA,1
author::UCN6qbfPSzFtjhqUDZ3Cv3CQ,author::UCxff05WuyvwELNITi7bj7UA,1
author::UCN6qbfPSzFtjhqUDZ3Cv3CQ,author::UCTP3O0rMnc8z8v8jaDQwL0w,1
author::UCN6qbfPSzFtjhqUDZ3Cv3CQ,author::UCTwSut16JyAg3mX6LVUNGqA,1
author::UCN6qbfPSzFtjhqUDZ3Cv3CQ,author::UCrJn_rbo_ENAdeqneS-RmRw,1
author::UCN6qbfPSzFtjhqUDZ3Cv3CQ,author::UCl0ekS9Tt0jJGtOEM18S63w,1
author::UCN6qbfPSzFtjhqUDZ3Cv3CQ,author::UCut6b9S98nv84cVX89PmKzA,1
author::UCN6qbfPSzFtjhqUDZ3Cv3CQ,author::UCi1b_TRQfgO1Z9O2gNGGWNA,1
author::UCN6qbfPSzFtjhqUDZ3Cv3CQ,author::UCYN4wSQ1Sx4_LurxLlW7MPg,1
author::UCN6qbfPSzFtjhqUDZ3Cv3CQ,author::UCTD6q1nyIe3Y7HhqjaMj72w,1
author::UCN6qbfPSzFtjhqUDZ3Cv3CQ,author::UCpIdtvoFHVLGASGB5ySqIEA,1
author::UCN6qbfPSzFtjhqUDZ3Cv3CQ,author::UCtNfIBnc5S5DbbQj_yxgJTw,1
author::UCN6qbfPSzFtjhqUDZ3Cv3CQ,author::UCQqetiwzzmRNTM5OWuXarGQ,1
author::UCN6qbfPSzFtjhqUDZ3Cv3CQ,author::UCRelkU8JiZBytTzebJxaa-w,1
author::UCN6qbfPSzFtjhqUDZ3Cv3CQ,author::UCgvw7xIdGFupzpt1Y_BFkEA,1
author::UCN6qbfPSzFtjhqUDZ3Cv3CQ,author::UCpsKOkt5iWTbenzeuq7dsmQ,1
author::UCN6qbfPSzFtjhqUDZ3Cv3CQ,author::UCwW2OFy95P7ZBkOPxWkpvYg,1
author::UCN6qbfPSzFtjhqUDZ3Cv3CQ,author::UCNBnKqWf4d-rS4HwJRQljmQ,1
author::UCN6qbfPSzFtjhqUDZ3Cv3CQ,author::UCiGRBf2RNF0WRKhRVT7zFoA,1
author::UCN6qbfPSzFtjhqUDZ3Cv3CQ,author::UCcfdg8crmMJwEuLUsAhV7yg,1
author::UCN6qbfPSzFtjhqUDZ3Cv3CQ,author::UCkd9W714-947dEE6ZOEBATA,1
author::UCN6qbfPSzFtjhqUDZ3Cv3CQ,author::UCZ51R_9Q9C0c8I3pAWhtmjQ,1
author::UCN6qbfPSzFtjhqUDZ3Cv3CQ,author::UCzSfZlOVxBSs5ObD25ywxDQ,1
author::UCN6qbfPSzFtjhqUDZ3Cv3CQ,author::UCwha8rxULYMVtNwZWeSkE1A,1
author::UCN6qbfPSzFtjhqUDZ3Cv3CQ,author::UChgkn5Jt5tWKYMoEOuCjz3Q,1
author::UCN6qbfPSzFtjhqUDZ3Cv3CQ,author::UCvApqeCbLod-wejtT4CcVuA,1
author::UCN6qbfPSzFtjhqUDZ3Cv3CQ,author::UCfM3nrxtTQMY5jFx1v1J4Gg,1
author::UCN6qbfPSzFtjhqUDZ3Cv3CQ,author::UCRlCV9zSn7avAWh-9_XFWqQ,1
author::UCN6qbfPSzFtjhqUDZ3Cv3CQ,author::UCNkcuy42zEwddwEcOd_HpnA,1
author::UCN6qbfPSzFtjhqUDZ3Cv3CQ,author::UCz3gu01bmjNv0DpRq-K3XYg,1
author::UCN6qbfPSzFtjhqUDZ3Cv3CQ,author::UCySYJU5kUh7X8gVt9la2ISA,1
author::UCN6qbfPSzFtjhqUDZ3Cv3CQ,author::UCQgYjVngJRfPHDLGB5X6ZjA,1
author::UCN6qbfPSzFtjhqUDZ3Cv3CQ,author::UCXSkL3ejZ8qWYyF_M7s_QKA,1
author::UCN6qbfPSzFtjhqUDZ3Cv3CQ,author::UChZknRmJkeGeQk0-mQuhDOg,1
author::UCN6qbfPSzFtjhqUDZ3Cv3CQ,author::UCXr8_5WtGeipe4haOoQDgyQ,1
author::UCN6qbfPSzFtjhqUDZ3Cv3CQ,author::UCljDbleJul41G1TzOjOZAVA,1
author::UCN6qbfPSzFtjhqUDZ3Cv3CQ,author::UCujPF2nBgsTD62nWE3lcpIg,1
author::UCN6qbfPSzFtjhqUDZ3Cv3CQ,author::UCmjppp6ujz3SAnULvP3sZMw,1
author::UCN6qbfPSzFtjhqUDZ3Cv3CQ,author::UCylqlpsh8ENNM1LqgQ1KbxA,1
author::UCN6qbfPSzFtjhqUDZ3Cv3CQ,author::UCp4iw5_5SmV9VGTFSNVGOmQ,1
author::UCN6qbfPSzFtjhqUDZ3Cv3CQ,author::UCpl8rF8uv_8uui-QRvuJaRA,1
author::UCN6qbfPSzFtjhqUDZ3Cv3CQ,author::UCh5ESQvtzyHDhCA7XyekCFA,1
author::UCN6qbfPSzFtjhqUDZ3Cv3CQ,author::UCsSXdJct-nsS8DsABoEsaYA,1
author::UCN6qbfPSzFtjhqUDZ3Cv3CQ,author::UCOLGv5Pf6BF2wFcwUzgcvHg,1
author::UCN6qbfPSzFtjhqUDZ3Cv3CQ,author::UCtUR3_CAiE7fCoZHM6cMfyQ,1
author::UCNBnKqWf4d-rS4HwJRQljmQ,author::UCXgr7vXlRrsaskPdo097kGA,1
author::UCNBnKqWf4d-rS4HwJRQljmQ,author::UCwO2SXr0ggzwg6QWWrr01nQ,1
author::UCNBnKqWf4d-rS4HwJRQljmQ,author::UCipetjeiWj4CZB6EbyYziZg,1
author::UCNBnKqWf4d-rS4HwJRQljmQ,author::UCV0iizTBoOfdAFX_thfI9BA,1
author::UCNBnKqWf4d-rS4HwJRQljmQ,author::UCWIZUtKJ636y-4TYrNvok0g,1
author::UCNBnKqWf4d-rS4HwJRQljmQ,author::UCueV9cTyTDwgQSec1x2dYgA,1
author::UCNBnKqWf4d-rS4HwJRQljmQ,author::UCUIIIPTVDVHAXqhC_5V6lPA,1
author::UCNBnKqWf4d-rS4HwJRQljmQ,author::UChep9kVb5gQmpodEEl10Xlg,1
author::UCNBnKqWf4d-rS4HwJRQljmQ,author::UCsJJAvrVGupdmhOqgtDp8dg,1
author::UCNBnKqWf4d-rS4HwJRQljmQ,author::UCQ_-LPP8JAbfkc-b1Q6NvWw,1
author::UCNBnKqWf4d-rS4HwJRQljmQ,author::UCOS8ViEkccrTZx2w2ccxotA,1
author::UCNBnKqWf4d-rS4HwJRQljmQ,author::UCjmPuazZJzscrwvk0QR9RVw,1
author::UCNBnKqWf4d-rS4HwJRQljmQ,author::UCzoL2l5H5eVlorWGH8AZfAg,1
author::UCNBnKqWf4d-rS4HwJRQljmQ,author::UCplrIQtaPj6au60_f2-mOYw,1
author::UCNBnKqWf4d-rS4HwJRQljmQ,author::UCRETAiYdh2dL5ZxB0_N1zDA,1
author::UCNBnKqWf4d-rS4HwJRQljmQ,author::UCj-LL25XJnjxepPKCc3NGog,1
author::UCNBnKqWf4d-rS4HwJRQljmQ,author::UCTylKrsqkrBKIqubMu_5N0Q,1
author::UCNBnKqWf4d-rS4HwJRQljmQ,author::UCZLG9qH0tUjNhEGFIUt0CYw,1
author::UCNBnKqWf4d-rS4HwJRQljmQ,author::UCXXh7yg5KUFIWylTiKVEFKQ,1
author::UCNBnKqWf4d-rS4HwJRQljmQ,author::UCr1emrogPKkKTs_WTtx71xg,1
author::UCNBnKqWf4d-rS4HwJRQljmQ,author::UChs3tU2BcKOT0CezykvAsGw,1
author::UCNBnKqWf4d-rS4HwJRQljmQ,author::UCmvOgzmmXbjUthHy-WJ52hQ,1
author::UCNBnKqWf4d-rS4HwJRQljmQ,author::UCsjs5Hp_r86x1xbK6FAeqaA,1
author::UCNBnKqWf4d-rS4HwJRQljmQ,author::UCOh6DaZC_x9HASnlRylEMfw,1
author::UCNBnKqWf4d-rS4HwJRQljmQ,author::UCThW2XNsAaBKme5PUt7n-Zg,1
author::UCNBnKqWf4d-rS4HwJRQljmQ,author::UCsUCN0Yq_UyTvKjOJLmNrnQ,1
author::UCNBnKqWf4d-rS4HwJRQljmQ,author::UCjSKM9j0Q7HLDr1hD6D-TUw,1
author::UCNBnKqWf4d-rS4HwJRQljmQ,author::UCiMythXHsw7eQEMykCdmMUA,1
author::UCNBnKqWf4d-rS4HwJRQljmQ,author::UCQtICyzWmhC5woCtbNgaSmg,1
author::UCNBnKqWf4d-rS4HwJRQljmQ,author::UCQtSFINs1h6GHkpg9o5kMvg,1
author::UCNBnKqWf4d-rS4HwJRQljmQ,author::UCSou6a2OuYGSvPjm5psquyA,1
author::UCNBnKqWf4d-rS4HwJRQljmQ,author::UCYwpX26TrCxq8TvbKGRYLXA,1
author::UCNBnKqWf4d-rS4HwJRQljmQ,author::UCxff05WuyvwELNITi7bj7UA,1
author::UCNBnKqWf4d-rS4HwJRQljmQ,author::UCTP3O0rMnc8z8v8jaDQwL0w,1
author::UCNBnKqWf4d-rS4HwJRQljmQ,author::UCTwSut16JyAg3mX6LVUNGqA,1
author::UCNBnKqWf4d-rS4HwJRQljmQ,author::UCrJn_rbo_ENAdeqneS-RmRw,1
author::UCNBnKqWf4d-rS4HwJRQljmQ,author::UCl0ekS9Tt0jJGtOEM18S63w,1
author::UCNBnKqWf4d-rS4HwJRQljmQ,author::UCut6b9S98nv84cVX89PmKzA,1
author::UCNBnKqWf4d-rS4HwJRQljmQ,author::UCi1b_TRQfgO1Z9O2gNGGWNA,1
author::UCNBnKqWf4d-rS4HwJRQljmQ,author::UCYN4wSQ1Sx4_LurxLlW7MPg,1
author::UCNBnKqWf4d-rS4HwJRQljmQ,author::UCTD6q1nyIe3Y7HhqjaMj72w,1
author::UCNBnKqWf4d-rS4HwJRQljmQ,author::UCpIdtvoFHVLGASGB5ySqIEA,1
author::UCNBnKqWf4d-rS4HwJRQljmQ,author::UCtNfIBnc5S5DbbQj_yxgJTw,1
author::UCNBnKqWf4d-rS4HwJRQljmQ,author::UCQqetiwzzmRNTM5OWuXarGQ,1
author::UCNBnKqWf4d-rS4HwJRQljmQ,author::UCRelkU8JiZBytTzebJxaa-w,1
author::UCNBnKqWf4d-rS4HwJRQljmQ,author::UCgvw7xIdGFupzpt1Y_BFkEA,1
author::UCNBnKqWf4d-rS4HwJRQljmQ,author::UCpsKOkt5iWTbenzeuq7dsmQ,1
author::UCNBnKqWf4d-rS4HwJRQljmQ,author::UCwW2OFy95P7ZBkOPxWkpvYg,1
author::UCNBnKqWf4d-rS4HwJRQljmQ,author::UCiGRBf2RNF0WRKhRVT7zFoA,1
author::UCNBnKqWf4d-rS4HwJRQljmQ,author::UCcfdg8crmMJwEuLUsAhV7yg,1
author::UCNBnKqWf4d-rS4HwJRQljmQ,author::UCkd9W714-947dEE6ZOEBATA,1
author::UCNBnKqWf4d-rS4HwJRQljmQ,author::UCZ51R_9Q9C0c8I3pAWhtmjQ,1
author::UCNBnKqWf4d-rS4HwJRQljmQ,author::UCzSfZlOVxBSs5ObD25ywxDQ,1
author::UCNBnKqWf4d-rS4HwJRQljmQ,author::UCwha8rxULYMVtNwZWeSkE1A,1
author::UCNBnKqWf4d-rS4HwJRQljmQ,author::UChgkn5Jt5tWKYMoEOuCjz3Q,1
author::UCNBnKqWf4d-rS4HwJRQljmQ,author::UCvApqeCbLod-wejtT4CcVuA,1
author::UCNBnKqWf4d-rS4HwJRQljmQ,author::UCfM3nrxtTQMY5jFx1v1J4Gg,1
author::UCNBnKqWf4d-rS4HwJRQljmQ,author::UCRlCV9zSn7avAWh-9_XFWqQ,1
author::UCNBnKqWf4d-rS4HwJRQljmQ,author::UCNkcuy42zEwddwEcOd_HpnA,1
author::UCNBnKqWf4d-rS4HwJRQljmQ,author::UCz3gu01bmjNv0DpRq-K3XYg,1
author::UCNBnKqWf4d-rS4HwJRQljmQ,author::UCySYJU5kUh7X8gVt9la2ISA,1
author::UCNBnKqWf4d-rS4HwJRQljmQ,author::UCQgYjVngJRfPHDLGB5X6ZjA,1
author::UCNBnKqWf4d-rS4HwJRQljmQ,author::UCXSkL3ejZ8qWYyF_M7s_QKA,1
author::UCNBnKqWf4d-rS4HwJRQljmQ,author::UChZknRmJkeGeQk0-mQuhDOg,1
author::UCNBnKqWf4d-rS4HwJRQljmQ,author::UCXr8_5WtGeipe4haOoQDgyQ,1
author::UCNBnKqWf4d-rS4HwJRQljmQ,author::UCljDbleJul41G1TzOjOZAVA,1
author::UCNBnKqWf4d-rS4HwJRQljmQ,author::UCujPF2nBgsTD62nWE3lcpIg,1
author::UCNBnKqWf4d-rS4HwJRQljmQ,author::UCmjppp6ujz3SAnULvP3sZMw,1
author::UCNBnKqWf4d-rS4HwJRQljmQ,author::UCylqlpsh8ENNM1LqgQ1KbxA,1
author::UCNBnKqWf4d-rS4HwJRQljmQ,author::UCp4iw5_5SmV9VGTFSNVGOmQ,1
author::UCNBnKqWf4d-rS4HwJRQljmQ,author::UCpl8rF8uv_8uui-QRvuJaRA,1
author::UCNBnKqWf4d-rS4HwJRQljmQ,author::UCh5ESQvtzyHDhCA7XyekCFA,1
author::UCNBnKqWf4d-rS4HwJRQljmQ,author::UCsSXdJct-nsS8DsABoEsaYA,1
author::UCNBnKqWf4d-rS4HwJRQljmQ,author::UCOLGv5Pf6BF2wFcwUzgcvHg,1
author::UCNBnKqWf4d-rS4HwJRQljmQ,author::UCtUR3_CAiE7fCoZHM6cMfyQ,1
author::UCNIeXbV_mEwpa412h1aqUWw,author::UCusjriFsDHEc2AOjqk-p5ig,1
author::UCNIeXbV_mEwpa412h1aqUWw,author::UCzZ6dDCEsLMXbc5pCFXIprw,1
author::UCNIeXbV_mEwpa412h1aqUWw,author::UCgQJgI9vu1FI2dnC9mrFthw,1
author::UCNIeXbV_mEwpa412h1aqUWw,author::UCg3eIfd7BrsLEqS0BLkftHA,1
author::UCNIeXbV_mEwpa412h1aqUWw,author::UCf5lnNZF7Qrtli9v4N_23WQ,1
author::UCNIeXbV_mEwpa412h1aqUWw,author::UCuP4UK33HKtJE_S39ksmaTw,1
author::UCNIeXbV_mEwpa412h1aqUWw,author::UCtNyHmRZtvGF2hSvI2dUBWw,1
author::UCNIeXbV_mEwpa412h1aqUWw,author::UCVQf0tzL7xRzFJsABVVULpg,1
author::UCNIeXbV_mEwpa412h1aqUWw,author::UCPZueDLrCS4BmTBRMA4q0fA,1
author::UCNIeXbV_mEwpa412h1aqUWw,author::UCbYoNG5J3Au5BqtbXogfEFw,1
author::UCNIeXbV_mEwpa412h1aqUWw,author::UClsrFGJKWPxxw7MiaEdKLXw,1
author::UCNiMNUJvaRJb0_QLClqwVnA,author::UCtowGNY2lnlg6O2CkwDgkLg,1
author::UCNiMNUJvaRJb0_QLClqwVnA,author::UCld2stqxaVSk0QdGncM224A,1
author::UCNkcuy42zEwddwEcOd_HpnA,author::UCXgr7vXlRrsaskPdo097kGA,1
author::UCNkcuy42zEwddwEcOd_HpnA,author::UCwO2SXr0ggzwg6QWWrr01nQ,1
author::UCNkcuy42zEwddwEcOd_HpnA,author::UCipetjeiWj4CZB6EbyYziZg,1
author::UCNkcuy42zEwddwEcOd_HpnA,author::UCV0iizTBoOfdAFX_thfI9BA,1
author::UCNkcuy42zEwddwEcOd_HpnA,author::UCWIZUtKJ636y-4TYrNvok0g,1
author::UCNkcuy42zEwddwEcOd_HpnA,author::UCueV9cTyTDwgQSec1x2dYgA,1
author::UCNkcuy42zEwddwEcOd_HpnA,author::UCUIIIPTVDVHAXqhC_5V6lPA,1
author::UCNkcuy42zEwddwEcOd_HpnA,author::UChep9kVb5gQmpodEEl10Xlg,1
author::UCNkcuy42zEwddwEcOd_HpnA,author::UCsJJAvrVGupdmhOqgtDp8dg,1
author::UCNkcuy42zEwddwEcOd_HpnA,author::UCQ_-LPP8JAbfkc-b1Q6NvWw,1
author::UCNkcuy42zEwddwEcOd_HpnA,author::UCOS8ViEkccrTZx2w2ccxotA,1
author::UCNkcuy42zEwddwEcOd_HpnA,author::UCjmPuazZJzscrwvk0QR9RVw,1
author::UCNkcuy42zEwddwEcOd_HpnA,author::UCzoL2l5H5eVlorWGH8AZfAg,1
author::UCNkcuy42zEwddwEcOd_HpnA,author::UCplrIQtaPj6au60_f2-mOYw,1
author::UCNkcuy42zEwddwEcOd_HpnA,author::UCRETAiYdh2dL5ZxB0_N1zDA,1
author::UCNkcuy42zEwddwEcOd_HpnA,author::UCj-LL25XJnjxepPKCc3NGog,1
author::UCNkcuy42zEwddwEcOd_HpnA,author::UCTylKrsqkrBKIqubMu_5N0Q,1
author::UCNkcuy42zEwddwEcOd_HpnA,author::UCZLG9qH0tUjNhEGFIUt0CYw,1
author::UCNkcuy42zEwddwEcOd_HpnA,author::UCXXh7yg5KUFIWylTiKVEFKQ,1
author::UCNkcuy42zEwddwEcOd_HpnA,author::UCr1emrogPKkKTs_WTtx71xg,1
author::UCNkcuy42zEwddwEcOd_HpnA,author::UChs3tU2BcKOT0CezykvAsGw,1
author::UCNkcuy42zEwddwEcOd_HpnA,author::UCmvOgzmmXbjUthHy-WJ52hQ,1
author::UCNkcuy42zEwddwEcOd_HpnA,author::UCsjs5Hp_r86x1xbK6FAeqaA,1
author::UCNkcuy42zEwddwEcOd_HpnA,author::UCOh6DaZC_x9HASnlRylEMfw,1
author::UCNkcuy42zEwddwEcOd_HpnA,author::UCThW2XNsAaBKme5PUt7n-Zg,1
author::UCNkcuy42zEwddwEcOd_HpnA,author::UCsUCN0Yq_UyTvKjOJLmNrnQ,1
author::UCNkcuy42zEwddwEcOd_HpnA,author::UCjSKM9j0Q7HLDr1hD6D-TUw,1
author::UCNkcuy42zEwddwEcOd_HpnA,author::UCiMythXHsw7eQEMykCdmMUA,1
author::UCNkcuy42zEwddwEcOd_HpnA,author::UCQtICyzWmhC5woCtbNgaSmg,1
author::UCNkcuy42zEwddwEcOd_HpnA,author::UCQtSFINs1h6GHkpg9o5kMvg,1
author::UCNkcuy42zEwddwEcOd_HpnA,author::UCSou6a2OuYGSvPjm5psquyA,1
author::UCNkcuy42zEwddwEcOd_HpnA,author::UCYwpX26TrCxq8TvbKGRYLXA,1
author::UCNkcuy42zEwddwEcOd_HpnA,author::UCxff05WuyvwELNITi7bj7UA,1
author::UCNkcuy42zEwddwEcOd_HpnA,author::UCTP3O0rMnc8z8v8jaDQwL0w,1
author::UCNkcuy42zEwddwEcOd_HpnA,author::UCTwSut16JyAg3mX6LVUNGqA,1
author::UCNkcuy42zEwddwEcOd_HpnA,author::UCrJn_rbo_ENAdeqneS-RmRw,1
author::UCNkcuy42zEwddwEcOd_HpnA,author::UCl0ekS9Tt0jJGtOEM18S63w,1
author::UCNkcuy42zEwddwEcOd_HpnA,author::UCut6b9S98nv84cVX89PmKzA,1
author::UCNkcuy42zEwddwEcOd_HpnA,author::UCi1b_TRQfgO1Z9O2gNGGWNA,1
author::UCNkcuy42zEwddwEcOd_HpnA,author::UCYN4wSQ1Sx4_LurxLlW7MPg,1
author::UCNkcuy42zEwddwEcOd_HpnA,author::UCTD6q1nyIe3Y7HhqjaMj72w,1
author::UCNkcuy42zEwddwEcOd_HpnA,author::UCpIdtvoFHVLGASGB5ySqIEA,1
author::UCNkcuy42zEwddwEcOd_HpnA,author::UCtNfIBnc5S5DbbQj_yxgJTw,1
author::UCNkcuy42zEwddwEcOd_HpnA,author::UCQqetiwzzmRNTM5OWuXarGQ,1
author::UCNkcuy42zEwddwEcOd_HpnA,author::UCRelkU8JiZBytTzebJxaa-w,1
author::UCNkcuy42zEwddwEcOd_HpnA,author::UCgvw7xIdGFupzpt1Y_BFkEA,1
author::UCNkcuy42zEwddwEcOd_HpnA,author::UCpsKOkt5iWTbenzeuq7dsmQ,1
author::UCNkcuy42zEwddwEcOd_HpnA,author::UCwW2OFy95P7ZBkOPxWkpvYg,1
author::UCNkcuy42zEwddwEcOd_HpnA,author::UCiGRBf2RNF0WRKhRVT7zFoA,1
author::UCNkcuy42zEwddwEcOd_HpnA,author::UCcfdg8crmMJwEuLUsAhV7yg,1
author::UCNkcuy42zEwddwEcOd_HpnA,author::UCkd9W714-947dEE6ZOEBATA,1
author::UCNkcuy42zEwddwEcOd_HpnA,author::UCZ51R_9Q9C0c8I3pAWhtmjQ,1
author::UCNkcuy42zEwddwEcOd_HpnA,author::UCzSfZlOVxBSs5ObD25ywxDQ,1
author::UCNkcuy42zEwddwEcOd_HpnA,author::UCwha8rxULYMVtNwZWeSkE1A,1
author::UCNkcuy42zEwddwEcOd_HpnA,author::UChgkn5Jt5tWKYMoEOuCjz3Q,1
author::UCNkcuy42zEwddwEcOd_HpnA,author::UCvApqeCbLod-wejtT4CcVuA,1
author::UCNkcuy42zEwddwEcOd_HpnA,author::UCfM3nrxtTQMY5jFx1v1J4Gg,1
author::UCNkcuy42zEwddwEcOd_HpnA,author::UCRlCV9zSn7avAWh-9_XFWqQ,1
author::UCNkcuy42zEwddwEcOd_HpnA,author::UCz3gu01bmjNv0DpRq-K3XYg,1
author::UCNkcuy42zEwddwEcOd_HpnA,author::UCySYJU5kUh7X8gVt9la2ISA,1
author::UCNkcuy42zEwddwEcOd_HpnA,author::UCQgYjVngJRfPHDLGB5X6ZjA,1
author::UCNkcuy42zEwddwEcOd_HpnA,author::UCXSkL3ejZ8qWYyF_M7s_QKA,1
author::UCNkcuy42zEwddwEcOd_HpnA,author::UChZknRmJkeGeQk0-mQuhDOg,1
author::UCNkcuy42zEwddwEcOd_HpnA,author::UCXr8_5WtGeipe4haOoQDgyQ,1
author::UCNkcuy42zEwddwEcOd_HpnA,author::UCljDbleJul41G1TzOjOZAVA,1
author::UCNkcuy42zEwddwEcOd_HpnA,author::UCujPF2nBgsTD62nWE3lcpIg,1
author::UCNkcuy42zEwddwEcOd_HpnA,author::UCmjppp6ujz3SAnULvP3sZMw,1
author::UCNkcuy42zEwddwEcOd_HpnA,author::UCylqlpsh8ENNM1LqgQ1KbxA,1
author::UCNkcuy42zEwddwEcOd_HpnA,author::UCp4iw5_5SmV9VGTFSNVGOmQ,1
author::UCNkcuy42zEwddwEcOd_HpnA,author::UCpl8rF8uv_8uui-QRvuJaRA,1
author::UCNkcuy42zEwddwEcOd_HpnA,author::UCh5ESQvtzyHDhCA7XyekCFA,1
author::UCNkcuy42zEwddwEcOd_HpnA,author::UCsSXdJct-nsS8DsABoEsaYA,1
author::UCNkcuy42zEwddwEcOd_HpnA,author::UCOLGv5Pf6BF2wFcwUzgcvHg,1
author::UCNkcuy42zEwddwEcOd_HpnA,author::UCtUR3_CAiE7fCoZHM6cMfyQ,1
author::UCNpt5CQlTzNjlAKY6CJtClQ,author::UCRAquv8el-tQ30bN7MlmySQ,1
author::UCNpt5CQlTzNjlAKY6CJtClQ,author::UCwgCc9Jd_gG-uLE_SY-FfPg,1
author::UCNpt5CQlTzNjlAKY6CJtClQ,author::UCRvPToDkkumha7WJAfCDk1A,1
author::UCNpt5CQlTzNjlAKY6CJtClQ,author::UColMq7LmaoY3MT6aIDGrGvA,1
author::UCNpt5CQlTzNjlAKY6CJtClQ,author::UCiC-Jn7wdgyQV4_Urk0DkWQ,1
author::UCNpt5CQlTzNjlAKY6CJtClQ,author::UCgQw_Sbq3ugruDUKsq1e0-A,1
author::UCNpt5CQlTzNjlAKY6CJtClQ,author::UCdFlugHJJa4l3YqWuNRmvXw,1
author::UCNpt5CQlTzNjlAKY6CJtClQ,author::UCeDNEtI8_a42bZ47wJiJMwQ,1
author::UCNpt5CQlTzNjlAKY6CJtClQ,author::UCu8_3-Wg-YzNyvHYQDEscfw,1
author::UCNpt5CQlTzNjlAKY6CJtClQ,author::UCQqlPPUGqAfWjd-FSh_qn7Q,1
author::UCNpt5CQlTzNjlAKY6CJtClQ,author::UCkVtmkK07b2zaVVNssX4lOg,1
author::UCNpt5CQlTzNjlAKY6CJtClQ,author::UCqCrvuoJpC-aVb0f4logQRQ,1
author::UCNpt5CQlTzNjlAKY6CJtClQ,author::UCsGoJEvb-cFPZ2rWoJcXzEQ,1
author::UCNpt5CQlTzNjlAKY6CJtClQ,author::UCuXmOjxC-htcprLgeVXz6Tg,1
author::UCNpt5CQlTzNjlAKY6CJtClQ,author::UCWoAVGVqCn4xtINCMOTM4jg,1
author::UCNpt5CQlTzNjlAKY6CJtClQ,author::UClqA491Xa5fQcXcJJa-vTWw,1
author::UCNpt5CQlTzNjlAKY6CJtClQ,author::UCQyOePccUP-fIJYzchAgZYw,1
author::UCNpt5CQlTzNjlAKY6CJtClQ,author::UCV0lM03g5fg5pbPj97-sAtA,1
author::UCNpt5CQlTzNjlAKY6CJtClQ,author::UC_LYoGs5C3mbZKZuKuqYCvw,1
author::UCNpt5CQlTzNjlAKY6CJtClQ,author::UCgJNFj5dnxXpcMvmuhZDPxA,1
author::UCNpt5CQlTzNjlAKY6CJtClQ,author::UCpsKOkt5iWTbenzeuq7dsmQ,1
author::UCNpt5CQlTzNjlAKY6CJtClQ,author::UCkbsS_3D-pvg1iHOld9uvIg,1
author::UCNpt5CQlTzNjlAKY6CJtClQ,author::UCOcUI5XkTYNMSFhZNMIPpGg,1
author::UCNpt5CQlTzNjlAKY6CJtClQ,author::UCW-JC6lebVmf2P1dmY_L94g,1
author::UCNpt5CQlTzNjlAKY6CJtClQ,author::UCwjUvRseNtJoItylIyIez7Q,1
author::UCNpt5CQlTzNjlAKY6CJtClQ,author::UClhMWQ7XKWywYvbRnuf8QsA,1
author::UCNpt5CQlTzNjlAKY6CJtClQ,author::UCe8JZoYkX5oKUZyivHYdXhw,1
author::UCNpt5CQlTzNjlAKY6CJtClQ,author::UCaKAjTW9MVub_clgr4DRYjQ,1
author::UCNpt5CQlTzNjlAKY6CJtClQ,author::UCpe5jW3MIqkgTJ-PgkzvM6Q,1
author::UCNpt5CQlTzNjlAKY6CJtClQ,author::UCylqlpsh8ENNM1LqgQ1KbxA,1
author::UCNpt5CQlTzNjlAKY6CJtClQ,author::UCZeIIQrGAedW8tCbKWmGY-A,1
author::UCNpt5CQlTzNjlAKY6CJtClQ,author::UCW80DaMjQlEUibC98Cot-Dg,1
author::UCNpt5CQlTzNjlAKY6CJtClQ,author::UCUoYsrx1oZnCZ0usbBJn4fA,1
author::UCO0zwwLWGyDgQmWPJ5Qrr1w,author::UCq3mDTTRZnUybct5M9OSXbg,1
author::UCO0zwwLWGyDgQmWPJ5Qrr1w,author::UCXN2s7DwTJm33xO-pNkAdaA,1
author::UCO0zwwLWGyDgQmWPJ5Qrr1w,author::UC_3xuTXvMIWU5MYP9HkJ3vQ,1
author::UCO0zwwLWGyDgQmWPJ5Qrr1w,author::UCfXykdbSU97rj987LDUGfvg,1
author::UCO0zwwLWGyDgQmWPJ5Qrr1w,author::UCjZgFEowMBrsjodqfovzdKw,1
author::UCO0zwwLWGyDgQmWPJ5Qrr1w,author::UCfjhejO7LZy4doXURa7LZCQ,1
author::UCO0zwwLWGyDgQmWPJ5Qrr1w,author::UCwCfs-2zbD5k0lG-UVg_JBw,1
author::UCO0zwwLWGyDgQmWPJ5Qrr1w,author::UCvl1tzQeBeGy6efPTRJXSCw,1
author::UCOARn3hnfkB7-_Rwa8Hoqcw,author::UCVhif9eV0f8plICen2DnpKA,1
author::UCOARn3hnfkB7-_Rwa8Hoqcw,author::UCyW68EGZey4ao_Vf2cR5Ztg,1
author::UCOARn3hnfkB7-_Rwa8Hoqcw,author::UCvcu1kR8xMYy_I1Ty-2mV2Q,1
author::UCOARn3hnfkB7-_Rwa8Hoqcw,author::UCZIQnb1fkwe39Iw2TAu-bGA,1
author::UCOLGv5Pf6BF2wFcwUzgcvHg,author::UCXgr7vXlRrsaskPdo097kGA,1
author::UCOLGv5Pf6BF2wFcwUzgcvHg,author::UCwO2SXr0ggzwg6QWWrr01nQ,1
author::UCOLGv5Pf6BF2wFcwUzgcvHg,author::UCipetjeiWj4CZB6EbyYziZg,1
author::UCOLGv5Pf6BF2wFcwUzgcvHg,author::UCV0iizTBoOfdAFX_thfI9BA,1
author::UCOLGv5Pf6BF2wFcwUzgcvHg,author::UCWIZUtKJ636y-4TYrNvok0g,1
author::UCOLGv5Pf6BF2wFcwUzgcvHg,author::UCueV9cTyTDwgQSec1x2dYgA,1
author::UCOLGv5Pf6BF2wFcwUzgcvHg,author::UCUIIIPTVDVHAXqhC_5V6lPA,1
author::UCOLGv5Pf6BF2wFcwUzgcvHg,author::UChep9kVb5gQmpodEEl10Xlg,1
author::UCOLGv5Pf6BF2wFcwUzgcvHg,author::UCsJJAvrVGupdmhOqgtDp8dg,1
author::UCOLGv5Pf6BF2wFcwUzgcvHg,author::UCQ_-LPP8JAbfkc-b1Q6NvWw,1
author::UCOLGv5Pf6BF2wFcwUzgcvHg,author::UCOS8ViEkccrTZx2w2ccxotA,1
author::UCOLGv5Pf6BF2wFcwUzgcvHg,author::UCjmPuazZJzscrwvk0QR9RVw,1
author::UCOLGv5Pf6BF2wFcwUzgcvHg,author::UCzoL2l5H5eVlorWGH8AZfAg,1
author::UCOLGv5Pf6BF2wFcwUzgcvHg,author::UCplrIQtaPj6au60_f2-mOYw,1
author::UCOLGv5Pf6BF2wFcwUzgcvHg,author::UCRETAiYdh2dL5ZxB0_N1zDA,1
author::UCOLGv5Pf6BF2wFcwUzgcvHg,author::UCj-LL25XJnjxepPKCc3NGog,1
author::UCOLGv5Pf6BF2wFcwUzgcvHg,author::UCTylKrsqkrBKIqubMu_5N0Q,1
author::UCOLGv5Pf6BF2wFcwUzgcvHg,author::UCZLG9qH0tUjNhEGFIUt0CYw,1
author::UCOLGv5Pf6BF2wFcwUzgcvHg,author::UCXXh7yg5KUFIWylTiKVEFKQ,1
author::UCOLGv5Pf6BF2wFcwUzgcvHg,author::UCr1emrogPKkKTs_WTtx71xg,1
author::UCOLGv5Pf6BF2wFcwUzgcvHg,author::UChs3tU2BcKOT0CezykvAsGw,1
author::UCOLGv5Pf6BF2wFcwUzgcvHg,author::UCmvOgzmmXbjUthHy-WJ52hQ,1
author::UCOLGv5Pf6BF2wFcwUzgcvHg,author::UCsjs5Hp_r86x1xbK6FAeqaA,1
author::UCOLGv5Pf6BF2wFcwUzgcvHg,author::UCOh6DaZC_x9HASnlRylEMfw,1
author::UCOLGv5Pf6BF2wFcwUzgcvHg,author::UCThW2XNsAaBKme5PUt7n-Zg,1
author::UCOLGv5Pf6BF2wFcwUzgcvHg,author::UCsUCN0Yq_UyTvKjOJLmNrnQ,1
author::UCOLGv5Pf6BF2wFcwUzgcvHg,author::UCjSKM9j0Q7HLDr1hD6D-TUw,1
author::UCOLGv5Pf6BF2wFcwUzgcvHg,author::UCiMythXHsw7eQEMykCdmMUA,1
author::UCOLGv5Pf6BF2wFcwUzgcvHg,author::UCQtICyzWmhC5woCtbNgaSmg,1
author::UCOLGv5Pf6BF2wFcwUzgcvHg,author::UCQtSFINs1h6GHkpg9o5kMvg,1
author::UCOLGv5Pf6BF2wFcwUzgcvHg,author::UCSou6a2OuYGSvPjm5psquyA,1
author::UCOLGv5Pf6BF2wFcwUzgcvHg,author::UCYwpX26TrCxq8TvbKGRYLXA,1
author::UCOLGv5Pf6BF2wFcwUzgcvHg,author::UCxff05WuyvwELNITi7bj7UA,1
author::UCOLGv5Pf6BF2wFcwUzgcvHg,author::UCTP3O0rMnc8z8v8jaDQwL0w,1
author::UCOLGv5Pf6BF2wFcwUzgcvHg,author::UCTwSut16JyAg3mX6LVUNGqA,1
author::UCOLGv5Pf6BF2wFcwUzgcvHg,author::UCrJn_rbo_ENAdeqneS-RmRw,1
author::UCOLGv5Pf6BF2wFcwUzgcvHg,author::UCl0ekS9Tt0jJGtOEM18S63w,1
author::UCOLGv5Pf6BF2wFcwUzgcvHg,author::UCut6b9S98nv84cVX89PmKzA,1
author::UCOLGv5Pf6BF2wFcwUzgcvHg,author::UCi1b_TRQfgO1Z9O2gNGGWNA,1
author::UCOLGv5Pf6BF2wFcwUzgcvHg,author::UCYN4wSQ1Sx4_LurxLlW7MPg,1
author::UCOLGv5Pf6BF2wFcwUzgcvHg,author::UCTD6q1nyIe3Y7HhqjaMj72w,1
author::UCOLGv5Pf6BF2wFcwUzgcvHg,author::UCpIdtvoFHVLGASGB5ySqIEA,1
author::UCOLGv5Pf6BF2wFcwUzgcvHg,author::UCtNfIBnc5S5DbbQj_yxgJTw,1
author::UCOLGv5Pf6BF2wFcwUzgcvHg,author::UCQqetiwzzmRNTM5OWuXarGQ,1
author::UCOLGv5Pf6BF2wFcwUzgcvHg,author::UCRelkU8JiZBytTzebJxaa-w,1
author::UCOLGv5Pf6BF2wFcwUzgcvHg,author::UCgvw7xIdGFupzpt1Y_BFkEA,1
author::UCOLGv5Pf6BF2wFcwUzgcvHg,author::UCpsKOkt5iWTbenzeuq7dsmQ,1
author::UCOLGv5Pf6BF2wFcwUzgcvHg,author::UCwW2OFy95P7ZBkOPxWkpvYg,1
author::UCOLGv5Pf6BF2wFcwUzgcvHg,author::UCiGRBf2RNF0WRKhRVT7zFoA,1
author::UCOLGv5Pf6BF2wFcwUzgcvHg,author::UCcfdg8crmMJwEuLUsAhV7yg,1
author::UCOLGv5Pf6BF2wFcwUzgcvHg,author::UCkd9W714-947dEE6ZOEBATA,1
author::UCOLGv5Pf6BF2wFcwUzgcvHg,author::UCZ51R_9Q9C0c8I3pAWhtmjQ,1
author::UCOLGv5Pf6BF2wFcwUzgcvHg,author::UCzSfZlOVxBSs5ObD25ywxDQ,1
author::UCOLGv5Pf6BF2wFcwUzgcvHg,author::UCwha8rxULYMVtNwZWeSkE1A,1
author::UCOLGv5Pf6BF2wFcwUzgcvHg,author::UChgkn5Jt5tWKYMoEOuCjz3Q,1
author::UCOLGv5Pf6BF2wFcwUzgcvHg,author::UCvApqeCbLod-wejtT4CcVuA,1
author::UCOLGv5Pf6BF2wFcwUzgcvHg,author::UCfM3nrxtTQMY5jFx1v1J4Gg,1
author::UCOLGv5Pf6BF2wFcwUzgcvHg,author::UCRlCV9zSn7avAWh-9_XFWqQ,1
author::UCOLGv5Pf6BF2wFcwUzgcvHg,author::UCz3gu01bmjNv0DpRq-K3XYg,1
author::UCOLGv5Pf6BF2wFcwUzgcvHg,author::UCySYJU5kUh7X8gVt9la2ISA,1
author::UCOLGv5Pf6BF2wFcwUzgcvHg,author::UCQgYjVngJRfPHDLGB5X6ZjA,1
author::UCOLGv5Pf6BF2wFcwUzgcvHg,author::UCXSkL3ejZ8qWYyF_M7s_QKA,1
author::UCOLGv5Pf6BF2wFcwUzgcvHg,author::UChZknRmJkeGeQk0-mQuhDOg,1
author::UCOLGv5Pf6BF2wFcwUzgcvHg,author::UCXr8_5WtGeipe4haOoQDgyQ,1
author::UCOLGv5Pf6BF2wFcwUzgcvHg,author::UCljDbleJul41G1TzOjOZAVA,1
author::UCOLGv5Pf6BF2wFcwUzgcvHg,author::UCujPF2nBgsTD62nWE3lcpIg,1
author::UCOLGv5Pf6BF2wFcwUzgcvHg,author::UCmjppp6ujz3SAnULvP3sZMw,1
author::UCOLGv5Pf6BF2wFcwUzgcvHg,author::UCylqlpsh8ENNM1LqgQ1KbxA,1
author::UCOLGv5Pf6BF2wFcwUzgcvHg,author::UCp4iw5_5SmV9VGTFSNVGOmQ,1
author::UCOLGv5Pf6BF2wFcwUzgcvHg,author::UCpl8rF8uv_8uui-QRvuJaRA,1
author::UCOLGv5Pf6BF2wFcwUzgcvHg,author::UCh5ESQvtzyHDhCA7XyekCFA,1
author::UCOLGv5Pf6BF2wFcwUzgcvHg,author::UCsSXdJct-nsS8DsABoEsaYA,1
author::UCOLGv5Pf6BF2wFcwUzgcvHg,author::UCtUR3_CAiE7fCoZHM6cMfyQ,1
author::UCOLHH4ZpMxPYF-Q6e6wvn5A,author::UCat2qkYvqmtDNEmo2PVuhXw,1
author::UCOLHH4ZpMxPYF-Q6e6wvn5A,author::UCQMMuADgqWUOcJpLwHOzC-g,1
author::UCOLHH4ZpMxPYF-Q6e6wvn5A,author::UCp_dAUfv8i3LW3zWc24dLaQ,1
author::UCOLHH4ZpMxPYF-Q6e6wvn5A,author::UCi2KiZq63sRq8Mfbcp-MelQ,1
author::UCOLHH4ZpMxPYF-Q6e6wvn5A,author::UCZjm6U576nX8WOiLhmMR3bw,1
author::UCOLHH4ZpMxPYF-Q6e6wvn5A,author::UCVdjCrh4tQoX3haNAZv-n5A,1
author::UCOLHH4ZpMxPYF-Q6e6wvn5A,author::UCxhtlxPV8AYWaNNyU6S9H8Q,1
author::UCOLHH4ZpMxPYF-Q6e6wvn5A,author::UCPNXmbOBVeC4HS-xemvcPtQ,1
author::UCOLHH4ZpMxPYF-Q6e6wvn5A,author::UCbNanjFI51cwGqMAb2rOrBw,1
author::UCOLHH4ZpMxPYF-Q6e6wvn5A,author::UCtiHFjFu7d5v2XxHnKFUYig,1
author::UCOLHH4ZpMxPYF-Q6e6wvn5A,author::UCrqXyRsg-_hTosURZ-uvoKg,1
author::UCOLHH4ZpMxPYF-Q6e6wvn5A,author::UCozFYHN0e_-vlQbX3wQGOug,1
author::UCOS8ViEkccrTZx2w2ccxotA,author::UCXgr7vXlRrsaskPdo097kGA,1
author::UCOS8ViEkccrTZx2w2ccxotA,author::UCwO2SXr0ggzwg6QWWrr01nQ,1
author::UCOS8ViEkccrTZx2w2ccxotA,author::UCipetjeiWj4CZB6EbyYziZg,1
author::UCOS8ViEkccrTZx2w2ccxotA,author::UCV0iizTBoOfdAFX_thfI9BA,1
author::UCOS8ViEkccrTZx2w2ccxotA,author::UCWIZUtKJ636y-4TYrNvok0g,1
author::UCOS8ViEkccrTZx2w2ccxotA,author::UCueV9cTyTDwgQSec1x2dYgA,1
author::UCOS8ViEkccrTZx2w2ccxotA,author::UCUIIIPTVDVHAXqhC_5V6lPA,1
author::UCOS8ViEkccrTZx2w2ccxotA,author::UChep9kVb5gQmpodEEl10Xlg,1
author::UCOS8ViEkccrTZx2w2ccxotA,author::UCsJJAvrVGupdmhOqgtDp8dg,1
author::UCOS8ViEkccrTZx2w2ccxotA,author::UCQ_-LPP8JAbfkc-b1Q6NvWw,1
author::UCOS8ViEkccrTZx2w2ccxotA,author::UCjmPuazZJzscrwvk0QR9RVw,1
author::UCOS8ViEkccrTZx2w2ccxotA,author::UCzoL2l5H5eVlorWGH8AZfAg,1
author::UCOS8ViEkccrTZx2w2ccxotA,author::UCplrIQtaPj6au60_f2-mOYw,1
author::UCOS8ViEkccrTZx2w2ccxotA,author::UCRETAiYdh2dL5ZxB0_N1zDA,1
author::UCOS8ViEkccrTZx2w2ccxotA,author::UCj-LL25XJnjxepPKCc3NGog,1
author::UCOS8ViEkccrTZx2w2ccxotA,author::UCTylKrsqkrBKIqubMu_5N0Q,1
author::UCOS8ViEkccrTZx2w2ccxotA,author::UCZLG9qH0tUjNhEGFIUt0CYw,1
author::UCOS8ViEkccrTZx2w2ccxotA,author::UCXXh7yg5KUFIWylTiKVEFKQ,1
author::UCOS8ViEkccrTZx2w2ccxotA,author::UCr1emrogPKkKTs_WTtx71xg,1
author::UCOS8ViEkccrTZx2w2ccxotA,author::UChs3tU2BcKOT0CezykvAsGw,1
author::UCOS8ViEkccrTZx2w2ccxotA,author::UCmvOgzmmXbjUthHy-WJ52hQ,1
author::UCOS8ViEkccrTZx2w2ccxotA,author::UCsjs5Hp_r86x1xbK6FAeqaA,1
author::UCOS8ViEkccrTZx2w2ccxotA,author::UCOh6DaZC_x9HASnlRylEMfw,1
author::UCOS8ViEkccrTZx2w2ccxotA,author::UCThW2XNsAaBKme5PUt7n-Zg,1
author::UCOS8ViEkccrTZx2w2ccxotA,author::UCsUCN0Yq_UyTvKjOJLmNrnQ,1
author::UCOS8ViEkccrTZx2w2ccxotA,author::UCjSKM9j0Q7HLDr1hD6D-TUw,1
author::UCOS8ViEkccrTZx2w2ccxotA,author::UCiMythXHsw7eQEMykCdmMUA,1
author::UCOS8ViEkccrTZx2w2ccxotA,author::UCQtICyzWmhC5woCtbNgaSmg,1
author::UCOS8ViEkccrTZx2w2ccxotA,author::UCQtSFINs1h6GHkpg9o5kMvg,1
author::UCOS8ViEkccrTZx2w2ccxotA,author::UCSou6a2OuYGSvPjm5psquyA,1
author::UCOS8ViEkccrTZx2w2ccxotA,author::UCYwpX26TrCxq8TvbKGRYLXA,1
author::UCOS8ViEkccrTZx2w2ccxotA,author::UCxff05WuyvwELNITi7bj7UA,1
author::UCOS8ViEkccrTZx2w2ccxotA,author::UCTP3O0rMnc8z8v8jaDQwL0w,1
author::UCOS8ViEkccrTZx2w2ccxotA,author::UCTwSut16JyAg3mX6LVUNGqA,1
author::UCOS8ViEkccrTZx2w2ccxotA,author::UCrJn_rbo_ENAdeqneS-RmRw,1
author::UCOS8ViEkccrTZx2w2ccxotA,author::UCl0ekS9Tt0jJGtOEM18S63w,1
author::UCOS8ViEkccrTZx2w2ccxotA,author::UCut6b9S98nv84cVX89PmKzA,1
author::UCOS8ViEkccrTZx2w2ccxotA,author::UCi1b_TRQfgO1Z9O2gNGGWNA,1
author::UCOS8ViEkccrTZx2w2ccxotA,author::UCYN4wSQ1Sx4_LurxLlW7MPg,1
author::UCOS8ViEkccrTZx2w2ccxotA,author::UCTD6q1nyIe3Y7HhqjaMj72w,1
author::UCOS8ViEkccrTZx2w2ccxotA,author::UCpIdtvoFHVLGASGB5ySqIEA,1
author::UCOS8ViEkccrTZx2w2ccxotA,author::UCtNfIBnc5S5DbbQj_yxgJTw,1
author::UCOS8ViEkccrTZx2w2ccxotA,author::UCQqetiwzzmRNTM5OWuXarGQ,1
author::UCOS8ViEkccrTZx2w2ccxotA,author::UCRelkU8JiZBytTzebJxaa-w,1
author::UCOS8ViEkccrTZx2w2ccxotA,author::UCgvw7xIdGFupzpt1Y_BFkEA,1
author::UCOS8ViEkccrTZx2w2ccxotA,author::UCpsKOkt5iWTbenzeuq7dsmQ,1
author::UCOS8ViEkccrTZx2w2ccxotA,author::UCwW2OFy95P7ZBkOPxWkpvYg,1
author::UCOS8ViEkccrTZx2w2ccxotA,author::UCiGRBf2RNF0WRKhRVT7zFoA,1
author::UCOS8ViEkccrTZx2w2ccxotA,author::UCcfdg8crmMJwEuLUsAhV7yg,1
author::UCOS8ViEkccrTZx2w2ccxotA,author::UCkd9W714-947dEE6ZOEBATA,1
author::UCOS8ViEkccrTZx2w2ccxotA,author::UCZ51R_9Q9C0c8I3pAWhtmjQ,1
author::UCOS8ViEkccrTZx2w2ccxotA,author::UCzSfZlOVxBSs5ObD25ywxDQ,1
author::UCOS8ViEkccrTZx2w2ccxotA,author::UCwha8rxULYMVtNwZWeSkE1A,1
author::UCOS8ViEkccrTZx2w2ccxotA,author::UChgkn5Jt5tWKYMoEOuCjz3Q,1
author::UCOS8ViEkccrTZx2w2ccxotA,author::UCvApqeCbLod-wejtT4CcVuA,1
author::UCOS8ViEkccrTZx2w2ccxotA,author::UCfM3nrxtTQMY5jFx1v1J4Gg,1
author::UCOS8ViEkccrTZx2w2ccxotA,author::UCRlCV9zSn7avAWh-9_XFWqQ,1
author::UCOS8ViEkccrTZx2w2ccxotA,author::UCz3gu01bmjNv0DpRq-K3XYg,1
author::UCOS8ViEkccrTZx2w2ccxotA,author::UCySYJU5kUh7X8gVt9la2ISA,1
author::UCOS8ViEkccrTZx2w2ccxotA,author::UCQgYjVngJRfPHDLGB5X6ZjA,1
author::UCOS8ViEkccrTZx2w2ccxotA,author::UCXSkL3ejZ8qWYyF_M7s_QKA,1
author::UCOS8ViEkccrTZx2w2ccxotA,author::UChZknRmJkeGeQk0-mQuhDOg,1
author::UCOS8ViEkccrTZx2w2ccxotA,author::UCXr8_5WtGeipe4haOoQDgyQ,1
author::UCOS8ViEkccrTZx2w2ccxotA,author::UCljDbleJul41G1TzOjOZAVA,1
author::UCOS8ViEkccrTZx2w2ccxotA,author::UCujPF2nBgsTD62nWE3lcpIg,1
author::UCOS8ViEkccrTZx2w2ccxotA,author::UCmjppp6ujz3SAnULvP3sZMw,1
author::UCOS8ViEkccrTZx2w2ccxotA,author::UCylqlpsh8ENNM1LqgQ1KbxA,1
author::UCOS8ViEkccrTZx2w2ccxotA,author::UCp4iw5_5SmV9VGTFSNVGOmQ,1
author::UCOS8ViEkccrTZx2w2ccxotA,author::UCpl8rF8uv_8uui-QRvuJaRA,1
author::UCOS8ViEkccrTZx2w2ccxotA,author::UCh5ESQvtzyHDhCA7XyekCFA,1
author::UCOS8ViEkccrTZx2w2ccxotA,author::UCsSXdJct-nsS8DsABoEsaYA,1
author::UCOS8ViEkccrTZx2w2ccxotA,author::UCtUR3_CAiE7fCoZHM6cMfyQ,1
author::UCOY3XpD9qMCRSA8AA8c4CAw,author::UCbrtvygfRT6QXqWDNrOf-cA,1
author::UCOY3XpD9qMCRSA8AA8c4CAw,author::UCdQAuWwyC99MB7Y02Umj26Q,1
author::UCOY3XpD9qMCRSA8AA8c4CAw,author::UCkxdJ_yGN2gghOMo2ybQtXQ,1
author::UCOY3XpD9qMCRSA8AA8c4CAw,author::UChT7pzGytNd92Nmvi-zuWog,1
author::UCOY3XpD9qMCRSA8AA8c4CAw,author::UCXO1BBohNWXkK9SBDAG2ySg,1
author::UCOY3XpD9qMCRSA8AA8c4CAw,author::UCTTILH6QCIxbTnEWxwRqs1g,1
author::UCOY3XpD9qMCRSA8AA8c4CAw,author::UCc_F88PzGWtA1OPNUEASulA,1
author::UCOY3XpD9qMCRSA8AA8c4CAw,author::UCvcu1kR8xMYy_I1Ty-2mV2Q,1
author::UCOY3XpD9qMCRSA8AA8c4CAw,author::UCxcoDvP-g2_KTZDmVZtvb3w,1
author::UCOY3XpD9qMCRSA8AA8c4CAw,author::UCXVLc8CmAO813ubM-fLvCDw,1
author::UCOY3XpD9qMCRSA8AA8c4CAw,author::UCcFIBN-rtC3d3hXeuN5TfWw,1
author::UCOY3XpD9qMCRSA8AA8c4CAw,author::UCefAH1MbvADWUjE9WVcB9EQ,1
author::UCOY3XpD9qMCRSA8AA8c4CAw,author::UCXl30Y_upRqbti52fmjK4YA,1
author::UCOY3XpD9qMCRSA8AA8c4CAw,author::UCwEe1RKlEv1UpNWmWYfSh4w,1
author::UCOcUI5XkTYNMSFhZNMIPpGg,author::UCRAquv8el-tQ30bN7MlmySQ,1
author::UCOcUI5XkTYNMSFhZNMIPpGg,author::UCwgCc9Jd_gG-uLE_SY-FfPg,1
author::UCOcUI5XkTYNMSFhZNMIPpGg,author::UCRvPToDkkumha7WJAfCDk1A,1
author::UCOcUI5XkTYNMSFhZNMIPpGg,author::UColMq7LmaoY3MT6aIDGrGvA,1
author::UCOcUI5XkTYNMSFhZNMIPpGg,author::UCiC-Jn7wdgyQV4_Urk0DkWQ,1
author::UCOcUI5XkTYNMSFhZNMIPpGg,author::UCgQw_Sbq3ugruDUKsq1e0-A,1
author::UCOcUI5XkTYNMSFhZNMIPpGg,author::UCdFlugHJJa4l3YqWuNRmvXw,1
author::UCOcUI5XkTYNMSFhZNMIPpGg,author::UCeDNEtI8_a42bZ47wJiJMwQ,1
author::UCOcUI5XkTYNMSFhZNMIPpGg,author::UCu8_3-Wg-YzNyvHYQDEscfw,1
author::UCOcUI5XkTYNMSFhZNMIPpGg,author::UCQqlPPUGqAfWjd-FSh_qn7Q,1
author::UCOcUI5XkTYNMSFhZNMIPpGg,author::UCkVtmkK07b2zaVVNssX4lOg,1
author::UCOcUI5XkTYNMSFhZNMIPpGg,author::UCqCrvuoJpC-aVb0f4logQRQ,1
author::UCOcUI5XkTYNMSFhZNMIPpGg,author::UCsGoJEvb-cFPZ2rWoJcXzEQ,1
author::UCOcUI5XkTYNMSFhZNMIPpGg,author::UCuXmOjxC-htcprLgeVXz6Tg,1
author::UCOcUI5XkTYNMSFhZNMIPpGg,author::UCWoAVGVqCn4xtINCMOTM4jg,1
author::UCOcUI5XkTYNMSFhZNMIPpGg,author::UClqA491Xa5fQcXcJJa-vTWw,1
author::UCOcUI5XkTYNMSFhZNMIPpGg,author::UCQyOePccUP-fIJYzchAgZYw,1
author::UCOcUI5XkTYNMSFhZNMIPpGg,author::UCV0lM03g5fg5pbPj97-sAtA,1
author::UCOcUI5XkTYNMSFhZNMIPpGg,author::UC_LYoGs5C3mbZKZuKuqYCvw,1
author::UCOcUI5XkTYNMSFhZNMIPpGg,author::UCgJNFj5dnxXpcMvmuhZDPxA,1
author::UCOcUI5XkTYNMSFhZNMIPpGg,author::UCpsKOkt5iWTbenzeuq7dsmQ,1
author::UCOcUI5XkTYNMSFhZNMIPpGg,author::UCkbsS_3D-pvg1iHOld9uvIg,1
author::UCOcUI5XkTYNMSFhZNMIPpGg,author::UCW-JC6lebVmf2P1dmY_L94g,1
author::UCOcUI5XkTYNMSFhZNMIPpGg,author::UCwjUvRseNtJoItylIyIez7Q,1
author::UCOcUI5XkTYNMSFhZNMIPpGg,author::UClhMWQ7XKWywYvbRnuf8QsA,1
author::UCOcUI5XkTYNMSFhZNMIPpGg,author::UCe8JZoYkX5oKUZyivHYdXhw,1
author::UCOcUI5XkTYNMSFhZNMIPpGg,author::UCaKAjTW9MVub_clgr4DRYjQ,1
author::UCOcUI5XkTYNMSFhZNMIPpGg,author::UCpe5jW3MIqkgTJ-PgkzvM6Q,1
author::UCOcUI5XkTYNMSFhZNMIPpGg,author::UCylqlpsh8ENNM1LqgQ1KbxA,1
author::UCOcUI5XkTYNMSFhZNMIPpGg,author::UCZeIIQrGAedW8tCbKWmGY-A,1
author::UCOcUI5XkTYNMSFhZNMIPpGg,author::UCW80DaMjQlEUibC98Cot-Dg,1
author::UCOcUI5XkTYNMSFhZNMIPpGg,author::UCUoYsrx1oZnCZ0usbBJn4fA,1
author::UCOh6DaZC_x9HASnlRylEMfw,author::UCXgr7vXlRrsaskPdo097kGA,1
author::UCOh6DaZC_x9HASnlRylEMfw,author::UCwO2SXr0ggzwg6QWWrr01nQ,1
author::UCOh6DaZC_x9HASnlRylEMfw,author::UCipetjeiWj4CZB6EbyYziZg,1
author::UCOh6DaZC_x9HASnlRylEMfw,author::UCV0iizTBoOfdAFX_thfI9BA,1
author::UCOh6DaZC_x9HASnlRylEMfw,author::UCWIZUtKJ636y-4TYrNvok0g,1
author::UCOh6DaZC_x9HASnlRylEMfw,author::UCueV9cTyTDwgQSec1x2dYgA,1
author::UCOh6DaZC_x9HASnlRylEMfw,author::UCUIIIPTVDVHAXqhC_5V6lPA,1
author::UCOh6DaZC_x9HASnlRylEMfw,author::UChep9kVb5gQmpodEEl10Xlg,1
author::UCOh6DaZC_x9HASnlRylEMfw,author::UCsJJAvrVGupdmhOqgtDp8dg,1
author::UCOh6DaZC_x9HASnlRylEMfw,author::UCQ_-LPP8JAbfkc-b1Q6NvWw,1
author::UCOh6DaZC_x9HASnlRylEMfw,author::UCjmPuazZJzscrwvk0QR9RVw,1
author::UCOh6DaZC_x9HASnlRylEMfw,author::UCzoL2l5H5eVlorWGH8AZfAg,1
author::UCOh6DaZC_x9HASnlRylEMfw,author::UCplrIQtaPj6au60_f2-mOYw,1
author::UCOh6DaZC_x9HASnlRylEMfw,author::UCRETAiYdh2dL5ZxB0_N1zDA,1
author::UCOh6DaZC_x9HASnlRylEMfw,author::UCj-LL25XJnjxepPKCc3NGog,1
author::UCOh6DaZC_x9HASnlRylEMfw,author::UCTylKrsqkrBKIqubMu_5N0Q,1
author::UCOh6DaZC_x9HASnlRylEMfw,author::UCZLG9qH0tUjNhEGFIUt0CYw,1
author::UCOh6DaZC_x9HASnlRylEMfw,author::UCXXh7yg5KUFIWylTiKVEFKQ,1
author::UCOh6DaZC_x9HASnlRylEMfw,author::UCr1emrogPKkKTs_WTtx71xg,1
author::UCOh6DaZC_x9HASnlRylEMfw,author::UChs3tU2BcKOT0CezykvAsGw,1
author::UCOh6DaZC_x9HASnlRylEMfw,author::UCmvOgzmmXbjUthHy-WJ52hQ,1
author::UCOh6DaZC_x9HASnlRylEMfw,author::UCsjs5Hp_r86x1xbK6FAeqaA,1
author::UCOh6DaZC_x9HASnlRylEMfw,author::UCThW2XNsAaBKme5PUt7n-Zg,1
author::UCOh6DaZC_x9HASnlRylEMfw,author::UCsUCN0Yq_UyTvKjOJLmNrnQ,1
author::UCOh6DaZC_x9HASnlRylEMfw,author::UCjSKM9j0Q7HLDr1hD6D-TUw,1
author::UCOh6DaZC_x9HASnlRylEMfw,author::UCiMythXHsw7eQEMykCdmMUA,1
author::UCOh6DaZC_x9HASnlRylEMfw,author::UCQtICyzWmhC5woCtbNgaSmg,1
author::UCOh6DaZC_x9HASnlRylEMfw,author::UCQtSFINs1h6GHkpg9o5kMvg,1
author::UCOh6DaZC_x9HASnlRylEMfw,author::UCSou6a2OuYGSvPjm5psquyA,1
author::UCOh6DaZC_x9HASnlRylEMfw,author::UCYwpX26TrCxq8TvbKGRYLXA,1
author::UCOh6DaZC_x9HASnlRylEMfw,author::UCxff05WuyvwELNITi7bj7UA,1
author::UCOh6DaZC_x9HASnlRylEMfw,author::UCTP3O0rMnc8z8v8jaDQwL0w,1
author::UCOh6DaZC_x9HASnlRylEMfw,author::UCTwSut16JyAg3mX6LVUNGqA,1
author::UCOh6DaZC_x9HASnlRylEMfw,author::UCrJn_rbo_ENAdeqneS-RmRw,1
author::UCOh6DaZC_x9HASnlRylEMfw,author::UCl0ekS9Tt0jJGtOEM18S63w,1
author::UCOh6DaZC_x9HASnlRylEMfw,author::UCut6b9S98nv84cVX89PmKzA,1
author::UCOh6DaZC_x9HASnlRylEMfw,author::UCi1b_TRQfgO1Z9O2gNGGWNA,1
author::UCOh6DaZC_x9HASnlRylEMfw,author::UCYN4wSQ1Sx4_LurxLlW7MPg,1
author::UCOh6DaZC_x9HASnlRylEMfw,author::UCTD6q1nyIe3Y7HhqjaMj72w,1
author::UCOh6DaZC_x9HASnlRylEMfw,author::UCpIdtvoFHVLGASGB5ySqIEA,1
author::UCOh6DaZC_x9HASnlRylEMfw,author::UCtNfIBnc5S5DbbQj_yxgJTw,1
author::UCOh6DaZC_x9HASnlRylEMfw,author::UCQqetiwzzmRNTM5OWuXarGQ,1
author::UCOh6DaZC_x9HASnlRylEMfw,author::UCRelkU8JiZBytTzebJxaa-w,1
author::UCOh6DaZC_x9HASnlRylEMfw,author::UCgvw7xIdGFupzpt1Y_BFkEA,1
author::UCOh6DaZC_x9HASnlRylEMfw,author::UCpsKOkt5iWTbenzeuq7dsmQ,1
author::UCOh6DaZC_x9HASnlRylEMfw,author::UCwW2OFy95P7ZBkOPxWkpvYg,1
author::UCOh6DaZC_x9HASnlRylEMfw,author::UCiGRBf2RNF0WRKhRVT7zFoA,1
author::UCOh6DaZC_x9HASnlRylEMfw,author::UCcfdg8crmMJwEuLUsAhV7yg,1
author::UCOh6DaZC_x9HASnlRylEMfw,author::UCkd9W714-947dEE6ZOEBATA,1
author::UCOh6DaZC_x9HASnlRylEMfw,author::UCZ51R_9Q9C0c8I3pAWhtmjQ,1
author::UCOh6DaZC_x9HASnlRylEMfw,author::UCzSfZlOVxBSs5ObD25ywxDQ,1
author::UCOh6DaZC_x9HASnlRylEMfw,author::UCwha8rxULYMVtNwZWeSkE1A,1
author::UCOh6DaZC_x9HASnlRylEMfw,author::UChgkn5Jt5tWKYMoEOuCjz3Q,1
author::UCOh6DaZC_x9HASnlRylEMfw,author::UCvApqeCbLod-wejtT4CcVuA,1
author::UCOh6DaZC_x9HASnlRylEMfw,author::UCfM3nrxtTQMY5jFx1v1J4Gg,1
author::UCOh6DaZC_x9HASnlRylEMfw,author::UCRlCV9zSn7avAWh-9_XFWqQ,1
author::UCOh6DaZC_x9HASnlRylEMfw,author::UCz3gu01bmjNv0DpRq-K3XYg,1
author::UCOh6DaZC_x9HASnlRylEMfw,author::UCySYJU5kUh7X8gVt9la2ISA,1
author::UCOh6DaZC_x9HASnlRylEMfw,author::UCQgYjVngJRfPHDLGB5X6ZjA,1
author::UCOh6DaZC_x9HASnlRylEMfw,author::UCXSkL3ejZ8qWYyF_M7s_QKA,1
author::UCOh6DaZC_x9HASnlRylEMfw,author::UChZknRmJkeGeQk0-mQuhDOg,1
author::UCOh6DaZC_x9HASnlRylEMfw,author::UCXr8_5WtGeipe4haOoQDgyQ,1
author::UCOh6DaZC_x9HASnlRylEMfw,author::UCljDbleJul41G1TzOjOZAVA,1
author::UCOh6DaZC_x9HASnlRylEMfw,author::UCujPF2nBgsTD62nWE3lcpIg,1
author::UCOh6DaZC_x9HASnlRylEMfw,author::UCmjppp6ujz3SAnULvP3sZMw,1
author::UCOh6DaZC_x9HASnlRylEMfw,author::UCylqlpsh8ENNM1LqgQ1KbxA,1
author::UCOh6DaZC_x9HASnlRylEMfw,author::UCp4iw5_5SmV9VGTFSNVGOmQ,1
author::UCOh6DaZC_x9HASnlRylEMfw,author::UCpl8rF8uv_8uui-QRvuJaRA,1
author::UCOh6DaZC_x9HASnlRylEMfw,author::UCh5ESQvtzyHDhCA7XyekCFA,1
author::UCOh6DaZC_x9HASnlRylEMfw,author::UCsSXdJct-nsS8DsABoEsaYA,1
author::UCOh6DaZC_x9HASnlRylEMfw,author::UCtUR3_CAiE7fCoZHM6cMfyQ,1
author::UCPNXmbOBVeC4HS-xemvcPtQ,author::UCat2qkYvqmtDNEmo2PVuhXw,1
author::UCPNXmbOBVeC4HS-xemvcPtQ,author::UCQMMuADgqWUOcJpLwHOzC-g,1
author::UCPNXmbOBVeC4HS-xemvcPtQ,author::UCp_dAUfv8i3LW3zWc24dLaQ,1
author::UCPNXmbOBVeC4HS-xemvcPtQ,author::UCi2KiZq63sRq8Mfbcp-MelQ,1
author::UCPNXmbOBVeC4HS-xemvcPtQ,author::UCZjm6U576nX8WOiLhmMR3bw,1
author::UCPNXmbOBVeC4HS-xemvcPtQ,author::UCVdjCrh4tQoX3haNAZv-n5A,1
author::UCPNXmbOBVeC4HS-xemvcPtQ,author::UCxhtlxPV8AYWaNNyU6S9H8Q,1
author::UCPNXmbOBVeC4HS-xemvcPtQ,author::UCbNanjFI51cwGqMAb2rOrBw,1
author::UCPNXmbOBVeC4HS-xemvcPtQ,author::UCtiHFjFu7d5v2XxHnKFUYig,1
author::UCPNXmbOBVeC4HS-xemvcPtQ,author::UCrqXyRsg-_hTosURZ-uvoKg,1
author::UCPNXmbOBVeC4HS-xemvcPtQ,author::UCozFYHN0e_-vlQbX3wQGOug,1
author::UCPZueDLrCS4BmTBRMA4q0fA,author::UCusjriFsDHEc2AOjqk-p5ig,1
author::UCPZueDLrCS4BmTBRMA4q0fA,author::UCzZ6dDCEsLMXbc5pCFXIprw,1
author::UCPZueDLrCS4BmTBRMA4q0fA,author::UCgQJgI9vu1FI2dnC9mrFthw,1
author::UCPZueDLrCS4BmTBRMA4q0fA,author::UCg3eIfd7BrsLEqS0BLkftHA,1
author::UCPZueDLrCS4BmTBRMA4q0fA,author::UCf5lnNZF7Qrtli9v4N_23WQ,1
author::UCPZueDLrCS4BmTBRMA4q0fA,author::UCuP4UK33HKtJE_S39ksmaTw,1
author::UCPZueDLrCS4BmTBRMA4q0fA,author::UCtNyHmRZtvGF2hSvI2dUBWw,1
author::UCPZueDLrCS4BmTBRMA4q0fA,author::UCVQf0tzL7xRzFJsABVVULpg,1
author::UCPZueDLrCS4BmTBRMA4q0fA,author::UCbYoNG5J3Au5BqtbXogfEFw,1
author::UCPZueDLrCS4BmTBRMA4q0fA,author::UClsrFGJKWPxxw7MiaEdKLXw,1
author::UCQIdKuZ-OzuFqy0KjGrgesg,author::UCWWkebAekppaL5b5CNlppuw,1
author::UCQMMuADgqWUOcJpLwHOzC-g,author::UCat2qkYvqmtDNEmo2PVuhXw,1
author::UCQMMuADgqWUOcJpLwHOzC-g,author::UCp_dAUfv8i3LW3zWc24dLaQ,1
author::UCQMMuADgqWUOcJpLwHOzC-g,author::UCi2KiZq63sRq8Mfbcp-MelQ,1
author::UCQMMuADgqWUOcJpLwHOzC-g,author::UCZjm6U576nX8WOiLhmMR3bw,1
author::UCQMMuADgqWUOcJpLwHOzC-g,author::UCVdjCrh4tQoX3haNAZv-n5A,1
author::UCQMMuADgqWUOcJpLwHOzC-g,author::UCxhtlxPV8AYWaNNyU6S9H8Q,1
author::UCQMMuADgqWUOcJpLwHOzC-g,author::UCbNanjFI51cwGqMAb2rOrBw,1
author::UCQMMuADgqWUOcJpLwHOzC-g,author::UCtiHFjFu7d5v2XxHnKFUYig,1
author::UCQMMuADgqWUOcJpLwHOzC-g,author::UCrqXyRsg-_hTosURZ-uvoKg,1
author::UCQMMuADgqWUOcJpLwHOzC-g,author::UCozFYHN0e_-vlQbX3wQGOug,1
author::UCQ_-LPP8JAbfkc-b1Q6NvWw,author::UCXgr7vXlRrsaskPdo097kGA,1
author::UCQ_-LPP8JAbfkc-b1Q6NvWw,author::UCwO2SXr0ggzwg6QWWrr01nQ,1
author::UCQ_-LPP8JAbfkc-b1Q6NvWw,author::UCipetjeiWj4CZB6EbyYziZg,1
author::UCQ_-LPP8JAbfkc-b1Q6NvWw,author::UCV0iizTBoOfdAFX_thfI9BA,1
author::UCQ_-LPP8JAbfkc-b1Q6NvWw,author::UCWIZUtKJ636y-4TYrNvok0g,1
author::UCQ_-LPP8JAbfkc-b1Q6NvWw,author::UCueV9cTyTDwgQSec1x2dYgA,1
author::UCQ_-LPP8JAbfkc-b1Q6NvWw,author::UCUIIIPTVDVHAXqhC_5V6lPA,1
author::UCQ_-LPP8JAbfkc-b1Q6NvWw,author::UChep9kVb5gQmpodEEl10Xlg,1
author::UCQ_-LPP8JAbfkc-b1Q6NvWw,author::UCsJJAvrVGupdmhOqgtDp8dg,1
author::UCQ_-LPP8JAbfkc-b1Q6NvWw,author::UCjmPuazZJzscrwvk0QR9RVw,1
author::UCQ_-LPP8JAbfkc-b1Q6NvWw,author::UCzoL2l5H5eVlorWGH8AZfAg,1
author::UCQ_-LPP8JAbfkc-b1Q6NvWw,author::UCplrIQtaPj6au60_f2-mOYw,1
author::UCQ_-LPP8JAbfkc-b1Q6NvWw,author::UCRETAiYdh2dL5ZxB0_N1zDA,1
author::UCQ_-LPP8JAbfkc-b1Q6NvWw,author::UCj-LL25XJnjxepPKCc3NGog,1
author::UCQ_-LPP8JAbfkc-b1Q6NvWw,author::UCTylKrsqkrBKIqubMu_5N0Q,1
author::UCQ_-LPP8JAbfkc-b1Q6NvWw,author::UCZLG9qH0tUjNhEGFIUt0CYw,1
author::UCQ_-LPP8JAbfkc-b1Q6NvWw,author::UCXXh7yg5KUFIWylTiKVEFKQ,1
author::UCQ_-LPP8JAbfkc-b1Q6NvWw,author::UCr1emrogPKkKTs_WTtx71xg,1
author::UCQ_-LPP8JAbfkc-b1Q6NvWw,author::UChs3tU2BcKOT0CezykvAsGw,1
author::UCQ_-LPP8JAbfkc-b1Q6NvWw,author::UCmvOgzmmXbjUthHy-WJ52hQ,1
author::UCQ_-LPP8JAbfkc-b1Q6NvWw,author::UCsjs5Hp_r86x1xbK6FAeqaA,1
author::UCQ_-LPP8JAbfkc-b1Q6NvWw,author::UCThW2XNsAaBKme5PUt7n-Zg,1
author::UCQ_-LPP8JAbfkc-b1Q6NvWw,author::UCsUCN0Yq_UyTvKjOJLmNrnQ,1
author::UCQ_-LPP8JAbfkc-b1Q6NvWw,author::UCjSKM9j0Q7HLDr1hD6D-TUw,1
author::UCQ_-LPP8JAbfkc-b1Q6NvWw,author::UCiMythXHsw7eQEMykCdmMUA,1
author::UCQ_-LPP8JAbfkc-b1Q6NvWw,author::UCQtICyzWmhC5woCtbNgaSmg,1
author::UCQ_-LPP8JAbfkc-b1Q6NvWw,author::UCQtSFINs1h6GHkpg9o5kMvg,1
author::UCQ_-LPP8JAbfkc-b1Q6NvWw,author::UCSou6a2OuYGSvPjm5psquyA,1
author::UCQ_-LPP8JAbfkc-b1Q6NvWw,author::UCYwpX26TrCxq8TvbKGRYLXA,1
author::UCQ_-LPP8JAbfkc-b1Q6NvWw,author::UCxff05WuyvwELNITi7bj7UA,1
author::UCQ_-LPP8JAbfkc-b1Q6NvWw,author::UCTP3O0rMnc8z8v8jaDQwL0w,1
author::UCQ_-LPP8JAbfkc-b1Q6NvWw,author::UCTwSut16JyAg3mX6LVUNGqA,1
author::UCQ_-LPP8JAbfkc-b1Q6NvWw,author::UCrJn_rbo_ENAdeqneS-RmRw,1
author::UCQ_-LPP8JAbfkc-b1Q6NvWw,author::UCl0ekS9Tt0jJGtOEM18S63w,1
author::UCQ_-LPP8JAbfkc-b1Q6NvWw,author::UCut6b9S98nv84cVX89PmKzA,1
author::UCQ_-LPP8JAbfkc-b1Q6NvWw,author::UCi1b_TRQfgO1Z9O2gNGGWNA,1
author::UCQ_-LPP8JAbfkc-b1Q6NvWw,author::UCYN4wSQ1Sx4_LurxLlW7MPg,1
author::UCQ_-LPP8JAbfkc-b1Q6NvWw,author::UCTD6q1nyIe3Y7HhqjaMj72w,1
author::UCQ_-LPP8JAbfkc-b1Q6NvWw,author::UCpIdtvoFHVLGASGB5ySqIEA,1
author::UCQ_-LPP8JAbfkc-b1Q6NvWw,author::UCtNfIBnc5S5DbbQj_yxgJTw,1
author::UCQ_-LPP8JAbfkc-b1Q6NvWw,author::UCQqetiwzzmRNTM5OWuXarGQ,1
author::UCQ_-LPP8JAbfkc-b1Q6NvWw,author::UCRelkU8JiZBytTzebJxaa-w,1
author::UCQ_-LPP8JAbfkc-b1Q6NvWw,author::UCgvw7xIdGFupzpt1Y_BFkEA,1
author::UCQ_-LPP8JAbfkc-b1Q6NvWw,author::UCpsKOkt5iWTbenzeuq7dsmQ,1
author::UCQ_-LPP8JAbfkc-b1Q6NvWw,author::UCwW2OFy95P7ZBkOPxWkpvYg,1
author::UCQ_-LPP8JAbfkc-b1Q6NvWw,author::UCiGRBf2RNF0WRKhRVT7zFoA,1
author::UCQ_-LPP8JAbfkc-b1Q6NvWw,author::UCcfdg8crmMJwEuLUsAhV7yg,1
author::UCQ_-LPP8JAbfkc-b1Q6NvWw,author::UCkd9W714-947dEE6ZOEBATA,1
author::UCQ_-LPP8JAbfkc-b1Q6NvWw,author::UCZ51R_9Q9C0c8I3pAWhtmjQ,1
author::UCQ_-LPP8JAbfkc-b1Q6NvWw,author::UCzSfZlOVxBSs5ObD25ywxDQ,1
author::UCQ_-LPP8JAbfkc-b1Q6NvWw,author::UCwha8rxULYMVtNwZWeSkE1A,1
author::UCQ_-LPP8JAbfkc-b1Q6NvWw,author::UChgkn5Jt5tWKYMoEOuCjz3Q,1
author::UCQ_-LPP8JAbfkc-b1Q6NvWw,author::UCvApqeCbLod-wejtT4CcVuA,1
author::UCQ_-LPP8JAbfkc-b1Q6NvWw,author::UCfM3nrxtTQMY5jFx1v1J4Gg,1
author::UCQ_-LPP8JAbfkc-b1Q6NvWw,author::UCRlCV9zSn7avAWh-9_XFWqQ,1
author::UCQ_-LPP8JAbfkc-b1Q6NvWw,author::UCz3gu01bmjNv0DpRq-K3XYg,1
author::UCQ_-LPP8JAbfkc-b1Q6NvWw,author::UCySYJU5kUh7X8gVt9la2ISA,1
author::UCQ_-LPP8JAbfkc-b1Q6NvWw,author::UCQgYjVngJRfPHDLGB5X6ZjA,1
author::UCQ_-LPP8JAbfkc-b1Q6NvWw,author::UCXSkL3ejZ8qWYyF_M7s_QKA,1
author::UCQ_-LPP8JAbfkc-b1Q6NvWw,author::UChZknRmJkeGeQk0-mQuhDOg,1
author::UCQ_-LPP8JAbfkc-b1Q6NvWw,author::UCXr8_5WtGeipe4haOoQDgyQ,1
author::UCQ_-LPP8JAbfkc-b1Q6NvWw,author::UCljDbleJul41G1TzOjOZAVA,1
author::UCQ_-LPP8JAbfkc-b1Q6NvWw,author::UCujPF2nBgsTD62nWE3lcpIg,1
author::UCQ_-LPP8JAbfkc-b1Q6NvWw,author::UCmjppp6ujz3SAnULvP3sZMw,1
author::UCQ_-LPP8JAbfkc-b1Q6NvWw,author::UCylqlpsh8ENNM1LqgQ1KbxA,1
author::UCQ_-LPP8JAbfkc-b1Q6NvWw,author::UCp4iw5_5SmV9VGTFSNVGOmQ,1
author::UCQ_-LPP8JAbfkc-b1Q6NvWw,author::UCpl8rF8uv_8uui-QRvuJaRA,1
author::UCQ_-LPP8JAbfkc-b1Q6NvWw,author::UCh5ESQvtzyHDhCA7XyekCFA,1
author::UCQ_-LPP8JAbfkc-b1Q6NvWw,author::UCsSXdJct-nsS8DsABoEsaYA,1
author::UCQ_-LPP8JAbfkc-b1Q6NvWw,author::UCtUR3_CAiE7fCoZHM6cMfyQ,1
author::UCQgYjVngJRfPHDLGB5X6ZjA,author::UCXgr7vXlRrsaskPdo097kGA,1
author::UCQgYjVngJRfPHDLGB5X6ZjA,author::UCwO2SXr0ggzwg6QWWrr01nQ,1
author::UCQgYjVngJRfPHDLGB5X6ZjA,author::UCipetjeiWj4CZB6EbyYziZg,1
author::UCQgYjVngJRfPHDLGB5X6ZjA,author::UCV0iizTBoOfdAFX_thfI9BA,1
author::UCQgYjVngJRfPHDLGB5X6ZjA,author::UCWIZUtKJ636y-4TYrNvok0g,1
author::UCQgYjVngJRfPHDLGB5X6ZjA,author::UCueV9cTyTDwgQSec1x2dYgA,1
author::UCQgYjVngJRfPHDLGB5X6ZjA,author::UCUIIIPTVDVHAXqhC_5V6lPA,1
author::UCQgYjVngJRfPHDLGB5X6ZjA,author::UChep9kVb5gQmpodEEl10Xlg,1
author::UCQgYjVngJRfPHDLGB5X6ZjA,author::UCsJJAvrVGupdmhOqgtDp8dg,1
author::UCQgYjVngJRfPHDLGB5X6ZjA,author::UCjmPuazZJzscrwvk0QR9RVw,1
author::UCQgYjVngJRfPHDLGB5X6ZjA,author::UCzoL2l5H5eVlorWGH8AZfAg,1
author::UCQgYjVngJRfPHDLGB5X6ZjA,author::UCplrIQtaPj6au60_f2-mOYw,1
author::UCQgYjVngJRfPHDLGB5X6ZjA,author::UCRETAiYdh2dL5ZxB0_N1zDA,1
author::UCQgYjVngJRfPHDLGB5X6ZjA,author::UCj-LL25XJnjxepPKCc3NGog,1
author::UCQgYjVngJRfPHDLGB5X6ZjA,author::UCTylKrsqkrBKIqubMu_5N0Q,1
author::UCQgYjVngJRfPHDLGB5X6ZjA,author::UCZLG9qH0tUjNhEGFIUt0CYw,1
author::UCQgYjVngJRfPHDLGB5X6ZjA,author::UCXXh7yg5KUFIWylTiKVEFKQ,1
author::UCQgYjVngJRfPHDLGB5X6ZjA,author::UCr1emrogPKkKTs_WTtx71xg,1
author::UCQgYjVngJRfPHDLGB5X6ZjA,author::UChs3tU2BcKOT0CezykvAsGw,1
author::UCQgYjVngJRfPHDLGB5X6ZjA,author::UCmvOgzmmXbjUthHy-WJ52hQ,1
author::UCQgYjVngJRfPHDLGB5X6ZjA,author::UCsjs5Hp_r86x1xbK6FAeqaA,1
author::UCQgYjVngJRfPHDLGB5X6ZjA,author::UCThW2XNsAaBKme5PUt7n-Zg,1
author::UCQgYjVngJRfPHDLGB5X6ZjA,author::UCsUCN0Yq_UyTvKjOJLmNrnQ,1
author::UCQgYjVngJRfPHDLGB5X6ZjA,author::UCjSKM9j0Q7HLDr1hD6D-TUw,1
author::UCQgYjVngJRfPHDLGB5X6ZjA,author::UCiMythXHsw7eQEMykCdmMUA,1
author::UCQgYjVngJRfPHDLGB5X6ZjA,author::UCQtICyzWmhC5woCtbNgaSmg,1
author::UCQgYjVngJRfPHDLGB5X6ZjA,author::UCQtSFINs1h6GHkpg9o5kMvg,1
author::UCQgYjVngJRfPHDLGB5X6ZjA,author::UCSou6a2OuYGSvPjm5psquyA,1
author::UCQgYjVngJRfPHDLGB5X6ZjA,author::UCYwpX26TrCxq8TvbKGRYLXA,1
author::UCQgYjVngJRfPHDLGB5X6ZjA,author::UCxff05WuyvwELNITi7bj7UA,1
author::UCQgYjVngJRfPHDLGB5X6ZjA,author::UCTP3O0rMnc8z8v8jaDQwL0w,1
author::UCQgYjVngJRfPHDLGB5X6ZjA,author::UCTwSut16JyAg3mX6LVUNGqA,1
author::UCQgYjVngJRfPHDLGB5X6ZjA,author::UCrJn_rbo_ENAdeqneS-RmRw,1
author::UCQgYjVngJRfPHDLGB5X6ZjA,author::UCl0ekS9Tt0jJGtOEM18S63w,1
author::UCQgYjVngJRfPHDLGB5X6ZjA,author::UCut6b9S98nv84cVX89PmKzA,1
author::UCQgYjVngJRfPHDLGB5X6ZjA,author::UCi1b_TRQfgO1Z9O2gNGGWNA,1
author::UCQgYjVngJRfPHDLGB5X6ZjA,author::UCYN4wSQ1Sx4_LurxLlW7MPg,1
author::UCQgYjVngJRfPHDLGB5X6ZjA,author::UCTD6q1nyIe3Y7HhqjaMj72w,1
author::UCQgYjVngJRfPHDLGB5X6ZjA,author::UCpIdtvoFHVLGASGB5ySqIEA,1
author::UCQgYjVngJRfPHDLGB5X6ZjA,author::UCtNfIBnc5S5DbbQj_yxgJTw,1
author::UCQgYjVngJRfPHDLGB5X6ZjA,author::UCQqetiwzzmRNTM5OWuXarGQ,1
author::UCQgYjVngJRfPHDLGB5X6ZjA,author::UCRelkU8JiZBytTzebJxaa-w,1
author::UCQgYjVngJRfPHDLGB5X6ZjA,author::UCgvw7xIdGFupzpt1Y_BFkEA,1
author::UCQgYjVngJRfPHDLGB5X6ZjA,author::UCpsKOkt5iWTbenzeuq7dsmQ,1
author::UCQgYjVngJRfPHDLGB5X6ZjA,author::UCwW2OFy95P7ZBkOPxWkpvYg,1
author::UCQgYjVngJRfPHDLGB5X6ZjA,author::UCiGRBf2RNF0WRKhRVT7zFoA,1
author::UCQgYjVngJRfPHDLGB5X6ZjA,author::UCcfdg8crmMJwEuLUsAhV7yg,1
author::UCQgYjVngJRfPHDLGB5X6ZjA,author::UCkd9W714-947dEE6ZOEBATA,1
author::UCQgYjVngJRfPHDLGB5X6ZjA,author::UCZ51R_9Q9C0c8I3pAWhtmjQ,1
author::UCQgYjVngJRfPHDLGB5X6ZjA,author::UCzSfZlOVxBSs5ObD25ywxDQ,1
author::UCQgYjVngJRfPHDLGB5X6ZjA,author::UCwha8rxULYMVtNwZWeSkE1A,1
author::UCQgYjVngJRfPHDLGB5X6ZjA,author::UChgkn5Jt5tWKYMoEOuCjz3Q,1
author::UCQgYjVngJRfPHDLGB5X6ZjA,author::UCvApqeCbLod-wejtT4CcVuA,1
author::UCQgYjVngJRfPHDLGB5X6ZjA,author::UCfM3nrxtTQMY5jFx1v1J4Gg,1
author::UCQgYjVngJRfPHDLGB5X6ZjA,author::UCRlCV9zSn7avAWh-9_XFWqQ,1
author::UCQgYjVngJRfPHDLGB5X6ZjA,author::UCz3gu01bmjNv0DpRq-K3XYg,1
author::UCQgYjVngJRfPHDLGB5X6ZjA,author::UCySYJU5kUh7X8gVt9la2ISA,1
author::UCQgYjVngJRfPHDLGB5X6ZjA,author::UCXSkL3ejZ8qWYyF_M7s_QKA,1
author::UCQgYjVngJRfPHDLGB5X6ZjA,author::UChZknRmJkeGeQk0-mQuhDOg,1
author::UCQgYjVngJRfPHDLGB5X6ZjA,author::UCXr8_5WtGeipe4haOoQDgyQ,1
author::UCQgYjVngJRfPHDLGB5X6ZjA,author::UCljDbleJul41G1TzOjOZAVA,1
author::UCQgYjVngJRfPHDLGB5X6ZjA,author::UCujPF2nBgsTD62nWE3lcpIg,1
author::UCQgYjVngJRfPHDLGB5X6ZjA,author::UCmjppp6ujz3SAnULvP3sZMw,1
author::UCQgYjVngJRfPHDLGB5X6ZjA,author::UCylqlpsh8ENNM1LqgQ1KbxA,1
author::UCQgYjVngJRfPHDLGB5X6ZjA,author::UCp4iw5_5SmV9VGTFSNVGOmQ,1
author::UCQgYjVngJRfPHDLGB5X6ZjA,author::UCpl8rF8uv_8uui-QRvuJaRA,1
author::UCQgYjVngJRfPHDLGB5X6ZjA,author::UCh5ESQvtzyHDhCA7XyekCFA,1
author::UCQgYjVngJRfPHDLGB5X6ZjA,author::UCsSXdJct-nsS8DsABoEsaYA,1
author::UCQgYjVngJRfPHDLGB5X6ZjA,author::UCtUR3_CAiE7fCoZHM6cMfyQ,1
author::UCQqetiwzzmRNTM5OWuXarGQ,author::UCXgr7vXlRrsaskPdo097kGA,1
author::UCQqetiwzzmRNTM5OWuXarGQ,author::UCwO2SXr0ggzwg6QWWrr01nQ,1
author::UCQqetiwzzmRNTM5OWuXarGQ,author::UCipetjeiWj4CZB6EbyYziZg,1
author::UCQqetiwzzmRNTM5OWuXarGQ,author::UCV0iizTBoOfdAFX_thfI9BA,1
author::UCQqetiwzzmRNTM5OWuXarGQ,author::UCWIZUtKJ636y-4TYrNvok0g,1
author::UCQqetiwzzmRNTM5OWuXarGQ,author::UCueV9cTyTDwgQSec1x2dYgA,1
author::UCQqetiwzzmRNTM5OWuXarGQ,author::UCUIIIPTVDVHAXqhC_5V6lPA,1
author::UCQqetiwzzmRNTM5OWuXarGQ,author::UChep9kVb5gQmpodEEl10Xlg,1
author::UCQqetiwzzmRNTM5OWuXarGQ,author::UCsJJAvrVGupdmhOqgtDp8dg,1
author::UCQqetiwzzmRNTM5OWuXarGQ,author::UCjmPuazZJzscrwvk0QR9RVw,1
author::UCQqetiwzzmRNTM5OWuXarGQ,author::UCzoL2l5H5eVlorWGH8AZfAg,1
author::UCQqetiwzzmRNTM5OWuXarGQ,author::UCplrIQtaPj6au60_f2-mOYw,1
author::UCQqetiwzzmRNTM5OWuXarGQ,author::UCRETAiYdh2dL5ZxB0_N1zDA,1
author::UCQqetiwzzmRNTM5OWuXarGQ,author::UCj-LL25XJnjxepPKCc3NGog,1
author::UCQqetiwzzmRNTM5OWuXarGQ,author::UCTylKrsqkrBKIqubMu_5N0Q,1
author::UCQqetiwzzmRNTM5OWuXarGQ,author::UCZLG9qH0tUjNhEGFIUt0CYw,1
author::UCQqetiwzzmRNTM5OWuXarGQ,author::UCXXh7yg5KUFIWylTiKVEFKQ,1
author::UCQqetiwzzmRNTM5OWuXarGQ,author::UCr1emrogPKkKTs_WTtx71xg,1
author::UCQqetiwzzmRNTM5OWuXarGQ,author::UChs3tU2BcKOT0CezykvAsGw,1
author::UCQqetiwzzmRNTM5OWuXarGQ,author::UCmvOgzmmXbjUthHy-WJ52hQ,1
author::UCQqetiwzzmRNTM5OWuXarGQ,author::UCsjs5Hp_r86x1xbK6FAeqaA,1
author::UCQqetiwzzmRNTM5OWuXarGQ,author::UCThW2XNsAaBKme5PUt7n-Zg,1
author::UCQqetiwzzmRNTM5OWuXarGQ,author::UCsUCN0Yq_UyTvKjOJLmNrnQ,1
author::UCQqetiwzzmRNTM5OWuXarGQ,author::UCjSKM9j0Q7HLDr1hD6D-TUw,1
author::UCQqetiwzzmRNTM5OWuXarGQ,author::UCiMythXHsw7eQEMykCdmMUA,1
author::UCQqetiwzzmRNTM5OWuXarGQ,author::UCQtICyzWmhC5woCtbNgaSmg,1
author::UCQqetiwzzmRNTM5OWuXarGQ,author::UCQtSFINs1h6GHkpg9o5kMvg,1
author::UCQqetiwzzmRNTM5OWuXarGQ,author::UCSou6a2OuYGSvPjm5psquyA,1
author::UCQqetiwzzmRNTM5OWuXarGQ,author::UCYwpX26TrCxq8TvbKGRYLXA,1
author::UCQqetiwzzmRNTM5OWuXarGQ,author::UCxff05WuyvwELNITi7bj7UA,1
author::UCQqetiwzzmRNTM5OWuXarGQ,author::UCTP3O0rMnc8z8v8jaDQwL0w,1
author::UCQqetiwzzmRNTM5OWuXarGQ,author::UCTwSut16JyAg3mX6LVUNGqA,1
author::UCQqetiwzzmRNTM5OWuXarGQ,author::UCrJn_rbo_ENAdeqneS-RmRw,1
author::UCQqetiwzzmRNTM5OWuXarGQ,author::UCl0ekS9Tt0jJGtOEM18S63w,1
author::UCQqetiwzzmRNTM5OWuXarGQ,author::UCut6b9S98nv84cVX89PmKzA,1
author::UCQqetiwzzmRNTM5OWuXarGQ,author::UCi1b_TRQfgO1Z9O2gNGGWNA,1
author::UCQqetiwzzmRNTM5OWuXarGQ,author::UCYN4wSQ1Sx4_LurxLlW7MPg,1
author::UCQqetiwzzmRNTM5OWuXarGQ,author::UCTD6q1nyIe3Y7HhqjaMj72w,1
author::UCQqetiwzzmRNTM5OWuXarGQ,author::UCpIdtvoFHVLGASGB5ySqIEA,1
author::UCQqetiwzzmRNTM5OWuXarGQ,author::UCtNfIBnc5S5DbbQj_yxgJTw,1
author::UCQqetiwzzmRNTM5OWuXarGQ,author::UCRelkU8JiZBytTzebJxaa-w,1
author::UCQqetiwzzmRNTM5OWuXarGQ,author::UCgvw7xIdGFupzpt1Y_BFkEA,1
author::UCQqetiwzzmRNTM5OWuXarGQ,author::UCpsKOkt5iWTbenzeuq7dsmQ,1
author::UCQqetiwzzmRNTM5OWuXarGQ,author::UCwW2OFy95P7ZBkOPxWkpvYg,1
author::UCQqetiwzzmRNTM5OWuXarGQ,author::UCiGRBf2RNF0WRKhRVT7zFoA,1
author::UCQqetiwzzmRNTM5OWuXarGQ,author::UCcfdg8crmMJwEuLUsAhV7yg,1
author::UCQqetiwzzmRNTM5OWuXarGQ,author::UCkd9W714-947dEE6ZOEBATA,1
author::UCQqetiwzzmRNTM5OWuXarGQ,author::UCZ51R_9Q9C0c8I3pAWhtmjQ,1
author::UCQqetiwzzmRNTM5OWuXarGQ,author::UCzSfZlOVxBSs5ObD25ywxDQ,1
author::UCQqetiwzzmRNTM5OWuXarGQ,author::UCwha8rxULYMVtNwZWeSkE1A,1
author::UCQqetiwzzmRNTM5OWuXarGQ,author::UChgkn5Jt5tWKYMoEOuCjz3Q,1
author::UCQqetiwzzmRNTM5OWuXarGQ,author::UCvApqeCbLod-wejtT4CcVuA,1
author::UCQqetiwzzmRNTM5OWuXarGQ,author::UCfM3nrxtTQMY5jFx1v1J4Gg,1
author::UCQqetiwzzmRNTM5OWuXarGQ,author::UCRlCV9zSn7avAWh-9_XFWqQ,1
author::UCQqetiwzzmRNTM5OWuXarGQ,author::UCz3gu01bmjNv0DpRq-K3XYg,1
author::UCQqetiwzzmRNTM5OWuXarGQ,author::UCySYJU5kUh7X8gVt9la2ISA,1
author::UCQqetiwzzmRNTM5OWuXarGQ,author::UCXSkL3ejZ8qWYyF_M7s_QKA,1
author::UCQqetiwzzmRNTM5OWuXarGQ,author::UChZknRmJkeGeQk0-mQuhDOg,1
author::UCQqetiwzzmRNTM5OWuXarGQ,author::UCXr8_5WtGeipe4haOoQDgyQ,1
author::UCQqetiwzzmRNTM5OWuXarGQ,author::UCljDbleJul41G1TzOjOZAVA,1
author::UCQqetiwzzmRNTM5OWuXarGQ,author::UCujPF2nBgsTD62nWE3lcpIg,1
author::UCQqetiwzzmRNTM5OWuXarGQ,author::UCmjppp6ujz3SAnULvP3sZMw,1
author::UCQqetiwzzmRNTM5OWuXarGQ,author::UCylqlpsh8ENNM1LqgQ1KbxA,1
author::UCQqetiwzzmRNTM5OWuXarGQ,author::UCp4iw5_5SmV9VGTFSNVGOmQ,1
author::UCQqetiwzzmRNTM5OWuXarGQ,author::UCpl8rF8uv_8uui-QRvuJaRA,1
author::UCQqetiwzzmRNTM5OWuXarGQ,author::UCh5ESQvtzyHDhCA7XyekCFA,1
author::UCQqetiwzzmRNTM5OWuXarGQ,author::UCsSXdJct-nsS8DsABoEsaYA,1
author::UCQqetiwzzmRNTM5OWuXarGQ,author::UCtUR3_CAiE7fCoZHM6cMfyQ,1
author::UCQqlPPUGqAfWjd-FSh_qn7Q,author::UCRAquv8el-tQ30bN7MlmySQ,1
author::UCQqlPPUGqAfWjd-FSh_qn7Q,author::UCwgCc9Jd_gG-uLE_SY-FfPg,1
author::UCQqlPPUGqAfWjd-FSh_qn7Q,author::UCRvPToDkkumha7WJAfCDk1A,1
author::UCQqlPPUGqAfWjd-FSh_qn7Q,author::UColMq7LmaoY3MT6aIDGrGvA,1
author::UCQqlPPUGqAfWjd-FSh_qn7Q,author::UCiC-Jn7wdgyQV4_Urk0DkWQ,1
author::UCQqlPPUGqAfWjd-FSh_qn7Q,author::UCgQw_Sbq3ugruDUKsq1e0-A,1
author::UCQqlPPUGqAfWjd-FSh_qn7Q,author::UCdFlugHJJa4l3YqWuNRmvXw,1
author::UCQqlPPUGqAfWjd-FSh_qn7Q,author::UCeDNEtI8_a42bZ47wJiJMwQ,1
author::UCQqlPPUGqAfWjd-FSh_qn7Q,author::UCu8_3-Wg-YzNyvHYQDEscfw,1
author::UCQqlPPUGqAfWjd-FSh_qn7Q,author::UCkVtmkK07b2zaVVNssX4lOg,1
author::UCQqlPPUGqAfWjd-FSh_qn7Q,author::UCqCrvuoJpC-aVb0f4logQRQ,1
author::UCQqlPPUGqAfWjd-FSh_qn7Q,author::UCsGoJEvb-cFPZ2rWoJcXzEQ,1
author::UCQqlPPUGqAfWjd-FSh_qn7Q,author::UCuXmOjxC-htcprLgeVXz6Tg,1
author::UCQqlPPUGqAfWjd-FSh_qn7Q,author::UCWoAVGVqCn4xtINCMOTM4jg,1
author::UCQqlPPUGqAfWjd-FSh_qn7Q,author::UClqA491Xa5fQcXcJJa-vTWw,1
author::UCQqlPPUGqAfWjd-FSh_qn7Q,author::UCQyOePccUP-fIJYzchAgZYw,1
author::UCQqlPPUGqAfWjd-FSh_qn7Q,author::UCV0lM03g5fg5pbPj97-sAtA,1
author::UCQqlPPUGqAfWjd-FSh_qn7Q,author::UC_LYoGs5C3mbZKZuKuqYCvw,1
author::UCQqlPPUGqAfWjd-FSh_qn7Q,author::UCgJNFj5dnxXpcMvmuhZDPxA,1
author::UCQqlPPUGqAfWjd-FSh_qn7Q,author::UCpsKOkt5iWTbenzeuq7dsmQ,1
author::UCQqlPPUGqAfWjd-FSh_qn7Q,author::UCkbsS_3D-pvg1iHOld9uvIg,1
author::UCQqlPPUGqAfWjd-FSh_qn7Q,author::UCW-JC6lebVmf2P1dmY_L94g,1
author::UCQqlPPUGqAfWjd-FSh_qn7Q,author::UCwjUvRseNtJoItylIyIez7Q,1
author::UCQqlPPUGqAfWjd-FSh_qn7Q,author::UClhMWQ7XKWywYvbRnuf8QsA,1
author::UCQqlPPUGqAfWjd-FSh_qn7Q,author::UCe8JZoYkX5oKUZyivHYdXhw,1
author::UCQqlPPUGqAfWjd-FSh_qn7Q,author::UCaKAjTW9MVub_clgr4DRYjQ,1
author::UCQqlPPUGqAfWjd-FSh_qn7Q,author::UCpe5jW3MIqkgTJ-PgkzvM6Q,1
author::UCQqlPPUGqAfWjd-FSh_qn7Q,author::UCylqlpsh8ENNM1LqgQ1KbxA,1
author::UCQqlPPUGqAfWjd-FSh_qn7Q,author::UCZeIIQrGAedW8tCbKWmGY-A,1
author::UCQqlPPUGqAfWjd-FSh_qn7Q,author::UCW80DaMjQlEUibC98Cot-Dg,1
author::UCQqlPPUGqAfWjd-FSh_qn7Q,author::UCUoYsrx1oZnCZ0usbBJn4fA,1
author::UCQtICyzWmhC5woCtbNgaSmg,author::UCXgr7vXlRrsaskPdo097kGA,1
author::UCQtICyzWmhC5woCtbNgaSmg,author::UCwO2SXr0ggzwg6QWWrr01nQ,1
author::UCQtICyzWmhC5woCtbNgaSmg,author::UCipetjeiWj4CZB6EbyYziZg,1
author::UCQtICyzWmhC5woCtbNgaSmg,author::UCV0iizTBoOfdAFX_thfI9BA,1
author::UCQtICyzWmhC5woCtbNgaSmg,author::UCWIZUtKJ636y-4TYrNvok0g,1
author::UCQtICyzWmhC5woCtbNgaSmg,author::UCueV9cTyTDwgQSec1x2dYgA,1
author::UCQtICyzWmhC5woCtbNgaSmg,author::UCUIIIPTVDVHAXqhC_5V6lPA,1
author::UCQtICyzWmhC5woCtbNgaSmg,author::UChep9kVb5gQmpodEEl10Xlg,1
author::UCQtICyzWmhC5woCtbNgaSmg,author::UCsJJAvrVGupdmhOqgtDp8dg,1
author::UCQtICyzWmhC5woCtbNgaSmg,author::UCjmPuazZJzscrwvk0QR9RVw,1
author::UCQtICyzWmhC5woCtbNgaSmg,author::UCzoL2l5H5eVlorWGH8AZfAg,1
author::UCQtICyzWmhC5woCtbNgaSmg,author::UCplrIQtaPj6au60_f2-mOYw,1
author::UCQtICyzWmhC5woCtbNgaSmg,author::UCRETAiYdh2dL5ZxB0_N1zDA,1
author::UCQtICyzWmhC5woCtbNgaSmg,author::UCj-LL25XJnjxepPKCc3NGog,1
author::UCQtICyzWmhC5woCtbNgaSmg,author::UCTylKrsqkrBKIqubMu_5N0Q,1
author::UCQtICyzWmhC5woCtbNgaSmg,author::UCZLG9qH0tUjNhEGFIUt0CYw,1
author::UCQtICyzWmhC5woCtbNgaSmg,author::UCXXh7yg5KUFIWylTiKVEFKQ,1
author::UCQtICyzWmhC5woCtbNgaSmg,author::UCr1emrogPKkKTs_WTtx71xg,1
author::UCQtICyzWmhC5woCtbNgaSmg,author::UChs3tU2BcKOT0CezykvAsGw,1
author::UCQtICyzWmhC5woCtbNgaSmg,author::UCmvOgzmmXbjUthHy-WJ52hQ,1
author::UCQtICyzWmhC5woCtbNgaSmg,author::UCsjs5Hp_r86x1xbK6FAeqaA,1
author::UCQtICyzWmhC5woCtbNgaSmg,author::UCThW2XNsAaBKme5PUt7n-Zg,1
author::UCQtICyzWmhC5woCtbNgaSmg,author::UCsUCN0Yq_UyTvKjOJLmNrnQ,1
author::UCQtICyzWmhC5woCtbNgaSmg,author::UCjSKM9j0Q7HLDr1hD6D-TUw,1
author::UCQtICyzWmhC5woCtbNgaSmg,author::UCiMythXHsw7eQEMykCdmMUA,1
author::UCQtICyzWmhC5woCtbNgaSmg,author::UCQtSFINs1h6GHkpg9o5kMvg,1
author::UCQtICyzWmhC5woCtbNgaSmg,author::UCSou6a2OuYGSvPjm5psquyA,1
author::UCQtICyzWmhC5woCtbNgaSmg,author::UCYwpX26TrCxq8TvbKGRYLXA,1
author::UCQtICyzWmhC5woCtbNgaSmg,author::UCxff05WuyvwELNITi7bj7UA,1
author::UCQtICyzWmhC5woCtbNgaSmg,author::UCTP3O0rMnc8z8v8jaDQwL0w,1
author::UCQtICyzWmhC5woCtbNgaSmg,author::UCTwSut16JyAg3mX6LVUNGqA,1
author::UCQtICyzWmhC5woCtbNgaSmg,author::UCrJn_rbo_ENAdeqneS-RmRw,1
author::UCQtICyzWmhC5woCtbNgaSmg,author::UCl0ekS9Tt0jJGtOEM18S63w,1
author::UCQtICyzWmhC5woCtbNgaSmg,author::UCut6b9S98nv84cVX89PmKzA,1
author::UCQtICyzWmhC5woCtbNgaSmg,author::UCi1b_TRQfgO1Z9O2gNGGWNA,1
author::UCQtICyzWmhC5woCtbNgaSmg,author::UCYN4wSQ1Sx4_LurxLlW7MPg,1
author::UCQtICyzWmhC5woCtbNgaSmg,author::UCTD6q1nyIe3Y7HhqjaMj72w,1
author::UCQtICyzWmhC5woCtbNgaSmg,author::UCpIdtvoFHVLGASGB5ySqIEA,1
author::UCQtICyzWmhC5woCtbNgaSmg,author::UCtNfIBnc5S5DbbQj_yxgJTw,1
author::UCQtICyzWmhC5woCtbNgaSmg,author::UCRelkU8JiZBytTzebJxaa-w,1
author::UCQtICyzWmhC5woCtbNgaSmg,author::UCgvw7xIdGFupzpt1Y_BFkEA,1
author::UCQtICyzWmhC5woCtbNgaSmg,author::UCpsKOkt5iWTbenzeuq7dsmQ,1
author::UCQtICyzWmhC5woCtbNgaSmg,author::UCwW2OFy95P7ZBkOPxWkpvYg,1
author::UCQtICyzWmhC5woCtbNgaSmg,author::UCiGRBf2RNF0WRKhRVT7zFoA,1
author::UCQtICyzWmhC5woCtbNgaSmg,author::UCcfdg8crmMJwEuLUsAhV7yg,1
author::UCQtICyzWmhC5woCtbNgaSmg,author::UCkd9W714-947dEE6ZOEBATA,1
author::UCQtICyzWmhC5woCtbNgaSmg,author::UCZ51R_9Q9C0c8I3pAWhtmjQ,1
author::UCQtICyzWmhC5woCtbNgaSmg,author::UCzSfZlOVxBSs5ObD25ywxDQ,1
author::UCQtICyzWmhC5woCtbNgaSmg,author::UCwha8rxULYMVtNwZWeSkE1A,1
author::UCQtICyzWmhC5woCtbNgaSmg,author::UChgkn5Jt5tWKYMoEOuCjz3Q,1
author::UCQtICyzWmhC5woCtbNgaSmg,author::UCvApqeCbLod-wejtT4CcVuA,1
author::UCQtICyzWmhC5woCtbNgaSmg,author::UCfM3nrxtTQMY5jFx1v1J4Gg,1
author::UCQtICyzWmhC5woCtbNgaSmg,author::UCRlCV9zSn7avAWh-9_XFWqQ,1
author::UCQtICyzWmhC5woCtbNgaSmg,author::UCz3gu01bmjNv0DpRq-K3XYg,1
author::UCQtICyzWmhC5woCtbNgaSmg,author::UCySYJU5kUh7X8gVt9la2ISA,1
author::UCQtICyzWmhC5woCtbNgaSmg,author::UCXSkL3ejZ8qWYyF_M7s_QKA,1
author::UCQtICyzWmhC5woCtbNgaSmg,author::UChZknRmJkeGeQk0-mQuhDOg,1
author::UCQtICyzWmhC5woCtbNgaSmg,author::UCXr8_5WtGeipe4haOoQDgyQ,1
author::UCQtICyzWmhC5woCtbNgaSmg,author::UCljDbleJul41G1TzOjOZAVA,1
author::UCQtICyzWmhC5woCtbNgaSmg,author::UCujPF2nBgsTD62nWE3lcpIg,1
author::UCQtICyzWmhC5woCtbNgaSmg,author::UCmjppp6ujz3SAnULvP3sZMw,1
author::UCQtICyzWmhC5woCtbNgaSmg,author::UCylqlpsh8ENNM1LqgQ1KbxA,1
author::UCQtICyzWmhC5woCtbNgaSmg,author::UCp4iw5_5SmV9VGTFSNVGOmQ,1
author::UCQtICyzWmhC5woCtbNgaSmg,author::UCpl8rF8uv_8uui-QRvuJaRA,1
author::UCQtICyzWmhC5woCtbNgaSmg,author::UCh5ESQvtzyHDhCA7XyekCFA,1
author::UCQtICyzWmhC5woCtbNgaSmg,author::UCsSXdJct-nsS8DsABoEsaYA,1
author::UCQtICyzWmhC5woCtbNgaSmg,author::UCtUR3_CAiE7fCoZHM6cMfyQ,1
author::UCQtSFINs1h6GHkpg9o5kMvg,author::UCXgr7vXlRrsaskPdo097kGA,1
author::UCQtSFINs1h6GHkpg9o5kMvg,author::UCwO2SXr0ggzwg6QWWrr01nQ,1
author::UCQtSFINs1h6GHkpg9o5kMvg,author::UCipetjeiWj4CZB6EbyYziZg,1
author::UCQtSFINs1h6GHkpg9o5kMvg,author::UCV0iizTBoOfdAFX_thfI9BA,1
author::UCQtSFINs1h6GHkpg9o5kMvg,author::UCWIZUtKJ636y-4TYrNvok0g,1
author::UCQtSFINs1h6GHkpg9o5kMvg,author::UCueV9cTyTDwgQSec1x2dYgA,1
author::UCQtSFINs1h6GHkpg9o5kMvg,author::UCUIIIPTVDVHAXqhC_5V6lPA,1
author::UCQtSFINs1h6GHkpg9o5kMvg,author::UChep9kVb5gQmpodEEl10Xlg,1
author::UCQtSFINs1h6GHkpg9o5kMvg,author::UCsJJAvrVGupdmhOqgtDp8dg,1
author::UCQtSFINs1h6GHkpg9o5kMvg,author::UCjmPuazZJzscrwvk0QR9RVw,1
author::UCQtSFINs1h6GHkpg9o5kMvg,author::UCzoL2l5H5eVlorWGH8AZfAg,1
author::UCQtSFINs1h6GHkpg9o5kMvg,author::UCplrIQtaPj6au60_f2-mOYw,1
author::UCQtSFINs1h6GHkpg9o5kMvg,author::UCRETAiYdh2dL5ZxB0_N1zDA,1
author::UCQtSFINs1h6GHkpg9o5kMvg,author::UCj-LL25XJnjxepPKCc3NGog,1
author::UCQtSFINs1h6GHkpg9o5kMvg,author::UCTylKrsqkrBKIqubMu_5N0Q,1
author::UCQtSFINs1h6GHkpg9o5kMvg,author::UCZLG9qH0tUjNhEGFIUt0CYw,1
author::UCQtSFINs1h6GHkpg9o5kMvg,author::UCXXh7yg5KUFIWylTiKVEFKQ,1
author::UCQtSFINs1h6GHkpg9o5kMvg,author::UCr1emrogPKkKTs_WTtx71xg,1
author::UCQtSFINs1h6GHkpg9o5kMvg,author::UChs3tU2BcKOT0CezykvAsGw,1
author::UCQtSFINs1h6GHkpg9o5kMvg,author::UCmvOgzmmXbjUthHy-WJ52hQ,1
author::UCQtSFINs1h6GHkpg9o5kMvg,author::UCsjs5Hp_r86x1xbK6FAeqaA,1
author::UCQtSFINs1h6GHkpg9o5kMvg,author::UCThW2XNsAaBKme5PUt7n-Zg,1
author::UCQtSFINs1h6GHkpg9o5kMvg,author::UCsUCN0Yq_UyTvKjOJLmNrnQ,1
author::UCQtSFINs1h6GHkpg9o5kMvg,author::UCjSKM9j0Q7HLDr1hD6D-TUw,1
author::UCQtSFINs1h6GHkpg9o5kMvg,author::UCiMythXHsw7eQEMykCdmMUA,1
author::UCQtSFINs1h6GHkpg9o5kMvg,author::UCSou6a2OuYGSvPjm5psquyA,1
author::UCQtSFINs1h6GHkpg9o5kMvg,author::UCYwpX26TrCxq8TvbKGRYLXA,1
author::UCQtSFINs1h6GHkpg9o5kMvg,author::UCxff05WuyvwELNITi7bj7UA,1
author::UCQtSFINs1h6GHkpg9o5kMvg,author::UCTP3O0rMnc8z8v8jaDQwL0w,1
author::UCQtSFINs1h6GHkpg9o5kMvg,author::UCTwSut16JyAg3mX6LVUNGqA,1
author::UCQtSFINs1h6GHkpg9o5kMvg,author::UCrJn_rbo_ENAdeqneS-RmRw,1
author::UCQtSFINs1h6GHkpg9o5kMvg,author::UCl0ekS9Tt0jJGtOEM18S63w,1
author::UCQtSFINs1h6GHkpg9o5kMvg,author::UCut6b9S98nv84cVX89PmKzA,1
author::UCQtSFINs1h6GHkpg9o5kMvg,author::UCi1b_TRQfgO1Z9O2gNGGWNA,1
author::UCQtSFINs1h6GHkpg9o5kMvg,author::UCYN4wSQ1Sx4_LurxLlW7MPg,1
author::UCQtSFINs1h6GHkpg9o5kMvg,author::UCTD6q1nyIe3Y7HhqjaMj72w,1
author::UCQtSFINs1h6GHkpg9o5kMvg,author::UCpIdtvoFHVLGASGB5ySqIEA,1
author::UCQtSFINs1h6GHkpg9o5kMvg,author::UCtNfIBnc5S5DbbQj_yxgJTw,1
author::UCQtSFINs1h6GHkpg9o5kMvg,author::UCRelkU8JiZBytTzebJxaa-w,1
author::UCQtSFINs1h6GHkpg9o5kMvg,author::UCgvw7xIdGFupzpt1Y_BFkEA,1
author::UCQtSFINs1h6GHkpg9o5kMvg,author::UCpsKOkt5iWTbenzeuq7dsmQ,1
author::UCQtSFINs1h6GHkpg9o5kMvg,author::UCwW2OFy95P7ZBkOPxWkpvYg,1
author::UCQtSFINs1h6GHkpg9o5kMvg,author::UCiGRBf2RNF0WRKhRVT7zFoA,1
author::UCQtSFINs1h6GHkpg9o5kMvg,author::UCcfdg8crmMJwEuLUsAhV7yg,1
author::UCQtSFINs1h6GHkpg9o5kMvg,author::UCkd9W714-947dEE6ZOEBATA,1
author::UCQtSFINs1h6GHkpg9o5kMvg,author::UCZ51R_9Q9C0c8I3pAWhtmjQ,1
author::UCQtSFINs1h6GHkpg9o5kMvg,author::UCzSfZlOVxBSs5ObD25ywxDQ,1
author::UCQtSFINs1h6GHkpg9o5kMvg,author::UCwha8rxULYMVtNwZWeSkE1A,1
author::UCQtSFINs1h6GHkpg9o5kMvg,author::UChgkn5Jt5tWKYMoEOuCjz3Q,1
author::UCQtSFINs1h6GHkpg9o5kMvg,author::UCvApqeCbLod-wejtT4CcVuA,1
author::UCQtSFINs1h6GHkpg9o5kMvg,author::UCfM3nrxtTQMY5jFx1v1J4Gg,1
author::UCQtSFINs1h6GHkpg9o5kMvg,author::UCRlCV9zSn7avAWh-9_XFWqQ,1
author::UCQtSFINs1h6GHkpg9o5kMvg,author::UCz3gu01bmjNv0DpRq-K3XYg,1
author::UCQtSFINs1h6GHkpg9o5kMvg,author::UCySYJU5kUh7X8gVt9la2ISA,1
author::UCQtSFINs1h6GHkpg9o5kMvg,author::UCXSkL3ejZ8qWYyF_M7s_QKA,1
author::UCQtSFINs1h6GHkpg9o5kMvg,author::UChZknRmJkeGeQk0-mQuhDOg,1
author::UCQtSFINs1h6GHkpg9o5kMvg,author::UCXr8_5WtGeipe4haOoQDgyQ,1
author::UCQtSFINs1h6GHkpg9o5kMvg,author::UCljDbleJul41G1TzOjOZAVA,1
author::UCQtSFINs1h6GHkpg9o5kMvg,author::UCujPF2nBgsTD62nWE3lcpIg,1
author::UCQtSFINs1h6GHkpg9o5kMvg,author::UCmjppp6ujz3SAnULvP3sZMw,1
author::UCQtSFINs1h6GHkpg9o5kMvg,author::UCylqlpsh8ENNM1LqgQ1KbxA,1
author::UCQtSFINs1h6GHkpg9o5kMvg,author::UCp4iw5_5SmV9VGTFSNVGOmQ,1
author::UCQtSFINs1h6GHkpg9o5kMvg,author::UCpl8rF8uv_8uui-QRvuJaRA,1
author::UCQtSFINs1h6GHkpg9o5kMvg,author::UCh5ESQvtzyHDhCA7XyekCFA,1
author::UCQtSFINs1h6GHkpg9o5kMvg,author::UCsSXdJct-nsS8DsABoEsaYA,1
author::UCQtSFINs1h6GHkpg9o5kMvg,author::UCtUR3_CAiE7fCoZHM6cMfyQ,1
author::UCQyOePccUP-fIJYzchAgZYw,author::UCRAquv8el-tQ30bN7MlmySQ,1
author::UCQyOePccUP-fIJYzchAgZYw,author::UCwgCc9Jd_gG-uLE_SY-FfPg,1
author::UCQyOePccUP-fIJYzchAgZYw,author::UCRvPToDkkumha7WJAfCDk1A,1
author::UCQyOePccUP-fIJYzchAgZYw,author::UColMq7LmaoY3MT6aIDGrGvA,1
author::UCQyOePccUP-fIJYzchAgZYw,author::UCiC-Jn7wdgyQV4_Urk0DkWQ,1
author::UCQyOePccUP-fIJYzchAgZYw,author::UCgQw_Sbq3ugruDUKsq1e0-A,1
author::UCQyOePccUP-fIJYzchAgZYw,author::UCdFlugHJJa4l3YqWuNRmvXw,1
author::UCQyOePccUP-fIJYzchAgZYw,author::UCeDNEtI8_a42bZ47wJiJMwQ,1
author::UCQyOePccUP-fIJYzchAgZYw,author::UCu8_3-Wg-YzNyvHYQDEscfw,1
author::UCQyOePccUP-fIJYzchAgZYw,author::UCkVtmkK07b2zaVVNssX4lOg,1
author::UCQyOePccUP-fIJYzchAgZYw,author::UCqCrvuoJpC-aVb0f4logQRQ,1
author::UCQyOePccUP-fIJYzchAgZYw,author::UCsGoJEvb-cFPZ2rWoJcXzEQ,1
author::UCQyOePccUP-fIJYzchAgZYw,author::UCuXmOjxC-htcprLgeVXz6Tg,1
author::UCQyOePccUP-fIJYzchAgZYw,author::UCWoAVGVqCn4xtINCMOTM4jg,1
author::UCQyOePccUP-fIJYzchAgZYw,author::UClqA491Xa5fQcXcJJa-vTWw,1
author::UCQyOePccUP-fIJYzchAgZYw,author::UCV0lM03g5fg5pbPj97-sAtA,1
author::UCQyOePccUP-fIJYzchAgZYw,author::UC_LYoGs5C3mbZKZuKuqYCvw,1
author::UCQyOePccUP-fIJYzchAgZYw,author::UCgJNFj5dnxXpcMvmuhZDPxA,1
author::UCQyOePccUP-fIJYzchAgZYw,author::UCpsKOkt5iWTbenzeuq7dsmQ,1
author::UCQyOePccUP-fIJYzchAgZYw,author::UCkbsS_3D-pvg1iHOld9uvIg,1
author::UCQyOePccUP-fIJYzchAgZYw,author::UCW-JC6lebVmf2P1dmY_L94g,1
author::UCQyOePccUP-fIJYzchAgZYw,author::UCwjUvRseNtJoItylIyIez7Q,1
author::UCQyOePccUP-fIJYzchAgZYw,author::UClhMWQ7XKWywYvbRnuf8QsA,1
author::UCQyOePccUP-fIJYzchAgZYw,author::UCe8JZoYkX5oKUZyivHYdXhw,1
author::UCQyOePccUP-fIJYzchAgZYw,author::UCaKAjTW9MVub_clgr4DRYjQ,1
author::UCQyOePccUP-fIJYzchAgZYw,author::UCpe5jW3MIqkgTJ-PgkzvM6Q,1
author::UCQyOePccUP-fIJYzchAgZYw,author::UCylqlpsh8ENNM1LqgQ1KbxA,1
author::UCQyOePccUP-fIJYzchAgZYw,author::UCZeIIQrGAedW8tCbKWmGY-A,1
author::UCQyOePccUP-fIJYzchAgZYw,author::UCW80DaMjQlEUibC98Cot-Dg,1
author::UCQyOePccUP-fIJYzchAgZYw,author::UCUoYsrx1oZnCZ0usbBJn4fA,1
author::UCRAquv8el-tQ30bN7MlmySQ,author::UCwgCc9Jd_gG-uLE_SY-FfPg,1
author::UCRAquv8el-tQ30bN7MlmySQ,author::UCRvPToDkkumha7WJAfCDk1A,1
author::UCRAquv8el-tQ30bN7MlmySQ,author::UColMq7LmaoY3MT6aIDGrGvA,1
author::UCRAquv8el-tQ30bN7MlmySQ,author::UCiC-Jn7wdgyQV4_Urk0DkWQ,1
author::UCRAquv8el-tQ30bN7MlmySQ,author::UCgQw_Sbq3ugruDUKsq1e0-A,1
author::UCRAquv8el-tQ30bN7MlmySQ,author::UCdFlugHJJa4l3YqWuNRmvXw,1
author::UCRAquv8el-tQ30bN7MlmySQ,author::UCeDNEtI8_a42bZ47wJiJMwQ,1
author::UCRAquv8el-tQ30bN7MlmySQ,author::UCu8_3-Wg-YzNyvHYQDEscfw,1
author::UCRAquv8el-tQ30bN7MlmySQ,author::UCkVtmkK07b2zaVVNssX4lOg,1
author::UCRAquv8el-tQ30bN7MlmySQ,author::UCqCrvuoJpC-aVb0f4logQRQ,1
author::UCRAquv8el-tQ30bN7MlmySQ,author::UCsGoJEvb-cFPZ2rWoJcXzEQ,1
author::UCRAquv8el-tQ30bN7MlmySQ,author::UCuXmOjxC-htcprLgeVXz6Tg,1
author::UCRAquv8el-tQ30bN7MlmySQ,author::UCWoAVGVqCn4xtINCMOTM4jg,1
author::UCRAquv8el-tQ30bN7MlmySQ,author::UClqA491Xa5fQcXcJJa-vTWw,1
author::UCRAquv8el-tQ30bN7MlmySQ,author::UCV0lM03g5fg5pbPj97-sAtA,1
author::UCRAquv8el-tQ30bN7MlmySQ,author::UC_LYoGs5C3mbZKZuKuqYCvw,1
author::UCRAquv8el-tQ30bN7MlmySQ,author::UCgJNFj5dnxXpcMvmuhZDPxA,1
author::UCRAquv8el-tQ30bN7MlmySQ,author::UCpsKOkt5iWTbenzeuq7dsmQ,1
author::UCRAquv8el-tQ30bN7MlmySQ,author::UCkbsS_3D-pvg1iHOld9uvIg,1
author::UCRAquv8el-tQ30bN7MlmySQ,author::UCW-JC6lebVmf2P1dmY_L94g,1
author::UCRAquv8el-tQ30bN7MlmySQ,author::UCwjUvRseNtJoItylIyIez7Q,1
author::UCRAquv8el-tQ30bN7MlmySQ,author::UClhMWQ7XKWywYvbRnuf8QsA,1
author::UCRAquv8el-tQ30bN7MlmySQ,author::UCe8JZoYkX5oKUZyivHYdXhw,1
author::UCRAquv8el-tQ30bN7MlmySQ,author::UCaKAjTW9MVub_clgr4DRYjQ,1
author::UCRAquv8el-tQ30bN7MlmySQ,author::UCpe5jW3MIqkgTJ-PgkzvM6Q,1
author::UCRAquv8el-tQ30bN7MlmySQ,author::UCylqlpsh8ENNM1LqgQ1KbxA,1
author::UCRAquv8el-tQ30bN7MlmySQ,author::UCZeIIQrGAedW8tCbKWmGY-A,1
author::UCRAquv8el-tQ30bN7MlmySQ,author::UCW80DaMjQlEUibC98Cot-Dg,1
author::UCRAquv8el-tQ30bN7MlmySQ,author::UCUoYsrx1oZnCZ0usbBJn4fA,1
author::UCRETAiYdh2dL5ZxB0_N1zDA,author::UCXgr7vXlRrsaskPdo097kGA,1
author::UCRETAiYdh2dL5ZxB0_N1zDA,author::UCwO2SXr0ggzwg6QWWrr01nQ,1
author::UCRETAiYdh2dL5ZxB0_N1zDA,author::UCipetjeiWj4CZB6EbyYziZg,1
author::UCRETAiYdh2dL5ZxB0_N1zDA,author::UCV0iizTBoOfdAFX_thfI9BA,1
author::UCRETAiYdh2dL5ZxB0_N1zDA,author::UCWIZUtKJ636y-4TYrNvok0g,1
author::UCRETAiYdh2dL5ZxB0_N1zDA,author::UCueV9cTyTDwgQSec1x2dYgA,1
author::UCRETAiYdh2dL5ZxB0_N1zDA,author::UCUIIIPTVDVHAXqhC_5V6lPA,1
author::UCRETAiYdh2dL5ZxB0_N1zDA,author::UChep9kVb5gQmpodEEl10Xlg,1
author::UCRETAiYdh2dL5ZxB0_N1zDA,author::UCsJJAvrVGupdmhOqgtDp8dg,1
author::UCRETAiYdh2dL5ZxB0_N1zDA,author::UCjmPuazZJzscrwvk0QR9RVw,1
author::UCRETAiYdh2dL5ZxB0_N1zDA,author::UCzoL2l5H5eVlorWGH8AZfAg,1
author::UCRETAiYdh2dL5ZxB0_N1zDA,author::UCplrIQtaPj6au60_f2-mOYw,1
author::UCRETAiYdh2dL5ZxB0_N1zDA,author::UCj-LL25XJnjxepPKCc3NGog,1
author::UCRETAiYdh2dL5ZxB0_N1zDA,author::UCTylKrsqkrBKIqubMu_5N0Q,1
author::UCRETAiYdh2dL5ZxB0_N1zDA,author::UCZLG9qH0tUjNhEGFIUt0CYw,1
author::UCRETAiYdh2dL5ZxB0_N1zDA,author::UCXXh7yg5KUFIWylTiKVEFKQ,1
author::UCRETAiYdh2dL5ZxB0_N1zDA,author::UCr1emrogPKkKTs_WTtx71xg,1
author::UCRETAiYdh2dL5ZxB0_N1zDA,author::UChs3tU2BcKOT0CezykvAsGw,1
author::UCRETAiYdh2dL5ZxB0_N1zDA,author::UCmvOgzmmXbjUthHy-WJ52hQ,1
author::UCRETAiYdh2dL5ZxB0_N1zDA,author::UCsjs5Hp_r86x1xbK6FAeqaA,1
author::UCRETAiYdh2dL5ZxB0_N1zDA,author::UCThW2XNsAaBKme5PUt7n-Zg,1
author::UCRETAiYdh2dL5ZxB0_N1zDA,author::UCsUCN0Yq_UyTvKjOJLmNrnQ,1
author::UCRETAiYdh2dL5ZxB0_N1zDA,author::UCjSKM9j0Q7HLDr1hD6D-TUw,1
author::UCRETAiYdh2dL5ZxB0_N1zDA,author::UCiMythXHsw7eQEMykCdmMUA,1
author::UCRETAiYdh2dL5ZxB0_N1zDA,author::UCSou6a2OuYGSvPjm5psquyA,1
author::UCRETAiYdh2dL5ZxB0_N1zDA,author::UCYwpX26TrCxq8TvbKGRYLXA,1
author::UCRETAiYdh2dL5ZxB0_N1zDA,author::UCxff05WuyvwELNITi7bj7UA,1
author::UCRETAiYdh2dL5ZxB0_N1zDA,author::UCTP3O0rMnc8z8v8jaDQwL0w,1
author::UCRETAiYdh2dL5ZxB0_N1zDA,author::UCTwSut16JyAg3mX6LVUNGqA,1
author::UCRETAiYdh2dL5ZxB0_N1zDA,author::UCrJn_rbo_ENAdeqneS-RmRw,1
author::UCRETAiYdh2dL5ZxB0_N1zDA,author::UCl0ekS9Tt0jJGtOEM18S63w,1
author::UCRETAiYdh2dL5ZxB0_N1zDA,author::UCut6b9S98nv84cVX89PmKzA,1
author::UCRETAiYdh2dL5ZxB0_N1zDA,author::UCi1b_TRQfgO1Z9O2gNGGWNA,1
author::UCRETAiYdh2dL5ZxB0_N1zDA,author::UCYN4wSQ1Sx4_LurxLlW7MPg,1
author::UCRETAiYdh2dL5ZxB0_N1zDA,author::UCTD6q1nyIe3Y7HhqjaMj72w,1
author::UCRETAiYdh2dL5ZxB0_N1zDA,author::UCpIdtvoFHVLGASGB5ySqIEA,1
author::UCRETAiYdh2dL5ZxB0_N1zDA,author::UCtNfIBnc5S5DbbQj_yxgJTw,1
author::UCRETAiYdh2dL5ZxB0_N1zDA,author::UCRelkU8JiZBytTzebJxaa-w,1
author::UCRETAiYdh2dL5ZxB0_N1zDA,author::UCgvw7xIdGFupzpt1Y_BFkEA,1
author::UCRETAiYdh2dL5ZxB0_N1zDA,author::UCpsKOkt5iWTbenzeuq7dsmQ,1
author::UCRETAiYdh2dL5ZxB0_N1zDA,author::UCwW2OFy95P7ZBkOPxWkpvYg,1
author::UCRETAiYdh2dL5ZxB0_N1zDA,author::UCiGRBf2RNF0WRKhRVT7zFoA,1
author::UCRETAiYdh2dL5ZxB0_N1zDA,author::UCcfdg8crmMJwEuLUsAhV7yg,1
author::UCRETAiYdh2dL5ZxB0_N1zDA,author::UCkd9W714-947dEE6ZOEBATA,1
author::UCRETAiYdh2dL5ZxB0_N1zDA,author::UCZ51R_9Q9C0c8I3pAWhtmjQ,1
author::UCRETAiYdh2dL5ZxB0_N1zDA,author::UCzSfZlOVxBSs5ObD25ywxDQ,1
author::UCRETAiYdh2dL5ZxB0_N1zDA,author::UCwha8rxULYMVtNwZWeSkE1A,1
author::UCRETAiYdh2dL5ZxB0_N1zDA,author::UChgkn5Jt5tWKYMoEOuCjz3Q,1
author::UCRETAiYdh2dL5ZxB0_N1zDA,author::UCvApqeCbLod-wejtT4CcVuA,1
author::UCRETAiYdh2dL5ZxB0_N1zDA,author::UCfM3nrxtTQMY5jFx1v1J4Gg,1
author::UCRETAiYdh2dL5ZxB0_N1zDA,author::UCRlCV9zSn7avAWh-9_XFWqQ,1
author::UCRETAiYdh2dL5ZxB0_N1zDA,author::UCz3gu01bmjNv0DpRq-K3XYg,1
author::UCRETAiYdh2dL5ZxB0_N1zDA,author::UCySYJU5kUh7X8gVt9la2ISA,1
author::UCRETAiYdh2dL5ZxB0_N1zDA,author::UCXSkL3ejZ8qWYyF_M7s_QKA,1
author::UCRETAiYdh2dL5ZxB0_N1zDA,author::UChZknRmJkeGeQk0-mQuhDOg,1
author::UCRETAiYdh2dL5ZxB0_N1zDA,author::UCXr8_5WtGeipe4haOoQDgyQ,1
author::UCRETAiYdh2dL5ZxB0_N1zDA,author::UCljDbleJul41G1TzOjOZAVA,1
author::UCRETAiYdh2dL5ZxB0_N1zDA,author::UCujPF2nBgsTD62nWE3lcpIg,1
author::UCRETAiYdh2dL5ZxB0_N1zDA,author::UCmjppp6ujz3SAnULvP3sZMw,1
author::UCRETAiYdh2dL5ZxB0_N1zDA,author::UCylqlpsh8ENNM1LqgQ1KbxA,1
author::UCRETAiYdh2dL5ZxB0_N1zDA,author::UCp4iw5_5SmV9VGTFSNVGOmQ,1
author::UCRETAiYdh2dL5ZxB0_N1zDA,author::UCpl8rF8uv_8uui-QRvuJaRA,1
author::UCRETAiYdh2dL5ZxB0_N1zDA,author::UCh5ESQvtzyHDhCA7XyekCFA,1
author::UCRETAiYdh2dL5ZxB0_N1zDA,author::UCsSXdJct-nsS8DsABoEsaYA,1
author::UCRETAiYdh2dL5ZxB0_N1zDA,author::UCtUR3_CAiE7fCoZHM6cMfyQ,1
author::UCRcSR3Lvn9DZAmJpVPANfZQ,author::UCY7Hq7F9Lnucf-Yr6JkHZNw,1
author::UCRcSR3Lvn9DZAmJpVPANfZQ,author::UCaT6M2zp7X6r6Whd8Vv3kHQ,1
author::UCRcSR3Lvn9DZAmJpVPANfZQ,author::UCxKR3RA8T-kxMgq_2WWhRcQ,1
author::UCRcSR3Lvn9DZAmJpVPANfZQ,author::UCgLrWFdYitoP-b7-PxtUr-w,1
author::UCRcSR3Lvn9DZAmJpVPANfZQ,author::UC_ljZ1hZXR9pzexFz87P5ZA,1
author::UCRcSR3Lvn9DZAmJpVPANfZQ,author::UCqilIa8r7iek5sGYg_q6ofA,1
author::UCRcSR3Lvn9DZAmJpVPANfZQ,author::UCtMBF_1O2jY2INlb_luuB_A,1
author::UCRcSR3Lvn9DZAmJpVPANfZQ,author::UCSTAUWVc1_82DHYeqOsqEFA,1
author::UCRcSR3Lvn9DZAmJpVPANfZQ,author::UCi-vPdnpQreC7BkFs40mJGA,1
author::UCRcSR3Lvn9DZAmJpVPANfZQ,author::UCyzf29IYjNw67gGIfsjgtxA,1
author::UCRcSR3Lvn9DZAmJpVPANfZQ,author::UCXmrpc6Li0spcKxtS0Q_ptg,1
author::UCRcSR3Lvn9DZAmJpVPANfZQ,author::UCRznz9-N3Qc1w-qNdLSIY2Q,1
author::UCRcSR3Lvn9DZAmJpVPANfZQ,author::UCs_5qeqdku9tGAq22y3OcuQ,1
author::UCRcSR3Lvn9DZAmJpVPANfZQ,author::UCgLurCo-e019HGODcjXHWCw,1
author::UCRcSR3Lvn9DZAmJpVPANfZQ,author::UCwUAv3_LpWVtTIi7lkmTL7A,1
author::UCRelkU8JiZBytTzebJxaa-w,author::UCXgr7vXlRrsaskPdo097kGA,1
author::UCRelkU8JiZBytTzebJxaa-w,author::UCwO2SXr0ggzwg6QWWrr01nQ,1
author::UCRelkU8JiZBytTzebJxaa-w,author::UCipetjeiWj4CZB6EbyYziZg,1
author::UCRelkU8JiZBytTzebJxaa-w,author::UCV0iizTBoOfdAFX_thfI9BA,1
author::UCRelkU8JiZBytTzebJxaa-w,author::UCWIZUtKJ636y-4TYrNvok0g,1
author::UCRelkU8JiZBytTzebJxaa-w,author::UCueV9cTyTDwgQSec1x2dYgA,1
author::UCRelkU8JiZBytTzebJxaa-w,author::UCUIIIPTVDVHAXqhC_5V6lPA,1
author::UCRelkU8JiZBytTzebJxaa-w,author::UChep9kVb5gQmpodEEl10Xlg,1
author::UCRelkU8JiZBytTzebJxaa-w,author::UCsJJAvrVGupdmhOqgtDp8dg,1
author::UCRelkU8JiZBytTzebJxaa-w,author::UCjmPuazZJzscrwvk0QR9RVw,1
author::UCRelkU8JiZBytTzebJxaa-w,author::UCzoL2l5H5eVlorWGH8AZfAg,1
author::UCRelkU8JiZBytTzebJxaa-w,author::UCplrIQtaPj6au60_f2-mOYw,1
author::UCRelkU8JiZBytTzebJxaa-w,author::UCj-LL25XJnjxepPKCc3NGog,1
author::UCRelkU8JiZBytTzebJxaa-w,author::UCTylKrsqkrBKIqubMu_5N0Q,1
author::UCRelkU8JiZBytTzebJxaa-w,author::UCZLG9qH0tUjNhEGFIUt0CYw,1
author::UCRelkU8JiZBytTzebJxaa-w,author::UCXXh7yg5KUFIWylTiKVEFKQ,1
author::UCRelkU8JiZBytTzebJxaa-w,author::UCr1emrogPKkKTs_WTtx71xg,1
author::UCRelkU8JiZBytTzebJxaa-w,author::UChs3tU2BcKOT0CezykvAsGw,1
author::UCRelkU8JiZBytTzebJxaa-w,author::UCmvOgzmmXbjUthHy-WJ52hQ,1
author::UCRelkU8JiZBytTzebJxaa-w,author::UCsjs5Hp_r86x1xbK6FAeqaA,1
author::UCRelkU8JiZBytTzebJxaa-w,author::UCThW2XNsAaBKme5PUt7n-Zg,1
author::UCRelkU8JiZBytTzebJxaa-w,author::UCsUCN0Yq_UyTvKjOJLmNrnQ,1
author::UCRelkU8JiZBytTzebJxaa-w,author::UCjSKM9j0Q7HLDr1hD6D-TUw,1
author::UCRelkU8JiZBytTzebJxaa-w,author::UCiMythXHsw7eQEMykCdmMUA,1
author::UCRelkU8JiZBytTzebJxaa-w,author::UCSou6a2OuYGSvPjm5psquyA,1
author::UCRelkU8JiZBytTzebJxaa-w,author::UCYwpX26TrCxq8TvbKGRYLXA,1
author::UCRelkU8JiZBytTzebJxaa-w,author::UCxff05WuyvwELNITi7bj7UA,1
author::UCRelkU8JiZBytTzebJxaa-w,author::UCTP3O0rMnc8z8v8jaDQwL0w,1
author::UCRelkU8JiZBytTzebJxaa-w,author::UCTwSut16JyAg3mX6LVUNGqA,1
author::UCRelkU8JiZBytTzebJxaa-w,author::UCrJn_rbo_ENAdeqneS-RmRw,1
author::UCRelkU8JiZBytTzebJxaa-w,author::UCl0ekS9Tt0jJGtOEM18S63w,1
author::UCRelkU8JiZBytTzebJxaa-w,author::UCut6b9S98nv84cVX89PmKzA,1
author::UCRelkU8JiZBytTzebJxaa-w,author::UCi1b_TRQfgO1Z9O2gNGGWNA,1
author::UCRelkU8JiZBytTzebJxaa-w,author::UCYN4wSQ1Sx4_LurxLlW7MPg,1
author::UCRelkU8JiZBytTzebJxaa-w,author::UCTD6q1nyIe3Y7HhqjaMj72w,1
author::UCRelkU8JiZBytTzebJxaa-w,author::UCpIdtvoFHVLGASGB5ySqIEA,1
author::UCRelkU8JiZBytTzebJxaa-w,author::UCtNfIBnc5S5DbbQj_yxgJTw,1
author::UCRelkU8JiZBytTzebJxaa-w,author::UCgvw7xIdGFupzpt1Y_BFkEA,1
author::UCRelkU8JiZBytTzebJxaa-w,author::UCpsKOkt5iWTbenzeuq7dsmQ,1
author::UCRelkU8JiZBytTzebJxaa-w,author::UCwW2OFy95P7ZBkOPxWkpvYg,1
author::UCRelkU8JiZBytTzebJxaa-w,author::UCiGRBf2RNF0WRKhRVT7zFoA,1
author::UCRelkU8JiZBytTzebJxaa-w,author::UCcfdg8crmMJwEuLUsAhV7yg,1
author::UCRelkU8JiZBytTzebJxaa-w,author::UCkd9W714-947dEE6ZOEBATA,1
author::UCRelkU8JiZBytTzebJxaa-w,author::UCZ51R_9Q9C0c8I3pAWhtmjQ,1
author::UCRelkU8JiZBytTzebJxaa-w,author::UCzSfZlOVxBSs5ObD25ywxDQ,1
author::UCRelkU8JiZBytTzebJxaa-w,author::UCwha8rxULYMVtNwZWeSkE1A,1
author::UCRelkU8JiZBytTzebJxaa-w,author::UChgkn5Jt5tWKYMoEOuCjz3Q,1
author::UCRelkU8JiZBytTzebJxaa-w,author::UCvApqeCbLod-wejtT4CcVuA,1
author::UCRelkU8JiZBytTzebJxaa-w,author::UCfM3nrxtTQMY5jFx1v1J4Gg,1
author::UCRelkU8JiZBytTzebJxaa-w,author::UCRlCV9zSn7avAWh-9_XFWqQ,1
author::UCRelkU8JiZBytTzebJxaa-w,author::UCz3gu01bmjNv0DpRq-K3XYg,1
author::UCRelkU8JiZBytTzebJxaa-w,author::UCySYJU5kUh7X8gVt9la2ISA,1
author::UCRelkU8JiZBytTzebJxaa-w,author::UCXSkL3ejZ8qWYyF_M7s_QKA,1
author::UCRelkU8JiZBytTzebJxaa-w,author::UChZknRmJkeGeQk0-mQuhDOg,1
author::UCRelkU8JiZBytTzebJxaa-w,author::UCXr8_5WtGeipe4haOoQDgyQ,1
author::UCRelkU8JiZBytTzebJxaa-w,author::UCljDbleJul41G1TzOjOZAVA,1
author::UCRelkU8JiZBytTzebJxaa-w,author::UCujPF2nBgsTD62nWE3lcpIg,1
author::UCRelkU8JiZBytTzebJxaa-w,author::UCmjppp6ujz3SAnULvP3sZMw,1
author::UCRelkU8JiZBytTzebJxaa-w,author::UCylqlpsh8ENNM1LqgQ1KbxA,1
author::UCRelkU8JiZBytTzebJxaa-w,author::UCp4iw5_5SmV9VGTFSNVGOmQ,1
author::UCRelkU8JiZBytTzebJxaa-w,author::UCpl8rF8uv_8uui-QRvuJaRA,1
author::UCRelkU8JiZBytTzebJxaa-w,author::UCh5ESQvtzyHDhCA7XyekCFA,1
author::UCRelkU8JiZBytTzebJxaa-w,author::UCsSXdJct-nsS8DsABoEsaYA,1
author::UCRelkU8JiZBytTzebJxaa-w,author::UCtUR3_CAiE7fCoZHM6cMfyQ,1
author::UCRfkkatKrNtAARnXMMYBGlA,author::UCeQk-WfEA-cJRq4EKeE7TOw,1
author::UCRfkkatKrNtAARnXMMYBGlA,author::UCoGdCoJg2Lh0OX_jv6cG16g,1
author::UCRfkkatKrNtAARnXMMYBGlA,author::UCheEJ5GZuIvV0fj-nXyVwXw,1
author::UCRfkkatKrNtAARnXMMYBGlA,author::UCtsxPYw8VUsH_FfnKg-0lmw,1
author::UCRfkkatKrNtAARnXMMYBGlA,author::UCWaRixDdpgllTBf4V0jPnKQ,1
author::UCRfkkatKrNtAARnXMMYBGlA,author::UCgGqw4aqMdMVSGkKiMgrJRQ,1
author::UCRfkkatKrNtAARnXMMYBGlA,author::UCql1n3Ey6ULMSOACjMe-fxQ,1
author::UCRfkkatKrNtAARnXMMYBGlA,author::UCZFQwqh90apuL8eFhvRBkUg,1
author::UCRfkkatKrNtAARnXMMYBGlA,author::UCjZgFEowMBrsjodqfovzdKw,1
author::UCRfkkatKrNtAARnXMMYBGlA,author::UCwxoKK59nGCeBqB2sXfDBIw,1
author::UCRfkkatKrNtAARnXMMYBGlA,author::UCa36MjQLoPAmgJo-R3G8WQA,1
author::UCRfkkatKrNtAARnXMMYBGlA,author::UCp29O_C7cchZV8IxV7Crdag,1
author::UCRfkkatKrNtAARnXMMYBGlA,author::UCV3fr-YOixFKCZBbJP1-X4w,1
author::UCRfkkatKrNtAARnXMMYBGlA,author::UChyps3dqY-VY1_wLeq-2lhw,1
author::UCRfkkatKrNtAARnXMMYBGlA,author::UCiOZX__1gahg1ypIj0_XG_w,1
author::UCRfkkatKrNtAARnXMMYBGlA,author::UCvDwJBBY1mHK70aTEYl6rsA,1
author::UCRfkkatKrNtAARnXMMYBGlA,author::UCfo_yUPzy1f1POwwZxhZ06Q,1
author::UCRfkkatKrNtAARnXMMYBGlA,author::UCtCtts20bW6F9CSohau51Iw,1
author::UCRfkkatKrNtAARnXMMYBGlA,author::UCWvntqPQx99k_Z_skWKqNSA,1
author::UCRfkkatKrNtAARnXMMYBGlA,author::UCzZ6dDCEsLMXbc5pCFXIprw,1
author::UCRfkkatKrNtAARnXMMYBGlA,author::UCyJhqmMbsvjpoarBBStA2kg,1
author::UCRfkkatKrNtAARnXMMYBGlA,author::UCaT4saRcyqCLE657Rq2hhZQ,1
author::UCRlCV9zSn7avAWh-9_XFWqQ,author::UCXgr7vXlRrsaskPdo097kGA,1
author::UCRlCV9zSn7avAWh-9_XFWqQ,author::UCwO2SXr0ggzwg6QWWrr01nQ,1
author::UCRlCV9zSn7avAWh-9_XFWqQ,author::UCipetjeiWj4CZB6EbyYziZg,1
author::UCRlCV9zSn7avAWh-9_XFWqQ,author::UCV0iizTBoOfdAFX_thfI9BA,1
author::UCRlCV9zSn7avAWh-9_XFWqQ,author::UCWIZUtKJ636y-4TYrNvok0g,1
author::UCRlCV9zSn7avAWh-9_XFWqQ,author::UCueV9cTyTDwgQSec1x2dYgA,1
author::UCRlCV9zSn7avAWh-9_XFWqQ,author::UCUIIIPTVDVHAXqhC_5V6lPA,1
author::UCRlCV9zSn7avAWh-9_XFWqQ,author::UChep9kVb5gQmpodEEl10Xlg,1
author::UCRlCV9zSn7avAWh-9_XFWqQ,author::UCsJJAvrVGupdmhOqgtDp8dg,1
author::UCRlCV9zSn7avAWh-9_XFWqQ,author::UCjmPuazZJzscrwvk0QR9RVw,1
author::UCRlCV9zSn7avAWh-9_XFWqQ,author::UCzoL2l5H5eVlorWGH8AZfAg,1
author::UCRlCV9zSn7avAWh-9_XFWqQ,author::UCplrIQtaPj6au60_f2-mOYw,1
author::UCRlCV9zSn7avAWh-9_XFWqQ,author::UCj-LL25XJnjxepPKCc3NGog,1
author::UCRlCV9zSn7avAWh-9_XFWqQ,author::UCTylKrsqkrBKIqubMu_5N0Q,1
author::UCRlCV9zSn7avAWh-9_XFWqQ,author::UCZLG9qH0tUjNhEGFIUt0CYw,1
author::UCRlCV9zSn7avAWh-9_XFWqQ,author::UCXXh7yg5KUFIWylTiKVEFKQ,1
author::UCRlCV9zSn7avAWh-9_XFWqQ,author::UCr1emrogPKkKTs_WTtx71xg,1
author::UCRlCV9zSn7avAWh-9_XFWqQ,author::UChs3tU2BcKOT0CezykvAsGw,1
author::UCRlCV9zSn7avAWh-9_XFWqQ,author::UCmvOgzmmXbjUthHy-WJ52hQ,1
author::UCRlCV9zSn7avAWh-9_XFWqQ,author::UCsjs5Hp_r86x1xbK6FAeqaA,1
author::UCRlCV9zSn7avAWh-9_XFWqQ,author::UCThW2XNsAaBKme5PUt7n-Zg,1
author::UCRlCV9zSn7avAWh-9_XFWqQ,author::UCsUCN0Yq_UyTvKjOJLmNrnQ,1
author::UCRlCV9zSn7avAWh-9_XFWqQ,author::UCjSKM9j0Q7HLDr1hD6D-TUw,1
author::UCRlCV9zSn7avAWh-9_XFWqQ,author::UCiMythXHsw7eQEMykCdmMUA,1
author::UCRlCV9zSn7avAWh-9_XFWqQ,author::UCSou6a2OuYGSvPjm5psquyA,1
author::UCRlCV9zSn7avAWh-9_XFWqQ,author::UCYwpX26TrCxq8TvbKGRYLXA,1
author::UCRlCV9zSn7avAWh-9_XFWqQ,author::UCxff05WuyvwELNITi7bj7UA,1
author::UCRlCV9zSn7avAWh-9_XFWqQ,author::UCTP3O0rMnc8z8v8jaDQwL0w,1
author::UCRlCV9zSn7avAWh-9_XFWqQ,author::UCTwSut16JyAg3mX6LVUNGqA,1
author::UCRlCV9zSn7avAWh-9_XFWqQ,author::UCrJn_rbo_ENAdeqneS-RmRw,1
author::UCRlCV9zSn7avAWh-9_XFWqQ,author::UCl0ekS9Tt0jJGtOEM18S63w,1
author::UCRlCV9zSn7avAWh-9_XFWqQ,author::UCut6b9S98nv84cVX89PmKzA,1
author::UCRlCV9zSn7avAWh-9_XFWqQ,author::UCi1b_TRQfgO1Z9O2gNGGWNA,1
author::UCRlCV9zSn7avAWh-9_XFWqQ,author::UCYN4wSQ1Sx4_LurxLlW7MPg,1
author::UCRlCV9zSn7avAWh-9_XFWqQ,author::UCTD6q1nyIe3Y7HhqjaMj72w,1
author::UCRlCV9zSn7avAWh-9_XFWqQ,author::UCpIdtvoFHVLGASGB5ySqIEA,1
author::UCRlCV9zSn7avAWh-9_XFWqQ,author::UCtNfIBnc5S5DbbQj_yxgJTw,1
author::UCRlCV9zSn7avAWh-9_XFWqQ,author::UCgvw7xIdGFupzpt1Y_BFkEA,1
author::UCRlCV9zSn7avAWh-9_XFWqQ,author::UCpsKOkt5iWTbenzeuq7dsmQ,1
author::UCRlCV9zSn7avAWh-9_XFWqQ,author::UCwW2OFy95P7ZBkOPxWkpvYg,1
author::UCRlCV9zSn7avAWh-9_XFWqQ,author::UCiGRBf2RNF0WRKhRVT7zFoA,1
author::UCRlCV9zSn7avAWh-9_XFWqQ,author::UCcfdg8crmMJwEuLUsAhV7yg,1
author::UCRlCV9zSn7avAWh-9_XFWqQ,author::UCkd9W714-947dEE6ZOEBATA,1
author::UCRlCV9zSn7avAWh-9_XFWqQ,author::UCZ51R_9Q9C0c8I3pAWhtmjQ,1
author::UCRlCV9zSn7avAWh-9_XFWqQ,author::UCzSfZlOVxBSs5ObD25ywxDQ,1
author::UCRlCV9zSn7avAWh-9_XFWqQ,author::UCwha8rxULYMVtNwZWeSkE1A,1
author::UCRlCV9zSn7avAWh-9_XFWqQ,author::UChgkn5Jt5tWKYMoEOuCjz3Q,1
author::UCRlCV9zSn7avAWh-9_XFWqQ,author::UCvApqeCbLod-wejtT4CcVuA,1
author::UCRlCV9zSn7avAWh-9_XFWqQ,author::UCfM3nrxtTQMY5jFx1v1J4Gg,1
author::UCRlCV9zSn7avAWh-9_XFWqQ,author::UCz3gu01bmjNv0DpRq-K3XYg,1
author::UCRlCV9zSn7avAWh-9_XFWqQ,author::UCySYJU5kUh7X8gVt9la2ISA,1
author::UCRlCV9zSn7avAWh-9_XFWqQ,author::UCXSkL3ejZ8qWYyF_M7s_QKA,1
author::UCRlCV9zSn7avAWh-9_XFWqQ,author::UChZknRmJkeGeQk0-mQuhDOg,1
author::UCRlCV9zSn7avAWh-9_XFWqQ,author::UCXr8_5WtGeipe4haOoQDgyQ,1
author::UCRlCV9zSn7avAWh-9_XFWqQ,author::UCljDbleJul41G1TzOjOZAVA,1
author::UCRlCV9zSn7avAWh-9_XFWqQ,author::UCujPF2nBgsTD62nWE3lcpIg,1
author::UCRlCV9zSn7avAWh-9_XFWqQ,author::UCmjppp6ujz3SAnULvP3sZMw,1
author::UCRlCV9zSn7avAWh-9_XFWqQ,author::UCylqlpsh8ENNM1LqgQ1KbxA,1
author::UCRlCV9zSn7avAWh-9_XFWqQ,author::UCp4iw5_5SmV9VGTFSNVGOmQ,1
author::UCRlCV9zSn7avAWh-9_XFWqQ,author::UCpl8rF8uv_8uui-QRvuJaRA,1
author::UCRlCV9zSn7avAWh-9_XFWqQ,author::UCh5ESQvtzyHDhCA7XyekCFA,1
author::UCRlCV9zSn7avAWh-9_XFWqQ,author::UCsSXdJct-nsS8DsABoEsaYA,1
author::UCRlCV9zSn7avAWh-9_XFWqQ,author::UCtUR3_CAiE7fCoZHM6cMfyQ,1
author::UCRvPToDkkumha7WJAfCDk1A,author::UCwgCc9Jd_gG-uLE_SY-FfPg,1
author::UCRvPToDkkumha7WJAfCDk1A,author::UColMq7LmaoY3MT6aIDGrGvA,1
author::UCRvPToDkkumha7WJAfCDk1A,author::UCiC-Jn7wdgyQV4_Urk0DkWQ,1
author::UCRvPToDkkumha7WJAfCDk1A,author::UCgQw_Sbq3ugruDUKsq1e0-A,1
author::UCRvPToDkkumha7WJAfCDk1A,author::UCdFlugHJJa4l3YqWuNRmvXw,1
author::UCRvPToDkkumha7WJAfCDk1A,author::UCeDNEtI8_a42bZ47wJiJMwQ,1
author::UCRvPToDkkumha7WJAfCDk1A,author::UCu8_3-Wg-YzNyvHYQDEscfw,1
author::UCRvPToDkkumha7WJAfCDk1A,author::UCkVtmkK07b2zaVVNssX4lOg,1
author::UCRvPToDkkumha7WJAfCDk1A,author::UCqCrvuoJpC-aVb0f4logQRQ,1
author::UCRvPToDkkumha7WJAfCDk1A,author::UCsGoJEvb-cFPZ2rWoJcXzEQ,1
author::UCRvPToDkkumha7WJAfCDk1A,author::UCuXmOjxC-htcprLgeVXz6Tg,1
author::UCRvPToDkkumha7WJAfCDk1A,author::UCWoAVGVqCn4xtINCMOTM4jg,1
author::UCRvPToDkkumha7WJAfCDk1A,author::UClqA491Xa5fQcXcJJa-vTWw,1
author::UCRvPToDkkumha7WJAfCDk1A,author::UCV0lM03g5fg5pbPj97-sAtA,1
author::UCRvPToDkkumha7WJAfCDk1A,author::UC_LYoGs5C3mbZKZuKuqYCvw,1
author::UCRvPToDkkumha7WJAfCDk1A,author::UCgJNFj5dnxXpcMvmuhZDPxA,1
author::UCRvPToDkkumha7WJAfCDk1A,author::UCpsKOkt5iWTbenzeuq7dsmQ,1
author::UCRvPToDkkumha7WJAfCDk1A,author::UCkbsS_3D-pvg1iHOld9uvIg,1
author::UCRvPToDkkumha7WJAfCDk1A,author::UCW-JC6lebVmf2P1dmY_L94g,1
author::UCRvPToDkkumha7WJAfCDk1A,author::UCwjUvRseNtJoItylIyIez7Q,1
author::UCRvPToDkkumha7WJAfCDk1A,author::UClhMWQ7XKWywYvbRnuf8QsA,1
author::UCRvPToDkkumha7WJAfCDk1A,author::UCe8JZoYkX5oKUZyivHYdXhw,1
author::UCRvPToDkkumha7WJAfCDk1A,author::UCaKAjTW9MVub_clgr4DRYjQ,1
author::UCRvPToDkkumha7WJAfCDk1A,author::UCpe5jW3MIqkgTJ-PgkzvM6Q,1
author::UCRvPToDkkumha7WJAfCDk1A,author::UCylqlpsh8ENNM1LqgQ1KbxA,1
author::UCRvPToDkkumha7WJAfCDk1A,author::UCZeIIQrGAedW8tCbKWmGY-A,1
author::UCRvPToDkkumha7WJAfCDk1A,author::UCW80DaMjQlEUibC98Cot-Dg,1
author::UCRvPToDkkumha7WJAfCDk1A,author::UCUoYsrx1oZnCZ0usbBJn4fA,1
author::UCRznz9-N3Qc1w-qNdLSIY2Q,author::UCY7Hq7F9Lnucf-Yr6JkHZNw,1
author::UCRznz9-N3Qc1w-qNdLSIY2Q,author::UCaT6M2zp7X6r6Whd8Vv3kHQ,1
author::UCRznz9-N3Qc1w-qNdLSIY2Q,author::UCxKR3RA8T-kxMgq_2WWhRcQ,1
author::UCRznz9-N3Qc1w-qNdLSIY2Q,author::UCgLrWFdYitoP-b7-PxtUr-w,1
author::UCRznz9-N3Qc1w-qNdLSIY2Q,author::UC_ljZ1hZXR9pzexFz87P5ZA,1
author::UCRznz9-N3Qc1w-qNdLSIY2Q,author::UCqilIa8r7iek5sGYg_q6ofA,1
author::UCRznz9-N3Qc1w-qNdLSIY2Q,author::UCtMBF_1O2jY2INlb_luuB_A,1
author::UCRznz9-N3Qc1w-qNdLSIY2Q,author::UCSTAUWVc1_82DHYeqOsqEFA,1
author::UCRznz9-N3Qc1w-qNdLSIY2Q,author::UCi-vPdnpQreC7BkFs40mJGA,1
author::UCRznz9-N3Qc1w-qNdLSIY2Q,author::UCyzf29IYjNw67gGIfsjgtxA,1
author::UCRznz9-N3Qc1w-qNdLSIY2Q,author::UCXmrpc6Li0spcKxtS0Q_ptg,1
author::UCRznz9-N3Qc1w-qNdLSIY2Q,author::UCs_5qeqdku9tGAq22y3OcuQ,1
author::UCRznz9-N3Qc1w-qNdLSIY2Q,author::UCgLurCo-e019HGODcjXHWCw,1
author::UCRznz9-N3Qc1w-qNdLSIY2Q,author::UCwUAv3_LpWVtTIi7lkmTL7A,1
author::UCSTAUWVc1_82DHYeqOsqEFA,author::UCY7Hq7F9Lnucf-Yr6JkHZNw,1
author::UCSTAUWVc1_82DHYeqOsqEFA,author::UCaT6M2zp7X6r6Whd8Vv3kHQ,1
author::UCSTAUWVc1_82DHYeqOsqEFA,author::UCxKR3RA8T-kxMgq_2WWhRcQ,1
author::UCSTAUWVc1_82DHYeqOsqEFA,author::UCgLrWFdYitoP-b7-PxtUr-w,1
author::UCSTAUWVc1_82DHYeqOsqEFA,author::UC_ljZ1hZXR9pzexFz87P5ZA,1
author::UCSTAUWVc1_82DHYeqOsqEFA,author::UCqilIa8r7iek5sGYg_q6ofA,1
author::UCSTAUWVc1_82DHYeqOsqEFA,author::UCtMBF_1O2jY2INlb_luuB_A,1
author::UCSTAUWVc1_82DHYeqOsqEFA,author::UCi-vPdnpQreC7BkFs40mJGA,1
author::UCSTAUWVc1_82DHYeqOsqEFA,author::UCyzf29IYjNw67gGIfsjgtxA,1
author::UCSTAUWVc1_82DHYeqOsqEFA,author::UCXmrpc6Li0spcKxtS0Q_ptg,1
author::UCSTAUWVc1_82DHYeqOsqEFA,author::UCs_5qeqdku9tGAq22y3OcuQ,1
author::UCSTAUWVc1_82DHYeqOsqEFA,author::UCgLurCo-e019HGODcjXHWCw,1
author::UCSTAUWVc1_82DHYeqOsqEFA,author::UCwUAv3_LpWVtTIi7lkmTL7A,1
author::UCSou6a2OuYGSvPjm5psquyA,author::UCXgr7vXlRrsaskPdo097kGA,1
author::UCSou6a2OuYGSvPjm5psquyA,author::UCwO2SXr0ggzwg6QWWrr01nQ,1
author::UCSou6a2OuYGSvPjm5psquyA,author::UCipetjeiWj4CZB6EbyYziZg,1
author::UCSou6a2OuYGSvPjm5psquyA,author::UCV0iizTBoOfdAFX_thfI9BA,1
author::UCSou6a2OuYGSvPjm5psquyA,author::UCWIZUtKJ636y-4TYrNvok0g,1
author::UCSou6a2OuYGSvPjm5psquyA,author::UCueV9cTyTDwgQSec1x2dYgA,1
author::UCSou6a2OuYGSvPjm5psquyA,author::UCUIIIPTVDVHAXqhC_5V6lPA,1
author::UCSou6a2OuYGSvPjm5psquyA,author::UChep9kVb5gQmpodEEl10Xlg,1
author::UCSou6a2OuYGSvPjm5psquyA,author::UCsJJAvrVGupdmhOqgtDp8dg,1
author::UCSou6a2OuYGSvPjm5psquyA,author::UCjmPuazZJzscrwvk0QR9RVw,1
author::UCSou6a2OuYGSvPjm5psquyA,author::UCzoL2l5H5eVlorWGH8AZfAg,1
author::UCSou6a2OuYGSvPjm5psquyA,author::UCplrIQtaPj6au60_f2-mOYw,1
author::UCSou6a2OuYGSvPjm5psquyA,author::UCj-LL25XJnjxepPKCc3NGog,1
author::UCSou6a2OuYGSvPjm5psquyA,author::UCTylKrsqkrBKIqubMu_5N0Q,1
author::UCSou6a2OuYGSvPjm5psquyA,author::UCZLG9qH0tUjNhEGFIUt0CYw,1
author::UCSou6a2OuYGSvPjm5psquyA,author::UCXXh7yg5KUFIWylTiKVEFKQ,1
author::UCSou6a2OuYGSvPjm5psquyA,author::UCr1emrogPKkKTs_WTtx71xg,1
author::UCSou6a2OuYGSvPjm5psquyA,author::UChs3tU2BcKOT0CezykvAsGw,1
author::UCSou6a2OuYGSvPjm5psquyA,author::UCmvOgzmmXbjUthHy-WJ52hQ,1
author::UCSou6a2OuYGSvPjm5psquyA,author::UCsjs5Hp_r86x1xbK6FAeqaA,1
author::UCSou6a2OuYGSvPjm5psquyA,author::UCThW2XNsAaBKme5PUt7n-Zg,1
author::UCSou6a2OuYGSvPjm5psquyA,author::UCsUCN0Yq_UyTvKjOJLmNrnQ,1
author::UCSou6a2OuYGSvPjm5psquyA,author::UCjSKM9j0Q7HLDr1hD6D-TUw,1
author::UCSou6a2OuYGSvPjm5psquyA,author::UCiMythXHsw7eQEMykCdmMUA,1
author::UCSou6a2OuYGSvPjm5psquyA,author::UCYwpX26TrCxq8TvbKGRYLXA,1
author::UCSou6a2OuYGSvPjm5psquyA,author::UCxff05WuyvwELNITi7bj7UA,1
author::UCSou6a2OuYGSvPjm5psquyA,author::UCTP3O0rMnc8z8v8jaDQwL0w,1
author::UCSou6a2OuYGSvPjm5psquyA,author::UCTwSut16JyAg3mX6LVUNGqA,1
author::UCSou6a2OuYGSvPjm5psquyA,author::UCrJn_rbo_ENAdeqneS-RmRw,1
author::UCSou6a2OuYGSvPjm5psquyA,author::UCl0ekS9Tt0jJGtOEM18S63w,1
author::UCSou6a2OuYGSvPjm5psquyA,author::UCut6b9S98nv84cVX89PmKzA,1
author::UCSou6a2OuYGSvPjm5psquyA,author::UCi1b_TRQfgO1Z9O2gNGGWNA,1
author::UCSou6a2OuYGSvPjm5psquyA,author::UCYN4wSQ1Sx4_LurxLlW7MPg,1
author::UCSou6a2OuYGSvPjm5psquyA,author::UCTD6q1nyIe3Y7HhqjaMj72w,1
author::UCSou6a2OuYGSvPjm5psquyA,author::UCpIdtvoFHVLGASGB5ySqIEA,1
author::UCSou6a2OuYGSvPjm5psquyA,author::UCtNfIBnc5S5DbbQj_yxgJTw,1
author::UCSou6a2OuYGSvPjm5psquyA,author::UCgvw7xIdGFupzpt1Y_BFkEA,1
author::UCSou6a2OuYGSvPjm5psquyA,author::UCpsKOkt5iWTbenzeuq7dsmQ,1
author::UCSou6a2OuYGSvPjm5psquyA,author::UCwW2OFy95P7ZBkOPxWkpvYg,1
author::UCSou6a2OuYGSvPjm5psquyA,author::UCiGRBf2RNF0WRKhRVT7zFoA,1
author::UCSou6a2OuYGSvPjm5psquyA,author::UCcfdg8crmMJwEuLUsAhV7yg,1
author::UCSou6a2OuYGSvPjm5psquyA,author::UCkd9W714-947dEE6ZOEBATA,1
author::UCSou6a2OuYGSvPjm5psquyA,author::UCZ51R_9Q9C0c8I3pAWhtmjQ,1
author::UCSou6a2OuYGSvPjm5psquyA,author::UCzSfZlOVxBSs5ObD25ywxDQ,1
author::UCSou6a2OuYGSvPjm5psquyA,author::UCwha8rxULYMVtNwZWeSkE1A,1
author::UCSou6a2OuYGSvPjm5psquyA,author::UChgkn5Jt5tWKYMoEOuCjz3Q,1
author::UCSou6a2OuYGSvPjm5psquyA,author::UCvApqeCbLod-wejtT4CcVuA,1
author::UCSou6a2OuYGSvPjm5psquyA,author::UCfM3nrxtTQMY5jFx1v1J4Gg,1
author::UCSou6a2OuYGSvPjm5psquyA,author::UCz3gu01bmjNv0DpRq-K3XYg,1
author::UCSou6a2OuYGSvPjm5psquyA,author::UCySYJU5kUh7X8gVt9la2ISA,1
author::UCSou6a2OuYGSvPjm5psquyA,author::UCXSkL3ejZ8qWYyF_M7s_QKA,1
author::UCSou6a2OuYGSvPjm5psquyA,author::UChZknRmJkeGeQk0-mQuhDOg,1
author::UCSou6a2OuYGSvPjm5psquyA,author::UCXr8_5WtGeipe4haOoQDgyQ,1
author::UCSou6a2OuYGSvPjm5psquyA,author::UCljDbleJul41G1TzOjOZAVA,1
author::UCSou6a2OuYGSvPjm5psquyA,author::UCujPF2nBgsTD62nWE3lcpIg,1
author::UCSou6a2OuYGSvPjm5psquyA,author::UCmjppp6ujz3SAnULvP3sZMw,1
author::UCSou6a2OuYGSvPjm5psquyA,author::UCylqlpsh8ENNM1LqgQ1KbxA,1
author::UCSou6a2OuYGSvPjm5psquyA,author::UCp4iw5_5SmV9VGTFSNVGOmQ,1
author::UCSou6a2OuYGSvPjm5psquyA,author::UCpl8rF8uv_8uui-QRvuJaRA,1
author::UCSou6a2OuYGSvPjm5psquyA,author::UCh5ESQvtzyHDhCA7XyekCFA,1
author::UCSou6a2OuYGSvPjm5psquyA,author::UCsSXdJct-nsS8DsABoEsaYA,1
author::UCSou6a2OuYGSvPjm5psquyA,author::UCtUR3_CAiE7fCoZHM6cMfyQ,1
author::UCTD6q1nyIe3Y7HhqjaMj72w,author::UCXgr7vXlRrsaskPdo097kGA,1
author::UCTD6q1nyIe3Y7HhqjaMj72w,author::UCwO2SXr0ggzwg6QWWrr01nQ,1
author::UCTD6q1nyIe3Y7HhqjaMj72w,author::UCipetjeiWj4CZB6EbyYziZg,1
author::UCTD6q1nyIe3Y7HhqjaMj72w,author::UCV0iizTBoOfdAFX_thfI9BA,1
author::UCTD6q1nyIe3Y7HhqjaMj72w,author::UCWIZUtKJ636y-4TYrNvok0g,1
author::UCTD6q1nyIe3Y7HhqjaMj72w,author::UCueV9cTyTDwgQSec1x2dYgA,1
author::UCTD6q1nyIe3Y7HhqjaMj72w,author::UCUIIIPTVDVHAXqhC_5V6lPA,1
author::UCTD6q1nyIe3Y7HhqjaMj72w,author::UChep9kVb5gQmpodEEl10Xlg,1
author::UCTD6q1nyIe3Y7HhqjaMj72w,author::UCsJJAvrVGupdmhOqgtDp8dg,1
author::UCTD6q1nyIe3Y7HhqjaMj72w,author::UCjmPuazZJzscrwvk0QR9RVw,1
author::UCTD6q1nyIe3Y7HhqjaMj72w,author::UCzoL2l5H5eVlorWGH8AZfAg,1
author::UCTD6q1nyIe3Y7HhqjaMj72w,author::UCplrIQtaPj6au60_f2-mOYw,1
author::UCTD6q1nyIe3Y7HhqjaMj72w,author::UCj-LL25XJnjxepPKCc3NGog,1
author::UCTD6q1nyIe3Y7HhqjaMj72w,author::UCTylKrsqkrBKIqubMu_5N0Q,1
author::UCTD6q1nyIe3Y7HhqjaMj72w,author::UCZLG9qH0tUjNhEGFIUt0CYw,1
author::UCTD6q1nyIe3Y7HhqjaMj72w,author::UCXXh7yg5KUFIWylTiKVEFKQ,1
author::UCTD6q1nyIe3Y7HhqjaMj72w,author::UCr1emrogPKkKTs_WTtx71xg,1
author::UCTD6q1nyIe3Y7HhqjaMj72w,author::UChs3tU2BcKOT0CezykvAsGw,1
author::UCTD6q1nyIe3Y7HhqjaMj72w,author::UCmvOgzmmXbjUthHy-WJ52hQ,1
author::UCTD6q1nyIe3Y7HhqjaMj72w,author::UCsjs5Hp_r86x1xbK6FAeqaA,1
author::UCTD6q1nyIe3Y7HhqjaMj72w,author::UCThW2XNsAaBKme5PUt7n-Zg,1
author::UCTD6q1nyIe3Y7HhqjaMj72w,author::UCsUCN0Yq_UyTvKjOJLmNrnQ,1
author::UCTD6q1nyIe3Y7HhqjaMj72w,author::UCjSKM9j0Q7HLDr1hD6D-TUw,1
author::UCTD6q1nyIe3Y7HhqjaMj72w,author::UCiMythXHsw7eQEMykCdmMUA,1
author::UCTD6q1nyIe3Y7HhqjaMj72w,author::UCYwpX26TrCxq8TvbKGRYLXA,1
author::UCTD6q1nyIe3Y7HhqjaMj72w,author::UCxff05WuyvwELNITi7bj7UA,1
author::UCTD6q1nyIe3Y7HhqjaMj72w,author::UCTP3O0rMnc8z8v8jaDQwL0w,1
author::UCTD6q1nyIe3Y7HhqjaMj72w,author::UCTwSut16JyAg3mX6LVUNGqA,1
author::UCTD6q1nyIe3Y7HhqjaMj72w,author::UCrJn_rbo_ENAdeqneS-RmRw,1
author::UCTD6q1nyIe3Y7HhqjaMj72w,author::UCl0ekS9Tt0jJGtOEM18S63w,1
author::UCTD6q1nyIe3Y7HhqjaMj72w,author::UCut6b9S98nv84cVX89PmKzA,1
author::UCTD6q1nyIe3Y7HhqjaMj72w,author::UCi1b_TRQfgO1Z9O2gNGGWNA,1
author::UCTD6q1nyIe3Y7HhqjaMj72w,author::UCYN4wSQ1Sx4_LurxLlW7MPg,1
author::UCTD6q1nyIe3Y7HhqjaMj72w,author::UCpIdtvoFHVLGASGB5ySqIEA,1
author::UCTD6q1nyIe3Y7HhqjaMj72w,author::UCtNfIBnc5S5DbbQj_yxgJTw,1
author::UCTD6q1nyIe3Y7HhqjaMj72w,author::UCgvw7xIdGFupzpt1Y_BFkEA,1
author::UCTD6q1nyIe3Y7HhqjaMj72w,author::UCpsKOkt5iWTbenzeuq7dsmQ,1
author::UCTD6q1nyIe3Y7HhqjaMj72w,author::UCwW2OFy95P7ZBkOPxWkpvYg,1
author::UCTD6q1nyIe3Y7HhqjaMj72w,author::UCiGRBf2RNF0WRKhRVT7zFoA,1
author::UCTD6q1nyIe3Y7HhqjaMj72w,author::UCcfdg8crmMJwEuLUsAhV7yg,1
author::UCTD6q1nyIe3Y7HhqjaMj72w,author::UCkd9W714-947dEE6ZOEBATA,1
author::UCTD6q1nyIe3Y7HhqjaMj72w,author::UCZ51R_9Q9C0c8I3pAWhtmjQ,1
author::UCTD6q1nyIe3Y7HhqjaMj72w,author::UCzSfZlOVxBSs5ObD25ywxDQ,1
author::UCTD6q1nyIe3Y7HhqjaMj72w,author::UCwha8rxULYMVtNwZWeSkE1A,1
author::UCTD6q1nyIe3Y7HhqjaMj72w,author::UChgkn5Jt5tWKYMoEOuCjz3Q,1
author::UCTD6q1nyIe3Y7HhqjaMj72w,author::UCvApqeCbLod-wejtT4CcVuA,1
author::UCTD6q1nyIe3Y7HhqjaMj72w,author::UCfM3nrxtTQMY5jFx1v1J4Gg,1
author::UCTD6q1nyIe3Y7HhqjaMj72w,author::UCz3gu01bmjNv0DpRq-K3XYg,1
author::UCTD6q1nyIe3Y7HhqjaMj72w,author::UCySYJU5kUh7X8gVt9la2ISA,1
author::UCTD6q1nyIe3Y7HhqjaMj72w,author::UCXSkL3ejZ8qWYyF_M7s_QKA,1
author::UCTD6q1nyIe3Y7HhqjaMj72w,author::UChZknRmJkeGeQk0-mQuhDOg,1
author::UCTD6q1nyIe3Y7HhqjaMj72w,author::UCXr8_5WtGeipe4haOoQDgyQ,1
author::UCTD6q1nyIe3Y7HhqjaMj72w,author::UCljDbleJul41G1TzOjOZAVA,1
author::UCTD6q1nyIe3Y7HhqjaMj72w,author::UCujPF2nBgsTD62nWE3lcpIg,1
author::UCTD6q1nyIe3Y7HhqjaMj72w,author::UCmjppp6ujz3SAnULvP3sZMw,1
author::UCTD6q1nyIe3Y7HhqjaMj72w,author::UCylqlpsh8ENNM1LqgQ1KbxA,1
author::UCTD6q1nyIe3Y7HhqjaMj72w,author::UCp4iw5_5SmV9VGTFSNVGOmQ,1
author::UCTD6q1nyIe3Y7HhqjaMj72w,author::UCpl8rF8uv_8uui-QRvuJaRA,1
author::UCTD6q1nyIe3Y7HhqjaMj72w,author::UCh5ESQvtzyHDhCA7XyekCFA,1
author::UCTD6q1nyIe3Y7HhqjaMj72w,author::UCsSXdJct-nsS8DsABoEsaYA,1
author::UCTD6q1nyIe3Y7HhqjaMj72w,author::UCtUR3_CAiE7fCoZHM6cMfyQ,1
author::UCTP3O0rMnc8z8v8jaDQwL0w,author::UCXgr7vXlRrsaskPdo097kGA,1
author::UCTP3O0rMnc8z8v8jaDQwL0w,author::UCwO2SXr0ggzwg6QWWrr01nQ,1
author::UCTP3O0rMnc8z8v8jaDQwL0w,author::UCipetjeiWj4CZB6EbyYziZg,1
author::UCTP3O0rMnc8z8v8jaDQwL0w,author::UCV0iizTBoOfdAFX_thfI9BA,1
author::UCTP3O0rMnc8z8v8jaDQwL0w,author::UCWIZUtKJ636y-4TYrNvok0g,1
author::UCTP3O0rMnc8z8v8jaDQwL0w,author::UCueV9cTyTDwgQSec1x2dYgA,1
author::UCTP3O0rMnc8z8v8jaDQwL0w,author::UCUIIIPTVDVHAXqhC_5V6lPA,1
author::UCTP3O0rMnc8z8v8jaDQwL0w,author::UChep9kVb5gQmpodEEl10Xlg,1
author::UCTP3O0rMnc8z8v8jaDQwL0w,author::UCsJJAvrVGupdmhOqgtDp8dg,1
author::UCTP3O0rMnc8z8v8jaDQwL0w,author::UCjmPuazZJzscrwvk0QR9RVw,1
author::UCTP3O0rMnc8z8v8jaDQwL0w,author::UCzoL2l5H5eVlorWGH8AZfAg,1
author::UCTP3O0rMnc8z8v8jaDQwL0w,author::UCplrIQtaPj6au60_f2-mOYw,1
author::UCTP3O0rMnc8z8v8jaDQwL0w,author::UCj-LL25XJnjxepPKCc3NGog,1
author::UCTP3O0rMnc8z8v8jaDQwL0w,author::UCTylKrsqkrBKIqubMu_5N0Q,1
author::UCTP3O0rMnc8z8v8jaDQwL0w,author::UCZLG9qH0tUjNhEGFIUt0CYw,1
author::UCTP3O0rMnc8z8v8jaDQwL0w,author::UCXXh7yg5KUFIWylTiKVEFKQ,1
author::UCTP3O0rMnc8z8v8jaDQwL0w,author::UCr1emrogPKkKTs_WTtx71xg,1
author::UCTP3O0rMnc8z8v8jaDQwL0w,author::UChs3tU2BcKOT0CezykvAsGw,1
author::UCTP3O0rMnc8z8v8jaDQwL0w,author::UCmvOgzmmXbjUthHy-WJ52hQ,1
author::UCTP3O0rMnc8z8v8jaDQwL0w,author::UCsjs5Hp_r86x1xbK6FAeqaA,1
author::UCTP3O0rMnc8z8v8jaDQwL0w,author::UCThW2XNsAaBKme5PUt7n-Zg,1
author::UCTP3O0rMnc8z8v8jaDQwL0w,author::UCsUCN0Yq_UyTvKjOJLmNrnQ,1
author::UCTP3O0rMnc8z8v8jaDQwL0w,author::UCjSKM9j0Q7HLDr1hD6D-TUw,1
author::UCTP3O0rMnc8z8v8jaDQwL0w,author::UCiMythXHsw7eQEMykCdmMUA,1
author::UCTP3O0rMnc8z8v8jaDQwL0w,author::UCYwpX26TrCxq8TvbKGRYLXA,1
author::UCTP3O0rMnc8z8v8jaDQwL0w,author::UCxff05WuyvwELNITi7bj7UA,1
author::UCTP3O0rMnc8z8v8jaDQwL0w,author::UCTwSut16JyAg3mX6LVUNGqA,1
author::UCTP3O0rMnc8z8v8jaDQwL0w,author::UCrJn_rbo_ENAdeqneS-RmRw,1
author::UCTP3O0rMnc8z8v8jaDQwL0w,author::UCl0ekS9Tt0jJGtOEM18S63w,1
author::UCTP3O0rMnc8z8v8jaDQwL0w,author::UCut6b9S98nv84cVX89PmKzA,1
author::UCTP3O0rMnc8z8v8jaDQwL0w,author::UCi1b_TRQfgO1Z9O2gNGGWNA,1
author::UCTP3O0rMnc8z8v8jaDQwL0w,author::UCYN4wSQ1Sx4_LurxLlW7MPg,1
author::UCTP3O0rMnc8z8v8jaDQwL0w,author::UCpIdtvoFHVLGASGB5ySqIEA,1
author::UCTP3O0rMnc8z8v8jaDQwL0w,author::UCtNfIBnc5S5DbbQj_yxgJTw,1
author::UCTP3O0rMnc8z8v8jaDQwL0w,author::UCgvw7xIdGFupzpt1Y_BFkEA,1
author::UCTP3O0rMnc8z8v8jaDQwL0w,author::UCpsKOkt5iWTbenzeuq7dsmQ,1
author::UCTP3O0rMnc8z8v8jaDQwL0w,author::UCwW2OFy95P7ZBkOPxWkpvYg,1
author::UCTP3O0rMnc8z8v8jaDQwL0w,author::UCiGRBf2RNF0WRKhRVT7zFoA,1
author::UCTP3O0rMnc8z8v8jaDQwL0w,author::UCcfdg8crmMJwEuLUsAhV7yg,1
author::UCTP3O0rMnc8z8v8jaDQwL0w,author::UCkd9W714-947dEE6ZOEBATA,1
author::UCTP3O0rMnc8z8v8jaDQwL0w,author::UCZ51R_9Q9C0c8I3pAWhtmjQ,1
author::UCTP3O0rMnc8z8v8jaDQwL0w,author::UCzSfZlOVxBSs5ObD25ywxDQ,1
author::UCTP3O0rMnc8z8v8jaDQwL0w,author::UCwha8rxULYMVtNwZWeSkE1A,1
author::UCTP3O0rMnc8z8v8jaDQwL0w,author::UChgkn5Jt5tWKYMoEOuCjz3Q,1
author::UCTP3O0rMnc8z8v8jaDQwL0w,author::UCvApqeCbLod-wejtT4CcVuA,1
author::UCTP3O0rMnc8z8v8jaDQwL0w,author::UCfM3nrxtTQMY5jFx1v1J4Gg,1
author::UCTP3O0rMnc8z8v8jaDQwL0w,author::UCz3gu01bmjNv0DpRq-K3XYg,1
author::UCTP3O0rMnc8z8v8jaDQwL0w,author::UCySYJU5kUh7X8gVt9la2ISA,1
author::UCTP3O0rMnc8z8v8jaDQwL0w,author::UCXSkL3ejZ8qWYyF_M7s_QKA,1
author::UCTP3O0rMnc8z8v8jaDQwL0w,author::UChZknRmJkeGeQk0-mQuhDOg,1
author::UCTP3O0rMnc8z8v8jaDQwL0w,author::UCXr8_5WtGeipe4haOoQDgyQ,1
author::UCTP3O0rMnc8z8v8jaDQwL0w,author::UCljDbleJul41G1TzOjOZAVA,1
author::UCTP3O0rMnc8z8v8jaDQwL0w,author::UCujPF2nBgsTD62nWE3lcpIg,1
author::UCTP3O0rMnc8z8v8jaDQwL0w,author::UCmjppp6ujz3SAnULvP3sZMw,1
author::UCTP3O0rMnc8z8v8jaDQwL0w,author::UCylqlpsh8ENNM1LqgQ1KbxA,1
author::UCTP3O0rMnc8z8v8jaDQwL0w,author::UCp4iw5_5SmV9VGTFSNVGOmQ,1
author::UCTP3O0rMnc8z8v8jaDQwL0w,author::UCpl8rF8uv_8uui-QRvuJaRA,1
author::UCTP3O0rMnc8z8v8jaDQwL0w,author::UCh5ESQvtzyHDhCA7XyekCFA,1
author::UCTP3O0rMnc8z8v8jaDQwL0w,author::UCsSXdJct-nsS8DsABoEsaYA,1
author::UCTP3O0rMnc8z8v8jaDQwL0w,author::UCtUR3_CAiE7fCoZHM6cMfyQ,1
author::UCTTILH6QCIxbTnEWxwRqs1g,author::UCbrtvygfRT6QXqWDNrOf-cA,1
author::UCTTILH6QCIxbTnEWxwRqs1g,author::UCdQAuWwyC99MB7Y02Umj26Q,1
author::UCTTILH6QCIxbTnEWxwRqs1g,author::UCkxdJ_yGN2gghOMo2ybQtXQ,1
author::UCTTILH6QCIxbTnEWxwRqs1g,author::UChT7pzGytNd92Nmvi-zuWog,1
author::UCTTILH6QCIxbTnEWxwRqs1g,author::UCXO1BBohNWXkK9SBDAG2ySg,1
author::UCTTILH6QCIxbTnEWxwRqs1g,author::UCc_F88PzGWtA1OPNUEASulA,1
author::UCTTILH6QCIxbTnEWxwRqs1g,author::UCvcu1kR8xMYy_I1Ty-2mV2Q,1
author::UCTTILH6QCIxbTnEWxwRqs1g,author::UCxcoDvP-g2_KTZDmVZtvb3w,1
author::UCTTILH6QCIxbTnEWxwRqs1g,author::UCXVLc8CmAO813ubM-fLvCDw,1
author::UCTTILH6QCIxbTnEWxwRqs1g,author::UCcFIBN-rtC3d3hXeuN5TfWw,1
author::UCTTILH6QCIxbTnEWxwRqs1g,author::UCefAH1MbvADWUjE9WVcB9EQ,1
author::UCTTILH6QCIxbTnEWxwRqs1g,author::UCXl30Y_upRqbti52fmjK4YA,1
author::UCTTILH6QCIxbTnEWxwRqs1g,author::UCwEe1RKlEv1UpNWmWYfSh4w,1
author::UCThW2XNsAaBKme5PUt7n-Zg,author::UCXgr7vXlRrsaskPdo097kGA,1
author::UCThW2XNsAaBKme5PUt7n-Zg,author::UCwO2SXr0ggzwg6QWWrr01nQ,1
author::UCThW2XNsAaBKme5PUt7n-Zg,author::UCipetjeiWj4CZB6EbyYziZg,1
author::UCThW2XNsAaBKme5PUt7n-Zg,author::UCV0iizTBoOfdAFX_thfI9BA,1
author::UCThW2XNsAaBKme5PUt7n-Zg,author::UCWIZUtKJ636y-4TYrNvok0g,1
author::UCThW2XNsAaBKme5PUt7n-Zg,author::UCueV9cTyTDwgQSec1x2dYgA,1
author::UCThW2XNsAaBKme5PUt7n-Zg,author::UCUIIIPTVDVHAXqhC_5V6lPA,1
author::UCThW2XNsAaBKme5PUt7n-Zg,author::UChep9kVb5gQmpodEEl10Xlg,1
author::UCThW2XNsAaBKme5PUt7n-Zg,author::UCsJJAvrVGupdmhOqgtDp8dg,1
author::UCThW2XNsAaBKme5PUt7n-Zg,author::UCjmPuazZJzscrwvk0QR9RVw,1
author::UCThW2XNsAaBKme5PUt7n-Zg,author::UCzoL2l5H5eVlorWGH8AZfAg,1
author::UCThW2XNsAaBKme5PUt7n-Zg,author::UCplrIQtaPj6au60_f2-mOYw,1
author::UCThW2XNsAaBKme5PUt7n-Zg,author::UCj-LL25XJnjxepPKCc3NGog,1
author::UCThW2XNsAaBKme5PUt7n-Zg,author::UCTylKrsqkrBKIqubMu_5N0Q,1
author::UCThW2XNsAaBKme5PUt7n-Zg,author::UCZLG9qH0tUjNhEGFIUt0CYw,1
author::UCThW2XNsAaBKme5PUt7n-Zg,author::UCXXh7yg5KUFIWylTiKVEFKQ,1
author::UCThW2XNsAaBKme5PUt7n-Zg,author::UCr1emrogPKkKTs_WTtx71xg,1
author::UCThW2XNsAaBKme5PUt7n-Zg,author::UChs3tU2BcKOT0CezykvAsGw,1
author::UCThW2XNsAaBKme5PUt7n-Zg,author::UCmvOgzmmXbjUthHy-WJ52hQ,1
author::UCThW2XNsAaBKme5PUt7n-Zg,author::UCsjs5Hp_r86x1xbK6FAeqaA,1
author::UCThW2XNsAaBKme5PUt7n-Zg,author::UCsUCN0Yq_UyTvKjOJLmNrnQ,1
author::UCThW2XNsAaBKme5PUt7n-Zg,author::UCjSKM9j0Q7HLDr1hD6D-TUw,1
author::UCThW2XNsAaBKme5PUt7n-Zg,author::UCiMythXHsw7eQEMykCdmMUA,1
author::UCThW2XNsAaBKme5PUt7n-Zg,author::UCYwpX26TrCxq8TvbKGRYLXA,1
author::UCThW2XNsAaBKme5PUt7n-Zg,author::UCxff05WuyvwELNITi7bj7UA,1
author::UCThW2XNsAaBKme5PUt7n-Zg,author::UCTwSut16JyAg3mX6LVUNGqA,1
author::UCThW2XNsAaBKme5PUt7n-Zg,author::UCrJn_rbo_ENAdeqneS-RmRw,1
author::UCThW2XNsAaBKme5PUt7n-Zg,author::UCl0ekS9Tt0jJGtOEM18S63w,1
author::UCThW2XNsAaBKme5PUt7n-Zg,author::UCut6b9S98nv84cVX89PmKzA,1
author::UCThW2XNsAaBKme5PUt7n-Zg,author::UCi1b_TRQfgO1Z9O2gNGGWNA,1
author::UCThW2XNsAaBKme5PUt7n-Zg,author::UCYN4wSQ1Sx4_LurxLlW7MPg,1
author::UCThW2XNsAaBKme5PUt7n-Zg,author::UCpIdtvoFHVLGASGB5ySqIEA,1
author::UCThW2XNsAaBKme5PUt7n-Zg,author::UCtNfIBnc5S5DbbQj_yxgJTw,1
author::UCThW2XNsAaBKme5PUt7n-Zg,author::UCgvw7xIdGFupzpt1Y_BFkEA,1
author::UCThW2XNsAaBKme5PUt7n-Zg,author::UCpsKOkt5iWTbenzeuq7dsmQ,1
author::UCThW2XNsAaBKme5PUt7n-Zg,author::UCwW2OFy95P7ZBkOPxWkpvYg,1
author::UCThW2XNsAaBKme5PUt7n-Zg,author::UCiGRBf2RNF0WRKhRVT7zFoA,1
author::UCThW2XNsAaBKme5PUt7n-Zg,author::UCcfdg8crmMJwEuLUsAhV7yg,1
author::UCThW2XNsAaBKme5PUt7n-Zg,author::UCkd9W714-947dEE6ZOEBATA,1
author::UCThW2XNsAaBKme5PUt7n-Zg,author::UCZ51R_9Q9C0c8I3pAWhtmjQ,1
author::UCThW2XNsAaBKme5PUt7n-Zg,author::UCzSfZlOVxBSs5ObD25ywxDQ,1
author::UCThW2XNsAaBKme5PUt7n-Zg,author::UCwha8rxULYMVtNwZWeSkE1A,1
author::UCThW2XNsAaBKme5PUt7n-Zg,author::UChgkn5Jt5tWKYMoEOuCjz3Q,1
author::UCThW2XNsAaBKme5PUt7n-Zg,author::UCvApqeCbLod-wejtT4CcVuA,1
author::UCThW2XNsAaBKme5PUt7n-Zg,author::UCfM3nrxtTQMY5jFx1v1J4Gg,1
author::UCThW2XNsAaBKme5PUt7n-Zg,author::UCz3gu01bmjNv0DpRq-K3XYg,1
author::UCThW2XNsAaBKme5PUt7n-Zg,author::UCySYJU5kUh7X8gVt9la2ISA,1
author::UCThW2XNsAaBKme5PUt7n-Zg,author::UCXSkL3ejZ8qWYyF_M7s_QKA,1
author::UCThW2XNsAaBKme5PUt7n-Zg,author::UChZknRmJkeGeQk0-mQuhDOg,1
author::UCThW2XNsAaBKme5PUt7n-Zg,author::UCXr8_5WtGeipe4haOoQDgyQ,1
author::UCThW2XNsAaBKme5PUt7n-Zg,author::UCljDbleJul41G1TzOjOZAVA,1
author::UCThW2XNsAaBKme5PUt7n-Zg,author::UCujPF2nBgsTD62nWE3lcpIg,1
author::UCThW2XNsAaBKme5PUt7n-Zg,author::UCmjppp6ujz3SAnULvP3sZMw,1
author::UCThW2XNsAaBKme5PUt7n-Zg,author::UCylqlpsh8ENNM1LqgQ1KbxA,1
author::UCThW2XNsAaBKme5PUt7n-Zg,author::UCp4iw5_5SmV9VGTFSNVGOmQ,1
author::UCThW2XNsAaBKme5PUt7n-Zg,author::UCpl8rF8uv_8uui-QRvuJaRA,1
author::UCThW2XNsAaBKme5PUt7n-Zg,author::UCh5ESQvtzyHDhCA7XyekCFA,1
author::UCThW2XNsAaBKme5PUt7n-Zg,author::UCsSXdJct-nsS8DsABoEsaYA,1
author::UCThW2XNsAaBKme5PUt7n-Zg,author::UCtUR3_CAiE7fCoZHM6cMfyQ,1
author::UCTwSut16JyAg3mX6LVUNGqA,author::UCXgr7vXlRrsaskPdo097kGA,1
author::UCTwSut16JyAg3mX6LVUNGqA,author::UCwO2SXr0ggzwg6QWWrr01nQ,1
author::UCTwSut16JyAg3mX6LVUNGqA,author::UCipetjeiWj4CZB6EbyYziZg,1
author::UCTwSut16JyAg3mX6LVUNGqA,author::UCV0iizTBoOfdAFX_thfI9BA,1
author::UCTwSut16JyAg3mX6LVUNGqA,author::UCWIZUtKJ636y-4TYrNvok0g,1
author::UCTwSut16JyAg3mX6LVUNGqA,author::UCueV9cTyTDwgQSec1x2dYgA,1
author::UCTwSut16JyAg3mX6LVUNGqA,author::UCUIIIPTVDVHAXqhC_5V6lPA,1
author::UCTwSut16JyAg3mX6LVUNGqA,author::UChep9kVb5gQmpodEEl10Xlg,1
author::UCTwSut16JyAg3mX6LVUNGqA,author::UCsJJAvrVGupdmhOqgtDp8dg,1
author::UCTwSut16JyAg3mX6LVUNGqA,author::UCjmPuazZJzscrwvk0QR9RVw,1
author::UCTwSut16JyAg3mX6LVUNGqA,author::UCzoL2l5H5eVlorWGH8AZfAg,1
author::UCTwSut16JyAg3mX6LVUNGqA,author::UCplrIQtaPj6au60_f2-mOYw,1
author::UCTwSut16JyAg3mX6LVUNGqA,author::UCj-LL25XJnjxepPKCc3NGog,1
author::UCTwSut16JyAg3mX6LVUNGqA,author::UCTylKrsqkrBKIqubMu_5N0Q,1
author::UCTwSut16JyAg3mX6LVUNGqA,author::UCZLG9qH0tUjNhEGFIUt0CYw,1
author::UCTwSut16JyAg3mX6LVUNGqA,author::UCXXh7yg5KUFIWylTiKVEFKQ,1
author::UCTwSut16JyAg3mX6LVUNGqA,author::UCr1emrogPKkKTs_WTtx71xg,1
author::UCTwSut16JyAg3mX6LVUNGqA,author::UChs3tU2BcKOT0CezykvAsGw,1
author::UCTwSut16JyAg3mX6LVUNGqA,author::UCmvOgzmmXbjUthHy-WJ52hQ,1
author::UCTwSut16JyAg3mX6LVUNGqA,author::UCsjs5Hp_r86x1xbK6FAeqaA,1
author::UCTwSut16JyAg3mX6LVUNGqA,author::UCsUCN0Yq_UyTvKjOJLmNrnQ,1
author::UCTwSut16JyAg3mX6LVUNGqA,author::UCjSKM9j0Q7HLDr1hD6D-TUw,1
author::UCTwSut16JyAg3mX6LVUNGqA,author::UCiMythXHsw7eQEMykCdmMUA,1
author::UCTwSut16JyAg3mX6LVUNGqA,author::UCYwpX26TrCxq8TvbKGRYLXA,1
author::UCTwSut16JyAg3mX6LVUNGqA,author::UCxff05WuyvwELNITi7bj7UA,1
author::UCTwSut16JyAg3mX6LVUNGqA,author::UCrJn_rbo_ENAdeqneS-RmRw,1
author::UCTwSut16JyAg3mX6LVUNGqA,author::UCl0ekS9Tt0jJGtOEM18S63w,1
author::UCTwSut16JyAg3mX6LVUNGqA,author::UCut6b9S98nv84cVX89PmKzA,1
author::UCTwSut16JyAg3mX6LVUNGqA,author::UCi1b_TRQfgO1Z9O2gNGGWNA,1
author::UCTwSut16JyAg3mX6LVUNGqA,author::UCYN4wSQ1Sx4_LurxLlW7MPg,1
author::UCTwSut16JyAg3mX6LVUNGqA,author::UCpIdtvoFHVLGASGB5ySqIEA,1
author::UCTwSut16JyAg3mX6LVUNGqA,author::UCtNfIBnc5S5DbbQj_yxgJTw,1
author::UCTwSut16JyAg3mX6LVUNGqA,author::UCgvw7xIdGFupzpt1Y_BFkEA,1
author::UCTwSut16JyAg3mX6LVUNGqA,author::UCpsKOkt5iWTbenzeuq7dsmQ,1
author::UCTwSut16JyAg3mX6LVUNGqA,author::UCwW2OFy95P7ZBkOPxWkpvYg,1
author::UCTwSut16JyAg3mX6LVUNGqA,author::UCiGRBf2RNF0WRKhRVT7zFoA,1
author::UCTwSut16JyAg3mX6LVUNGqA,author::UCcfdg8crmMJwEuLUsAhV7yg,1
author::UCTwSut16JyAg3mX6LVUNGqA,author::UCkd9W714-947dEE6ZOEBATA,1
author::UCTwSut16JyAg3mX6LVUNGqA,author::UCZ51R_9Q9C0c8I3pAWhtmjQ,1
author::UCTwSut16JyAg3mX6LVUNGqA,author::UCzSfZlOVxBSs5ObD25ywxDQ,1
author::UCTwSut16JyAg3mX6LVUNGqA,author::UCwha8rxULYMVtNwZWeSkE1A,1
author::UCTwSut16JyAg3mX6LVUNGqA,author::UChgkn5Jt5tWKYMoEOuCjz3Q,1
author::UCTwSut16JyAg3mX6LVUNGqA,author::UCvApqeCbLod-wejtT4CcVuA,1
author::UCTwSut16JyAg3mX6LVUNGqA,author::UCfM3nrxtTQMY5jFx1v1J4Gg,1
author::UCTwSut16JyAg3mX6LVUNGqA,author::UCz3gu01bmjNv0DpRq-K3XYg,1
author::UCTwSut16JyAg3mX6LVUNGqA,author::UCySYJU5kUh7X8gVt9la2ISA,1
author::UCTwSut16JyAg3mX6LVUNGqA,author::UCXSkL3ejZ8qWYyF_M7s_QKA,1
author::UCTwSut16JyAg3mX6LVUNGqA,author::UChZknRmJkeGeQk0-mQuhDOg,1
author::UCTwSut16JyAg3mX6LVUNGqA,author::UCXr8_5WtGeipe4haOoQDgyQ,1
author::UCTwSut16JyAg3mX6LVUNGqA,author::UCljDbleJul41G1TzOjOZAVA,1
author::UCTwSut16JyAg3mX6LVUNGqA,author::UCujPF2nBgsTD62nWE3lcpIg,1
author::UCTwSut16JyAg3mX6LVUNGqA,author::UCmjppp6ujz3SAnULvP3sZMw,1
author::UCTwSut16JyAg3mX6LVUNGqA,author::UCylqlpsh8ENNM1LqgQ1KbxA,1
author::UCTwSut16JyAg3mX6LVUNGqA,author::UCp4iw5_5SmV9VGTFSNVGOmQ,1
author::UCTwSut16JyAg3mX6LVUNGqA,author::UCpl8rF8uv_8uui-QRvuJaRA,1
author::UCTwSut16JyAg3mX6LVUNGqA,author::UCh5ESQvtzyHDhCA7XyekCFA,1
author::UCTwSut16JyAg3mX6LVUNGqA,author::UCsSXdJct-nsS8DsABoEsaYA,1
author::UCTwSut16JyAg3mX6LVUNGqA,author::UCtUR3_CAiE7fCoZHM6cMfyQ,1
author::UCTylKrsqkrBKIqubMu_5N0Q,author::UCXgr7vXlRrsaskPdo097kGA,1
author::UCTylKrsqkrBKIqubMu_5N0Q,author::UCwO2SXr0ggzwg6QWWrr01nQ,1
author::UCTylKrsqkrBKIqubMu_5N0Q,author::UCipetjeiWj4CZB6EbyYziZg,1
author::UCTylKrsqkrBKIqubMu_5N0Q,author::UCV0iizTBoOfdAFX_thfI9BA,1
author::UCTylKrsqkrBKIqubMu_5N0Q,author::UCWIZUtKJ636y-4TYrNvok0g,1
author::UCTylKrsqkrBKIqubMu_5N0Q,author::UCueV9cTyTDwgQSec1x2dYgA,1
author::UCTylKrsqkrBKIqubMu_5N0Q,author::UCUIIIPTVDVHAXqhC_5V6lPA,1
author::UCTylKrsqkrBKIqubMu_5N0Q,author::UChep9kVb5gQmpodEEl10Xlg,1
author::UCTylKrsqkrBKIqubMu_5N0Q,author::UCsJJAvrVGupdmhOqgtDp8dg,1
author::UCTylKrsqkrBKIqubMu_5N0Q,author::UCjmPuazZJzscrwvk0QR9RVw,1
author::UCTylKrsqkrBKIqubMu_5N0Q,author::UCzoL2l5H5eVlorWGH8AZfAg,1
author::UCTylKrsqkrBKIqubMu_5N0Q,author::UCplrIQtaPj6au60_f2-mOYw,1
author::UCTylKrsqkrBKIqubMu_5N0Q,author::UCj-LL25XJnjxepPKCc3NGog,1
author::UCTylKrsqkrBKIqubMu_5N0Q,author::UCZLG9qH0tUjNhEGFIUt0CYw,1
author::UCTylKrsqkrBKIqubMu_5N0Q,author::UCXXh7yg5KUFIWylTiKVEFKQ,1
author::UCTylKrsqkrBKIqubMu_5N0Q,author::UCr1emrogPKkKTs_WTtx71xg,1
author::UCTylKrsqkrBKIqubMu_5N0Q,author::UChs3tU2BcKOT0CezykvAsGw,1
author::UCTylKrsqkrBKIqubMu_5N0Q,author::UCmvOgzmmXbjUthHy-WJ52hQ,1
author::UCTylKrsqkrBKIqubMu_5N0Q,author::UCsjs5Hp_r86x1xbK6FAeqaA,1
author::UCTylKrsqkrBKIqubMu_5N0Q,author::UCsUCN0Yq_UyTvKjOJLmNrnQ,1
author::UCTylKrsqkrBKIqubMu_5N0Q,author::UCjSKM9j0Q7HLDr1hD6D-TUw,1
author::UCTylKrsqkrBKIqubMu_5N0Q,author::UCiMythXHsw7eQEMykCdmMUA,1
author::UCTylKrsqkrBKIqubMu_5N0Q,author::UCYwpX26TrCxq8TvbKGRYLXA,1
author::UCTylKrsqkrBKIqubMu_5N0Q,author::UCxff05WuyvwELNITi7bj7UA,1
author::UCTylKrsqkrBKIqubMu_5N0Q,author::UCrJn_rbo_ENAdeqneS-RmRw,1
author::UCTylKrsqkrBKIqubMu_5N0Q,author::UCl0ekS9Tt0jJGtOEM18S63w,1
author::UCTylKrsqkrBKIqubMu_5N0Q,author::UCut6b9S98nv84cVX89PmKzA,1
author::UCTylKrsqkrBKIqubMu_5N0Q,author::UCi1b_TRQfgO1Z9O2gNGGWNA,1
author::UCTylKrsqkrBKIqubMu_5N0Q,author::UCYN4wSQ1Sx4_LurxLlW7MPg,1
author::UCTylKrsqkrBKIqubMu_5N0Q,author::UCpIdtvoFHVLGASGB5ySqIEA,1
author::UCTylKrsqkrBKIqubMu_5N0Q,author::UCtNfIBnc5S5DbbQj_yxgJTw,1
author::UCTylKrsqkrBKIqubMu_5N0Q,author::UCgvw7xIdGFupzpt1Y_BFkEA,1
author::UCTylKrsqkrBKIqubMu_5N0Q,author::UCpsKOkt5iWTbenzeuq7dsmQ,1
author::UCTylKrsqkrBKIqubMu_5N0Q,author::UCwW2OFy95P7ZBkOPxWkpvYg,1
author::UCTylKrsqkrBKIqubMu_5N0Q,author::UCiGRBf2RNF0WRKhRVT7zFoA,1
author::UCTylKrsqkrBKIqubMu_5N0Q,author::UCcfdg8crmMJwEuLUsAhV7yg,1
author::UCTylKrsqkrBKIqubMu_5N0Q,author::UCkd9W714-947dEE6ZOEBATA,1
author::UCTylKrsqkrBKIqubMu_5N0Q,author::UCZ51R_9Q9C0c8I3pAWhtmjQ,1
author::UCTylKrsqkrBKIqubMu_5N0Q,author::UCzSfZlOVxBSs5ObD25ywxDQ,1
author::UCTylKrsqkrBKIqubMu_5N0Q,author::UCwha8rxULYMVtNwZWeSkE1A,1
author::UCTylKrsqkrBKIqubMu_5N0Q,author::UChgkn5Jt5tWKYMoEOuCjz3Q,1
author::UCTylKrsqkrBKIqubMu_5N0Q,author::UCvApqeCbLod-wejtT4CcVuA,1
author::UCTylKrsqkrBKIqubMu_5N0Q,author::UCfM3nrxtTQMY5jFx1v1J4Gg,1
author::UCTylKrsqkrBKIqubMu_5N0Q,author::UCz3gu01bmjNv0DpRq-K3XYg,1
author::UCTylKrsqkrBKIqubMu_5N0Q,author::UCySYJU5kUh7X8gVt9la2ISA,1
author::UCTylKrsqkrBKIqubMu_5N0Q,author::UCXSkL3ejZ8qWYyF_M7s_QKA,1
author::UCTylKrsqkrBKIqubMu_5N0Q,author::UChZknRmJkeGeQk0-mQuhDOg,1
author::UCTylKrsqkrBKIqubMu_5N0Q,author::UCXr8_5WtGeipe4haOoQDgyQ,1
author::UCTylKrsqkrBKIqubMu_5N0Q,author::UCljDbleJul41G1TzOjOZAVA,1
author::UCTylKrsqkrBKIqubMu_5N0Q,author::UCujPF2nBgsTD62nWE3lcpIg,1
author::UCTylKrsqkrBKIqubMu_5N0Q,author::UCmjppp6ujz3SAnULvP3sZMw,1
author::UCTylKrsqkrBKIqubMu_5N0Q,author::UCylqlpsh8ENNM1LqgQ1KbxA,1
author::UCTylKrsqkrBKIqubMu_5N0Q,author::UCp4iw5_5SmV9VGTFSNVGOmQ,1
author::UCTylKrsqkrBKIqubMu_5N0Q,author::UCpl8rF8uv_8uui-QRvuJaRA,1
author::UCTylKrsqkrBKIqubMu_5N0Q,author::UCh5ESQvtzyHDhCA7XyekCFA,1
author::UCTylKrsqkrBKIqubMu_5N0Q,author::UCsSXdJct-nsS8DsABoEsaYA,1
author::UCTylKrsqkrBKIqubMu_5N0Q,author::UCtUR3_CAiE7fCoZHM6cMfyQ,1
author::UCUIIIPTVDVHAXqhC_5V6lPA,author::UCXgr7vXlRrsaskPdo097kGA,1
author::UCUIIIPTVDVHAXqhC_5V6lPA,author::UCwO2SXr0ggzwg6QWWrr01nQ,1
author::UCUIIIPTVDVHAXqhC_5V6lPA,author::UCipetjeiWj4CZB6EbyYziZg,1
author::UCUIIIPTVDVHAXqhC_5V6lPA,author::UCV0iizTBoOfdAFX_thfI9BA,1
author::UCUIIIPTVDVHAXqhC_5V6lPA,author::UCWIZUtKJ636y-4TYrNvok0g,1
author::UCUIIIPTVDVHAXqhC_5V6lPA,author::UCueV9cTyTDwgQSec1x2dYgA,1
author::UCUIIIPTVDVHAXqhC_5V6lPA,author::UChep9kVb5gQmpodEEl10Xlg,1
author::UCUIIIPTVDVHAXqhC_5V6lPA,author::UCsJJAvrVGupdmhOqgtDp8dg,1
author::UCUIIIPTVDVHAXqhC_5V6lPA,author::UCjmPuazZJzscrwvk0QR9RVw,1
author::UCUIIIPTVDVHAXqhC_5V6lPA,author::UCzoL2l5H5eVlorWGH8AZfAg,1
author::UCUIIIPTVDVHAXqhC_5V6lPA,author::UCplrIQtaPj6au60_f2-mOYw,1
author::UCUIIIPTVDVHAXqhC_5V6lPA,author::UCj-LL25XJnjxepPKCc3NGog,1
author::UCUIIIPTVDVHAXqhC_5V6lPA,author::UCZLG9qH0tUjNhEGFIUt0CYw,1
author::UCUIIIPTVDVHAXqhC_5V6lPA,author::UCXXh7yg5KUFIWylTiKVEFKQ,1
author::UCUIIIPTVDVHAXqhC_5V6lPA,author::UCr1emrogPKkKTs_WTtx71xg,1
author::UCUIIIPTVDVHAXqhC_5V6lPA,author::UChs3tU2BcKOT0CezykvAsGw,1
author::UCUIIIPTVDVHAXqhC_5V6lPA,author::UCmvOgzmmXbjUthHy-WJ52hQ,1
author::UCUIIIPTVDVHAXqhC_5V6lPA,author::UCsjs5Hp_r86x1xbK6FAeqaA,1
author::UCUIIIPTVDVHAXqhC_5V6lPA,author::UCsUCN0Yq_UyTvKjOJLmNrnQ,1
author::UCUIIIPTVDVHAXqhC_5V6lPA,author::UCjSKM9j0Q7HLDr1hD6D-TUw,1
author::UCUIIIPTVDVHAXqhC_5V6lPA,author::UCiMythXHsw7eQEMykCdmMUA,1
author::UCUIIIPTVDVHAXqhC_5V6lPA,author::UCYwpX26TrCxq8TvbKGRYLXA,1
author::UCUIIIPTVDVHAXqhC_5V6lPA,author::UCxff05WuyvwELNITi7bj7UA,1
author::UCUIIIPTVDVHAXqhC_5V6lPA,author::UCrJn_rbo_ENAdeqneS-RmRw,1
author::UCUIIIPTVDVHAXqhC_5V6lPA,author::UCl0ekS9Tt0jJGtOEM18S63w,1
author::UCUIIIPTVDVHAXqhC_5V6lPA,author::UCut6b9S98nv84cVX89PmKzA,1
author::UCUIIIPTVDVHAXqhC_5V6lPA,author::UCi1b_TRQfgO1Z9O2gNGGWNA,1
author::UCUIIIPTVDVHAXqhC_5V6lPA,author::UCYN4wSQ1Sx4_LurxLlW7MPg,1
author::UCUIIIPTVDVHAXqhC_5V6lPA,author::UCpIdtvoFHVLGASGB5ySqIEA,1
author::UCUIIIPTVDVHAXqhC_5V6lPA,author::UCtNfIBnc5S5DbbQj_yxgJTw,1
author::UCUIIIPTVDVHAXqhC_5V6lPA,author::UCgvw7xIdGFupzpt1Y_BFkEA,1
author::UCUIIIPTVDVHAXqhC_5V6lPA,author::UCpsKOkt5iWTbenzeuq7dsmQ,1
author::UCUIIIPTVDVHAXqhC_5V6lPA,author::UCwW2OFy95P7ZBkOPxWkpvYg,1
author::UCUIIIPTVDVHAXqhC_5V6lPA,author::UCiGRBf2RNF0WRKhRVT7zFoA,1
author::UCUIIIPTVDVHAXqhC_5V6lPA,author::UCcfdg8crmMJwEuLUsAhV7yg,1
author::UCUIIIPTVDVHAXqhC_5V6lPA,author::UCkd9W714-947dEE6ZOEBATA,1
author::UCUIIIPTVDVHAXqhC_5V6lPA,author::UCZ51R_9Q9C0c8I3pAWhtmjQ,1
author::UCUIIIPTVDVHAXqhC_5V6lPA,author::UCzSfZlOVxBSs5ObD25ywxDQ,1
author::UCUIIIPTVDVHAXqhC_5V6lPA,author::UCwha8rxULYMVtNwZWeSkE1A,1
author::UCUIIIPTVDVHAXqhC_5V6lPA,author::UChgkn5Jt5tWKYMoEOuCjz3Q,1
author::UCUIIIPTVDVHAXqhC_5V6lPA,author::UCvApqeCbLod-wejtT4CcVuA,1
author::UCUIIIPTVDVHAXqhC_5V6lPA,author::UCfM3nrxtTQMY5jFx1v1J4Gg,1
author::UCUIIIPTVDVHAXqhC_5V6lPA,author::UCz3gu01bmjNv0DpRq-K3XYg,1
author::UCUIIIPTVDVHAXqhC_5V6lPA,author::UCySYJU5kUh7X8gVt9la2ISA,1
author::UCUIIIPTVDVHAXqhC_5V6lPA,author::UCXSkL3ejZ8qWYyF_M7s_QKA,1
author::UCUIIIPTVDVHAXqhC_5V6lPA,author::UChZknRmJkeGeQk0-mQuhDOg,1
author::UCUIIIPTVDVHAXqhC_5V6lPA,author::UCXr8_5WtGeipe4haOoQDgyQ,1
author::UCUIIIPTVDVHAXqhC_5V6lPA,author::UCljDbleJul41G1TzOjOZAVA,1
author::UCUIIIPTVDVHAXqhC_5V6lPA,author::UCujPF2nBgsTD62nWE3lcpIg,1
author::UCUIIIPTVDVHAXqhC_5V6lPA,author::UCmjppp6ujz3SAnULvP3sZMw,1
author::UCUIIIPTVDVHAXqhC_5V6lPA,author::UCylqlpsh8ENNM1LqgQ1KbxA,1
author::UCUIIIPTVDVHAXqhC_5V6lPA,author::UCp4iw5_5SmV9VGTFSNVGOmQ,1
author::UCUIIIPTVDVHAXqhC_5V6lPA,author::UCpl8rF8uv_8uui-QRvuJaRA,1
author::UCUIIIPTVDVHAXqhC_5V6lPA,author::UCh5ESQvtzyHDhCA7XyekCFA,1
author::UCUIIIPTVDVHAXqhC_5V6lPA,author::UCsSXdJct-nsS8DsABoEsaYA,1
author::UCUIIIPTVDVHAXqhC_5V6lPA,author::UCtUR3_CAiE7fCoZHM6cMfyQ,1
author::UCUoYsrx1oZnCZ0usbBJn4fA,author::UCwgCc9Jd_gG-uLE_SY-FfPg,1
author::UCUoYsrx1oZnCZ0usbBJn4fA,author::UColMq7LmaoY3MT6aIDGrGvA,1
author::UCUoYsrx1oZnCZ0usbBJn4fA,author::UCiC-Jn7wdgyQV4_Urk0DkWQ,1
author::UCUoYsrx1oZnCZ0usbBJn4fA,author::UCgQw_Sbq3ugruDUKsq1e0-A,1
author::UCUoYsrx1oZnCZ0usbBJn4fA,author::UCdFlugHJJa4l3YqWuNRmvXw,1
author::UCUoYsrx1oZnCZ0usbBJn4fA,author::UCeDNEtI8_a42bZ47wJiJMwQ,1
author::UCUoYsrx1oZnCZ0usbBJn4fA,author::UCu8_3-Wg-YzNyvHYQDEscfw,1
author::UCUoYsrx1oZnCZ0usbBJn4fA,author::UCkVtmkK07b2zaVVNssX4lOg,1
author::UCUoYsrx1oZnCZ0usbBJn4fA,author::UCqCrvuoJpC-aVb0f4logQRQ,1
author::UCUoYsrx1oZnCZ0usbBJn4fA,author::UCsGoJEvb-cFPZ2rWoJcXzEQ,1
author::UCUoYsrx1oZnCZ0usbBJn4fA,author::UCuXmOjxC-htcprLgeVXz6Tg,1
author::UCUoYsrx1oZnCZ0usbBJn4fA,author::UCWoAVGVqCn4xtINCMOTM4jg,1
author::UCUoYsrx1oZnCZ0usbBJn4fA,author::UClqA491Xa5fQcXcJJa-vTWw,1
author::UCUoYsrx1oZnCZ0usbBJn4fA,author::UCV0lM03g5fg5pbPj97-sAtA,1
author::UCUoYsrx1oZnCZ0usbBJn4fA,author::UC_LYoGs5C3mbZKZuKuqYCvw,1
author::UCUoYsrx1oZnCZ0usbBJn4fA,author::UCgJNFj5dnxXpcMvmuhZDPxA,1
author::UCUoYsrx1oZnCZ0usbBJn4fA,author::UCpsKOkt5iWTbenzeuq7dsmQ,1
author::UCUoYsrx1oZnCZ0usbBJn4fA,author::UCkbsS_3D-pvg1iHOld9uvIg,1
author::UCUoYsrx1oZnCZ0usbBJn4fA,author::UCW-JC6lebVmf2P1dmY_L94g,1
author::UCUoYsrx1oZnCZ0usbBJn4fA,author::UCwjUvRseNtJoItylIyIez7Q,1
author::UCUoYsrx1oZnCZ0usbBJn4fA,author::UClhMWQ7XKWywYvbRnuf8QsA,1
author::UCUoYsrx1oZnCZ0usbBJn4fA,author::UCe8JZoYkX5oKUZyivHYdXhw,1
author::UCUoYsrx1oZnCZ0usbBJn4fA,author::UCaKAjTW9MVub_clgr4DRYjQ,1
author::UCUoYsrx1oZnCZ0usbBJn4fA,author::UCpe5jW3MIqkgTJ-PgkzvM6Q,1
author::UCUoYsrx1oZnCZ0usbBJn4fA,author::UCylqlpsh8ENNM1LqgQ1KbxA,1
author::UCUoYsrx1oZnCZ0usbBJn4fA,author::UCZeIIQrGAedW8tCbKWmGY-A,1
author::UCUoYsrx1oZnCZ0usbBJn4fA,author::UCW80DaMjQlEUibC98Cot-Dg,1
author::UCV0iizTBoOfdAFX_thfI9BA,author::UCXgr7vXlRrsaskPdo097kGA,1
author::UCV0iizTBoOfdAFX_thfI9BA,author::UCwO2SXr0ggzwg6QWWrr01nQ,1
author::UCV0iizTBoOfdAFX_thfI9BA,author::UCipetjeiWj4CZB6EbyYziZg,1
author::UCV0iizTBoOfdAFX_thfI9BA,author::UCWIZUtKJ636y-4TYrNvok0g,1
author::UCV0iizTBoOfdAFX_thfI9BA,author::UCueV9cTyTDwgQSec1x2dYgA,1
author::UCV0iizTBoOfdAFX_thfI9BA,author::UChep9kVb5gQmpodEEl10Xlg,1
author::UCV0iizTBoOfdAFX_thfI9BA,author::UCsJJAvrVGupdmhOqgtDp8dg,1
author::UCV0iizTBoOfdAFX_thfI9BA,author::UCjmPuazZJzscrwvk0QR9RVw,1
author::UCV0iizTBoOfdAFX_thfI9BA,author::UCzoL2l5H5eVlorWGH8AZfAg,1
author::UCV0iizTBoOfdAFX_thfI9BA,author::UCplrIQtaPj6au60_f2-mOYw,1
author::UCV0iizTBoOfdAFX_thfI9BA,author::UCj-LL25XJnjxepPKCc3NGog,1
author::UCV0iizTBoOfdAFX_thfI9BA,author::UCZLG9qH0tUjNhEGFIUt0CYw,1
author::UCV0iizTBoOfdAFX_thfI9BA,author::UCXXh7yg5KUFIWylTiKVEFKQ,1
author::UCV0iizTBoOfdAFX_thfI9BA,author::UCr1emrogPKkKTs_WTtx71xg,1
author::UCV0iizTBoOfdAFX_thfI9BA,author::UChs3tU2BcKOT0CezykvAsGw,1
author::UCV0iizTBoOfdAFX_thfI9BA,author::UCmvOgzmmXbjUthHy-WJ52hQ,1
author::UCV0iizTBoOfdAFX_thfI9BA,author::UCsjs5Hp_r86x1xbK6FAeqaA,1
author::UCV0iizTBoOfdAFX_thfI9BA,author::UCsUCN0Yq_UyTvKjOJLmNrnQ,1
author::UCV0iizTBoOfdAFX_thfI9BA,author::UCjSKM9j0Q7HLDr1hD6D-TUw,1
author::UCV0iizTBoOfdAFX_thfI9BA,author::UCiMythXHsw7eQEMykCdmMUA,1
author::UCV0iizTBoOfdAFX_thfI9BA,author::UCYwpX26TrCxq8TvbKGRYLXA,1
author::UCV0iizTBoOfdAFX_thfI9BA,author::UCxff05WuyvwELNITi7bj7UA,1
author::UCV0iizTBoOfdAFX_thfI9BA,author::UCrJn_rbo_ENAdeqneS-RmRw,1
author::UCV0iizTBoOfdAFX_thfI9BA,author::UCl0ekS9Tt0jJGtOEM18S63w,1
author::UCV0iizTBoOfdAFX_thfI9BA,author::UCut6b9S98nv84cVX89PmKzA,1
author::UCV0iizTBoOfdAFX_thfI9BA,author::UCi1b_TRQfgO1Z9O2gNGGWNA,1
author::UCV0iizTBoOfdAFX_thfI9BA,author::UCYN4wSQ1Sx4_LurxLlW7MPg,1
author::UCV0iizTBoOfdAFX_thfI9BA,author::UCpIdtvoFHVLGASGB5ySqIEA,1
author::UCV0iizTBoOfdAFX_thfI9BA,author::UCtNfIBnc5S5DbbQj_yxgJTw,1
author::UCV0iizTBoOfdAFX_thfI9BA,author::UCgvw7xIdGFupzpt1Y_BFkEA,1
author::UCV0iizTBoOfdAFX_thfI9BA,author::UCpsKOkt5iWTbenzeuq7dsmQ,1
author::UCV0iizTBoOfdAFX_thfI9BA,author::UCwW2OFy95P7ZBkOPxWkpvYg,1
author::UCV0iizTBoOfdAFX_thfI9BA,author::UCiGRBf2RNF0WRKhRVT7zFoA,1
author::UCV0iizTBoOfdAFX_thfI9BA,author::UCcfdg8crmMJwEuLUsAhV7yg,1
author::UCV0iizTBoOfdAFX_thfI9BA,author::UCkd9W714-947dEE6ZOEBATA,1
author::UCV0iizTBoOfdAFX_thfI9BA,author::UCZ51R_9Q9C0c8I3pAWhtmjQ,1
author::UCV0iizTBoOfdAFX_thfI9BA,author::UCzSfZlOVxBSs5ObD25ywxDQ,1
author::UCV0iizTBoOfdAFX_thfI9BA,author::UCwha8rxULYMVtNwZWeSkE1A,1
author::UCV0iizTBoOfdAFX_thfI9BA,author::UChgkn5Jt5tWKYMoEOuCjz3Q,1
author::UCV0iizTBoOfdAFX_thfI9BA,author::UCvApqeCbLod-wejtT4CcVuA,1
author::UCV0iizTBoOfdAFX_thfI9BA,author::UCfM3nrxtTQMY5jFx1v1J4Gg,1
author::UCV0iizTBoOfdAFX_thfI9BA,author::UCz3gu01bmjNv0DpRq-K3XYg,1
author::UCV0iizTBoOfdAFX_thfI9BA,author::UCySYJU5kUh7X8gVt9la2ISA,1
author::UCV0iizTBoOfdAFX_thfI9BA,author::UCXSkL3ejZ8qWYyF_M7s_QKA,1
author::UCV0iizTBoOfdAFX_thfI9BA,author::UChZknRmJkeGeQk0-mQuhDOg,1
author::UCV0iizTBoOfdAFX_thfI9BA,author::UCXr8_5WtGeipe4haOoQDgyQ,1
author::UCV0iizTBoOfdAFX_thfI9BA,author::UCljDbleJul41G1TzOjOZAVA,1
author::UCV0iizTBoOfdAFX_thfI9BA,author::UCujPF2nBgsTD62nWE3lcpIg,1
author::UCV0iizTBoOfdAFX_thfI9BA,author::UCmjppp6ujz3SAnULvP3sZMw,1
author::UCV0iizTBoOfdAFX_thfI9BA,author::UCylqlpsh8ENNM1LqgQ1KbxA,1
author::UCV0iizTBoOfdAFX_thfI9BA,author::UCp4iw5_5SmV9VGTFSNVGOmQ,1
author::UCV0iizTBoOfdAFX_thfI9BA,author::UCpl8rF8uv_8uui-QRvuJaRA,1
author::UCV0iizTBoOfdAFX_thfI9BA,author::UCh5ESQvtzyHDhCA7XyekCFA,1
author::UCV0iizTBoOfdAFX_thfI9BA,author::UCsSXdJct-nsS8DsABoEsaYA,1
author::UCV0iizTBoOfdAFX_thfI9BA,author::UCtUR3_CAiE7fCoZHM6cMfyQ,1
author::UCV0lM03g5fg5pbPj97-sAtA,author::UCwgCc9Jd_gG-uLE_SY-FfPg,1
author::UCV0lM03g5fg5pbPj97-sAtA,author::UColMq7LmaoY3MT6aIDGrGvA,1
author::UCV0lM03g5fg5pbPj97-sAtA,author::UCiC-Jn7wdgyQV4_Urk0DkWQ,1
author::UCV0lM03g5fg5pbPj97-sAtA,author::UCgQw_Sbq3ugruDUKsq1e0-A,1
author::UCV0lM03g5fg5pbPj97-sAtA,author::UCdFlugHJJa4l3YqWuNRmvXw,1
author::UCV0lM03g5fg5pbPj97-sAtA,author::UCeDNEtI8_a42bZ47wJiJMwQ,1
author::UCV0lM03g5fg5pbPj97-sAtA,author::UCu8_3-Wg-YzNyvHYQDEscfw,1
author::UCV0lM03g5fg5pbPj97-sAtA,author::UCkVtmkK07b2zaVVNssX4lOg,1
author::UCV0lM03g5fg5pbPj97-sAtA,author::UCqCrvuoJpC-aVb0f4logQRQ,1
author::UCV0lM03g5fg5pbPj97-sAtA,author::UCsGoJEvb-cFPZ2rWoJcXzEQ,1
author::UCV0lM03g5fg5pbPj97-sAtA,author::UCuXmOjxC-htcprLgeVXz6Tg,1
author::UCV0lM03g5fg5pbPj97-sAtA,author::UCWoAVGVqCn4xtINCMOTM4jg,1
author::UCV0lM03g5fg5pbPj97-sAtA,author::UClqA491Xa5fQcXcJJa-vTWw,1
author::UCV0lM03g5fg5pbPj97-sAtA,author::UC_LYoGs5C3mbZKZuKuqYCvw,1
author::UCV0lM03g5fg5pbPj97-sAtA,author::UCgJNFj5dnxXpcMvmuhZDPxA,1
author::UCV0lM03g5fg5pbPj97-sAtA,author::UCpsKOkt5iWTbenzeuq7dsmQ,1
author::UCV0lM03g5fg5pbPj97-sAtA,author::UCkbsS_3D-pvg1iHOld9uvIg,1
author::UCV0lM03g5fg5pbPj97-sAtA,author::UCW-JC6lebVmf2P1dmY_L94g,1
author::UCV0lM03g5fg5pbPj97-sAtA,author::UCwjUvRseNtJoItylIyIez7Q,1
author::UCV0lM03g5fg5pbPj97-sAtA,author::UClhMWQ7XKWywYvbRnuf8QsA,1
author::UCV0lM03g5fg5pbPj97-sAtA,author::UCe8JZoYkX5oKUZyivHYdXhw,1
author::UCV0lM03g5fg5pbPj97-sAtA,author::UCaKAjTW9MVub_clgr4DRYjQ,1
author::UCV0lM03g5fg5pbPj97-sAtA,author::UCpe5jW3MIqkgTJ-PgkzvM6Q,1
author::UCV0lM03g5fg5pbPj97-sAtA,author::UCylqlpsh8ENNM1LqgQ1KbxA,1
author::UCV0lM03g5fg5pbPj97-sAtA,author::UCZeIIQrGAedW8tCbKWmGY-A,1
author::UCV0lM03g5fg5pbPj97-sAtA,author::UCW80DaMjQlEUibC98Cot-Dg,1
author::UCV3fr-YOixFKCZBbJP1-X4w,author::UCeQk-WfEA-cJRq4EKeE7TOw,1
author::UCV3fr-YOixFKCZBbJP1-X4w,author::UCoGdCoJg2Lh0OX_jv6cG16g,1
author::UCV3fr-YOixFKCZBbJP1-X4w,author::UCheEJ5GZuIvV0fj-nXyVwXw,1
author::UCV3fr-YOixFKCZBbJP1-X4w,author::UCtsxPYw8VUsH_FfnKg-0lmw,1
author::UCV3fr-YOixFKCZBbJP1-X4w,author::UCWaRixDdpgllTBf4V0jPnKQ,1
author::UCV3fr-YOixFKCZBbJP1-X4w,author::UCgGqw4aqMdMVSGkKiMgrJRQ,1
author::UCV3fr-YOixFKCZBbJP1-X4w,author::UCql1n3Ey6ULMSOACjMe-fxQ,1
author::UCV3fr-YOixFKCZBbJP1-X4w,author::UCZFQwqh90apuL8eFhvRBkUg,1
author::UCV3fr-YOixFKCZBbJP1-X4w,author::UCjZgFEowMBrsjodqfovzdKw,1
author::UCV3fr-YOixFKCZBbJP1-X4w,author::UCwxoKK59nGCeBqB2sXfDBIw,1
author::UCV3fr-YOixFKCZBbJP1-X4w,author::UCa36MjQLoPAmgJo-R3G8WQA,1
author::UCV3fr-YOixFKCZBbJP1-X4w,author::UCp29O_C7cchZV8IxV7Crdag,1
author::UCV3fr-YOixFKCZBbJP1-X4w,author::UChyps3dqY-VY1_wLeq-2lhw,1
author::UCV3fr-YOixFKCZBbJP1-X4w,author::UCiOZX__1gahg1ypIj0_XG_w,1
author::UCV3fr-YOixFKCZBbJP1-X4w,author::UCvDwJBBY1mHK70aTEYl6rsA,1
author::UCV3fr-YOixFKCZBbJP1-X4w,author::UCfo_yUPzy1f1POwwZxhZ06Q,1
author::UCV3fr-YOixFKCZBbJP1-X4w,author::UCtCtts20bW6F9CSohau51Iw,1
author::UCV3fr-YOixFKCZBbJP1-X4w,author::UCWvntqPQx99k_Z_skWKqNSA,1
author::UCV3fr-YOixFKCZBbJP1-X4w,author::UCzZ6dDCEsLMXbc5pCFXIprw,1
author::UCV3fr-YOixFKCZBbJP1-X4w,author::UCyJhqmMbsvjpoarBBStA2kg,1
author::UCV3fr-YOixFKCZBbJP1-X4w,author::UCaT4saRcyqCLE657Rq2hhZQ,1
author::UCVC2QugcI1G4RvlCiUqd1aQ,author::UCbrtvygfRT6QXqWDNrOf-cA,1
author::UCVC2QugcI1G4RvlCiUqd1aQ,author::UCjJf-AJKRFFWtiN-CSwkDmA,1
author::UCVC2QugcI1G4RvlCiUqd1aQ,author::UCnU8wO1OurAmGstDw6VGjgQ,1
author::UCVC2QugcI1G4RvlCiUqd1aQ,author::UCpsKOkt5iWTbenzeuq7dsmQ,1
author::UCVC2QugcI1G4RvlCiUqd1aQ,author::UCZOmq6MwFDVoCaEl99BRRaw,1
author::UCVC2QugcI1G4RvlCiUqd1aQ,author::UCvcu1kR8xMYy_I1Ty-2mV2Q,1
author::UCVC2QugcI1G4RvlCiUqd1aQ,author::UC_6KbBY1bsYXz9fwFS0eQRg,1
author::UCVQf0tzL7xRzFJsABVVULpg,author::UCusjriFsDHEc2AOjqk-p5ig,1
author::UCVQf0tzL7xRzFJsABVVULpg,author::UCzZ6dDCEsLMXbc5pCFXIprw,1
author::UCVQf0tzL7xRzFJsABVVULpg,author::UCgQJgI9vu1FI2dnC9mrFthw,1
author::UCVQf0tzL7xRzFJsABVVULpg,author::UCg3eIfd7BrsLEqS0BLkftHA,1
author::UCVQf0tzL7xRzFJsABVVULpg,author::UCf5lnNZF7Qrtli9v4N_23WQ,1
author::UCVQf0tzL7xRzFJsABVVULpg,author::UCuP4UK33HKtJE_S39ksmaTw,1
author::UCVQf0tzL7xRzFJsABVVULpg,author::UCtNyHmRZtvGF2hSvI2dUBWw,1
author::UCVQf0tzL7xRzFJsABVVULpg,author::UCbYoNG5J3Au5BqtbXogfEFw,1
author::UCVQf0tzL7xRzFJsABVVULpg,author::UClsrFGJKWPxxw7MiaEdKLXw,1
author::UCVdjCrh4tQoX3haNAZv-n5A,author::UCat2qkYvqmtDNEmo2PVuhXw,1
author::UCVdjCrh4tQoX3haNAZv-n5A,author::UCp_dAUfv8i3LW3zWc24dLaQ,1
author::UCVdjCrh4tQoX3haNAZv-n5A,author::UCi2KiZq63sRq8Mfbcp-MelQ,1
author::UCVdjCrh4tQoX3haNAZv-n5A,author::UCZjm6U576nX8WOiLhmMR3bw,1
author::UCVdjCrh4tQoX3haNAZv-n5A,author::UCxhtlxPV8AYWaNNyU6S9H8Q,1
author::UCVdjCrh4tQoX3haNAZv-n5A,author::UCbNanjFI51cwGqMAb2rOrBw,1
author::UCVdjCrh4tQoX3haNAZv-n5A,author::UCtiHFjFu7d5v2XxHnKFUYig,1
author::UCVdjCrh4tQoX3haNAZv-n5A,author::UCrqXyRsg-_hTosURZ-uvoKg,1
author::UCVdjCrh4tQoX3haNAZv-n5A,author::UCozFYHN0e_-vlQbX3wQGOug,1
author::UCVhif9eV0f8plICen2DnpKA,author::UCyW68EGZey4ao_Vf2cR5Ztg,1
author::UCVhif9eV0f8plICen2DnpKA,author::UCvcu1kR8xMYy_I1Ty-2mV2Q,1
author::UCVhif9eV0f8plICen2DnpKA,author::UCZIQnb1fkwe39Iw2TAu-bGA,1
author::UCW-JC6lebVmf2P1dmY_L94g,author::UCwgCc9Jd_gG-uLE_SY-FfPg,1
author::UCW-JC6lebVmf2P1dmY_L94g,author::UColMq7LmaoY3MT6aIDGrGvA,1
author::UCW-JC6lebVmf2P1dmY_L94g,author::UCiC-Jn7wdgyQV4_Urk0DkWQ,1
author::UCW-JC6lebVmf2P1dmY_L94g,author::UCgQw_Sbq3ugruDUKsq1e0-A,1
author::UCW-JC6lebVmf2P1dmY_L94g,author::UCdFlugHJJa4l3YqWuNRmvXw,1
author::UCW-JC6lebVmf2P1dmY_L94g,author::UCeDNEtI8_a42bZ47wJiJMwQ,1
author::UCW-JC6lebVmf2P1dmY_L94g,author::UCu8_3-Wg-YzNyvHYQDEscfw,1
author::UCW-JC6lebVmf2P1dmY_L94g,author::UCkVtmkK07b2zaVVNssX4lOg,1
author::UCW-JC6lebVmf2P1dmY_L94g,author::UCqCrvuoJpC-aVb0f4logQRQ,1
author::UCW-JC6lebVmf2P1dmY_L94g,author::UCsGoJEvb-cFPZ2rWoJcXzEQ,1
author::UCW-JC6lebVmf2P1dmY_L94g,author::UCuXmOjxC-htcprLgeVXz6Tg,1
author::UCW-JC6lebVmf2P1dmY_L94g,author::UCWoAVGVqCn4xtINCMOTM4jg,1
author::UCW-JC6lebVmf2P1dmY_L94g,author::UClqA491Xa5fQcXcJJa-vTWw,1
author::UCW-JC6lebVmf2P1dmY_L94g,author::UC_LYoGs5C3mbZKZuKuqYCvw,1
author::UCW-JC6lebVmf2P1dmY_L94g,author::UCgJNFj5dnxXpcMvmuhZDPxA,1
author::UCW-JC6lebVmf2P1dmY_L94g,author::UCpsKOkt5iWTbenzeuq7dsmQ,1
author::UCW-JC6lebVmf2P1dmY_L94g,author::UCkbsS_3D-pvg1iHOld9uvIg,1
author::UCW-JC6lebVmf2P1dmY_L94g,author::UCwjUvRseNtJoItylIyIez7Q,1
author::UCW-JC6lebVmf2P1dmY_L94g,author::UClhMWQ7XKWywYvbRnuf8QsA,1
author::UCW-JC6lebVmf2P1dmY_L94g,author::UCe8JZoYkX5oKUZyivHYdXhw,1
author::UCW-JC6lebVmf2P1dmY_L94g,author::UCaKAjTW9MVub_clgr4DRYjQ,1
author::UCW-JC6lebVmf2P1dmY_L94g,author::UCpe5jW3MIqkgTJ-PgkzvM6Q,1
author::UCW-JC6lebVmf2P1dmY_L94g,author::UCylqlpsh8ENNM1LqgQ1KbxA,1
author::UCW-JC6lebVmf2P1dmY_L94g,author::UCZeIIQrGAedW8tCbKWmGY-A,1
author::UCW-JC6lebVmf2P1dmY_L94g,author::UCW80DaMjQlEUibC98Cot-Dg,1
author::UCW80DaMjQlEUibC98Cot-Dg,author::UCwgCc9Jd_gG-uLE_SY-FfPg,1
author::UCW80DaMjQlEUibC98Cot-Dg,author::UColMq7LmaoY3MT6aIDGrGvA,1
author::UCW80DaMjQlEUibC98Cot-Dg,author::UCiC-Jn7wdgyQV4_Urk0DkWQ,1
author::UCW80DaMjQlEUibC98Cot-Dg,author::UCgQw_Sbq3ugruDUKsq1e0-A,1
author::UCW80DaMjQlEUibC98Cot-Dg,author::UCdFlugHJJa4l3YqWuNRmvXw,1
author::UCW80DaMjQlEUibC98Cot-Dg,author::UCeDNEtI8_a42bZ47wJiJMwQ,1
author::UCW80DaMjQlEUibC98Cot-Dg,author::UCu8_3-Wg-YzNyvHYQDEscfw,1
author::UCW80DaMjQlEUibC98Cot-Dg,author::UCkVtmkK07b2zaVVNssX4lOg,1
author::UCW80DaMjQlEUibC98Cot-Dg,author::UCqCrvuoJpC-aVb0f4logQRQ,1
author::UCW80DaMjQlEUibC98Cot-Dg,author::UCsGoJEvb-cFPZ2rWoJcXzEQ,1
author::UCW80DaMjQlEUibC98Cot-Dg,author::UCuXmOjxC-htcprLgeVXz6Tg,1
author::UCW80DaMjQlEUibC98Cot-Dg,author::UCWoAVGVqCn4xtINCMOTM4jg,1
author::UCW80DaMjQlEUibC98Cot-Dg,author::UClqA491Xa5fQcXcJJa-vTWw,1
author::UCW80DaMjQlEUibC98Cot-Dg,author::UC_LYoGs5C3mbZKZuKuqYCvw,1
author::UCW80DaMjQlEUibC98Cot-Dg,author::UCgJNFj5dnxXpcMvmuhZDPxA,1
author::UCW80DaMjQlEUibC98Cot-Dg,author::UCpsKOkt5iWTbenzeuq7dsmQ,1
author::UCW80DaMjQlEUibC98Cot-Dg,author::UCkbsS_3D-pvg1iHOld9uvIg,1
author::UCW80DaMjQlEUibC98Cot-Dg,author::UCwjUvRseNtJoItylIyIez7Q,1
author::UCW80DaMjQlEUibC98Cot-Dg,author::UClhMWQ7XKWywYvbRnuf8QsA,1
author::UCW80DaMjQlEUibC98Cot-Dg,author::UCe8JZoYkX5oKUZyivHYdXhw,1
author::UCW80DaMjQlEUibC98Cot-Dg,author::UCaKAjTW9MVub_clgr4DRYjQ,1
author::UCW80DaMjQlEUibC98Cot-Dg,author::UCpe5jW3MIqkgTJ-PgkzvM6Q,1
author::UCW80DaMjQlEUibC98Cot-Dg,author::UCylqlpsh8ENNM1LqgQ1KbxA,1
author::UCW80DaMjQlEUibC98Cot-Dg,author::UCZeIIQrGAedW8tCbKWmGY-A,1
author::UCWIZUtKJ636y-4TYrNvok0g,author::UCXgr7vXlRrsaskPdo097kGA,1
author::UCWIZUtKJ636y-4TYrNvok0g,author::UCwO2SXr0ggzwg6QWWrr01nQ,1
author::UCWIZUtKJ636y-4TYrNvok0g,author::UCipetjeiWj4CZB6EbyYziZg,1
author::UCWIZUtKJ636y-4TYrNvok0g,author::UCueV9cTyTDwgQSec1x2dYgA,1
author::UCWIZUtKJ636y-4TYrNvok0g,author::UChep9kVb5gQmpodEEl10Xlg,1
author::UCWIZUtKJ636y-4TYrNvok0g,author::UCsJJAvrVGupdmhOqgtDp8dg,1
author::UCWIZUtKJ636y-4TYrNvok0g,author::UCjmPuazZJzscrwvk0QR9RVw,1
author::UCWIZUtKJ636y-4TYrNvok0g,author::UCzoL2l5H5eVlorWGH8AZfAg,1
author::UCWIZUtKJ636y-4TYrNvok0g,author::UCplrIQtaPj6au60_f2-mOYw,1
author::UCWIZUtKJ636y-4TYrNvok0g,author::UCj-LL25XJnjxepPKCc3NGog,1
author::UCWIZUtKJ636y-4TYrNvok0g,author::UCZLG9qH0tUjNhEGFIUt0CYw,1
author::UCWIZUtKJ636y-4TYrNvok0g,author::UCXXh7yg5KUFIWylTiKVEFKQ,1
author::UCWIZUtKJ636y-4TYrNvok0g,author::UCr1emrogPKkKTs_WTtx71xg,1
author::UCWIZUtKJ636y-4TYrNvok0g,author::UChs3tU2BcKOT0CezykvAsGw,1
author::UCWIZUtKJ636y-4TYrNvok0g,author::UCmvOgzmmXbjUthHy-WJ52hQ,1
author::UCWIZUtKJ636y-4TYrNvok0g,author::UCsjs5Hp_r86x1xbK6FAeqaA,1
author::UCWIZUtKJ636y-4TYrNvok0g,author::UCsUCN0Yq_UyTvKjOJLmNrnQ,1
author::UCWIZUtKJ636y-4TYrNvok0g,author::UCjSKM9j0Q7HLDr1hD6D-TUw,1
author::UCWIZUtKJ636y-4TYrNvok0g,author::UCiMythXHsw7eQEMykCdmMUA,1
author::UCWIZUtKJ636y-4TYrNvok0g,author::UCYwpX26TrCxq8TvbKGRYLXA,1
author::UCWIZUtKJ636y-4TYrNvok0g,author::UCxff05WuyvwELNITi7bj7UA,1
author::UCWIZUtKJ636y-4TYrNvok0g,author::UCrJn_rbo_ENAdeqneS-RmRw,1
author::UCWIZUtKJ636y-4TYrNvok0g,author::UCl0ekS9Tt0jJGtOEM18S63w,1
author::UCWIZUtKJ636y-4TYrNvok0g,author::UCut6b9S98nv84cVX89PmKzA,1
author::UCWIZUtKJ636y-4TYrNvok0g,author::UCi1b_TRQfgO1Z9O2gNGGWNA,1
author::UCWIZUtKJ636y-4TYrNvok0g,author::UCYN4wSQ1Sx4_LurxLlW7MPg,1
author::UCWIZUtKJ636y-4TYrNvok0g,author::UCpIdtvoFHVLGASGB5ySqIEA,1
author::UCWIZUtKJ636y-4TYrNvok0g,author::UCtNfIBnc5S5DbbQj_yxgJTw,1
author::UCWIZUtKJ636y-4TYrNvok0g,author::UCgvw7xIdGFupzpt1Y_BFkEA,1
author::UCWIZUtKJ636y-4TYrNvok0g,author::UCpsKOkt5iWTbenzeuq7dsmQ,1
author::UCWIZUtKJ636y-4TYrNvok0g,author::UCwW2OFy95P7ZBkOPxWkpvYg,1
author::UCWIZUtKJ636y-4TYrNvok0g,author::UCiGRBf2RNF0WRKhRVT7zFoA,1
author::UCWIZUtKJ636y-4TYrNvok0g,author::UCcfdg8crmMJwEuLUsAhV7yg,1
author::UCWIZUtKJ636y-4TYrNvok0g,author::UCkd9W714-947dEE6ZOEBATA,1
author::UCWIZUtKJ636y-4TYrNvok0g,author::UCZ51R_9Q9C0c8I3pAWhtmjQ,1
author::UCWIZUtKJ636y-4TYrNvok0g,author::UCzSfZlOVxBSs5ObD25ywxDQ,1
author::UCWIZUtKJ636y-4TYrNvok0g,author::UCwha8rxULYMVtNwZWeSkE1A,1
author::UCWIZUtKJ636y-4TYrNvok0g,author::UChgkn5Jt5tWKYMoEOuCjz3Q,1
author::UCWIZUtKJ636y-4TYrNvok0g,author::UCvApqeCbLod-wejtT4CcVuA,1
author::UCWIZUtKJ636y-4TYrNvok0g,author::UCfM3nrxtTQMY5jFx1v1J4Gg,1
author::UCWIZUtKJ636y-4TYrNvok0g,author::UCz3gu01bmjNv0DpRq-K3XYg,1
author::UCWIZUtKJ636y-4TYrNvok0g,author::UCySYJU5kUh7X8gVt9la2ISA,1
author::UCWIZUtKJ636y-4TYrNvok0g,author::UCXSkL3ejZ8qWYyF_M7s_QKA,1
author::UCWIZUtKJ636y-4TYrNvok0g,author::UChZknRmJkeGeQk0-mQuhDOg,1
author::UCWIZUtKJ636y-4TYrNvok0g,author::UCXr8_5WtGeipe4haOoQDgyQ,1
author::UCWIZUtKJ636y-4TYrNvok0g,author::UCljDbleJul41G1TzOjOZAVA,1
author::UCWIZUtKJ636y-4TYrNvok0g,author::UCujPF2nBgsTD62nWE3lcpIg,1
author::UCWIZUtKJ636y-4TYrNvok0g,author::UCmjppp6ujz3SAnULvP3sZMw,1
author::UCWIZUtKJ636y-4TYrNvok0g,author::UCylqlpsh8ENNM1LqgQ1KbxA,1
author::UCWIZUtKJ636y-4TYrNvok0g,author::UCp4iw5_5SmV9VGTFSNVGOmQ,1
author::UCWIZUtKJ636y-4TYrNvok0g,author::UCpl8rF8uv_8uui-QRvuJaRA,1
author::UCWIZUtKJ636y-4TYrNvok0g,author::UCh5ESQvtzyHDhCA7XyekCFA,1
author::UCWIZUtKJ636y-4TYrNvok0g,author::UCsSXdJct-nsS8DsABoEsaYA,1
author::UCWIZUtKJ636y-4TYrNvok0g,author::UCtUR3_CAiE7fCoZHM6cMfyQ,1
author::UCWaRixDdpgllTBf4V0jPnKQ,author::UCeQk-WfEA-cJRq4EKeE7TOw,1
author::UCWaRixDdpgllTBf4V0jPnKQ,author::UCoGdCoJg2Lh0OX_jv6cG16g,1
author::UCWaRixDdpgllTBf4V0jPnKQ,author::UCheEJ5GZuIvV0fj-nXyVwXw,1
author::UCWaRixDdpgllTBf4V0jPnKQ,author::UCtsxPYw8VUsH_FfnKg-0lmw,1
author::UCWaRixDdpgllTBf4V0jPnKQ,author::UCgGqw4aqMdMVSGkKiMgrJRQ,1
author::UCWaRixDdpgllTBf4V0jPnKQ,author::UCql1n3Ey6ULMSOACjMe-fxQ,1
author::UCWaRixDdpgllTBf4V0jPnKQ,author::UCZFQwqh90apuL8eFhvRBkUg,1
author::UCWaRixDdpgllTBf4V0jPnKQ,author::UCjZgFEowMBrsjodqfovzdKw,1
author::UCWaRixDdpgllTBf4V0jPnKQ,author::UCwxoKK59nGCeBqB2sXfDBIw,1
author::UCWaRixDdpgllTBf4V0jPnKQ,author::UCa36MjQLoPAmgJo-R3G8WQA,1
author::UCWaRixDdpgllTBf4V0jPnKQ,author::UCp29O_C7cchZV8IxV7Crdag,1
author::UCWaRixDdpgllTBf4V0jPnKQ,author::UChyps3dqY-VY1_wLeq-2lhw,1
author::UCWaRixDdpgllTBf4V0jPnKQ,author::UCiOZX__1gahg1ypIj0_XG_w,1
author::UCWaRixDdpgllTBf4V0jPnKQ,author::UCvDwJBBY1mHK70aTEYl6rsA,1
author::UCWaRixDdpgllTBf4V0jPnKQ,author::UCfo_yUPzy1f1POwwZxhZ06Q,1
author::UCWaRixDdpgllTBf4V0jPnKQ,author::UCtCtts20bW6F9CSohau51Iw,1
author::UCWaRixDdpgllTBf4V0jPnKQ,author::UCWvntqPQx99k_Z_skWKqNSA,1
author::UCWaRixDdpgllTBf4V0jPnKQ,author::UCzZ6dDCEsLMXbc5pCFXIprw,1
author::UCWaRixDdpgllTBf4V0jPnKQ,author::UCyJhqmMbsvjpoarBBStA2kg,1
author::UCWaRixDdpgllTBf4V0jPnKQ,author::UCaT4saRcyqCLE657Rq2hhZQ,1
author::UCWoAVGVqCn4xtINCMOTM4jg,author::UCwgCc9Jd_gG-uLE_SY-FfPg,1
author::UCWoAVGVqCn4xtINCMOTM4jg,author::UColMq7LmaoY3MT6aIDGrGvA,1
author::UCWoAVGVqCn4xtINCMOTM4jg,author::UCiC-Jn7wdgyQV4_Urk0DkWQ,1
author::UCWoAVGVqCn4xtINCMOTM4jg,author::UCgQw_Sbq3ugruDUKsq1e0-A,1
author::UCWoAVGVqCn4xtINCMOTM4jg,author::UCdFlugHJJa4l3YqWuNRmvXw,1
author::UCWoAVGVqCn4xtINCMOTM4jg,author::UCeDNEtI8_a42bZ47wJiJMwQ,1
author::UCWoAVGVqCn4xtINCMOTM4jg,author::UCu8_3-Wg-YzNyvHYQDEscfw,1
author::UCWoAVGVqCn4xtINCMOTM4jg,author::UCkVtmkK07b2zaVVNssX4lOg,1
author::UCWoAVGVqCn4xtINCMOTM4jg,author::UCqCrvuoJpC-aVb0f4logQRQ,1
author::UCWoAVGVqCn4xtINCMOTM4jg,author::UCsGoJEvb-cFPZ2rWoJcXzEQ,1
author::UCWoAVGVqCn4xtINCMOTM4jg,author::UCuXmOjxC-htcprLgeVXz6Tg,1
author::UCWoAVGVqCn4xtINCMOTM4jg,author::UClqA491Xa5fQcXcJJa-vTWw,1
author::UCWoAVGVqCn4xtINCMOTM4jg,author::UC_LYoGs5C3mbZKZuKuqYCvw,1
author::UCWoAVGVqCn4xtINCMOTM4jg,author::UCgJNFj5dnxXpcMvmuhZDPxA,1
author::UCWoAVGVqCn4xtINCMOTM4jg,author::UCpsKOkt5iWTbenzeuq7dsmQ,1
author::UCWoAVGVqCn4xtINCMOTM4jg,author::UCkbsS_3D-pvg1iHOld9uvIg,1
author::UCWoAVGVqCn4xtINCMOTM4jg,author::UCwjUvRseNtJoItylIyIez7Q,1
author::UCWoAVGVqCn4xtINCMOTM4jg,author::UClhMWQ7XKWywYvbRnuf8QsA,1
author::UCWoAVGVqCn4xtINCMOTM4jg,author::UCe8JZoYkX5oKUZyivHYdXhw,1
author::UCWoAVGVqCn4xtINCMOTM4jg,author::UCaKAjTW9MVub_clgr4DRYjQ,1
author::UCWoAVGVqCn4xtINCMOTM4jg,author::UCpe5jW3MIqkgTJ-PgkzvM6Q,1
author::UCWoAVGVqCn4xtINCMOTM4jg,author::UCylqlpsh8ENNM1LqgQ1KbxA,1
author::UCWoAVGVqCn4xtINCMOTM4jg,author::UCZeIIQrGAedW8tCbKWmGY-A,1
author::UCWvntqPQx99k_Z_skWKqNSA,author::UCeQk-WfEA-cJRq4EKeE7TOw,1
author::UCWvntqPQx99k_Z_skWKqNSA,author::UCoGdCoJg2Lh0OX_jv6cG16g,1
author::UCWvntqPQx99k_Z_skWKqNSA,author::UCheEJ5GZuIvV0fj-nXyVwXw,1
author::UCWvntqPQx99k_Z_skWKqNSA,author::UCtsxPYw8VUsH_FfnKg-0lmw,1
author::UCWvntqPQx99k_Z_skWKqNSA,author::UCgGqw4aqMdMVSGkKiMgrJRQ,1
author::UCWvntqPQx99k_Z_skWKqNSA,author::UCql1n3Ey6ULMSOACjMe-fxQ,1
author::UCWvntqPQx99k_Z_skWKqNSA,author::UCZFQwqh90apuL8eFhvRBkUg,1
author::UCWvntqPQx99k_Z_skWKqNSA,author::UCjZgFEowMBrsjodqfovzdKw,1
author::UCWvntqPQx99k_Z_skWKqNSA,author::UCwxoKK59nGCeBqB2sXfDBIw,1
author::UCWvntqPQx99k_Z_skWKqNSA,author::UCa36MjQLoPAmgJo-R3G8WQA,1
author::UCWvntqPQx99k_Z_skWKqNSA,author::UCp29O_C7cchZV8IxV7Crdag,1
author::UCWvntqPQx99k_Z_skWKqNSA,author::UChyps3dqY-VY1_wLeq-2lhw,1
author::UCWvntqPQx99k_Z_skWKqNSA,author::UCiOZX__1gahg1ypIj0_XG_w,1
author::UCWvntqPQx99k_Z_skWKqNSA,author::UCvDwJBBY1mHK70aTEYl6rsA,1
author::UCWvntqPQx99k_Z_skWKqNSA,author::UCfo_yUPzy1f1POwwZxhZ06Q,1
author::UCWvntqPQx99k_Z_skWKqNSA,author::UCtCtts20bW6F9CSohau51Iw,1
author::UCWvntqPQx99k_Z_skWKqNSA,author::UCzZ6dDCEsLMXbc5pCFXIprw,1
author::UCWvntqPQx99k_Z_skWKqNSA,author::UCyJhqmMbsvjpoarBBStA2kg,1
author::UCWvntqPQx99k_Z_skWKqNSA,author::UCaT4saRcyqCLE657Rq2hhZQ,1
author::UCXN2s7DwTJm33xO-pNkAdaA,author::UCq3mDTTRZnUybct5M9OSXbg,1
author::UCXN2s7DwTJm33xO-pNkAdaA,author::UC_3xuTXvMIWU5MYP9HkJ3vQ,1
author::UCXN2s7DwTJm33xO-pNkAdaA,author::UCfXykdbSU97rj987LDUGfvg,1
author::UCXN2s7DwTJm33xO-pNkAdaA,author::UCjZgFEowMBrsjodqfovzdKw,1
author::UCXN2s7DwTJm33xO-pNkAdaA,author::UCfjhejO7LZy4doXURa7LZCQ,1
author::UCXN2s7DwTJm33xO-pNkAdaA,author::UCwCfs-2zbD5k0lG-UVg_JBw,1
author::UCXN2s7DwTJm33xO-pNkAdaA,author::UCvl1tzQeBeGy6efPTRJXSCw,1
author::UCXO1BBohNWXkK9SBDAG2ySg,author::UCbrtvygfRT6QXqWDNrOf-cA,1
author::UCXO1BBohNWXkK9SBDAG2ySg,author::UCdQAuWwyC99MB7Y02Umj26Q,1
author::UCXO1BBohNWXkK9SBDAG2ySg,author::UCkxdJ_yGN2gghOMo2ybQtXQ,1
author::UCXO1BBohNWXkK9SBDAG2ySg,author::UChT7pzGytNd92Nmvi-zuWog,1
author::UCXO1BBohNWXkK9SBDAG2ySg,author::UCc_F88PzGWtA1OPNUEASulA,1
author::UCXO1BBohNWXkK9SBDAG2ySg,author::UCvcu1kR8xMYy_I1Ty-2mV2Q,1
author::UCXO1BBohNWXkK9SBDAG2ySg,author::UCxcoDvP-g2_KTZDmVZtvb3w,1
author::UCXO1BBohNWXkK9SBDAG2ySg,author::UCXVLc8CmAO813ubM-fLvCDw,1
author::UCXO1BBohNWXkK9SBDAG2ySg,author::UCcFIBN-rtC3d3hXeuN5TfWw,1
author::UCXO1BBohNWXkK9SBDAG2ySg,author::UCefAH1MbvADWUjE9WVcB9EQ,1
author::UCXO1BBohNWXkK9SBDAG2ySg,author::UCXl30Y_upRqbti52fmjK4YA,1
author::UCXO1BBohNWXkK9SBDAG2ySg,author::UCwEe1RKlEv1UpNWmWYfSh4w,1
author::UCXSkL3ejZ8qWYyF_M7s_QKA,author::UCXgr7vXlRrsaskPdo097kGA,1
author::UCXSkL3ejZ8qWYyF_M7s_QKA,author::UCwO2SXr0ggzwg6QWWrr01nQ,1
author::UCXSkL3ejZ8qWYyF_M7s_QKA,author::UCipetjeiWj4CZB6EbyYziZg,1
author::UCXSkL3ejZ8qWYyF_M7s_QKA,author::UCueV9cTyTDwgQSec1x2dYgA,1
author::UCXSkL3ejZ8qWYyF_M7s_QKA,author::UChep9kVb5gQmpodEEl10Xlg,1
author::UCXSkL3ejZ8qWYyF_M7s_QKA,author::UCsJJAvrVGupdmhOqgtDp8dg,1
author::UCXSkL3ejZ8qWYyF_M7s_QKA,author::UCjmPuazZJzscrwvk0QR9RVw,1
author::UCXSkL3ejZ8qWYyF_M7s_QKA,author::UCzoL2l5H5eVlorWGH8AZfAg,1
author::UCXSkL3ejZ8qWYyF_M7s_QKA,author::UCplrIQtaPj6au60_f2-mOYw,1
author::UCXSkL3ejZ8qWYyF_M7s_QKA,author::UCj-LL25XJnjxepPKCc3NGog,1
author::UCXSkL3ejZ8qWYyF_M7s_QKA,author::UCZLG9qH0tUjNhEGFIUt0CYw,1
author::UCXSkL3ejZ8qWYyF_M7s_QKA,author::UCXXh7yg5KUFIWylTiKVEFKQ,1
author::UCXSkL3ejZ8qWYyF_M7s_QKA,author::UCr1emrogPKkKTs_WTtx71xg,1
author::UCXSkL3ejZ8qWYyF_M7s_QKA,author::UChs3tU2BcKOT0CezykvAsGw,1
author::UCXSkL3ejZ8qWYyF_M7s_QKA,author::UCmvOgzmmXbjUthHy-WJ52hQ,1
author::UCXSkL3ejZ8qWYyF_M7s_QKA,author::UCsjs5Hp_r86x1xbK6FAeqaA,1
author::UCXSkL3ejZ8qWYyF_M7s_QKA,author::UCsUCN0Yq_UyTvKjOJLmNrnQ,1
author::UCXSkL3ejZ8qWYyF_M7s_QKA,author::UCjSKM9j0Q7HLDr1hD6D-TUw,1
author::UCXSkL3ejZ8qWYyF_M7s_QKA,author::UCiMythXHsw7eQEMykCdmMUA,1
author::UCXSkL3ejZ8qWYyF_M7s_QKA,author::UCYwpX26TrCxq8TvbKGRYLXA,1
author::UCXSkL3ejZ8qWYyF_M7s_QKA,author::UCxff05WuyvwELNITi7bj7UA,1
author::UCXSkL3ejZ8qWYyF_M7s_QKA,author::UCrJn_rbo_ENAdeqneS-RmRw,1
author::UCXSkL3ejZ8qWYyF_M7s_QKA,author::UCl0ekS9Tt0jJGtOEM18S63w,1
author::UCXSkL3ejZ8qWYyF_M7s_QKA,author::UCut6b9S98nv84cVX89PmKzA,1
author::UCXSkL3ejZ8qWYyF_M7s_QKA,author::UCi1b_TRQfgO1Z9O2gNGGWNA,1
author::UCXSkL3ejZ8qWYyF_M7s_QKA,author::UCYN4wSQ1Sx4_LurxLlW7MPg,1
author::UCXSkL3ejZ8qWYyF_M7s_QKA,author::UCpIdtvoFHVLGASGB5ySqIEA,1
author::UCXSkL3ejZ8qWYyF_M7s_QKA,author::UCtNfIBnc5S5DbbQj_yxgJTw,1
author::UCXSkL3ejZ8qWYyF_M7s_QKA,author::UCgvw7xIdGFupzpt1Y_BFkEA,1
author::UCXSkL3ejZ8qWYyF_M7s_QKA,author::UCpsKOkt5iWTbenzeuq7dsmQ,1
author::UCXSkL3ejZ8qWYyF_M7s_QKA,author::UCwW2OFy95P7ZBkOPxWkpvYg,1
author::UCXSkL3ejZ8qWYyF_M7s_QKA,author::UCiGRBf2RNF0WRKhRVT7zFoA,1
author::UCXSkL3ejZ8qWYyF_M7s_QKA,author::UCcfdg8crmMJwEuLUsAhV7yg,1
author::UCXSkL3ejZ8qWYyF_M7s_QKA,author::UCkd9W714-947dEE6ZOEBATA,1
author::UCXSkL3ejZ8qWYyF_M7s_QKA,author::UCZ51R_9Q9C0c8I3pAWhtmjQ,1
author::UCXSkL3ejZ8qWYyF_M7s_QKA,author::UCzSfZlOVxBSs5ObD25ywxDQ,1
author::UCXSkL3ejZ8qWYyF_M7s_QKA,author::UCwha8rxULYMVtNwZWeSkE1A,1
author::UCXSkL3ejZ8qWYyF_M7s_QKA,author::UChgkn5Jt5tWKYMoEOuCjz3Q,1
author::UCXSkL3ejZ8qWYyF_M7s_QKA,author::UCvApqeCbLod-wejtT4CcVuA,1
author::UCXSkL3ejZ8qWYyF_M7s_QKA,author::UCfM3nrxtTQMY5jFx1v1J4Gg,1
author::UCXSkL3ejZ8qWYyF_M7s_QKA,author::UCz3gu01bmjNv0DpRq-K3XYg,1
author::UCXSkL3ejZ8qWYyF_M7s_QKA,author::UCySYJU5kUh7X8gVt9la2ISA,1
author::UCXSkL3ejZ8qWYyF_M7s_QKA,author::UChZknRmJkeGeQk0-mQuhDOg,1
author::UCXSkL3ejZ8qWYyF_M7s_QKA,author::UCXr8_5WtGeipe4haOoQDgyQ,1
author::UCXSkL3ejZ8qWYyF_M7s_QKA,author::UCljDbleJul41G1TzOjOZAVA,1
author::UCXSkL3ejZ8qWYyF_M7s_QKA,author::UCujPF2nBgsTD62nWE3lcpIg,1
author::UCXSkL3ejZ8qWYyF_M7s_QKA,author::UCmjppp6ujz3SAnULvP3sZMw,1
author::UCXSkL3ejZ8qWYyF_M7s_QKA,author::UCylqlpsh8ENNM1LqgQ1KbxA,1
author::UCXSkL3ejZ8qWYyF_M7s_QKA,author::UCp4iw5_5SmV9VGTFSNVGOmQ,1
author::UCXSkL3ejZ8qWYyF_M7s_QKA,author::UCpl8rF8uv_8uui-QRvuJaRA,1
author::UCXSkL3ejZ8qWYyF_M7s_QKA,author::UCh5ESQvtzyHDhCA7XyekCFA,1
author::UCXSkL3ejZ8qWYyF_M7s_QKA,author::UCsSXdJct-nsS8DsABoEsaYA,1
author::UCXSkL3ejZ8qWYyF_M7s_QKA,author::UCtUR3_CAiE7fCoZHM6cMfyQ,1
author::UCXVLc8CmAO813ubM-fLvCDw,author::UCbrtvygfRT6QXqWDNrOf-cA,1
author::UCXVLc8CmAO813ubM-fLvCDw,author::UCdQAuWwyC99MB7Y02Umj26Q,1
author::UCXVLc8CmAO813ubM-fLvCDw,author::UCkxdJ_yGN2gghOMo2ybQtXQ,1
author::UCXVLc8CmAO813ubM-fLvCDw,author::UChT7pzGytNd92Nmvi-zuWog,1
author::UCXVLc8CmAO813ubM-fLvCDw,author::UCc_F88PzGWtA1OPNUEASulA,1
author::UCXVLc8CmAO813ubM-fLvCDw,author::UCvcu1kR8xMYy_I1Ty-2mV2Q,1
author::UCXVLc8CmAO813ubM-fLvCDw,author::UCxcoDvP-g2_KTZDmVZtvb3w,1
author::UCXVLc8CmAO813ubM-fLvCDw,author::UCcFIBN-rtC3d3hXeuN5TfWw,1
author::UCXVLc8CmAO813ubM-fLvCDw,author::UCefAH1MbvADWUjE9WVcB9EQ,1
author::UCXVLc8CmAO813ubM-fLvCDw,author::UCXl30Y_upRqbti52fmjK4YA,1
author::UCXVLc8CmAO813ubM-fLvCDw,author::UCwEe1RKlEv1UpNWmWYfSh4w,1
author::UCXXh7yg5KUFIWylTiKVEFKQ,author::UCXgr7vXlRrsaskPdo097kGA,1
author::UCXXh7yg5KUFIWylTiKVEFKQ,author::UCwO2SXr0ggzwg6QWWrr01nQ,1
author::UCXXh7yg5KUFIWylTiKVEFKQ,author::UCipetjeiWj4CZB6EbyYziZg,1
author::UCXXh7yg5KUFIWylTiKVEFKQ,author::UCueV9cTyTDwgQSec1x2dYgA,1
author::UCXXh7yg5KUFIWylTiKVEFKQ,author::UChep9kVb5gQmpodEEl10Xlg,1
author::UCXXh7yg5KUFIWylTiKVEFKQ,author::UCsJJAvrVGupdmhOqgtDp8dg,1
author::UCXXh7yg5KUFIWylTiKVEFKQ,author::UCjmPuazZJzscrwvk0QR9RVw,1
author::UCXXh7yg5KUFIWylTiKVEFKQ,author::UCzoL2l5H5eVlorWGH8AZfAg,1
author::UCXXh7yg5KUFIWylTiKVEFKQ,author::UCplrIQtaPj6au60_f2-mOYw,1
author::UCXXh7yg5KUFIWylTiKVEFKQ,author::UCj-LL25XJnjxepPKCc3NGog,1
author::UCXXh7yg5KUFIWylTiKVEFKQ,author::UCZLG9qH0tUjNhEGFIUt0CYw,1
author::UCXXh7yg5KUFIWylTiKVEFKQ,author::UCr1emrogPKkKTs_WTtx71xg,1
author::UCXXh7yg5KUFIWylTiKVEFKQ,author::UChs3tU2BcKOT0CezykvAsGw,1
author::UCXXh7yg5KUFIWylTiKVEFKQ,author::UCmvOgzmmXbjUthHy-WJ52hQ,1
author::UCXXh7yg5KUFIWylTiKVEFKQ,author::UCsjs5Hp_r86x1xbK6FAeqaA,1
author::UCXXh7yg5KUFIWylTiKVEFKQ,author::UCsUCN0Yq_UyTvKjOJLmNrnQ,1
author::UCXXh7yg5KUFIWylTiKVEFKQ,author::UCjSKM9j0Q7HLDr1hD6D-TUw,1
author::UCXXh7yg5KUFIWylTiKVEFKQ,author::UCiMythXHsw7eQEMykCdmMUA,1
author::UCXXh7yg5KUFIWylTiKVEFKQ,author::UCYwpX26TrCxq8TvbKGRYLXA,1
author::UCXXh7yg5KUFIWylTiKVEFKQ,author::UCxff05WuyvwELNITi7bj7UA,1
author::UCXXh7yg5KUFIWylTiKVEFKQ,author::UCrJn_rbo_ENAdeqneS-RmRw,1
author::UCXXh7yg5KUFIWylTiKVEFKQ,author::UCl0ekS9Tt0jJGtOEM18S63w,1
author::UCXXh7yg5KUFIWylTiKVEFKQ,author::UCut6b9S98nv84cVX89PmKzA,1
author::UCXXh7yg5KUFIWylTiKVEFKQ,author::UCi1b_TRQfgO1Z9O2gNGGWNA,1
author::UCXXh7yg5KUFIWylTiKVEFKQ,author::UCYN4wSQ1Sx4_LurxLlW7MPg,1
author::UCXXh7yg5KUFIWylTiKVEFKQ,author::UCpIdtvoFHVLGASGB5ySqIEA,1
author::UCXXh7yg5KUFIWylTiKVEFKQ,author::UCtNfIBnc5S5DbbQj_yxgJTw,1
author::UCXXh7yg5KUFIWylTiKVEFKQ,author::UCgvw7xIdGFupzpt1Y_BFkEA,1
author::UCXXh7yg5KUFIWylTiKVEFKQ,author::UCpsKOkt5iWTbenzeuq7dsmQ,1
author::UCXXh7yg5KUFIWylTiKVEFKQ,author::UCwW2OFy95P7ZBkOPxWkpvYg,1
author::UCXXh7yg5KUFIWylTiKVEFKQ,author::UCiGRBf2RNF0WRKhRVT7zFoA,1
author::UCXXh7yg5KUFIWylTiKVEFKQ,author::UCcfdg8crmMJwEuLUsAhV7yg,1
author::UCXXh7yg5KUFIWylTiKVEFKQ,author::UCkd9W714-947dEE6ZOEBATA,1
author::UCXXh7yg5KUFIWylTiKVEFKQ,author::UCZ51R_9Q9C0c8I3pAWhtmjQ,1
author::UCXXh7yg5KUFIWylTiKVEFKQ,author::UCzSfZlOVxBSs5ObD25ywxDQ,1
author::UCXXh7yg5KUFIWylTiKVEFKQ,author::UCwha8rxULYMVtNwZWeSkE1A,1
author::UCXXh7yg5KUFIWylTiKVEFKQ,author::UChgkn5Jt5tWKYMoEOuCjz3Q,1
author::UCXXh7yg5KUFIWylTiKVEFKQ,author::UCvApqeCbLod-wejtT4CcVuA,1
author::UCXXh7yg5KUFIWylTiKVEFKQ,author::UCfM3nrxtTQMY5jFx1v1J4Gg,1
author::UCXXh7yg5KUFIWylTiKVEFKQ,author::UCz3gu01bmjNv0DpRq-K3XYg,1
author::UCXXh7yg5KUFIWylTiKVEFKQ,author::UCySYJU5kUh7X8gVt9la2ISA,1
author::UCXXh7yg5KUFIWylTiKVEFKQ,author::UChZknRmJkeGeQk0-mQuhDOg,1
author::UCXXh7yg5KUFIWylTiKVEFKQ,author::UCXr8_5WtGeipe4haOoQDgyQ,1
author::UCXXh7yg5KUFIWylTiKVEFKQ,author::UCljDbleJul41G1TzOjOZAVA,1
author::UCXXh7yg5KUFIWylTiKVEFKQ,author::UCujPF2nBgsTD62nWE3lcpIg,1
author::UCXXh7yg5KUFIWylTiKVEFKQ,author::UCmjppp6ujz3SAnULvP3sZMw,1
author::UCXXh7yg5KUFIWylTiKVEFKQ,author::UCylqlpsh8ENNM1LqgQ1KbxA,1
author::UCXXh7yg5KUFIWylTiKVEFKQ,author::UCp4iw5_5SmV9VGTFSNVGOmQ,1
author::UCXXh7yg5KUFIWylTiKVEFKQ,author::UCpl8rF8uv_8uui-QRvuJaRA,1
author::UCXXh7yg5KUFIWylTiKVEFKQ,author::UCh5ESQvtzyHDhCA7XyekCFA,1
author::UCXXh7yg5KUFIWylTiKVEFKQ,author::UCsSXdJct-nsS8DsABoEsaYA,1
author::UCXXh7yg5KUFIWylTiKVEFKQ,author::UCtUR3_CAiE7fCoZHM6cMfyQ,1
author::UCXgr7vXlRrsaskPdo097kGA,author::UCwO2SXr0ggzwg6QWWrr01nQ,1
author::UCXgr7vXlRrsaskPdo097kGA,author::UCipetjeiWj4CZB6EbyYziZg,1
author::UCXgr7vXlRrsaskPdo097kGA,author::UCueV9cTyTDwgQSec1x2dYgA,1
author::UCXgr7vXlRrsaskPdo097kGA,author::UChep9kVb5gQmpodEEl10Xlg,1
author::UCXgr7vXlRrsaskPdo097kGA,author::UCsJJAvrVGupdmhOqgtDp8dg,1
author::UCXgr7vXlRrsaskPdo097kGA,author::UCjmPuazZJzscrwvk0QR9RVw,1
author::UCXgr7vXlRrsaskPdo097kGA,author::UCzoL2l5H5eVlorWGH8AZfAg,1
author::UCXgr7vXlRrsaskPdo097kGA,author::UCplrIQtaPj6au60_f2-mOYw,1
author::UCXgr7vXlRrsaskPdo097kGA,author::UCj-LL25XJnjxepPKCc3NGog,1
author::UCXgr7vXlRrsaskPdo097kGA,author::UCZLG9qH0tUjNhEGFIUt0CYw,1
author::UCXgr7vXlRrsaskPdo097kGA,author::UCr1emrogPKkKTs_WTtx71xg,1
author::UCXgr7vXlRrsaskPdo097kGA,author::UChs3tU2BcKOT0CezykvAsGw,1
author::UCXgr7vXlRrsaskPdo097kGA,author::UCmvOgzmmXbjUthHy-WJ52hQ,1
author::UCXgr7vXlRrsaskPdo097kGA,author::UCsjs5Hp_r86x1xbK6FAeqaA,1
author::UCXgr7vXlRrsaskPdo097kGA,author::UCsUCN0Yq_UyTvKjOJLmNrnQ,1
author::UCXgr7vXlRrsaskPdo097kGA,author::UCjSKM9j0Q7HLDr1hD6D-TUw,1
author::UCXgr7vXlRrsaskPdo097kGA,author::UCiMythXHsw7eQEMykCdmMUA,1
author::UCXgr7vXlRrsaskPdo097kGA,author::UCYwpX26TrCxq8TvbKGRYLXA,1
author::UCXgr7vXlRrsaskPdo097kGA,author::UCxff05WuyvwELNITi7bj7UA,1
author::UCXgr7vXlRrsaskPdo097kGA,author::UCrJn_rbo_ENAdeqneS-RmRw,1
author::UCXgr7vXlRrsaskPdo097kGA,author::UCl0ekS9Tt0jJGtOEM18S63w,1
author::UCXgr7vXlRrsaskPdo097kGA,author::UCut6b9S98nv84cVX89PmKzA,1
author::UCXgr7vXlRrsaskPdo097kGA,author::UCi1b_TRQfgO1Z9O2gNGGWNA,1
author::UCXgr7vXlRrsaskPdo097kGA,author::UCYN4wSQ1Sx4_LurxLlW7MPg,1
author::UCXgr7vXlRrsaskPdo097kGA,author::UCpIdtvoFHVLGASGB5ySqIEA,1
author::UCXgr7vXlRrsaskPdo097kGA,author::UCtNfIBnc5S5DbbQj_yxgJTw,1
author::UCXgr7vXlRrsaskPdo097kGA,author::UCgvw7xIdGFupzpt1Y_BFkEA,1
author::UCXgr7vXlRrsaskPdo097kGA,author::UCpsKOkt5iWTbenzeuq7dsmQ,1
author::UCXgr7vXlRrsaskPdo097kGA,author::UCwW2OFy95P7ZBkOPxWkpvYg,1
author::UCXgr7vXlRrsaskPdo097kGA,author::UCiGRBf2RNF0WRKhRVT7zFoA,1
author::UCXgr7vXlRrsaskPdo097kGA,author::UCcfdg8crmMJwEuLUsAhV7yg,1
author::UCXgr7vXlRrsaskPdo097kGA,author::UCkd9W714-947dEE6ZOEBATA,1
author::UCXgr7vXlRrsaskPdo097kGA,author::UCZ51R_9Q9C0c8I3pAWhtmjQ,1
author::UCXgr7vXlRrsaskPdo097kGA,author::UCzSfZlOVxBSs5ObD25ywxDQ,1
author::UCXgr7vXlRrsaskPdo097kGA,author::UCwha8rxULYMVtNwZWeSkE1A,1
author::UCXgr7vXlRrsaskPdo097kGA,author::UChgkn5Jt5tWKYMoEOuCjz3Q,1
author::UCXgr7vXlRrsaskPdo097kGA,author::UCvApqeCbLod-wejtT4CcVuA,1
author::UCXgr7vXlRrsaskPdo097kGA,author::UCfM3nrxtTQMY5jFx1v1J4Gg,1
author::UCXgr7vXlRrsaskPdo097kGA,author::UCz3gu01bmjNv0DpRq-K3XYg,1
author::UCXgr7vXlRrsaskPdo097kGA,author::UCySYJU5kUh7X8gVt9la2ISA,1
author::UCXgr7vXlRrsaskPdo097kGA,author::UChZknRmJkeGeQk0-mQuhDOg,1
author::UCXgr7vXlRrsaskPdo097kGA,author::UCXr8_5WtGeipe4haOoQDgyQ,1
author::UCXgr7vXlRrsaskPdo097kGA,author::UCljDbleJul41G1TzOjOZAVA,1
author::UCXgr7vXlRrsaskPdo097kGA,author::UCujPF2nBgsTD62nWE3lcpIg,1
author::UCXgr7vXlRrsaskPdo097kGA,author::UCmjppp6ujz3SAnULvP3sZMw,1
author::UCXgr7vXlRrsaskPdo097kGA,author::UCylqlpsh8ENNM1LqgQ1KbxA,1
author::UCXgr7vXlRrsaskPdo097kGA,author::UCp4iw5_5SmV9VGTFSNVGOmQ,1
author::UCXgr7vXlRrsaskPdo097kGA,author::UCpl8rF8uv_8uui-QRvuJaRA,1
author::UCXgr7vXlRrsaskPdo097kGA,author::UCh5ESQvtzyHDhCA7XyekCFA,1
author::UCXgr7vXlRrsaskPdo097kGA,author::UCsSXdJct-nsS8DsABoEsaYA,1
author::UCXgr7vXlRrsaskPdo097kGA,author::UCtUR3_CAiE7fCoZHM6cMfyQ,1
author::UCXl30Y_upRqbti52fmjK4YA,author::UCbrtvygfRT6QXqWDNrOf-cA,1
author::UCXl30Y_upRqbti52fmjK4YA,author::UCdQAuWwyC99MB7Y02Umj26Q,1
author::UCXl30Y_upRqbti52fmjK4YA,author::UCkxdJ_yGN2gghOMo2ybQtXQ,1
author::UCXl30Y_upRqbti52fmjK4YA,author::UChT7pzGytNd92Nmvi-zuWog,1
author::UCXl30Y_upRqbti52fmjK4YA,author::UCc_F88PzGWtA1OPNUEASulA,1
author::UCXl30Y_upRqbti52fmjK4YA,author::UCvcu1kR8xMYy_I1Ty-2mV2Q,1
author::UCXl30Y_upRqbti52fmjK4YA,author::UCxcoDvP-g2_KTZDmVZtvb3w,1
author::UCXl30Y_upRqbti52fmjK4YA,author::UCcFIBN-rtC3d3hXeuN5TfWw,1
author::UCXl30Y_upRqbti52fmjK4YA,author::UCefAH1MbvADWUjE9WVcB9EQ,1
author::UCXl30Y_upRqbti52fmjK4YA,author::UCwEe1RKlEv1UpNWmWYfSh4w,1
author::UCXmrpc6Li0spcKxtS0Q_ptg,author::UCY7Hq7F9Lnucf-Yr6JkHZNw,1
author::UCXmrpc6Li0spcKxtS0Q_ptg,author::UCaT6M2zp7X6r6Whd8Vv3kHQ,1
author::UCXmrpc6Li0spcKxtS0Q_ptg,author::UCxKR3RA8T-kxMgq_2WWhRcQ,1
author::UCXmrpc6Li0spcKxtS0Q_ptg,author::UCgLrWFdYitoP-b7-PxtUr-w,1
author::UCXmrpc6Li0spcKxtS0Q_ptg,author::UC_ljZ1hZXR9pzexFz87P5ZA,1
author::UCXmrpc6Li0spcKxtS0Q_ptg,author::UCqilIa8r7iek5sGYg_q6ofA,1
author::UCXmrpc6Li0spcKxtS0Q_ptg,author::UCtMBF_1O2jY2INlb_luuB_A,1
author::UCXmrpc6Li0spcKxtS0Q_ptg,author::UCi-vPdnpQreC7BkFs40mJGA,1
author::UCXmrpc6Li0spcKxtS0Q_ptg,author::UCyzf29IYjNw67gGIfsjgtxA,1
author::UCXmrpc6Li0spcKxtS0Q_ptg,author::UCs_5qeqdku9tGAq22y3OcuQ,1
author::UCXmrpc6Li0spcKxtS0Q_ptg,author::UCgLurCo-e019HGODcjXHWCw,1
author::UCXmrpc6Li0spcKxtS0Q_ptg,author::UCwUAv3_LpWVtTIi7lkmTL7A,1
author::UCXr8_5WtGeipe4haOoQDgyQ,author::UCwO2SXr0ggzwg6QWWrr01nQ,1
author::UCXr8_5WtGeipe4haOoQDgyQ,author::UCipetjeiWj4CZB6EbyYziZg,1
author::UCXr8_5WtGeipe4haOoQDgyQ,author::UCueV9cTyTDwgQSec1x2dYgA,1
author::UCXr8_5WtGeipe4haOoQDgyQ,author::UChep9kVb5gQmpodEEl10Xlg,1
author::UCXr8_5WtGeipe4haOoQDgyQ,author::UCsJJAvrVGupdmhOqgtDp8dg,1
author::UCXr8_5WtGeipe4haOoQDgyQ,author::UCjmPuazZJzscrwvk0QR9RVw,1
author::UCXr8_5WtGeipe4haOoQDgyQ,author::UCzoL2l5H5eVlorWGH8AZfAg,1
author::UCXr8_5WtGeipe4haOoQDgyQ,author::UCplrIQtaPj6au60_f2-mOYw,1
author::UCXr8_5WtGeipe4haOoQDgyQ,author::UCj-LL25XJnjxepPKCc3NGog,1
author::UCXr8_5WtGeipe4haOoQDgyQ,author::UCZLG9qH0tUjNhEGFIUt0CYw,1
author::UCXr8_5WtGeipe4haOoQDgyQ,author::UCr1emrogPKkKTs_WTtx71xg,1
author::UCXr8_5WtGeipe4haOoQDgyQ,author::UChs3tU2BcKOT0CezykvAsGw,1
author::UCXr8_5WtGeipe4haOoQDgyQ,author::UCmvOgzmmXbjUthHy-WJ52hQ,1
author::UCXr8_5WtGeipe4haOoQDgyQ,author::UCsjs5Hp_r86x1xbK6FAeqaA,1
author::UCXr8_5WtGeipe4haOoQDgyQ,author::UCsUCN0Yq_UyTvKjOJLmNrnQ,1
author::UCXr8_5WtGeipe4haOoQDgyQ,author::UCjSKM9j0Q7HLDr1hD6D-TUw,1
author::UCXr8_5WtGeipe4haOoQDgyQ,author::UCiMythXHsw7eQEMykCdmMUA,1
author::UCXr8_5WtGeipe4haOoQDgyQ,author::UCYwpX26TrCxq8TvbKGRYLXA,1
author::UCXr8_5WtGeipe4haOoQDgyQ,author::UCxff05WuyvwELNITi7bj7UA,1
author::UCXr8_5WtGeipe4haOoQDgyQ,author::UCrJn_rbo_ENAdeqneS-RmRw,1
author::UCXr8_5WtGeipe4haOoQDgyQ,author::UCl0ekS9Tt0jJGtOEM18S63w,1
author::UCXr8_5WtGeipe4haOoQDgyQ,author::UCut6b9S98nv84cVX89PmKzA,1
author::UCXr8_5WtGeipe4haOoQDgyQ,author::UCi1b_TRQfgO1Z9O2gNGGWNA,1
author::UCXr8_5WtGeipe4haOoQDgyQ,author::UCYN4wSQ1Sx4_LurxLlW7MPg,1
author::UCXr8_5WtGeipe4haOoQDgyQ,author::UCpIdtvoFHVLGASGB5ySqIEA,1
author::UCXr8_5WtGeipe4haOoQDgyQ,author::UCtNfIBnc5S5DbbQj_yxgJTw,1
author::UCXr8_5WtGeipe4haOoQDgyQ,author::UCgvw7xIdGFupzpt1Y_BFkEA,1
author::UCXr8_5WtGeipe4haOoQDgyQ,author::UCpsKOkt5iWTbenzeuq7dsmQ,1
author::UCXr8_5WtGeipe4haOoQDgyQ,author::UCwW2OFy95P7ZBkOPxWkpvYg,1
author::UCXr8_5WtGeipe4haOoQDgyQ,author::UCiGRBf2RNF0WRKhRVT7zFoA,1
author::UCXr8_5WtGeipe4haOoQDgyQ,author::UCcfdg8crmMJwEuLUsAhV7yg,1
author::UCXr8_5WtGeipe4haOoQDgyQ,author::UCkd9W714-947dEE6ZOEBATA,1
author::UCXr8_5WtGeipe4haOoQDgyQ,author::UCZ51R_9Q9C0c8I3pAWhtmjQ,1
author::UCXr8_5WtGeipe4haOoQDgyQ,author::UCzSfZlOVxBSs5ObD25ywxDQ,1
author::UCXr8_5WtGeipe4haOoQDgyQ,author::UCwha8rxULYMVtNwZWeSkE1A,1
author::UCXr8_5WtGeipe4haOoQDgyQ,author::UChgkn5Jt5tWKYMoEOuCjz3Q,1
author::UCXr8_5WtGeipe4haOoQDgyQ,author::UCvApqeCbLod-wejtT4CcVuA,1
author::UCXr8_5WtGeipe4haOoQDgyQ,author::UCfM3nrxtTQMY5jFx1v1J4Gg,1
author::UCXr8_5WtGeipe4haOoQDgyQ,author::UCz3gu01bmjNv0DpRq-K3XYg,1
author::UCXr8_5WtGeipe4haOoQDgyQ,author::UCySYJU5kUh7X8gVt9la2ISA,1
author::UCXr8_5WtGeipe4haOoQDgyQ,author::UChZknRmJkeGeQk0-mQuhDOg,1
author::UCXr8_5WtGeipe4haOoQDgyQ,author::UCljDbleJul41G1TzOjOZAVA,1
author::UCXr8_5WtGeipe4haOoQDgyQ,author::UCujPF2nBgsTD62nWE3lcpIg,1
author::UCXr8_5WtGeipe4haOoQDgyQ,author::UCmjppp6ujz3SAnULvP3sZMw,1
author::UCXr8_5WtGeipe4haOoQDgyQ,author::UCylqlpsh8ENNM1LqgQ1KbxA,1
author::UCXr8_5WtGeipe4haOoQDgyQ,author::UCp4iw5_5SmV9VGTFSNVGOmQ,1
author::UCXr8_5WtGeipe4haOoQDgyQ,author::UCpl8rF8uv_8uui-QRvuJaRA,1
author::UCXr8_5WtGeipe4haOoQDgyQ,author::UCh5ESQvtzyHDhCA7XyekCFA,1
author::UCXr8_5WtGeipe4haOoQDgyQ,author::UCsSXdJct-nsS8DsABoEsaYA,1
author::UCXr8_5WtGeipe4haOoQDgyQ,author::UCtUR3_CAiE7fCoZHM6cMfyQ,1
author::UCY7Hq7F9Lnucf-Yr6JkHZNw,author::UCaT6M2zp7X6r6Whd8Vv3kHQ,1
author::UCY7Hq7F9Lnucf-Yr6JkHZNw,author::UCxKR3RA8T-kxMgq_2WWhRcQ,1
author::UCY7Hq7F9Lnucf-Yr6JkHZNw,author::UCgLrWFdYitoP-b7-PxtUr-w,1
author::UCY7Hq7F9Lnucf-Yr6JkHZNw,author::UC_ljZ1hZXR9pzexFz87P5ZA,1
author::UCY7Hq7F9Lnucf-Yr6JkHZNw,author::UCqilIa8r7iek5sGYg_q6ofA,1
author::UCY7Hq7F9Lnucf-Yr6JkHZNw,author::UCtMBF_1O2jY2INlb_luuB_A,1
author::UCY7Hq7F9Lnucf-Yr6JkHZNw,author::UCi-vPdnpQreC7BkFs40mJGA,1
author::UCY7Hq7F9Lnucf-Yr6JkHZNw,author::UCyzf29IYjNw67gGIfsjgtxA,1
author::UCY7Hq7F9Lnucf-Yr6JkHZNw,author::UCs_5qeqdku9tGAq22y3OcuQ,1
author::UCY7Hq7F9Lnucf-Yr6JkHZNw,author::UCgLurCo-e019HGODcjXHWCw,1
author::UCY7Hq7F9Lnucf-Yr6JkHZNw,author::UCwUAv3_LpWVtTIi7lkmTL7A,1
author::UCYN4wSQ1Sx4_LurxLlW7MPg,author::UCwO2SXr0ggzwg6QWWrr01nQ,1
author::UCYN4wSQ1Sx4_LurxLlW7MPg,author::UCipetjeiWj4CZB6EbyYziZg,1
author::UCYN4wSQ1Sx4_LurxLlW7MPg,author::UCueV9cTyTDwgQSec1x2dYgA,1
author::UCYN4wSQ1Sx4_LurxLlW7MPg,author::UChep9kVb5gQmpodEEl10Xlg,1
author::UCYN4wSQ1Sx4_LurxLlW7MPg,author::UCsJJAvrVGupdmhOqgtDp8dg,1
author::UCYN4wSQ1Sx4_LurxLlW7MPg,author::UCjmPuazZJzscrwvk0QR9RVw,1
author::UCYN4wSQ1Sx4_LurxLlW7MPg,author::UCzoL2l5H5eVlorWGH8AZfAg,1
author::UCYN4wSQ1Sx4_LurxLlW7MPg,author::UCplrIQtaPj6au60_f2-mOYw,1
author::UCYN4wSQ1Sx4_LurxLlW7MPg,author::UCj-LL25XJnjxepPKCc3NGog,1
author::UCYN4wSQ1Sx4_LurxLlW7MPg,author::UCZLG9qH0tUjNhEGFIUt0CYw,1
author::UCYN4wSQ1Sx4_LurxLlW7MPg,author::UCr1emrogPKkKTs_WTtx71xg,1
author::UCYN4wSQ1Sx4_LurxLlW7MPg,author::UChs3tU2BcKOT0CezykvAsGw,1
author::UCYN4wSQ1Sx4_LurxLlW7MPg,author::UCmvOgzmmXbjUthHy-WJ52hQ,1
author::UCYN4wSQ1Sx4_LurxLlW7MPg,author::UCsjs5Hp_r86x1xbK6FAeqaA,1
author::UCYN4wSQ1Sx4_LurxLlW7MPg,author::UCsUCN0Yq_UyTvKjOJLmNrnQ,1
author::UCYN4wSQ1Sx4_LurxLlW7MPg,author::UCjSKM9j0Q7HLDr1hD6D-TUw,1
author::UCYN4wSQ1Sx4_LurxLlW7MPg,author::UCiMythXHsw7eQEMykCdmMUA,1
author::UCYN4wSQ1Sx4_LurxLlW7MPg,author::UCYwpX26TrCxq8TvbKGRYLXA,1
author::UCYN4wSQ1Sx4_LurxLlW7MPg,author::UCxff05WuyvwELNITi7bj7UA,1
author::UCYN4wSQ1Sx4_LurxLlW7MPg,author::UCrJn_rbo_ENAdeqneS-RmRw,1
author::UCYN4wSQ1Sx4_LurxLlW7MPg,author::UCl0ekS9Tt0jJGtOEM18S63w,1
author::UCYN4wSQ1Sx4_LurxLlW7MPg,author::UCut6b9S98nv84cVX89PmKzA,1
author::UCYN4wSQ1Sx4_LurxLlW7MPg,author::UCi1b_TRQfgO1Z9O2gNGGWNA,1
author::UCYN4wSQ1Sx4_LurxLlW7MPg,author::UCpIdtvoFHVLGASGB5ySqIEA,1
author::UCYN4wSQ1Sx4_LurxLlW7MPg,author::UCtNfIBnc5S5DbbQj_yxgJTw,1
author::UCYN4wSQ1Sx4_LurxLlW7MPg,author::UCgvw7xIdGFupzpt1Y_BFkEA,1
author::UCYN4wSQ1Sx4_LurxLlW7MPg,author::UCpsKOkt5iWTbenzeuq7dsmQ,1
author::UCYN4wSQ1Sx4_LurxLlW7MPg,author::UCwW2OFy95P7ZBkOPxWkpvYg,1
author::UCYN4wSQ1Sx4_LurxLlW7MPg,author::UCiGRBf2RNF0WRKhRVT7zFoA,1
author::UCYN4wSQ1Sx4_LurxLlW7MPg,author::UCcfdg8crmMJwEuLUsAhV7yg,1
author::UCYN4wSQ1Sx4_LurxLlW7MPg,author::UCkd9W714-947dEE6ZOEBATA,1
author::UCYN4wSQ1Sx4_LurxLlW7MPg,author::UCZ51R_9Q9C0c8I3pAWhtmjQ,1
author::UCYN4wSQ1Sx4_LurxLlW7MPg,author::UCzSfZlOVxBSs5ObD25ywxDQ,1
author::UCYN4wSQ1Sx4_LurxLlW7MPg,author::UCwha8rxULYMVtNwZWeSkE1A,1
author::UCYN4wSQ1Sx4_LurxLlW7MPg,author::UChgkn5Jt5tWKYMoEOuCjz3Q,1
author::UCYN4wSQ1Sx4_LurxLlW7MPg,author::UCvApqeCbLod-wejtT4CcVuA,1
author::UCYN4wSQ1Sx4_LurxLlW7MPg,author::UCfM3nrxtTQMY5jFx1v1J4Gg,1
author::UCYN4wSQ1Sx4_LurxLlW7MPg,author::UCz3gu01bmjNv0DpRq-K3XYg,1
author::UCYN4wSQ1Sx4_LurxLlW7MPg,author::UCySYJU5kUh7X8gVt9la2ISA,1
author::UCYN4wSQ1Sx4_LurxLlW7MPg,author::UChZknRmJkeGeQk0-mQuhDOg,1
author::UCYN4wSQ1Sx4_LurxLlW7MPg,author::UCljDbleJul41G1TzOjOZAVA,1
author::UCYN4wSQ1Sx4_LurxLlW7MPg,author::UCujPF2nBgsTD62nWE3lcpIg,1
author::UCYN4wSQ1Sx4_LurxLlW7MPg,author::UCmjppp6ujz3SAnULvP3sZMw,1
author::UCYN4wSQ1Sx4_LurxLlW7MPg,author::UCylqlpsh8ENNM1LqgQ1KbxA,1
author::UCYN4wSQ1Sx4_LurxLlW7MPg,author::UCp4iw5_5SmV9VGTFSNVGOmQ,1
author::UCYN4wSQ1Sx4_LurxLlW7MPg,author::UCpl8rF8uv_8uui-QRvuJaRA,1
author::UCYN4wSQ1Sx4_LurxLlW7MPg,author::UCh5ESQvtzyHDhCA7XyekCFA,1
author::UCYN4wSQ1Sx4_LurxLlW7MPg,author::UCsSXdJct-nsS8DsABoEsaYA,1
author::UCYN4wSQ1Sx4_LurxLlW7MPg,author::UCtUR3_CAiE7fCoZHM6cMfyQ,1
author::UCYwpX26TrCxq8TvbKGRYLXA,author::UCwO2SXr0ggzwg6QWWrr01nQ,1
author::UCYwpX26TrCxq8TvbKGRYLXA,author::UCipetjeiWj4CZB6EbyYziZg,1
author::UCYwpX26TrCxq8TvbKGRYLXA,author::UCueV9cTyTDwgQSec1x2dYgA,1
author::UCYwpX26TrCxq8TvbKGRYLXA,author::UChep9kVb5gQmpodEEl10Xlg,1
author::UCYwpX26TrCxq8TvbKGRYLXA,author::UCsJJAvrVGupdmhOqgtDp8dg,1
author::UCYwpX26TrCxq8TvbKGRYLXA,author::UCjmPuazZJzscrwvk0QR9RVw,1
author::UCYwpX26TrCxq8TvbKGRYLXA,author::UCzoL2l5H5eVlorWGH8AZfAg,1
author::UCYwpX26TrCxq8TvbKGRYLXA,author::UCplrIQtaPj6au60_f2-mOYw,1
author::UCYwpX26TrCxq8TvbKGRYLXA,author::UCj-LL25XJnjxepPKCc3NGog,1
author::UCYwpX26TrCxq8TvbKGRYLXA,author::UCZLG9qH0tUjNhEGFIUt0CYw,1
author::UCYwpX26TrCxq8TvbKGRYLXA,author::UCr1emrogPKkKTs_WTtx71xg,1
author::UCYwpX26TrCxq8TvbKGRYLXA,author::UChs3tU2BcKOT0CezykvAsGw,1
author::UCYwpX26TrCxq8TvbKGRYLXA,author::UCmvOgzmmXbjUthHy-WJ52hQ,1
author::UCYwpX26TrCxq8TvbKGRYLXA,author::UCsjs5Hp_r86x1xbK6FAeqaA,1
author::UCYwpX26TrCxq8TvbKGRYLXA,author::UCsUCN0Yq_UyTvKjOJLmNrnQ,1
author::UCYwpX26TrCxq8TvbKGRYLXA,author::UCjSKM9j0Q7HLDr1hD6D-TUw,1
author::UCYwpX26TrCxq8TvbKGRYLXA,author::UCiMythXHsw7eQEMykCdmMUA,1
author::UCYwpX26TrCxq8TvbKGRYLXA,author::UCxff05WuyvwELNITi7bj7UA,1
author::UCYwpX26TrCxq8TvbKGRYLXA,author::UCrJn_rbo_ENAdeqneS-RmRw,1
author::UCYwpX26TrCxq8TvbKGRYLXA,author::UCl0ekS9Tt0jJGtOEM18S63w,1
author::UCYwpX26TrCxq8TvbKGRYLXA,author::UCut6b9S98nv84cVX89PmKzA,1
author::UCYwpX26TrCxq8TvbKGRYLXA,author::UCi1b_TRQfgO1Z9O2gNGGWNA,1
author::UCYwpX26TrCxq8TvbKGRYLXA,author::UCpIdtvoFHVLGASGB5ySqIEA,1
author::UCYwpX26TrCxq8TvbKGRYLXA,author::UCtNfIBnc5S5DbbQj_yxgJTw,1
author::UCYwpX26TrCxq8TvbKGRYLXA,author::UCgvw7xIdGFupzpt1Y_BFkEA,1
author::UCYwpX26TrCxq8TvbKGRYLXA,author::UCpsKOkt5iWTbenzeuq7dsmQ,1
author::UCYwpX26TrCxq8TvbKGRYLXA,author::UCwW2OFy95P7ZBkOPxWkpvYg,1
author::UCYwpX26TrCxq8TvbKGRYLXA,author::UCiGRBf2RNF0WRKhRVT7zFoA,1
author::UCYwpX26TrCxq8TvbKGRYLXA,author::UCcfdg8crmMJwEuLUsAhV7yg,1
author::UCYwpX26TrCxq8TvbKGRYLXA,author::UCkd9W714-947dEE6ZOEBATA,1
author::UCYwpX26TrCxq8TvbKGRYLXA,author::UCZ51R_9Q9C0c8I3pAWhtmjQ,1
author::UCYwpX26TrCxq8TvbKGRYLXA,author::UCzSfZlOVxBSs5ObD25ywxDQ,1
author::UCYwpX26TrCxq8TvbKGRYLXA,author::UCwha8rxULYMVtNwZWeSkE1A,1
author::UCYwpX26TrCxq8TvbKGRYLXA,author::UChgkn5Jt5tWKYMoEOuCjz3Q,1
author::UCYwpX26TrCxq8TvbKGRYLXA,author::UCvApqeCbLod-wejtT4CcVuA,1
author::UCYwpX26TrCxq8TvbKGRYLXA,author::UCfM3nrxtTQMY5jFx1v1J4Gg,1
author::UCYwpX26TrCxq8TvbKGRYLXA,author::UCz3gu01bmjNv0DpRq-K3XYg,1
author::UCYwpX26TrCxq8TvbKGRYLXA,author::UCySYJU5kUh7X8gVt9la2ISA,1
author::UCYwpX26TrCxq8TvbKGRYLXA,author::UChZknRmJkeGeQk0-mQuhDOg,1
author::UCYwpX26TrCxq8TvbKGRYLXA,author::UCljDbleJul41G1TzOjOZAVA,1
author::UCYwpX26TrCxq8TvbKGRYLXA,author::UCujPF2nBgsTD62nWE3lcpIg,1
author::UCYwpX26TrCxq8TvbKGRYLXA,author::UCmjppp6ujz3SAnULvP3sZMw,1
author::UCYwpX26TrCxq8TvbKGRYLXA,author::UCylqlpsh8ENNM1LqgQ1KbxA,1
author::UCYwpX26TrCxq8TvbKGRYLXA,author::UCp4iw5_5SmV9VGTFSNVGOmQ,1
author::UCYwpX26TrCxq8TvbKGRYLXA,author::UCpl8rF8uv_8uui-QRvuJaRA,1
author::UCYwpX26TrCxq8TvbKGRYLXA,author::UCh5ESQvtzyHDhCA7XyekCFA,1
author::UCYwpX26TrCxq8TvbKGRYLXA,author::UCsSXdJct-nsS8DsABoEsaYA,1
author::UCYwpX26TrCxq8TvbKGRYLXA,author::UCtUR3_CAiE7fCoZHM6cMfyQ,1
author::UCZ51R_9Q9C0c8I3pAWhtmjQ,author::UCwO2SXr0ggzwg6QWWrr01nQ,1
author::UCZ51R_9Q9C0c8I3pAWhtmjQ,author::UCipetjeiWj4CZB6EbyYziZg,1
author::UCZ51R_9Q9C0c8I3pAWhtmjQ,author::UCueV9cTyTDwgQSec1x2dYgA,1
author::UCZ51R_9Q9C0c8I3pAWhtmjQ,author::UChep9kVb5gQmpodEEl10Xlg,1
author::UCZ51R_9Q9C0c8I3pAWhtmjQ,author::UCsJJAvrVGupdmhOqgtDp8dg,1
author::UCZ51R_9Q9C0c8I3pAWhtmjQ,author::UCjmPuazZJzscrwvk0QR9RVw,1
author::UCZ51R_9Q9C0c8I3pAWhtmjQ,author::UCzoL2l5H5eVlorWGH8AZfAg,1
author::UCZ51R_9Q9C0c8I3pAWhtmjQ,author::UCplrIQtaPj6au60_f2-mOYw,1
author::UCZ51R_9Q9C0c8I3pAWhtmjQ,author::UCj-LL25XJnjxepPKCc3NGog,1
author::UCZ51R_9Q9C0c8I3pAWhtmjQ,author::UCZLG9qH0tUjNhEGFIUt0CYw,1
author::UCZ51R_9Q9C0c8I3pAWhtmjQ,author::UCr1emrogPKkKTs_WTtx71xg,1
author::UCZ51R_9Q9C0c8I3pAWhtmjQ,author::UChs3tU2BcKOT0CezykvAsGw,1
author::UCZ51R_9Q9C0c8I3pAWhtmjQ,author::UCmvOgzmmXbjUthHy-WJ52hQ,1
author::UCZ51R_9Q9C0c8I3pAWhtmjQ,author::UCsjs5Hp_r86x1xbK6FAeqaA,1
author::UCZ51R_9Q9C0c8I3pAWhtmjQ,author::UCsUCN0Yq_UyTvKjOJLmNrnQ,1
author::UCZ51R_9Q9C0c8I3pAWhtmjQ,author::UCjSKM9j0Q7HLDr1hD6D-TUw,1
author::UCZ51R_9Q9C0c8I3pAWhtmjQ,author::UCiMythXHsw7eQEMykCdmMUA,1
author::UCZ51R_9Q9C0c8I3pAWhtmjQ,author::UCxff05WuyvwELNITi7bj7UA,1
author::UCZ51R_9Q9C0c8I3pAWhtmjQ,author::UCrJn_rbo_ENAdeqneS-RmRw,1
author::UCZ51R_9Q9C0c8I3pAWhtmjQ,author::UCl0ekS9Tt0jJGtOEM18S63w,1
author::UCZ51R_9Q9C0c8I3pAWhtmjQ,author::UCut6b9S98nv84cVX89PmKzA,1
author::UCZ51R_9Q9C0c8I3pAWhtmjQ,author::UCi1b_TRQfgO1Z9O2gNGGWNA,1
author::UCZ51R_9Q9C0c8I3pAWhtmjQ,author::UCpIdtvoFHVLGASGB5ySqIEA,1
author::UCZ51R_9Q9C0c8I3pAWhtmjQ,author::UCtNfIBnc5S5DbbQj_yxgJTw,1
author::UCZ51R_9Q9C0c8I3pAWhtmjQ,author::UCgvw7xIdGFupzpt1Y_BFkEA,1
author::UCZ51R_9Q9C0c8I3pAWhtmjQ,author::UCpsKOkt5iWTbenzeuq7dsmQ,1
author::UCZ51R_9Q9C0c8I3pAWhtmjQ,author::UCwW2OFy95P7ZBkOPxWkpvYg,1
author::UCZ51R_9Q9C0c8I3pAWhtmjQ,author::UCiGRBf2RNF0WRKhRVT7zFoA,1
author::UCZ51R_9Q9C0c8I3pAWhtmjQ,author::UCcfdg8crmMJwEuLUsAhV7yg,1
author::UCZ51R_9Q9C0c8I3pAWhtmjQ,author::UCkd9W714-947dEE6ZOEBATA,1
author::UCZ51R_9Q9C0c8I3pAWhtmjQ,author::UCzSfZlOVxBSs5ObD25ywxDQ,1
author::UCZ51R_9Q9C0c8I3pAWhtmjQ,author::UCwha8rxULYMVtNwZWeSkE1A,1
author::UCZ51R_9Q9C0c8I3pAWhtmjQ,author::UChgkn5Jt5tWKYMoEOuCjz3Q,1
author::UCZ51R_9Q9C0c8I3pAWhtmjQ,author::UCvApqeCbLod-wejtT4CcVuA,1
author::UCZ51R_9Q9C0c8I3pAWhtmjQ,author::UCfM3nrxtTQMY5jFx1v1J4Gg,1
author::UCZ51R_9Q9C0c8I3pAWhtmjQ,author::UCz3gu01bmjNv0DpRq-K3XYg,1
author::UCZ51R_9Q9C0c8I3pAWhtmjQ,author::UCySYJU5kUh7X8gVt9la2ISA,1
author::UCZ51R_9Q9C0c8I3pAWhtmjQ,author::UChZknRmJkeGeQk0-mQuhDOg,1
author::UCZ51R_9Q9C0c8I3pAWhtmjQ,author::UCljDbleJul41G1TzOjOZAVA,1
author::UCZ51R_9Q9C0c8I3pAWhtmjQ,author::UCujPF2nBgsTD62nWE3lcpIg,1
author::UCZ51R_9Q9C0c8I3pAWhtmjQ,author::UCmjppp6ujz3SAnULvP3sZMw,1
author::UCZ51R_9Q9C0c8I3pAWhtmjQ,author::UCylqlpsh8ENNM1LqgQ1KbxA,1
author::UCZ51R_9Q9C0c8I3pAWhtmjQ,author::UCp4iw5_5SmV9VGTFSNVGOmQ,1
author::UCZ51R_9Q9C0c8I3pAWhtmjQ,author::UCpl8rF8uv_8uui-QRvuJaRA,1
author::UCZ51R_9Q9C0c8I3pAWhtmjQ,author::UCh5ESQvtzyHDhCA7XyekCFA,1
author::UCZ51R_9Q9C0c8I3pAWhtmjQ,author::UCsSXdJct-nsS8DsABoEsaYA,1
author::UCZ51R_9Q9C0c8I3pAWhtmjQ,author::UCtUR3_CAiE7fCoZHM6cMfyQ,1
author::UCZFQwqh90apuL8eFhvRBkUg,author::UCeQk-WfEA-cJRq4EKeE7TOw,1
author::UCZFQwqh90apuL8eFhvRBkUg,author::UCoGdCoJg2Lh0OX_jv6cG16g,1
author::UCZFQwqh90apuL8eFhvRBkUg,author::UCheEJ5GZuIvV0fj-nXyVwXw,1
author::UCZFQwqh90apuL8eFhvRBkUg,author::UCtsxPYw8VUsH_FfnKg-0lmw,1
author::UCZFQwqh90apuL8eFhvRBkUg,author::UCgGqw4aqMdMVSGkKiMgrJRQ,1
author::UCZFQwqh90apuL8eFhvRBkUg,author::UCql1n3Ey6ULMSOACjMe-fxQ,1
author::UCZFQwqh90apuL8eFhvRBkUg,author::UCjZgFEowMBrsjodqfovzdKw,1
author::UCZFQwqh90apuL8eFhvRBkUg,author::UCwxoKK59nGCeBqB2sXfDBIw,1
author::UCZFQwqh90apuL8eFhvRBkUg,author::UCa36MjQLoPAmgJo-R3G8WQA,1
author::UCZFQwqh90apuL8eFhvRBkUg,author::UCp29O_C7cchZV8IxV7Crdag,1
author::UCZFQwqh90apuL8eFhvRBkUg,author::UChyps3dqY-VY1_wLeq-2lhw,1
author::UCZFQwqh90apuL8eFhvRBkUg,author::UCiOZX__1gahg1ypIj0_XG_w,1
author::UCZFQwqh90apuL8eFhvRBkUg,author::UCvDwJBBY1mHK70aTEYl6rsA,1
author::UCZFQwqh90apuL8eFhvRBkUg,author::UCfo_yUPzy1f1POwwZxhZ06Q,1
author::UCZFQwqh90apuL8eFhvRBkUg,author::UCtCtts20bW6F9CSohau51Iw,1
author::UCZFQwqh90apuL8eFhvRBkUg,author::UCzZ6dDCEsLMXbc5pCFXIprw,1
author::UCZFQwqh90apuL8eFhvRBkUg,author::UCyJhqmMbsvjpoarBBStA2kg,1
author::UCZFQwqh90apuL8eFhvRBkUg,author::UCaT4saRcyqCLE657Rq2hhZQ,1
author::UCZIQnb1fkwe39Iw2TAu-bGA,author::UCyW68EGZey4ao_Vf2cR5Ztg,1
author::UCZIQnb1fkwe39Iw2TAu-bGA,author::UCvcu1kR8xMYy_I1Ty-2mV2Q,1
author::UCZLG9qH0tUjNhEGFIUt0CYw,author::UCwO2SXr0ggzwg6QWWrr01nQ,1
author::UCZLG9qH0tUjNhEGFIUt0CYw,author::UCipetjeiWj4CZB6EbyYziZg,1
author::UCZLG9qH0tUjNhEGFIUt0CYw,author::UCueV9cTyTDwgQSec1x2dYgA,1
author::UCZLG9qH0tUjNhEGFIUt0CYw,author::UChep9kVb5gQmpodEEl10Xlg,1
author::UCZLG9qH0tUjNhEGFIUt0CYw,author::UCsJJAvrVGupdmhOqgtDp8dg,1
author::UCZLG9qH0tUjNhEGFIUt0CYw,author::UCjmPuazZJzscrwvk0QR9RVw,1
author::UCZLG9qH0tUjNhEGFIUt0CYw,author::UCzoL2l5H5eVlorWGH8AZfAg,1
author::UCZLG9qH0tUjNhEGFIUt0CYw,author::UCplrIQtaPj6au60_f2-mOYw,1
author::UCZLG9qH0tUjNhEGFIUt0CYw,author::UCj-LL25XJnjxepPKCc3NGog,1
author::UCZLG9qH0tUjNhEGFIUt0CYw,author::UCr1emrogPKkKTs_WTtx71xg,1
author::UCZLG9qH0tUjNhEGFIUt0CYw,author::UChs3tU2BcKOT0CezykvAsGw,1
author::UCZLG9qH0tUjNhEGFIUt0CYw,author::UCmvOgzmmXbjUthHy-WJ52hQ,1
author::UCZLG9qH0tUjNhEGFIUt0CYw,author::UCsjs5Hp_r86x1xbK6FAeqaA,1
author::UCZLG9qH0tUjNhEGFIUt0CYw,author::UCsUCN0Yq_UyTvKjOJLmNrnQ,1
author::UCZLG9qH0tUjNhEGFIUt0CYw,author::UCjSKM9j0Q7HLDr1hD6D-TUw,1
author::UCZLG9qH0tUjNhEGFIUt0CYw,author::UCiMythXHsw7eQEMykCdmMUA,1
author::UCZLG9qH0tUjNhEGFIUt0CYw,author::UCxff05WuyvwELNITi7bj7UA,1
author::UCZLG9qH0tUjNhEGFIUt0CYw,author::UCrJn_rbo_ENAdeqneS-RmRw,1
author::UCZLG9qH0tUjNhEGFIUt0CYw,author::UCl0ekS9Tt0jJGtOEM18S63w,1
author::UCZLG9qH0tUjNhEGFIUt0CYw,author::UCut6b9S98nv84cVX89PmKzA,1
author::UCZLG9qH0tUjNhEGFIUt0CYw,author::UCi1b_TRQfgO1Z9O2gNGGWNA,1
author::UCZLG9qH0tUjNhEGFIUt0CYw,author::UCpIdtvoFHVLGASGB5ySqIEA,1
author::UCZLG9qH0tUjNhEGFIUt0CYw,author::UCtNfIBnc5S5DbbQj_yxgJTw,1
author::UCZLG9qH0tUjNhEGFIUt0CYw,author::UCgvw7xIdGFupzpt1Y_BFkEA,1
author::UCZLG9qH0tUjNhEGFIUt0CYw,author::UCpsKOkt5iWTbenzeuq7dsmQ,1
author::UCZLG9qH0tUjNhEGFIUt0CYw,author::UCwW2OFy95P7ZBkOPxWkpvYg,1
author::UCZLG9qH0tUjNhEGFIUt0CYw,author::UCiGRBf2RNF0WRKhRVT7zFoA,1
author::UCZLG9qH0tUjNhEGFIUt0CYw,author::UCcfdg8crmMJwEuLUsAhV7yg,1
author::UCZLG9qH0tUjNhEGFIUt0CYw,author::UCkd9W714-947dEE6ZOEBATA,1
author::UCZLG9qH0tUjNhEGFIUt0CYw,author::UCzSfZlOVxBSs5ObD25ywxDQ,1
author::UCZLG9qH0tUjNhEGFIUt0CYw,author::UCwha8rxULYMVtNwZWeSkE1A,1
author::UCZLG9qH0tUjNhEGFIUt0CYw,author::UChgkn5Jt5tWKYMoEOuCjz3Q,1
author::UCZLG9qH0tUjNhEGFIUt0CYw,author::UCvApqeCbLod-wejtT4CcVuA,1
author::UCZLG9qH0tUjNhEGFIUt0CYw,author::UCfM3nrxtTQMY5jFx1v1J4Gg,1
author::UCZLG9qH0tUjNhEGFIUt0CYw,author::UCz3gu01bmjNv0DpRq-K3XYg,1
author::UCZLG9qH0tUjNhEGFIUt0CYw,author::UCySYJU5kUh7X8gVt9la2ISA,1
author::UCZLG9qH0tUjNhEGFIUt0CYw,author::UChZknRmJkeGeQk0-mQuhDOg,1
author::UCZLG9qH0tUjNhEGFIUt0CYw,author::UCljDbleJul41G1TzOjOZAVA,1
author::UCZLG9qH0tUjNhEGFIUt0CYw,author::UCujPF2nBgsTD62nWE3lcpIg,1
author::UCZLG9qH0tUjNhEGFIUt0CYw,author::UCmjppp6ujz3SAnULvP3sZMw,1
author::UCZLG9qH0tUjNhEGFIUt0CYw,author::UCylqlpsh8ENNM1LqgQ1KbxA,1
author::UCZLG9qH0tUjNhEGFIUt0CYw,author::UCp4iw5_5SmV9VGTFSNVGOmQ,1
author::UCZLG9qH0tUjNhEGFIUt0CYw,author::UCpl8rF8uv_8uui-QRvuJaRA,1
author::UCZLG9qH0tUjNhEGFIUt0CYw,author::UCh5ESQvtzyHDhCA7XyekCFA,1
author::UCZLG9qH0tUjNhEGFIUt0CYw,author::UCsSXdJct-nsS8DsABoEsaYA,1
author::UCZLG9qH0tUjNhEGFIUt0CYw,author::UCtUR3_CAiE7fCoZHM6cMfyQ,1
author::UCZOmq6MwFDVoCaEl99BRRaw,author::UCbrtvygfRT6QXqWDNrOf-cA,1
author::UCZOmq6MwFDVoCaEl99BRRaw,author::UCjJf-AJKRFFWtiN-CSwkDmA,1
author::UCZOmq6MwFDVoCaEl99BRRaw,author::UCnU8wO1OurAmGstDw6VGjgQ,1
author::UCZOmq6MwFDVoCaEl99BRRaw,author::UCpsKOkt5iWTbenzeuq7dsmQ,1
author::UCZOmq6MwFDVoCaEl99BRRaw,author::UCvcu1kR8xMYy_I1Ty-2mV2Q,1
author::UCZOmq6MwFDVoCaEl99BRRaw,author::UC_6KbBY1bsYXz9fwFS0eQRg,1
author::UCZeIIQrGAedW8tCbKWmGY-A,author::UCwgCc9Jd_gG-uLE_SY-FfPg,1
author::UCZeIIQrGAedW8tCbKWmGY-A,author::UColMq7LmaoY3MT6aIDGrGvA,1
author::UCZeIIQrGAedW8tCbKWmGY-A,author::UCiC-Jn7wdgyQV4_Urk0DkWQ,1
author::UCZeIIQrGAedW8tCbKWmGY-A,author::UCgQw_Sbq3ugruDUKsq1e0-A,1
author::UCZeIIQrGAedW8tCbKWmGY-A,author::UCdFlugHJJa4l3YqWuNRmvXw,1
author::UCZeIIQrGAedW8tCbKWmGY-A,author::UCeDNEtI8_a42bZ47wJiJMwQ,1
author::UCZeIIQrGAedW8tCbKWmGY-A,author::UCu8_3-Wg-YzNyvHYQDEscfw,1
author::UCZeIIQrGAedW8tCbKWmGY-A,author::UCkVtmkK07b2zaVVNssX4lOg,1
author::UCZeIIQrGAedW8tCbKWmGY-A,author::UCqCrvuoJpC-aVb0f4logQRQ,1
author::UCZeIIQrGAedW8tCbKWmGY-A,author::UCsGoJEvb-cFPZ2rWoJcXzEQ,1
author::UCZeIIQrGAedW8tCbKWmGY-A,author::UCuXmOjxC-htcprLgeVXz6Tg,1
author::UCZeIIQrGAedW8tCbKWmGY-A,author::UClqA491Xa5fQcXcJJa-vTWw,1
author::UCZeIIQrGAedW8tCbKWmGY-A,author::UC_LYoGs5C3mbZKZuKuqYCvw,1
author::UCZeIIQrGAedW8tCbKWmGY-A,author::UCgJNFj5dnxXpcMvmuhZDPxA,1
author::UCZeIIQrGAedW8tCbKWmGY-A,author::UCpsKOkt5iWTbenzeuq7dsmQ,1
author::UCZeIIQrGAedW8tCbKWmGY-A,author::UCkbsS_3D-pvg1iHOld9uvIg,1
author::UCZeIIQrGAedW8tCbKWmGY-A,author::UCwjUvRseNtJoItylIyIez7Q,1
author::UCZeIIQrGAedW8tCbKWmGY-A,author::UClhMWQ7XKWywYvbRnuf8QsA,1
author::UCZeIIQrGAedW8tCbKWmGY-A,author::UCe8JZoYkX5oKUZyivHYdXhw,1
author::UCZeIIQrGAedW8tCbKWmGY-A,author::UCaKAjTW9MVub_clgr4DRYjQ,1
author::UCZeIIQrGAedW8tCbKWmGY-A,author::UCpe5jW3MIqkgTJ-PgkzvM6Q,1
author::UCZeIIQrGAedW8tCbKWmGY-A,author::UCylqlpsh8ENNM1LqgQ1KbxA,1
author::UCZjm6U576nX8WOiLhmMR3bw,author::UCat2qkYvqmtDNEmo2PVuhXw,1
author::UCZjm6U576nX8WOiLhmMR3bw,author::UCp_dAUfv8i3LW3zWc24dLaQ,1
author::UCZjm6U576nX8WOiLhmMR3bw,author::UCi2KiZq63sRq8Mfbcp-MelQ,1
author::UCZjm6U576nX8WOiLhmMR3bw,author::UCxhtlxPV8AYWaNNyU6S9H8Q,1
author::UCZjm6U576nX8WOiLhmMR3bw,author::UCbNanjFI51cwGqMAb2rOrBw,1
author::UCZjm6U576nX8WOiLhmMR3bw,author::UCtiHFjFu7d5v2XxHnKFUYig,1
author::UCZjm6U576nX8WOiLhmMR3bw,author::UCrqXyRsg-_hTosURZ-uvoKg,1
author::UCZjm6U576nX8WOiLhmMR3bw,author::UCozFYHN0e_-vlQbX3wQGOug,1
author::UC_3xuTXvMIWU5MYP9HkJ3vQ,author::UCq3mDTTRZnUybct5M9OSXbg,1
author::UC_3xuTXvMIWU5MYP9HkJ3vQ,author::UCfXykdbSU97rj987LDUGfvg,1
author::UC_3xuTXvMIWU5MYP9HkJ3vQ,author::UCjZgFEowMBrsjodqfovzdKw,1
author::UC_3xuTXvMIWU5MYP9HkJ3vQ,author::UCfjhejO7LZy4doXURa7LZCQ,1
author::UC_3xuTXvMIWU5MYP9HkJ3vQ,author::UCwCfs-2zbD5k0lG-UVg_JBw,1
author::UC_3xuTXvMIWU5MYP9HkJ3vQ,author::UCvl1tzQeBeGy6efPTRJXSCw,1
author::UC_6KbBY1bsYXz9fwFS0eQRg,author::UCbrtvygfRT6QXqWDNrOf-cA,1
author::UC_6KbBY1bsYXz9fwFS0eQRg,author::UCjJf-AJKRFFWtiN-CSwkDmA,1
author::UC_6KbBY1bsYXz9fwFS0eQRg,author::UCnU8wO1OurAmGstDw6VGjgQ,1
author::UC_6KbBY1bsYXz9fwFS0eQRg,author::UCpsKOkt5iWTbenzeuq7dsmQ,1
author::UC_6KbBY1bsYXz9fwFS0eQRg,author::UCvcu1kR8xMYy_I1Ty-2mV2Q,1
author::UC_LYoGs5C3mbZKZuKuqYCvw,author::UCwgCc9Jd_gG-uLE_SY-FfPg,1
author::UC_LYoGs5C3mbZKZuKuqYCvw,author::UColMq7LmaoY3MT6aIDGrGvA,1
author::UC_LYoGs5C3mbZKZuKuqYCvw,author::UCiC-Jn7wdgyQV4_Urk0DkWQ,1
author::UC_LYoGs5C3mbZKZuKuqYCvw,author::UCgQw_Sbq3ugruDUKsq1e0-A,1
author::UC_LYoGs5C3mbZKZuKuqYCvw,author::UCdFlugHJJa4l3YqWuNRmvXw,1
author::UC_LYoGs5C3mbZKZuKuqYCvw,author::UCeDNEtI8_a42bZ47wJiJMwQ,1
author::UC_LYoGs5C3mbZKZuKuqYCvw,author::UCu8_3-Wg-YzNyvHYQDEscfw,1
author::UC_LYoGs5C3mbZKZuKuqYCvw,author::UCkVtmkK07b2zaVVNssX4lOg,1
author::UC_LYoGs5C3mbZKZuKuqYCvw,author::UCqCrvuoJpC-aVb0f4logQRQ,1
author::UC_LYoGs5C3mbZKZuKuqYCvw,author::UCsGoJEvb-cFPZ2rWoJcXzEQ,1
author::UC_LYoGs5C3mbZKZuKuqYCvw,author::UCuXmOjxC-htcprLgeVXz6Tg,1
author::UC_LYoGs5C3mbZKZuKuqYCvw,author::UClqA491Xa5fQcXcJJa-vTWw,1
author::UC_LYoGs5C3mbZKZuKuqYCvw,author::UCgJNFj5dnxXpcMvmuhZDPxA,1
author::UC_LYoGs5C3mbZKZuKuqYCvw,author::UCpsKOkt5iWTbenzeuq7dsmQ,1
author::UC_LYoGs5C3mbZKZuKuqYCvw,author::UCkbsS_3D-pvg1iHOld9uvIg,1
author::UC_LYoGs5C3mbZKZuKuqYCvw,author::UCwjUvRseNtJoItylIyIez7Q,1
author::UC_LYoGs5C3mbZKZuKuqYCvw,author::UClhMWQ7XKWywYvbRnuf8QsA,1
author::UC_LYoGs5C3mbZKZuKuqYCvw,author::UCe8JZoYkX5oKUZyivHYdXhw,1
author::UC_LYoGs5C3mbZKZuKuqYCvw,author::UCaKAjTW9MVub_clgr4DRYjQ,1
author::UC_LYoGs5C3mbZKZuKuqYCvw,author::UCpe5jW3MIqkgTJ-PgkzvM6Q,1
author::UC_LYoGs5C3mbZKZuKuqYCvw,author::UCylqlpsh8ENNM1LqgQ1KbxA,1
author::UC_ljZ1hZXR9pzexFz87P5ZA,author::UCaT6M2zp7X6r6Whd8Vv3kHQ,1
author::UC_ljZ1hZXR9pzexFz87P5ZA,author::UCxKR3RA8T-kxMgq_2WWhRcQ,1
author::UC_ljZ1hZXR9pzexFz87P5ZA,author::UCgLrWFdYitoP-b7-PxtUr-w,1
author::UC_ljZ1hZXR9pzexFz87P5ZA,author::UCqilIa8r7iek5sGYg_q6ofA,1
author::UC_ljZ1hZXR9pzexFz87P5ZA,author::UCtMBF_1O2jY2INlb_luuB_A,1
author::UC_ljZ1hZXR9pzexFz87P5ZA,author::UCi-vPdnpQreC7BkFs40mJGA,1
author::UC_ljZ1hZXR9pzexFz87P5ZA,author::UCyzf29IYjNw67gGIfsjgtxA,1
author::UC_ljZ1hZXR9pzexFz87P5ZA,author::UCs_5qeqdku9tGAq22y3OcuQ,1
author::UC_ljZ1hZXR9pzexFz87P5ZA,author::UCgLurCo-e019HGODcjXHWCw,1
author::UC_ljZ1hZXR9pzexFz87P5ZA,author::UCwUAv3_LpWVtTIi7lkmTL7A,1
author::UCa36MjQLoPAmgJo-R3G8WQA,author::UCeQk-WfEA-cJRq4EKeE7TOw,1
author::UCa36MjQLoPAmgJo-R3G8WQA,author::UCoGdCoJg2Lh0OX_jv6cG16g,1
author::UCa36MjQLoPAmgJo-R3G8WQA,author::UCheEJ5GZuIvV0fj-nXyVwXw,1
author::UCa36MjQLoPAmgJo-R3G8WQA,author::UCtsxPYw8VUsH_FfnKg-0lmw,1
author::UCa36MjQLoPAmgJo-R3G8WQA,author::UCgGqw4aqMdMVSGkKiMgrJRQ,1
author::UCa36MjQLoPAmgJo-R3G8WQA,author::UCql1n3Ey6ULMSOACjMe-fxQ,1
author::UCa36MjQLoPAmgJo-R3G8WQA,author::UCjZgFEowMBrsjodqfovzdKw,1
author::UCa36MjQLoPAmgJo-R3G8WQA,author::UCwxoKK59nGCeBqB2sXfDBIw,1
author::UCa36MjQLoPAmgJo-R3G8WQA,author::UCp29O_C7cchZV8IxV7Crdag,1
author::UCa36MjQLoPAmgJo-R3G8WQA,author::UChyps3dqY-VY1_wLeq-2lhw,1
author::UCa36MjQLoPAmgJo-R3G8WQA,author::UCiOZX__1gahg1ypIj0_XG_w,1
author::UCa36MjQLoPAmgJo-R3G8WQA,author::UCvDwJBBY1mHK70aTEYl6rsA,1
author::UCa36MjQLoPAmgJo-R3G8WQA,author::UCfo_yUPzy1f1POwwZxhZ06Q,1
author::UCa36MjQLoPAmgJo-R3G8WQA,author::UCtCtts20bW6F9CSohau51Iw,1
author::UCa36MjQLoPAmgJo-R3G8WQA,author::UCzZ6dDCEsLMXbc5pCFXIprw,1
author::UCa36MjQLoPAmgJo-R3G8WQA,author::UCyJhqmMbsvjpoarBBStA2kg,1
author::UCa36MjQLoPAmgJo-R3G8WQA,author::UCaT4saRcyqCLE657Rq2hhZQ,1
author::UCaKAjTW9MVub_clgr4DRYjQ,author::UCwgCc9Jd_gG-uLE_SY-FfPg,1
author::UCaKAjTW9MVub_clgr4DRYjQ,author::UColMq7LmaoY3MT6aIDGrGvA,1
author::UCaKAjTW9MVub_clgr4DRYjQ,author::UCiC-Jn7wdgyQV4_Urk0DkWQ,1
author::UCaKAjTW9MVub_clgr4DRYjQ,author::UCgQw_Sbq3ugruDUKsq1e0-A,1
author::UCaKAjTW9MVub_clgr4DRYjQ,author::UCdFlugHJJa4l3YqWuNRmvXw,1
author::UCaKAjTW9MVub_clgr4DRYjQ,author::UCeDNEtI8_a42bZ47wJiJMwQ,1
author::UCaKAjTW9MVub_clgr4DRYjQ,author::UCu8_3-Wg-YzNyvHYQDEscfw,1
author::UCaKAjTW9MVub_clgr4DRYjQ,author::UCkVtmkK07b2zaVVNssX4lOg,1
author::UCaKAjTW9MVub_clgr4DRYjQ,author::UCqCrvuoJpC-aVb0f4logQRQ,1
author::UCaKAjTW9MVub_clgr4DRYjQ,author::UCsGoJEvb-cFPZ2rWoJcXzEQ,1
author::UCaKAjTW9MVub_clgr4DRYjQ,author::UCuXmOjxC-htcprLgeVXz6Tg,1
author::UCaKAjTW9MVub_clgr4DRYjQ,author::UClqA491Xa5fQcXcJJa-vTWw,1
author::UCaKAjTW9MVub_clgr4DRYjQ,author::UCgJNFj5dnxXpcMvmuhZDPxA,1
author::UCaKAjTW9MVub_clgr4DRYjQ,author::UCpsKOkt5iWTbenzeuq7dsmQ,1
author::UCaKAjTW9MVub_clgr4DRYjQ,author::UCkbsS_3D-pvg1iHOld9uvIg,1
author::UCaKAjTW9MVub_clgr4DRYjQ,author::UCwjUvRseNtJoItylIyIez7Q,1
author::UCaKAjTW9MVub_clgr4DRYjQ,author::UClhMWQ7XKWywYvbRnuf8QsA,1
author::UCaKAjTW9MVub_clgr4DRYjQ,author::UCe8JZoYkX5oKUZyivHYdXhw,1
author::UCaKAjTW9MVub_clgr4DRYjQ,author::UCpe5jW3MIqkgTJ-PgkzvM6Q,1
author::UCaKAjTW9MVub_clgr4DRYjQ,author::UCylqlpsh8ENNM1LqgQ1KbxA,1
author::UCaT4saRcyqCLE657Rq2hhZQ,author::UCeQk-WfEA-cJRq4EKeE7TOw,1
author::UCaT4saRcyqCLE657Rq2hhZQ,author::UCoGdCoJg2Lh0OX_jv6cG16g,1
author::UCaT4saRcyqCLE657Rq2hhZQ,author::UCheEJ5GZuIvV0fj-nXyVwXw,1
author::UCaT4saRcyqCLE657Rq2hhZQ,author::UCtsxPYw8VUsH_FfnKg-0lmw,1
author::UCaT4saRcyqCLE657Rq2hhZQ,author::UCgGqw4aqMdMVSGkKiMgrJRQ,1
author::UCaT4saRcyqCLE657Rq2hhZQ,author::UCql1n3Ey6ULMSOACjMe-fxQ,1
author::UCaT4saRcyqCLE657Rq2hhZQ,author::UCjZgFEowMBrsjodqfovzdKw,1
author::UCaT4saRcyqCLE657Rq2hhZQ,author::UCwxoKK59nGCeBqB2sXfDBIw,1
author::UCaT4saRcyqCLE657Rq2hhZQ,author::UCp29O_C7cchZV8IxV7Crdag,1
author::UCaT4saRcyqCLE657Rq2hhZQ,author::UChyps3dqY-VY1_wLeq-2lhw,1
author::UCaT4saRcyqCLE657Rq2hhZQ,author::UCiOZX__1gahg1ypIj0_XG_w,1
author::UCaT4saRcyqCLE657Rq2hhZQ,author::UCvDwJBBY1mHK70aTEYl6rsA,1
author::UCaT4saRcyqCLE657Rq2hhZQ,author::UCfo_yUPzy1f1POwwZxhZ06Q,1
author::UCaT4saRcyqCLE657Rq2hhZQ,author::UCtCtts20bW6F9CSohau51Iw,1
author::UCaT4saRcyqCLE657Rq2hhZQ,author::UCzZ6dDCEsLMXbc5pCFXIprw,1
author::UCaT4saRcyqCLE657Rq2hhZQ,author::UCyJhqmMbsvjpoarBBStA2kg,1
author::UCaT6M2zp7X6r6Whd8Vv3kHQ,author::UCxKR3RA8T-kxMgq_2WWhRcQ,1
author::UCaT6M2zp7X6r6Whd8Vv3kHQ,author::UCgLrWFdYitoP-b7-PxtUr-w,1
author::UCaT6M2zp7X6r6Whd8Vv3kHQ,author::UCqilIa8r7iek5sGYg_q6ofA,1
author::UCaT6M2zp7X6r6Whd8Vv3kHQ,author::UCtMBF_1O2jY2INlb_luuB_A,1
author::UCaT6M2zp7X6r6Whd8Vv3kHQ,author::UCi-vPdnpQreC7BkFs40mJGA,1
author::UCaT6M2zp7X6r6Whd8Vv3kHQ,author::UCyzf29IYjNw67gGIfsjgtxA,1
author::UCaT6M2zp7X6r6Whd8Vv3kHQ,author::UCs_5qeqdku9tGAq22y3OcuQ,1
author::UCaT6M2zp7X6r6Whd8Vv3kHQ,author::UCgLurCo-e019HGODcjXHWCw,1
author::UCaT6M2zp7X6r6Whd8Vv3kHQ,author::UCwUAv3_LpWVtTIi7lkmTL7A,1
author::UCat2qkYvqmtDNEmo2PVuhXw,author::UCp_dAUfv8i3LW3zWc24dLaQ,1
author::UCat2qkYvqmtDNEmo2PVuhXw,author::UCi2KiZq63sRq8Mfbcp-MelQ,1
author::UCat2qkYvqmtDNEmo2PVuhXw,author::UCxhtlxPV8AYWaNNyU6S9H8Q,1
author::UCat2qkYvqmtDNEmo2PVuhXw,author::UCbNanjFI51cwGqMAb2rOrBw,1
author::UCat2qkYvqmtDNEmo2PVuhXw,author::UCtiHFjFu7d5v2XxHnKFUYig,1
author::UCat2qkYvqmtDNEmo2PVuhXw,author::UCrqXyRsg-_hTosURZ-uvoKg,1
author::UCat2qkYvqmtDNEmo2PVuhXw,author::UCozFYHN0e_-vlQbX3wQGOug,1
author::UCbNanjFI51cwGqMAb2rOrBw,author::UCp_dAUfv8i3LW3zWc24dLaQ,1
author::UCbNanjFI51cwGqMAb2rOrBw,author::UCi2KiZq63sRq8Mfbcp-MelQ,1
author::UCbNanjFI51cwGqMAb2rOrBw,author::UCxhtlxPV8AYWaNNyU6S9H8Q,1
author::UCbNanjFI51cwGqMAb2rOrBw,author::UCtiHFjFu7d5v2XxHnKFUYig,1
author::UCbNanjFI51cwGqMAb2rOrBw,author::UCrqXyRsg-_hTosURZ-uvoKg,1
author::UCbNanjFI51cwGqMAb2rOrBw,author::UCozFYHN0e_-vlQbX3wQGOug,1
author::UCbYoNG5J3Au5BqtbXogfEFw,author::UCusjriFsDHEc2AOjqk-p5ig,1
author::UCbYoNG5J3Au5BqtbXogfEFw,author::UCzZ6dDCEsLMXbc5pCFXIprw,1
author::UCbYoNG5J3Au5BqtbXogfEFw,author::UCgQJgI9vu1FI2dnC9mrFthw,1
author::UCbYoNG5J3Au5BqtbXogfEFw,author::UCg3eIfd7BrsLEqS0BLkftHA,1
author::UCbYoNG5J3Au5BqtbXogfEFw,author::UCf5lnNZF7Qrtli9v4N_23WQ,1
author::UCbYoNG5J3Au5BqtbXogfEFw,author::UCuP4UK33HKtJE_S39ksmaTw,1
author::UCbYoNG5J3Au5BqtbXogfEFw,author::UCtNyHmRZtvGF2hSvI2dUBWw,1
author::UCbYoNG5J3Au5BqtbXogfEFw,author::UClsrFGJKWPxxw7MiaEdKLXw,1
author::UCbrtvygfRT6QXqWDNrOf-cA,author::UCdQAuWwyC99MB7Y02Umj26Q,1
author::UCbrtvygfRT6QXqWDNrOf-cA,author::UCpsKOkt5iWTbenzeuq7dsmQ,1
author::UCbrtvygfRT6QXqWDNrOf-cA,author::UCkxdJ_yGN2gghOMo2ybQtXQ,1
author::UCbrtvygfRT6QXqWDNrOf-cA,author::UChT7pzGytNd92Nmvi-zuWog,1
author::UCbrtvygfRT6QXqWDNrOf-cA,author::UCc_F88PzGWtA1OPNUEASulA,1
author::UCbrtvygfRT6QXqWDNrOf-cA,author::UCvcu1kR8xMYy_I1Ty-2mV2Q,2
author::UCbrtvygfRT6QXqWDNrOf-cA,author::UCxcoDvP-g2_KTZDmVZtvb3w,1
author::UCbrtvygfRT6QXqWDNrOf-cA,author::UCcFIBN-rtC3d3hXeuN5TfWw,1
author::UCbrtvygfRT6QXqWDNrOf-cA,author::UCjJf-AJKRFFWtiN-CSwkDmA,1
author::UCbrtvygfRT6QXqWDNrOf-cA,author::UCnU8wO1OurAmGstDw6VGjgQ,1
author::UCbrtvygfRT6QXqWDNrOf-cA,author::UCefAH1MbvADWUjE9WVcB9EQ,1
author::UCbrtvygfRT6QXqWDNrOf-cA,author::UCwEe1RKlEv1UpNWmWYfSh4w,1
author::UCcFIBN-rtC3d3hXeuN5TfWw,author::UCdQAuWwyC99MB7Y02Umj26Q,1
author::UCcFIBN-rtC3d3hXeuN5TfWw,author::UCkxdJ_yGN2gghOMo2ybQtXQ,1
author::UCcFIBN-rtC3d3hXeuN5TfWw,author::UChT7pzGytNd92Nmvi-zuWog,1
author::UCcFIBN-rtC3d3hXeuN5TfWw,author::UCc_F88PzGWtA1OPNUEASulA,1
author::UCcFIBN-rtC3d3hXeuN5TfWw,author::UCvcu1kR8xMYy_I1Ty-2mV2Q,1
author::UCcFIBN-rtC3d3hXeuN5TfWw,author::UCxcoDvP-g2_KTZDmVZtvb3w,1
author::UCcFIBN-rtC3d3hXeuN5TfWw,author::UCefAH1MbvADWUjE9WVcB9EQ,1
author::UCcFIBN-rtC3d3hXeuN5TfWw,author::UCwEe1RKlEv1UpNWmWYfSh4w,1
author::UCc_F88PzGWtA1OPNUEASulA,author::UCdQAuWwyC99MB7Y02Umj26Q,1
author::UCc_F88PzGWtA1OPNUEASulA,author::UCkxdJ_yGN2gghOMo2ybQtXQ,1
author::UCc_F88PzGWtA1OPNUEASulA,author::UChT7pzGytNd92Nmvi-zuWog,1
author::UCc_F88PzGWtA1OPNUEASulA,author::UCvcu1kR8xMYy_I1Ty-2mV2Q,1
author::UCc_F88PzGWtA1OPNUEASulA,author::UCxcoDvP-g2_KTZDmVZtvb3w,1
author::UCc_F88PzGWtA1OPNUEASulA,author::UCefAH1MbvADWUjE9WVcB9EQ,1
author::UCc_F88PzGWtA1OPNUEASulA,author::UCwEe1RKlEv1UpNWmWYfSh4w,1
author::UCcfdg8crmMJwEuLUsAhV7yg,author::UCwO2SXr0ggzwg6QWWrr01nQ,1
author::UCcfdg8crmMJwEuLUsAhV7yg,author::UCipetjeiWj4CZB6EbyYziZg,1
author::UCcfdg8crmMJwEuLUsAhV7yg,author::UCueV9cTyTDwgQSec1x2dYgA,1
author::UCcfdg8crmMJwEuLUsAhV7yg,author::UChep9kVb5gQmpodEEl10Xlg,1
author::UCcfdg8crmMJwEuLUsAhV7yg,author::UCsJJAvrVGupdmhOqgtDp8dg,1
author::UCcfdg8crmMJwEuLUsAhV7yg,author::UCjmPuazZJzscrwvk0QR9RVw,1
author::UCcfdg8crmMJwEuLUsAhV7yg,author::UCzoL2l5H5eVlorWGH8AZfAg,1
author::UCcfdg8crmMJwEuLUsAhV7yg,author::UCplrIQtaPj6au60_f2-mOYw,1
author::UCcfdg8crmMJwEuLUsAhV7yg,author::UCj-LL25XJnjxepPKCc3NGog,1
author::UCcfdg8crmMJwEuLUsAhV7yg,author::UCr1emrogPKkKTs_WTtx71xg,1
author::UCcfdg8crmMJwEuLUsAhV7yg,author::UChs3tU2BcKOT0CezykvAsGw,1
author::UCcfdg8crmMJwEuLUsAhV7yg,author::UCmvOgzmmXbjUthHy-WJ52hQ,1
author::UCcfdg8crmMJwEuLUsAhV7yg,author::UCsjs5Hp_r86x1xbK6FAeqaA,1
author::UCcfdg8crmMJwEuLUsAhV7yg,author::UCsUCN0Yq_UyTvKjOJLmNrnQ,1
author::UCcfdg8crmMJwEuLUsAhV7yg,author::UCjSKM9j0Q7HLDr1hD6D-TUw,1
author::UCcfdg8crmMJwEuLUsAhV7yg,author::UCiMythXHsw7eQEMykCdmMUA,1
author::UCcfdg8crmMJwEuLUsAhV7yg,author::UCxff05WuyvwELNITi7bj7UA,1
author::UCcfdg8crmMJwEuLUsAhV7yg,author::UCrJn_rbo_ENAdeqneS-RmRw,1
author::UCcfdg8crmMJwEuLUsAhV7yg,author::UCl0ekS9Tt0jJGtOEM18S63w,1
author::UCcfdg8crmMJwEuLUsAhV7yg,author::UCut6b9S98nv84cVX89PmKzA,1
author::UCcfdg8crmMJwEuLUsAhV7yg,author::UCi1b_TRQfgO1Z9O2gNGGWNA,1
author::UCcfdg8crmMJwEuLUsAhV7yg,author::UCpIdtvoFHVLGASGB5ySqIEA,1
author::UCcfdg8crmMJwEuLUsAhV7yg,author::UCtNfIBnc5S5DbbQj_yxgJTw,1
author::UCcfdg8crmMJwEuLUsAhV7yg,author::UCgvw7xIdGFupzpt1Y_BFkEA,1
author::UCcfdg8crmMJwEuLUsAhV7yg,author::UCpsKOkt5iWTbenzeuq7dsmQ,1
author::UCcfdg8crmMJwEuLUsAhV7yg,author::UCwW2OFy95P7ZBkOPxWkpvYg,1
author::UCcfdg8crmMJwEuLUsAhV7yg,author::UCiGRBf2RNF0WRKhRVT7zFoA,1
author::UCcfdg8crmMJwEuLUsAhV7yg,author::UCkd9W714-947dEE6ZOEBATA,1
author::UCcfdg8crmMJwEuLUsAhV7yg,author::UCzSfZlOVxBSs5ObD25ywxDQ,1
author::UCcfdg8crmMJwEuLUsAhV7yg,author::UCwha8rxULYMVtNwZWeSkE1A,1
author::UCcfdg8crmMJwEuLUsAhV7yg,author::UChgkn5Jt5tWKYMoEOuCjz3Q,1
author::UCcfdg8crmMJwEuLUsAhV7yg,author::UCvApqeCbLod-wejtT4CcVuA,1
author::UCcfdg8crmMJwEuLUsAhV7yg,author::UCfM3nrxtTQMY5jFx1v1J4Gg,1
author::UCcfdg8crmMJwEuLUsAhV7yg,author::UCz3gu01bmjNv0DpRq-K3XYg,1
author::UCcfdg8crmMJwEuLUsAhV7yg,author::UCySYJU5kUh7X8gVt9la2ISA,1
author::UCcfdg8crmMJwEuLUsAhV7yg,author::UChZknRmJkeGeQk0-mQuhDOg,1
author::UCcfdg8crmMJwEuLUsAhV7yg,author::UCljDbleJul41G1TzOjOZAVA,1
author::UCcfdg8crmMJwEuLUsAhV7yg,author::UCujPF2nBgsTD62nWE3lcpIg,1
author::UCcfdg8crmMJwEuLUsAhV7yg,author::UCmjppp6ujz3SAnULvP3sZMw,1
author::UCcfdg8crmMJwEuLUsAhV7yg,author::UCylqlpsh8ENNM1LqgQ1KbxA,1
author::UCcfdg8crmMJwEuLUsAhV7yg,author::UCp4iw5_5SmV9VGTFSNVGOmQ,1
author::UCcfdg8crmMJwEuLUsAhV7yg,author::UCpl8rF8uv_8uui-QRvuJaRA,1
author::UCcfdg8crmMJwEuLUsAhV7yg,author::UCh5ESQvtzyHDhCA7XyekCFA,1
author::UCcfdg8crmMJwEuLUsAhV7yg,author::UCsSXdJct-nsS8DsABoEsaYA,1
author::UCcfdg8crmMJwEuLUsAhV7yg,author::UCtUR3_CAiE7fCoZHM6cMfyQ,1
author::UCdFlugHJJa4l3YqWuNRmvXw,author::UCwgCc9Jd_gG-uLE_SY-FfPg,1
author::UCdFlugHJJa4l3YqWuNRmvXw,author::UColMq7LmaoY3MT6aIDGrGvA,1
author::UCdFlugHJJa4l3YqWuNRmvXw,author::UCiC-Jn7wdgyQV4_Urk0DkWQ,1
author::UCdFlugHJJa4l3YqWuNRmvXw,author::UCgQw_Sbq3ugruDUKsq1e0-A,1
author::UCdFlugHJJa4l3YqWuNRmvXw,author::UCeDNEtI8_a42bZ47wJiJMwQ,1
author::UCdFlugHJJa4l3YqWuNRmvXw,author::UCu8_3-Wg-YzNyvHYQDEscfw,1
author::UCdFlugHJJa4l3YqWuNRmvXw,author::UCkVtmkK07b2zaVVNssX4lOg,1
author::UCdFlugHJJa4l3YqWuNRmvXw,author::UCqCrvuoJpC-aVb0f4logQRQ,1
author::UCdFlugHJJa4l3YqWuNRmvXw,author::UCsGoJEvb-cFPZ2rWoJcXzEQ,1
author::UCdFlugHJJa4l3YqWuNRmvXw,author::UCuXmOjxC-htcprLgeVXz6Tg,1
author::UCdFlugHJJa4l3YqWuNRmvXw,author::UClqA491Xa5fQcXcJJa-vTWw,1
author::UCdFlugHJJa4l3YqWuNRmvXw,author::UCk4O-J1BhoqPmig1KLGJePA,1
author::UCdFlugHJJa4l3YqWuNRmvXw,author::UCgJNFj5dnxXpcMvmuhZDPxA,1
author::UCdFlugHJJa4l3YqWuNRmvXw,author::UCpsKOkt5iWTbenzeuq7dsmQ,1
author::UCdFlugHJJa4l3YqWuNRmvXw,author::UCkbsS_3D-pvg1iHOld9uvIg,1
author::UCdFlugHJJa4l3YqWuNRmvXw,author::UCwjUvRseNtJoItylIyIez7Q,1
author::UCdFlugHJJa4l3YqWuNRmvXw,author::UClhMWQ7XKWywYvbRnuf8QsA,1
author::UCdFlugHJJa4l3YqWuNRmvXw,author::UCe8JZoYkX5oKUZyivHYdXhw,1
author::UCdFlugHJJa4l3YqWuNRmvXw,author::UCpe5jW3MIqkgTJ-PgkzvM6Q,1
author::UCdFlugHJJa4l3YqWuNRmvXw,author::UCylqlpsh8ENNM1LqgQ1KbxA,1
author::UCdFlugHJJa4l3YqWuNRmvXw,author::UCfRqgt2O-vjzUDMZY_tnxQw,1
author::UCdQAuWwyC99MB7Y02Umj26Q,author::UCkxdJ_yGN2gghOMo2ybQtXQ,1
author::UCdQAuWwyC99MB7Y02Umj26Q,author::UChT7pzGytNd92Nmvi-zuWog,1
author::UCdQAuWwyC99MB7Y02Umj26Q,author::UCvcu1kR8xMYy_I1Ty-2mV2Q,1
author::UCdQAuWwyC99MB7Y02Umj26Q,author::UCxcoDvP-g2_KTZDmVZtvb3w,1
author::UCdQAuWwyC99MB7Y02Umj26Q,author::UCefAH1MbvADWUjE9WVcB9EQ,1
author::UCdQAuWwyC99MB7Y02Umj26Q,author::UCwEe1RKlEv1UpNWmWYfSh4w,1
author::UCe8JZoYkX5oKUZyivHYdXhw,author::UCwgCc9Jd_gG-uLE_SY-FfPg,1
author::UCe8JZoYkX5oKUZyivHYdXhw,author::UColMq7LmaoY3MT6aIDGrGvA,1
author::UCe8JZoYkX5oKUZyivHYdXhw,author::UCiC-Jn7wdgyQV4_Urk0DkWQ,1
author::UCe8JZoYkX5oKUZyivHYdXhw,author::UCgQw_Sbq3ugruDUKsq1e0-A,1
author::UCe8JZoYkX5oKUZyivHYdXhw,author::UCeDNEtI8_a42bZ47wJiJMwQ,1
author::UCe8JZoYkX5oKUZyivHYdXhw,author::UCu8_3-Wg-YzNyvHYQDEscfw,1
author::UCe8JZoYkX5oKUZyivHYdXhw,author::UCkVtmkK07b2zaVVNssX4lOg,1
author::UCe8JZoYkX5oKUZyivHYdXhw,author::UCqCrvuoJpC-aVb0f4logQRQ,1
author::UCe8JZoYkX5oKUZyivHYdXhw,author::UCsGoJEvb-cFPZ2rWoJcXzEQ,1
author::UCe8JZoYkX5oKUZyivHYdXhw,author::UCuXmOjxC-htcprLgeVXz6Tg,1
author::UCe8JZoYkX5oKUZyivHYdXhw,author::UClqA491Xa5fQcXcJJa-vTWw,1
author::UCe8JZoYkX5oKUZyivHYdXhw,author::UCgJNFj5dnxXpcMvmuhZDPxA,1
author::UCe8JZoYkX5oKUZyivHYdXhw,author::UCpsKOkt5iWTbenzeuq7dsmQ,1
author::UCe8JZoYkX5oKUZyivHYdXhw,author::UCkbsS_3D-pvg1iHOld9uvIg,1
author::UCe8JZoYkX5oKUZyivHYdXhw,author::UCwjUvRseNtJoItylIyIez7Q,1
author::UCe8JZoYkX5oKUZyivHYdXhw,author::UClhMWQ7XKWywYvbRnuf8QsA,1
author::UCe8JZoYkX5oKUZyivHYdXhw,author::UCpe5jW3MIqkgTJ-PgkzvM6Q,1
author::UCe8JZoYkX5oKUZyivHYdXhw,author::UCylqlpsh8ENNM1LqgQ1KbxA,1
author::UCeDNEtI8_a42bZ47wJiJMwQ,author::UCwgCc9Jd_gG-uLE_SY-FfPg,1
author::UCeDNEtI8_a42bZ47wJiJMwQ,author::UColMq7LmaoY3MT6aIDGrGvA,1
author::UCeDNEtI8_a42bZ47wJiJMwQ,author::UCiC-Jn7wdgyQV4_Urk0DkWQ,1
author::UCeDNEtI8_a42bZ47wJiJMwQ,author::UCgQw_Sbq3ugruDUKsq1e0-A,1
author::UCeDNEtI8_a42bZ47wJiJMwQ,author::UCu8_3-Wg-YzNyvHYQDEscfw,1
author::UCeDNEtI8_a42bZ47wJiJMwQ,author::UCkVtmkK07b2zaVVNssX4lOg,1
author::UCeDNEtI8_a42bZ47wJiJMwQ,author::UCqCrvuoJpC-aVb0f4logQRQ,1
author::UCeDNEtI8_a42bZ47wJiJMwQ,author::UCsGoJEvb-cFPZ2rWoJcXzEQ,1
author::UCeDNEtI8_a42bZ47wJiJMwQ,author::UCuXmOjxC-htcprLgeVXz6Tg,1
author::UCeDNEtI8_a42bZ47wJiJMwQ,author::UClqA491Xa5fQcXcJJa-vTWw,1
author::UCeDNEtI8_a42bZ47wJiJMwQ,author::UCgJNFj5dnxXpcMvmuhZDPxA,1
author::UCeDNEtI8_a42bZ47wJiJMwQ,author::UCpsKOkt5iWTbenzeuq7dsmQ,1
author::UCeDNEtI8_a42bZ47wJiJMwQ,author::UCkbsS_3D-pvg1iHOld9uvIg,1
author::UCeDNEtI8_a42bZ47wJiJMwQ,author::UCwjUvRseNtJoItylIyIez7Q,1
author::UCeDNEtI8_a42bZ47wJiJMwQ,author::UClhMWQ7XKWywYvbRnuf8QsA,1
author::UCeDNEtI8_a42bZ47wJiJMwQ,author::UCpe5jW3MIqkgTJ-PgkzvM6Q,1
author::UCeDNEtI8_a42bZ47wJiJMwQ,author::UCylqlpsh8ENNM1LqgQ1KbxA,1
author::UCeQk-WfEA-cJRq4EKeE7TOw,author::UCoGdCoJg2Lh0OX_jv6cG16g,1
author::UCeQk-WfEA-cJRq4EKeE7TOw,author::UCheEJ5GZuIvV0fj-nXyVwXw,1
author::UCeQk-WfEA-cJRq4EKeE7TOw,author::UCtsxPYw8VUsH_FfnKg-0lmw,1
author::UCeQk-WfEA-cJRq4EKeE7TOw,author::UCgGqw4aqMdMVSGkKiMgrJRQ,1
author::UCeQk-WfEA-cJRq4EKeE7TOw,author::UCql1n3Ey6ULMSOACjMe-fxQ,1
author::UCeQk-WfEA-cJRq4EKeE7TOw,author::UCjZgFEowMBrsjodqfovzdKw,1
author::UCeQk-WfEA-cJRq4EKeE7TOw,author::UCwxoKK59nGCeBqB2sXfDBIw,1
author::UCeQk-WfEA-cJRq4EKeE7TOw,author::UCp29O_C7cchZV8IxV7Crdag,1
author::UCeQk-WfEA-cJRq4EKeE7TOw,author::UChyps3dqY-VY1_wLeq-2lhw,1
author::UCeQk-WfEA-cJRq4EKeE7TOw,author::UCiOZX__1gahg1ypIj0_XG_w,1
author::UCeQk-WfEA-cJRq4EKeE7TOw,author::UCvDwJBBY1mHK70aTEYl6rsA,1
author::UCeQk-WfEA-cJRq4EKeE7TOw,author::UCfo_yUPzy1f1POwwZxhZ06Q,1
author::UCeQk-WfEA-cJRq4EKeE7TOw,author::UCtCtts20bW6F9CSohau51Iw,1
author::UCeQk-WfEA-cJRq4EKeE7TOw,author::UCzZ6dDCEsLMXbc5pCFXIprw,1
author::UCeQk-WfEA-cJRq4EKeE7TOw,author::UCyJhqmMbsvjpoarBBStA2kg,1
author::UCefAH1MbvADWUjE9WVcB9EQ,author::UCkxdJ_yGN2gghOMo2ybQtXQ,1
author::UCefAH1MbvADWUjE9WVcB9EQ,author::UChT7pzGytNd92Nmvi-zuWog,1
author::UCefAH1MbvADWUjE9WVcB9EQ,author::UCvcu1kR8xMYy_I1Ty-2mV2Q,1
author::UCefAH1MbvADWUjE9WVcB9EQ,author::UCxcoDvP-g2_KTZDmVZtvb3w,1
author::UCefAH1MbvADWUjE9WVcB9EQ,author::UCwEe1RKlEv1UpNWmWYfSh4w,1
author::UCf5lnNZF7Qrtli9v4N_23WQ,author::UCusjriFsDHEc2AOjqk-p5ig,1
author::UCf5lnNZF7Qrtli9v4N_23WQ,author::UCzZ6dDCEsLMXbc5pCFXIprw,1
author::UCf5lnNZF7Qrtli9v4N_23WQ,author::UCgQJgI9vu1FI2dnC9mrFthw,1
author::UCf5lnNZF7Qrtli9v4N_23WQ,author::UCg3eIfd7BrsLEqS0BLkftHA,1
author::UCf5lnNZF7Qrtli9v4N_23WQ,author::UCuP4UK33HKtJE_S39ksmaTw,1
author::UCf5lnNZF7Qrtli9v4N_23WQ,author::UCtNyHmRZtvGF2hSvI2dUBWw,1
author::UCf5lnNZF7Qrtli9v4N_23WQ,author::UClsrFGJKWPxxw7MiaEdKLXw,1
author::UCfM3nrxtTQMY5jFx1v1J4Gg,author::UCwO2SXr0ggzwg6QWWrr01nQ,1
author::UCfM3nrxtTQMY5jFx1v1J4Gg,author::UCipetjeiWj4CZB6EbyYziZg,1
author::UCfM3nrxtTQMY5jFx1v1J4Gg,author::UCueV9cTyTDwgQSec1x2dYgA,1
author::UCfM3nrxtTQMY5jFx1v1J4Gg,author::UChep9kVb5gQmpodEEl10Xlg,1
author::UCfM3nrxtTQMY5jFx1v1J4Gg,author::UCsJJAvrVGupdmhOqgtDp8dg,1
author::UCfM3nrxtTQMY5jFx1v1J4Gg,author::UCjmPuazZJzscrwvk0QR9RVw,1
author::UCfM3nrxtTQMY5jFx1v1J4Gg,author::UCzoL2l5H5eVlorWGH8AZfAg,1
author::UCfM3nrxtTQMY5jFx1v1J4Gg,author::UCplrIQtaPj6au60_f2-mOYw,1
author::UCfM3nrxtTQMY5jFx1v1J4Gg,author::UCj-LL25XJnjxepPKCc3NGog,1
author::UCfM3nrxtTQMY5jFx1v1J4Gg,author::UCr1emrogPKkKTs_WTtx71xg,1
author::UCfM3nrxtTQMY5jFx1v1J4Gg,author::UChs3tU2BcKOT0CezykvAsGw,1
author::UCfM3nrxtTQMY5jFx1v1J4Gg,author::UCmvOgzmmXbjUthHy-WJ52hQ,1
author::UCfM3nrxtTQMY5jFx1v1J4Gg,author::UCsjs5Hp_r86x1xbK6FAeqaA,1
author::UCfM3nrxtTQMY5jFx1v1J4Gg,author::UCsUCN0Yq_UyTvKjOJLmNrnQ,1
author::UCfM3nrxtTQMY5jFx1v1J4Gg,author::UCjSKM9j0Q7HLDr1hD6D-TUw,1
author::UCfM3nrxtTQMY5jFx1v1J4Gg,author::UCiMythXHsw7eQEMykCdmMUA,1
author::UCfM3nrxtTQMY5jFx1v1J4Gg,author::UCxff05WuyvwELNITi7bj7UA,1
author::UCfM3nrxtTQMY5jFx1v1J4Gg,author::UCrJn_rbo_ENAdeqneS-RmRw,1
author::UCfM3nrxtTQMY5jFx1v1J4Gg,author::UCl0ekS9Tt0jJGtOEM18S63w,1
author::UCfM3nrxtTQMY5jFx1v1J4Gg,author::UCut6b9S98nv84cVX89PmKzA,1
author::UCfM3nrxtTQMY5jFx1v1J4Gg,author::UCi1b_TRQfgO1Z9O2gNGGWNA,1
author::UCfM3nrxtTQMY5jFx1v1J4Gg,author::UCpIdtvoFHVLGASGB5ySqIEA,1
author::UCfM3nrxtTQMY5jFx1v1J4Gg,author::UCtNfIBnc5S5DbbQj_yxgJTw,1
author::UCfM3nrxtTQMY5jFx1v1J4Gg,author::UCgvw7xIdGFupzpt1Y_BFkEA,1
author::UCfM3nrxtTQMY5jFx1v1J4Gg,author::UCpsKOkt5iWTbenzeuq7dsmQ,1
author::UCfM3nrxtTQMY5jFx1v1J4Gg,author::UCwW2OFy95P7ZBkOPxWkpvYg,1
author::UCfM3nrxtTQMY5jFx1v1J4Gg,author::UCiGRBf2RNF0WRKhRVT7zFoA,1
author::UCfM3nrxtTQMY5jFx1v1J4Gg,author::UCkd9W714-947dEE6ZOEBATA,1
author::UCfM3nrxtTQMY5jFx1v1J4Gg,author::UCzSfZlOVxBSs5ObD25ywxDQ,1
author::UCfM3nrxtTQMY5jFx1v1J4Gg,author::UCwha8rxULYMVtNwZWeSkE1A,1
author::UCfM3nrxtTQMY5jFx1v1J4Gg,author::UChgkn5Jt5tWKYMoEOuCjz3Q,1
author::UCfM3nrxtTQMY5jFx1v1J4Gg,author::UCvApqeCbLod-wejtT4CcVuA,1
author::UCfM3nrxtTQMY5jFx1v1J4Gg,author::UCz3gu01bmjNv0DpRq-K3XYg,1
author::UCfM3nrxtTQMY5jFx1v1J4Gg,author::UCySYJU5kUh7X8gVt9la2ISA,1
author::UCfM3nrxtTQMY5jFx1v1J4Gg,author::UChZknRmJkeGeQk0-mQuhDOg,1
author::UCfM3nrxtTQMY5jFx1v1J4Gg,author::UCljDbleJul41G1TzOjOZAVA,1
author::UCfM3nrxtTQMY5jFx1v1J4Gg,author::UCujPF2nBgsTD62nWE3lcpIg,1
author::UCfM3nrxtTQMY5jFx1v1J4Gg,author::UCmjppp6ujz3SAnULvP3sZMw,1
author::UCfM3nrxtTQMY5jFx1v1J4Gg,author::UCylqlpsh8ENNM1LqgQ1KbxA,1
author::UCfM3nrxtTQMY5jFx1v1J4Gg,author::UCp4iw5_5SmV9VGTFSNVGOmQ,1
author::UCfM3nrxtTQMY5jFx1v1J4Gg,author::UCpl8rF8uv_8uui-QRvuJaRA,1
author::UCfM3nrxtTQMY5jFx1v1J4Gg,author::UCh5ESQvtzyHDhCA7XyekCFA,1
author::UCfM3nrxtTQMY5jFx1v1J4Gg,author::UCsSXdJct-nsS8DsABoEsaYA,1
author::UCfM3nrxtTQMY5jFx1v1J4Gg,author::UCtUR3_CAiE7fCoZHM6cMfyQ,1
author::UCfRqgt2O-vjzUDMZY_tnxQw,author::UCk4O-J1BhoqPmig1KLGJePA,1
author::UCfXykdbSU97rj987LDUGfvg,author::UCq3mDTTRZnUybct5M9OSXbg,1
author::UCfXykdbSU97rj987LDUGfvg,author::UCjZgFEowMBrsjodqfovzdKw,1
author::UCfXykdbSU97rj987LDUGfvg,author::UCfjhejO7LZy4doXURa7LZCQ,1
author::UCfXykdbSU97rj987LDUGfvg,author::UCwCfs-2zbD5k0lG-UVg_JBw,1
author::UCfXykdbSU97rj987LDUGfvg,author::UCvl1tzQeBeGy6efPTRJXSCw,1
author::UCfjhejO7LZy4doXURa7LZCQ,author::UCq3mDTTRZnUybct5M9OSXbg,1
author::UCfjhejO7LZy4doXURa7LZCQ,author::UCjZgFEowMBrsjodqfovzdKw,1
author::UCfjhejO7LZy4doXURa7LZCQ,author::UCwCfs-2zbD5k0lG-UVg_JBw,1
author::UCfjhejO7LZy4doXURa7LZCQ,author::UCvl1tzQeBeGy6efPTRJXSCw,1
author::UCfo_yUPzy1f1POwwZxhZ06Q,author::UCoGdCoJg2Lh0OX_jv6cG16g,1
author::UCfo_yUPzy1f1POwwZxhZ06Q,author::UCheEJ5GZuIvV0fj-nXyVwXw,1
author::UCfo_yUPzy1f1POwwZxhZ06Q,author::UCtsxPYw8VUsH_FfnKg-0lmw,1
author::UCfo_yUPzy1f1POwwZxhZ06Q,author::UCgGqw4aqMdMVSGkKiMgrJRQ,1
author::UCfo_yUPzy1f1POwwZxhZ06Q,author::UCql1n3Ey6ULMSOACjMe-fxQ,1
author::UCfo_yUPzy1f1POwwZxhZ06Q,author::UCjZgFEowMBrsjodqfovzdKw,1
author::UCfo_yUPzy1f1POwwZxhZ06Q,author::UCwxoKK59nGCeBqB2sXfDBIw,1
author::UCfo_yUPzy1f1POwwZxhZ06Q,author::UCp29O_C7cchZV8IxV7Crdag,1
author::UCfo_yUPzy1f1POwwZxhZ06Q,author::UChyps3dqY-VY1_wLeq-2lhw,1
author::UCfo_yUPzy1f1POwwZxhZ06Q,author::UCiOZX__1gahg1ypIj0_XG_w,1
author::UCfo_yUPzy1f1POwwZxhZ06Q,author::UCvDwJBBY1mHK70aTEYl6rsA,1
author::UCfo_yUPzy1f1POwwZxhZ06Q,author::UCtCtts20bW6F9CSohau51Iw,1
author::UCfo_yUPzy1f1POwwZxhZ06Q,author::UCzZ6dDCEsLMXbc5pCFXIprw,1
author::UCfo_yUPzy1f1POwwZxhZ06Q,author::UCyJhqmMbsvjpoarBBStA2kg,1
author::UCg3eIfd7BrsLEqS0BLkftHA,author::UCusjriFsDHEc2AOjqk-p5ig,1
author::UCg3eIfd7BrsLEqS0BLkftHA,author::UCzZ6dDCEsLMXbc5pCFXIprw,1
author::UCg3eIfd7BrsLEqS0BLkftHA,author::UCgQJgI9vu1FI2dnC9mrFthw,1
author::UCg3eIfd7BrsLEqS0BLkftHA,author::UCuP4UK33HKtJE_S39ksmaTw,1
author::UCg3eIfd7BrsLEqS0BLkftHA,author::UCtNyHmRZtvGF2hSvI2dUBWw,1
author::UCg3eIfd7BrsLEqS0BLkftHA,author::UClsrFGJKWPxxw7MiaEdKLXw,1
author::UCgGqw4aqMdMVSGkKiMgrJRQ,author::UCoGdCoJg2Lh0OX_jv6cG16g,1
author::UCgGqw4aqMdMVSGkKiMgrJRQ,author::UCheEJ5GZuIvV0fj-nXyVwXw,1
author::UCgGqw4aqMdMVSGkKiMgrJRQ,author::UCtsxPYw8VUsH_FfnKg-0lmw,1
author::UCgGqw4aqMdMVSGkKiMgrJRQ,author::UCql1n3Ey6ULMSOACjMe-fxQ,1
author::UCgGqw4aqMdMVSGkKiMgrJRQ,author::UCjZgFEowMBrsjodqfovzdKw,1
author::UCgGqw4aqMdMVSGkKiMgrJRQ,author::UCwxoKK59nGCeBqB2sXfDBIw,1
author::UCgGqw4aqMdMVSGkKiMgrJRQ,author::UCp29O_C7cchZV8IxV7Crdag,1
author::UCgGqw4aqMdMVSGkKiMgrJRQ,author::UChyps3dqY-VY1_wLeq-2lhw,1
author::UCgGqw4aqMdMVSGkKiMgrJRQ,author::UCiOZX__1gahg1ypIj0_XG_w,1
author::UCgGqw4aqMdMVSGkKiMgrJRQ,author::UCvDwJBBY1mHK70aTEYl6rsA,1
author::UCgGqw4aqMdMVSGkKiMgrJRQ,author::UCtCtts20bW6F9CSohau51Iw,1
author::UCgGqw4aqMdMVSGkKiMgrJRQ,author::UCzZ6dDCEsLMXbc5pCFXIprw,1
author::UCgGqw4aqMdMVSGkKiMgrJRQ,author::UCyJhqmMbsvjpoarBBStA2kg,1
author::UCgJNFj5dnxXpcMvmuhZDPxA,author::UCwgCc9Jd_gG-uLE_SY-FfPg,1
author::UCgJNFj5dnxXpcMvmuhZDPxA,author::UColMq7LmaoY3MT6aIDGrGvA,1
author::UCgJNFj5dnxXpcMvmuhZDPxA,author::UCiC-Jn7wdgyQV4_Urk0DkWQ,1
author::UCgJNFj5dnxXpcMvmuhZDPxA,author::UCgQw_Sbq3ugruDUKsq1e0-A,1
author::UCgJNFj5dnxXpcMvmuhZDPxA,author::UCu8_3-Wg-YzNyvHYQDEscfw,1
author::UCgJNFj5dnxXpcMvmuhZDPxA,author::UCkVtmkK07b2zaVVNssX4lOg,1
author::UCgJNFj5dnxXpcMvmuhZDPxA,author::UCqCrvuoJpC-aVb0f4logQRQ,1
author::UCgJNFj5dnxXpcMvmuhZDPxA,author::UCsGoJEvb-cFPZ2rWoJcXzEQ,1
author::UCgJNFj5dnxXpcMvmuhZDPxA,author::UCuXmOjxC-htcprLgeVXz6Tg,1
author::UCgJNFj5dnxXpcMvmuhZDPxA,author::UClqA491Xa5fQcXcJJa-vTWw,1
author::UCgJNFj5dnxXpcMvmuhZDPxA,author::UCpsKOkt5iWTbenzeuq7dsmQ,1
author::UCgJNFj5dnxXpcMvmuhZDPxA,author::UCkbsS_3D-pvg1iHOld9uvIg,1
author::UCgJNFj5dnxXpcMvmuhZDPxA,author::UCwjUvRseNtJoItylIyIez7Q,1
author::UCgJNFj5dnxXpcMvmuhZDPxA,author::UClhMWQ7XKWywYvbRnuf8QsA,1
author::UCgJNFj5dnxXpcMvmuhZDPxA,author::UCpe5jW3MIqkgTJ-PgkzvM6Q,1
author::UCgJNFj5dnxXpcMvmuhZDPxA,author::UCylqlpsh8ENNM1LqgQ1KbxA,1
author::UCgLrWFdYitoP-b7-PxtUr-w,author::UCxKR3RA8T-kxMgq_2WWhRcQ,1
author::UCgLrWFdYitoP-b7-PxtUr-w,author::UCqilIa8r7iek5sGYg_q6ofA,1
author::UCgLrWFdYitoP-b7-PxtUr-w,author::UCtMBF_1O2jY2INlb_luuB_A,1
author::UCgLrWFdYitoP-b7-PxtUr-w,author::UCi-vPdnpQreC7BkFs40mJGA,1
author::UCgLrWFdYitoP-b7-PxtUr-w,author::UCyzf29IYjNw67gGIfsjgtxA,1
author::UCgLrWFdYitoP-b7-PxtUr-w,author::UCs_5qeqdku9tGAq22y3OcuQ,1
author::UCgLrWFdYitoP-b7-PxtUr-w,author::UCgLurCo-e019HGODcjXHWCw,1
author::UCgLrWFdYitoP-b7-PxtUr-w,author::UCwUAv3_LpWVtTIi7lkmTL7A,1
author::UCgLurCo-e019HGODcjXHWCw,author::UCxKR3RA8T-kxMgq_2WWhRcQ,1
author::UCgLurCo-e019HGODcjXHWCw,author::UCqilIa8r7iek5sGYg_q6ofA,1
author::UCgLurCo-e019HGODcjXHWCw,author::UCtMBF_1O2jY2INlb_luuB_A,1
author::UCgLurCo-e019HGODcjXHWCw,author::UCi-vPdnpQreC7BkFs40mJGA,1
author::UCgLurCo-e019HGODcjXHWCw,author::UCyzf29IYjNw67gGIfsjgtxA,1
author::UCgLurCo-e019HGODcjXHWCw,author::UCs_5qeqdku9tGAq22y3OcuQ,1
author::UCgLurCo-e019HGODcjXHWCw,author::UCwUAv3_LpWVtTIi7lkmTL7A,1
author::UCgQJgI9vu1FI2dnC9mrFthw,author::UCusjriFsDHEc2AOjqk-p5ig,1
author::UCgQJgI9vu1FI2dnC9mrFthw,author::UCzZ6dDCEsLMXbc5pCFXIprw,1
author::UCgQJgI9vu1FI2dnC9mrFthw,author::UCuP4UK33HKtJE_S39ksmaTw,1
author::UCgQJgI9vu1FI2dnC9mrFthw,author::UCtNyHmRZtvGF2hSvI2dUBWw,1
author::UCgQJgI9vu1FI2dnC9mrFthw,author::UClsrFGJKWPxxw7MiaEdKLXw,1
author::UCgQw_Sbq3ugruDUKsq1e0-A,author::UCwgCc9Jd_gG-uLE_SY-FfPg,1
author::UCgQw_Sbq3ugruDUKsq1e0-A,author::UColMq7LmaoY3MT6aIDGrGvA,1
author::UCgQw_Sbq3ugruDUKsq1e0-A,author::UCiC-Jn7wdgyQV4_Urk0DkWQ,1
author::UCgQw_Sbq3ugruDUKsq1e0-A,author::UCu8_3-Wg-YzNyvHYQDEscfw,1
author::UCgQw_Sbq3ugruDUKsq1e0-A,author::UCkVtmkK07b2zaVVNssX4lOg,1
author::UCgQw_Sbq3ugruDUKsq1e0-A,author::UCqCrvuoJpC-aVb0f4logQRQ,1
author::UCgQw_Sbq3ugruDUKsq1e0-A,author::UCsGoJEvb-cFPZ2rWoJcXzEQ,1
author::UCgQw_Sbq3ugruDUKsq1e0-A,author::UCuXmOjxC-htcprLgeVXz6Tg,1
author::UCgQw_Sbq3ugruDUKsq1e0-A,author::UClqA491Xa5fQcXcJJa-vTWw,1
author::UCgQw_Sbq3ugruDUKsq1e0-A,author::UCpsKOkt5iWTbenzeuq7dsmQ,1
author::UCgQw_Sbq3ugruDUKsq1e0-A,author::UCkbsS_3D-pvg1iHOld9uvIg,1
author::UCgQw_Sbq3ugruDUKsq1e0-A,author::UCwjUvRseNtJoItylIyIez7Q,1
author::UCgQw_Sbq3ugruDUKsq1e0-A,author::UClhMWQ7XKWywYvbRnuf8QsA,1
author::UCgQw_Sbq3ugruDUKsq1e0-A,author::UCpe5jW3MIqkgTJ-PgkzvM6Q,1
author::UCgQw_Sbq3ugruDUKsq1e0-A,author::UCylqlpsh8ENNM1LqgQ1KbxA,1
author::UCgvw7xIdGFupzpt1Y_BFkEA,author::UCwO2SXr0ggzwg6QWWrr01nQ,1
author::UCgvw7xIdGFupzpt1Y_BFkEA,author::UCipetjeiWj4CZB6EbyYziZg,1
author::UCgvw7xIdGFupzpt1Y_BFkEA,author::UCueV9cTyTDwgQSec1x2dYgA,1
author::UCgvw7xIdGFupzpt1Y_BFkEA,author::UChep9kVb5gQmpodEEl10Xlg,1
author::UCgvw7xIdGFupzpt1Y_BFkEA,author::UCsJJAvrVGupdmhOqgtDp8dg,1
author::UCgvw7xIdGFupzpt1Y_BFkEA,author::UCjmPuazZJzscrwvk0QR9RVw,1
author::UCgvw7xIdGFupzpt1Y_BFkEA,author::UCzoL2l5H5eVlorWGH8AZfAg,1
author::UCgvw7xIdGFupzpt1Y_BFkEA,author::UCplrIQtaPj6au60_f2-mOYw,1
author::UCgvw7xIdGFupzpt1Y_BFkEA,author::UCj-LL25XJnjxepPKCc3NGog,1
author::UCgvw7xIdGFupzpt1Y_BFkEA,author::UCr1emrogPKkKTs_WTtx71xg,1
author::UCgvw7xIdGFupzpt1Y_BFkEA,author::UChs3tU2BcKOT0CezykvAsGw,1
author::UCgvw7xIdGFupzpt1Y_BFkEA,author::UCmvOgzmmXbjUthHy-WJ52hQ,1
author::UCgvw7xIdGFupzpt1Y_BFkEA,author::UCsjs5Hp_r86x1xbK6FAeqaA,1
author::UCgvw7xIdGFupzpt1Y_BFkEA,author::UCsUCN0Yq_UyTvKjOJLmNrnQ,1
author::UCgvw7xIdGFupzpt1Y_BFkEA,author::UCjSKM9j0Q7HLDr1hD6D-TUw,1
author::UCgvw7xIdGFupzpt1Y_BFkEA,author::UCiMythXHsw7eQEMykCdmMUA,1
author::UCgvw7xIdGFupzpt1Y_BFkEA,author::UCxff05WuyvwELNITi7bj7UA,1
author::UCgvw7xIdGFupzpt1Y_BFkEA,author::UCrJn_rbo_ENAdeqneS-RmRw,1
author::UCgvw7xIdGFupzpt1Y_BFkEA,author::UCl0ekS9Tt0jJGtOEM18S63w,1
author::UCgvw7xIdGFupzpt1Y_BFkEA,author::UCut6b9S98nv84cVX89PmKzA,1
author::UCgvw7xIdGFupzpt1Y_BFkEA,author::UCi1b_TRQfgO1Z9O2gNGGWNA,1
author::UCgvw7xIdGFupzpt1Y_BFkEA,author::UCpIdtvoFHVLGASGB5ySqIEA,1
author::UCgvw7xIdGFupzpt1Y_BFkEA,author::UCtNfIBnc5S5DbbQj_yxgJTw,1
author::UCgvw7xIdGFupzpt1Y_BFkEA,author::UCpsKOkt5iWTbenzeuq7dsmQ,1
author::UCgvw7xIdGFupzpt1Y_BFkEA,author::UCwW2OFy95P7ZBkOPxWkpvYg,1
author::UCgvw7xIdGFupzpt1Y_BFkEA,author::UCiGRBf2RNF0WRKhRVT7zFoA,1
author::UCgvw7xIdGFupzpt1Y_BFkEA,author::UCkd9W714-947dEE6ZOEBATA,1
author::UCgvw7xIdGFupzpt1Y_BFkEA,author::UCzSfZlOVxBSs5ObD25ywxDQ,1
author::UCgvw7xIdGFupzpt1Y_BFkEA,author::UCwha8rxULYMVtNwZWeSkE1A,1
author::UCgvw7xIdGFupzpt1Y_BFkEA,author::UChgkn5Jt5tWKYMoEOuCjz3Q,1
author::UCgvw7xIdGFupzpt1Y_BFkEA,author::UCvApqeCbLod-wejtT4CcVuA,1
author::UCgvw7xIdGFupzpt1Y_BFkEA,author::UCz3gu01bmjNv0DpRq-K3XYg,1
author::UCgvw7xIdGFupzpt1Y_BFkEA,author::UCySYJU5kUh7X8gVt9la2ISA,1
author::UCgvw7xIdGFupzpt1Y_BFkEA,author::UChZknRmJkeGeQk0-mQuhDOg,1
author::UCgvw7xIdGFupzpt1Y_BFkEA,author::UCljDbleJul41G1TzOjOZAVA,1
author::UCgvw7xIdGFupzpt1Y_BFkEA,author::UCujPF2nBgsTD62nWE3lcpIg,1
author::UCgvw7xIdGFupzpt1Y_BFkEA,author::UCmjppp6ujz3SAnULvP3sZMw,1
author::UCgvw7xIdGFupzpt1Y_BFkEA,author::UCylqlpsh8ENNM1LqgQ1KbxA,1
author::UCgvw7xIdGFupzpt1Y_BFkEA,author::UCp4iw5_5SmV9VGTFSNVGOmQ,1
author::UCgvw7xIdGFupzpt1Y_BFkEA,author::UCpl8rF8uv_8uui-QRvuJaRA,1
author::UCgvw7xIdGFupzpt1Y_BFkEA,author::UCh5ESQvtzyHDhCA7XyekCFA,1
author::UCgvw7xIdGFupzpt1Y_BFkEA,author::UCsSXdJct-nsS8DsABoEsaYA,1
author::UCgvw7xIdGFupzpt1Y_BFkEA,author::UCtUR3_CAiE7fCoZHM6cMfyQ,1
author::UCh5ESQvtzyHDhCA7XyekCFA,author::UCwO2SXr0ggzwg6QWWrr01nQ,1
author::UCh5ESQvtzyHDhCA7XyekCFA,author::UCipetjeiWj4CZB6EbyYziZg,1
author::UCh5ESQvtzyHDhCA7XyekCFA,author::UCueV9cTyTDwgQSec1x2dYgA,1
author::UCh5ESQvtzyHDhCA7XyekCFA,author::UChep9kVb5gQmpodEEl10Xlg,1
author::UCh5ESQvtzyHDhCA7XyekCFA,author::UCsJJAvrVGupdmhOqgtDp8dg,1
author::UCh5ESQvtzyHDhCA7XyekCFA,author::UCjmPuazZJzscrwvk0QR9RVw,1
author::UCh5ESQvtzyHDhCA7XyekCFA,author::UCzoL2l5H5eVlorWGH8AZfAg,1
author::UCh5ESQvtzyHDhCA7XyekCFA,author::UCplrIQtaPj6au60_f2-mOYw,1
author::UCh5ESQvtzyHDhCA7XyekCFA,author::UCj-LL25XJnjxepPKCc3NGog,1
author::UCh5ESQvtzyHDhCA7XyekCFA,author::UCr1emrogPKkKTs_WTtx71xg,1
author::UCh5ESQvtzyHDhCA7XyekCFA,author::UChs3tU2BcKOT0CezykvAsGw,1
author::UCh5ESQvtzyHDhCA7XyekCFA,author::UCmvOgzmmXbjUthHy-WJ52hQ,1
author::UCh5ESQvtzyHDhCA7XyekCFA,author::UCsjs5Hp_r86x1xbK6FAeqaA,1
author::UCh5ESQvtzyHDhCA7XyekCFA,author::UCsUCN0Yq_UyTvKjOJLmNrnQ,1
author::UCh5ESQvtzyHDhCA7XyekCFA,author::UCjSKM9j0Q7HLDr1hD6D-TUw,1
author::UCh5ESQvtzyHDhCA7XyekCFA,author::UCiMythXHsw7eQEMykCdmMUA,1
author::UCh5ESQvtzyHDhCA7XyekCFA,author::UCxff05WuyvwELNITi7bj7UA,1
author::UCh5ESQvtzyHDhCA7XyekCFA,author::UCrJn_rbo_ENAdeqneS-RmRw,1
author::UCh5ESQvtzyHDhCA7XyekCFA,author::UCl0ekS9Tt0jJGtOEM18S63w,1
author::UCh5ESQvtzyHDhCA7XyekCFA,author::UCut6b9S98nv84cVX89PmKzA,1
author::UCh5ESQvtzyHDhCA7XyekCFA,author::UCi1b_TRQfgO1Z9O2gNGGWNA,1
author::UCh5ESQvtzyHDhCA7XyekCFA,author::UCpIdtvoFHVLGASGB5ySqIEA,1
author::UCh5ESQvtzyHDhCA7XyekCFA,author::UCtNfIBnc5S5DbbQj_yxgJTw,1
author::UCh5ESQvtzyHDhCA7XyekCFA,author::UCpsKOkt5iWTbenzeuq7dsmQ,1
author::UCh5ESQvtzyHDhCA7XyekCFA,author::UCwW2OFy95P7ZBkOPxWkpvYg,1
author::UCh5ESQvtzyHDhCA7XyekCFA,author::UCiGRBf2RNF0WRKhRVT7zFoA,1
author::UCh5ESQvtzyHDhCA7XyekCFA,author::UCkd9W714-947dEE6ZOEBATA,1
author::UCh5ESQvtzyHDhCA7XyekCFA,author::UCzSfZlOVxBSs5ObD25ywxDQ,1
author::UCh5ESQvtzyHDhCA7XyekCFA,author::UCwha8rxULYMVtNwZWeSkE1A,1
author::UCh5ESQvtzyHDhCA7XyekCFA,author::UChgkn5Jt5tWKYMoEOuCjz3Q,1
author::UCh5ESQvtzyHDhCA7XyekCFA,author::UCvApqeCbLod-wejtT4CcVuA,1
author::UCh5ESQvtzyHDhCA7XyekCFA,author::UCz3gu01bmjNv0DpRq-K3XYg,1
author::UCh5ESQvtzyHDhCA7XyekCFA,author::UCySYJU5kUh7X8gVt9la2ISA,1
author::UCh5ESQvtzyHDhCA7XyekCFA,author::UChZknRmJkeGeQk0-mQuhDOg,1
author::UCh5ESQvtzyHDhCA7XyekCFA,author::UCljDbleJul41G1TzOjOZAVA,1
author::UCh5ESQvtzyHDhCA7XyekCFA,author::UCujPF2nBgsTD62nWE3lcpIg,1
author::UCh5ESQvtzyHDhCA7XyekCFA,author::UCmjppp6ujz3SAnULvP3sZMw,1
author::UCh5ESQvtzyHDhCA7XyekCFA,author::UCylqlpsh8ENNM1LqgQ1KbxA,1
author::UCh5ESQvtzyHDhCA7XyekCFA,author::UCp4iw5_5SmV9VGTFSNVGOmQ,1
author::UCh5ESQvtzyHDhCA7XyekCFA,author::UCpl8rF8uv_8uui-QRvuJaRA,1
author::UCh5ESQvtzyHDhCA7XyekCFA,author::UCsSXdJct-nsS8DsABoEsaYA,1
author::UCh5ESQvtzyHDhCA7XyekCFA,author::UCtUR3_CAiE7fCoZHM6cMfyQ,1
author::UChT7pzGytNd92Nmvi-zuWog,author::UCkxdJ_yGN2gghOMo2ybQtXQ,1
author::UChT7pzGytNd92Nmvi-zuWog,author::UCvcu1kR8xMYy_I1Ty-2mV2Q,1
author::UChT7pzGytNd92Nmvi-zuWog,author::UCxcoDvP-g2_KTZDmVZtvb3w,1
author::UChT7pzGytNd92Nmvi-zuWog,author::UCwEe1RKlEv1UpNWmWYfSh4w,1
author::UChZknRmJkeGeQk0-mQuhDOg,author::UCwO2SXr0ggzwg6QWWrr01nQ,1
author::UChZknRmJkeGeQk0-mQuhDOg,author::UCipetjeiWj4CZB6EbyYziZg,1
author::UChZknRmJkeGeQk0-mQuhDOg,author::UCueV9cTyTDwgQSec1x2dYgA,1
author::UChZknRmJkeGeQk0-mQuhDOg,author::UChep9kVb5gQmpodEEl10Xlg,1
author::UChZknRmJkeGeQk0-mQuhDOg,author::UCsJJAvrVGupdmhOqgtDp8dg,1
author::UChZknRmJkeGeQk0-mQuhDOg,author::UCjmPuazZJzscrwvk0QR9RVw,1
author::UChZknRmJkeGeQk0-mQuhDOg,author::UCzoL2l5H5eVlorWGH8AZfAg,1
author::UChZknRmJkeGeQk0-mQuhDOg,author::UCplrIQtaPj6au60_f2-mOYw,1
author::UChZknRmJkeGeQk0-mQuhDOg,author::UCj-LL25XJnjxepPKCc3NGog,1
author::UChZknRmJkeGeQk0-mQuhDOg,author::UCr1emrogPKkKTs_WTtx71xg,1
author::UChZknRmJkeGeQk0-mQuhDOg,author::UChs3tU2BcKOT0CezykvAsGw,1
author::UChZknRmJkeGeQk0-mQuhDOg,author::UCmvOgzmmXbjUthHy-WJ52hQ,1
author::UChZknRmJkeGeQk0-mQuhDOg,author::UCsjs5Hp_r86x1xbK6FAeqaA,1
author::UChZknRmJkeGeQk0-mQuhDOg,author::UCsUCN0Yq_UyTvKjOJLmNrnQ,1
author::UChZknRmJkeGeQk0-mQuhDOg,author::UCjSKM9j0Q7HLDr1hD6D-TUw,1
author::UChZknRmJkeGeQk0-mQuhDOg,author::UCiMythXHsw7eQEMykCdmMUA,1
author::UChZknRmJkeGeQk0-mQuhDOg,author::UCxff05WuyvwELNITi7bj7UA,1
author::UChZknRmJkeGeQk0-mQuhDOg,author::UCrJn_rbo_ENAdeqneS-RmRw,1
author::UChZknRmJkeGeQk0-mQuhDOg,author::UCl0ekS9Tt0jJGtOEM18S63w,1
author::UChZknRmJkeGeQk0-mQuhDOg,author::UCut6b9S98nv84cVX89PmKzA,1
author::UChZknRmJkeGeQk0-mQuhDOg,author::UCi1b_TRQfgO1Z9O2gNGGWNA,1
author::UChZknRmJkeGeQk0-mQuhDOg,author::UCpIdtvoFHVLGASGB5ySqIEA,1
author::UChZknRmJkeGeQk0-mQuhDOg,author::UCtNfIBnc5S5DbbQj_yxgJTw,1
author::UChZknRmJkeGeQk0-mQuhDOg,author::UCpsKOkt5iWTbenzeuq7dsmQ,1
author::UChZknRmJkeGeQk0-mQuhDOg,author::UCwW2OFy95P7ZBkOPxWkpvYg,1
author::UChZknRmJkeGeQk0-mQuhDOg,author::UCiGRBf2RNF0WRKhRVT7zFoA,1
author::UChZknRmJkeGeQk0-mQuhDOg,author::UCkd9W714-947dEE6ZOEBATA,1
author::UChZknRmJkeGeQk0-mQuhDOg,author::UCzSfZlOVxBSs5ObD25ywxDQ,1
author::UChZknRmJkeGeQk0-mQuhDOg,author::UCwha8rxULYMVtNwZWeSkE1A,1
author::UChZknRmJkeGeQk0-mQuhDOg,author::UChgkn5Jt5tWKYMoEOuCjz3Q,1
author::UChZknRmJkeGeQk0-mQuhDOg,author::UCvApqeCbLod-wejtT4CcVuA,1
author::UChZknRmJkeGeQk0-mQuhDOg,author::UCz3gu01bmjNv0DpRq-K3XYg,1
author::UChZknRmJkeGeQk0-mQuhDOg,author::UCySYJU5kUh7X8gVt9la2ISA,1
author::UChZknRmJkeGeQk0-mQuhDOg,author::UCljDbleJul41G1TzOjOZAVA,1
author::UChZknRmJkeGeQk0-mQuhDOg,author::UCujPF2nBgsTD62nWE3lcpIg,1
author::UChZknRmJkeGeQk0-mQuhDOg,author::UCmjppp6ujz3SAnULvP3sZMw,1
author::UChZknRmJkeGeQk0-mQuhDOg,author::UCylqlpsh8ENNM1LqgQ1KbxA,1
author::UChZknRmJkeGeQk0-mQuhDOg,author::UCp4iw5_5SmV9VGTFSNVGOmQ,1
author::UChZknRmJkeGeQk0-mQuhDOg,author::UCpl8rF8uv_8uui-QRvuJaRA,1
author::UChZknRmJkeGeQk0-mQuhDOg,author::UCsSXdJct-nsS8DsABoEsaYA,1
author::UChZknRmJkeGeQk0-mQuhDOg,author::UCtUR3_CAiE7fCoZHM6cMfyQ,1
author::UCheEJ5GZuIvV0fj-nXyVwXw,author::UCoGdCoJg2Lh0OX_jv6cG16g,1
author::UCheEJ5GZuIvV0fj-nXyVwXw,author::UCtsxPYw8VUsH_FfnKg-0lmw,1
author::UCheEJ5GZuIvV0fj-nXyVwXw,author::UCql1n3Ey6ULMSOACjMe-fxQ,1
author::UCheEJ5GZuIvV0fj-nXyVwXw,author::UCjZgFEowMBrsjodqfovzdKw,1
author::UCheEJ5GZuIvV0fj-nXyVwXw,author::UCwxoKK59nGCeBqB2sXfDBIw,1
author::UCheEJ5GZuIvV0fj-nXyVwXw,author::UCp29O_C7cchZV8IxV7Crdag,1
author::UCheEJ5GZuIvV0fj-nXyVwXw,author::UChyps3dqY-VY1_wLeq-2lhw,1
author::UCheEJ5GZuIvV0fj-nXyVwXw,author::UCiOZX__1gahg1ypIj0_XG_w,1
author::UCheEJ5GZuIvV0fj-nXyVwXw,author::UCvDwJBBY1mHK70aTEYl6rsA,1
author::UCheEJ5GZuIvV0fj-nXyVwXw,author::UCtCtts20bW6F9CSohau51Iw,1
author::UCheEJ5GZuIvV0fj-nXyVwXw,author::UCzZ6dDCEsLMXbc5pCFXIprw,1
author::UCheEJ5GZuIvV0fj-nXyVwXw,author::UCyJhqmMbsvjpoarBBStA2kg,1
author::UChep9kVb5gQmpodEEl10Xlg,author::UCwO2SXr0ggzwg6QWWrr01nQ,1
author::UChep9kVb5gQmpodEEl10Xlg,author::UCipetjeiWj4CZB6EbyYziZg,1
author::UChep9kVb5gQmpodEEl10Xlg,author::UCueV9cTyTDwgQSec1x2dYgA,1
author::UChep9kVb5gQmpodEEl10Xlg,author::UCsJJAvrVGupdmhOqgtDp8dg,1
author::UChep9kVb5gQmpodEEl10Xlg,author::UCjmPuazZJzscrwvk0QR9RVw,1
author::UChep9kVb5gQmpodEEl10Xlg,author::UCzoL2l5H5eVlorWGH8AZfAg,1
author::UChep9kVb5gQmpodEEl10Xlg,author::UCplrIQtaPj6au60_f2-mOYw,1
author::UChep9kVb5gQmpodEEl10Xlg,author::UCj-LL25XJnjxepPKCc3NGog,1
author::UChep9kVb5gQmpodEEl10Xlg,author::UCr1emrogPKkKTs_WTtx71xg,1
author::UChep9kVb5gQmpodEEl10Xlg,author::UChs3tU2BcKOT0CezykvAsGw,1
author::UChep9kVb5gQmpodEEl10Xlg,author::UCmvOgzmmXbjUthHy-WJ52hQ,1
author::UChep9kVb5gQmpodEEl10Xlg,author::UCsjs5Hp_r86x1xbK6FAeqaA,1
author::UChep9kVb5gQmpodEEl10Xlg,author::UCsUCN0Yq_UyTvKjOJLmNrnQ,1
author::UChep9kVb5gQmpodEEl10Xlg,author::UCjSKM9j0Q7HLDr1hD6D-TUw,1
author::UChep9kVb5gQmpodEEl10Xlg,author::UCiMythXHsw7eQEMykCdmMUA,1
author::UChep9kVb5gQmpodEEl10Xlg,author::UCxff05WuyvwELNITi7bj7UA,1
author::UChep9kVb5gQmpodEEl10Xlg,author::UCrJn_rbo_ENAdeqneS-RmRw,1
author::UChep9kVb5gQmpodEEl10Xlg,author::UCl0ekS9Tt0jJGtOEM18S63w,1
author::UChep9kVb5gQmpodEEl10Xlg,author::UCut6b9S98nv84cVX89PmKzA,1
author::UChep9kVb5gQmpodEEl10Xlg,author::UCi1b_TRQfgO1Z9O2gNGGWNA,1
author::UChep9kVb5gQmpodEEl10Xlg,author::UCpIdtvoFHVLGASGB5ySqIEA,1
author::UChep9kVb5gQmpodEEl10Xlg,author::UCtNfIBnc5S5DbbQj_yxgJTw,1
author::UChep9kVb5gQmpodEEl10Xlg,author::UCpsKOkt5iWTbenzeuq7dsmQ,1
author::UChep9kVb5gQmpodEEl10Xlg,author::UCwW2OFy95P7ZBkOPxWkpvYg,1
author::UChep9kVb5gQmpodEEl10Xlg,author::UCiGRBf2RNF0WRKhRVT7zFoA,1
author::UChep9kVb5gQmpodEEl10Xlg,author::UCkd9W714-947dEE6ZOEBATA,1
author::UChep9kVb5gQmpodEEl10Xlg,author::UCzSfZlOVxBSs5ObD25ywxDQ,1
author::UChep9kVb5gQmpodEEl10Xlg,author::UCwha8rxULYMVtNwZWeSkE1A,1
author::UChep9kVb5gQmpodEEl10Xlg,author::UChgkn5Jt5tWKYMoEOuCjz3Q,1
author::UChep9kVb5gQmpodEEl10Xlg,author::UCvApqeCbLod-wejtT4CcVuA,1
author::UChep9kVb5gQmpodEEl10Xlg,author::UCz3gu01bmjNv0DpRq-K3XYg,1
author::UChep9kVb5gQmpodEEl10Xlg,author::UCySYJU5kUh7X8gVt9la2ISA,1
author::UChep9kVb5gQmpodEEl10Xlg,author::UCljDbleJul41G1TzOjOZAVA,1
author::UChep9kVb5gQmpodEEl10Xlg,author::UCujPF2nBgsTD62nWE3lcpIg,1
author::UChep9kVb5gQmpodEEl10Xlg,author::UCmjppp6ujz3SAnULvP3sZMw,1
author::UChep9kVb5gQmpodEEl10Xlg,author::UCylqlpsh8ENNM1LqgQ1KbxA,1
author::UChep9kVb5gQmpodEEl10Xlg,author::UCp4iw5_5SmV9VGTFSNVGOmQ,1
author::UChep9kVb5gQmpodEEl10Xlg,author::UCpl8rF8uv_8uui-QRvuJaRA,1
author::UChep9kVb5gQmpodEEl10Xlg,author::UCsSXdJct-nsS8DsABoEsaYA,1
author::UChep9kVb5gQmpodEEl10Xlg,author::UCtUR3_CAiE7fCoZHM6cMfyQ,1
author::UChgkn5Jt5tWKYMoEOuCjz3Q,author::UCwO2SXr0ggzwg6QWWrr01nQ,1
author::UChgkn5Jt5tWKYMoEOuCjz3Q,author::UCipetjeiWj4CZB6EbyYziZg,1
author::UChgkn5Jt5tWKYMoEOuCjz3Q,author::UCueV9cTyTDwgQSec1x2dYgA,1
author::UChgkn5Jt5tWKYMoEOuCjz3Q,author::UCsJJAvrVGupdmhOqgtDp8dg,1
author::UChgkn5Jt5tWKYMoEOuCjz3Q,author::UCjmPuazZJzscrwvk0QR9RVw,1
author::UChgkn5Jt5tWKYMoEOuCjz3Q,author::UCzoL2l5H5eVlorWGH8AZfAg,1
author::UChgkn5Jt5tWKYMoEOuCjz3Q,author::UCplrIQtaPj6au60_f2-mOYw,1
author::UChgkn5Jt5tWKYMoEOuCjz3Q,author::UCj-LL25XJnjxepPKCc3NGog,1
author::UChgkn5Jt5tWKYMoEOuCjz3Q,author::UCr1emrogPKkKTs_WTtx71xg,1
author::UChgkn5Jt5tWKYMoEOuCjz3Q,author::UChs3tU2BcKOT0CezykvAsGw,1
author::UChgkn5Jt5tWKYMoEOuCjz3Q,author::UCmvOgzmmXbjUthHy-WJ52hQ,1
author::UChgkn5Jt5tWKYMoEOuCjz3Q,author::UCsjs5Hp_r86x1xbK6FAeqaA,1
author::UChgkn5Jt5tWKYMoEOuCjz3Q,author::UCsUCN0Yq_UyTvKjOJLmNrnQ,1
author::UChgkn5Jt5tWKYMoEOuCjz3Q,author::UCjSKM9j0Q7HLDr1hD6D-TUw,1
author::UChgkn5Jt5tWKYMoEOuCjz3Q,author::UCiMythXHsw7eQEMykCdmMUA,1
author::UChgkn5Jt5tWKYMoEOuCjz3Q,author::UCxff05WuyvwELNITi7bj7UA,1
author::UChgkn5Jt5tWKYMoEOuCjz3Q,author::UCrJn_rbo_ENAdeqneS-RmRw,1
author::UChgkn5Jt5tWKYMoEOuCjz3Q,author::UCl0ekS9Tt0jJGtOEM18S63w,1
author::UChgkn5Jt5tWKYMoEOuCjz3Q,author::UCut6b9S98nv84cVX89PmKzA,1
author::UChgkn5Jt5tWKYMoEOuCjz3Q,author::UCi1b_TRQfgO1Z9O2gNGGWNA,1
author::UChgkn5Jt5tWKYMoEOuCjz3Q,author::UCpIdtvoFHVLGASGB5ySqIEA,1
author::UChgkn5Jt5tWKYMoEOuCjz3Q,author::UCtNfIBnc5S5DbbQj_yxgJTw,1
author::UChgkn5Jt5tWKYMoEOuCjz3Q,author::UCpsKOkt5iWTbenzeuq7dsmQ,1
author::UChgkn5Jt5tWKYMoEOuCjz3Q,author::UCwW2OFy95P7ZBkOPxWkpvYg,1
author::UChgkn5Jt5tWKYMoEOuCjz3Q,author::UCiGRBf2RNF0WRKhRVT7zFoA,1
author::UChgkn5Jt5tWKYMoEOuCjz3Q,author::UCkd9W714-947dEE6ZOEBATA,1
author::UChgkn5Jt5tWKYMoEOuCjz3Q,author::UCzSfZlOVxBSs5ObD25ywxDQ,1
author::UChgkn5Jt5tWKYMoEOuCjz3Q,author::UCwha8rxULYMVtNwZWeSkE1A,1
author::UChgkn5Jt5tWKYMoEOuCjz3Q,author::UCvApqeCbLod-wejtT4CcVuA,1
author::UChgkn5Jt5tWKYMoEOuCjz3Q,author::UCz3gu01bmjNv0DpRq-K3XYg,1
author::UChgkn5Jt5tWKYMoEOuCjz3Q,author::UCySYJU5kUh7X8gVt9la2ISA,1
author::UChgkn5Jt5tWKYMoEOuCjz3Q,author::UCljDbleJul41G1TzOjOZAVA,1
author::UChgkn5Jt5tWKYMoEOuCjz3Q,author::UCujPF2nBgsTD62nWE3lcpIg,1
author::UChgkn5Jt5tWKYMoEOuCjz3Q,author::UCmjppp6ujz3SAnULvP3sZMw,1
author::UChgkn5Jt5tWKYMoEOuCjz3Q,author::UCylqlpsh8ENNM1LqgQ1KbxA,1
author::UChgkn5Jt5tWKYMoEOuCjz3Q,author::UCp4iw5_5SmV9VGTFSNVGOmQ,1
author::UChgkn5Jt5tWKYMoEOuCjz3Q,author::UCpl8rF8uv_8uui-QRvuJaRA,1
author::UChgkn5Jt5tWKYMoEOuCjz3Q,author::UCsSXdJct-nsS8DsABoEsaYA,1
author::UChgkn5Jt5tWKYMoEOuCjz3Q,author::UCtUR3_CAiE7fCoZHM6cMfyQ,1
author::UChs3tU2BcKOT0CezykvAsGw,author::UCwO2SXr0ggzwg6QWWrr01nQ,1
author::UChs3tU2BcKOT0CezykvAsGw,author::UCipetjeiWj4CZB6EbyYziZg,1
author::UChs3tU2BcKOT0CezykvAsGw,author::UCueV9cTyTDwgQSec1x2dYgA,1
author::UChs3tU2BcKOT0CezykvAsGw,author::UCsJJAvrVGupdmhOqgtDp8dg,1
author::UChs3tU2BcKOT0CezykvAsGw,author::UCjmPuazZJzscrwvk0QR9RVw,1
author::UChs3tU2BcKOT0CezykvAsGw,author::UCzoL2l5H5eVlorWGH8AZfAg,1
author::UChs3tU2BcKOT0CezykvAsGw,author::UCplrIQtaPj6au60_f2-mOYw,1
author::UChs3tU2BcKOT0CezykvAsGw,author::UCj-LL25XJnjxepPKCc3NGog,1
author::UChs3tU2BcKOT0CezykvAsGw,author::UCr1emrogPKkKTs_WTtx71xg,1
author::UChs3tU2BcKOT0CezykvAsGw,author::UCmvOgzmmXbjUthHy-WJ52hQ,1
author::UChs3tU2BcKOT0CezykvAsGw,author::UCsjs5Hp_r86x1xbK6FAeqaA,1
author::UChs3tU2BcKOT0CezykvAsGw,author::UCsUCN0Yq_UyTvKjOJLmNrnQ,1
author::UChs3tU2BcKOT0CezykvAsGw,author::UCjSKM9j0Q7HLDr1hD6D-TUw,1
author::UChs3tU2BcKOT0CezykvAsGw,author::UCiMythXHsw7eQEMykCdmMUA,1
author::UChs3tU2BcKOT0CezykvAsGw,author::UCxff05WuyvwELNITi7bj7UA,1
author::UChs3tU2BcKOT0CezykvAsGw,author::UCrJn_rbo_ENAdeqneS-RmRw,1
author::UChs3tU2BcKOT0CezykvAsGw,author::UCl0ekS9Tt0jJGtOEM18S63w,1
author::UChs3tU2BcKOT0CezykvAsGw,author::UCut6b9S98nv84cVX89PmKzA,1
author::UChs3tU2BcKOT0CezykvAsGw,author::UCi1b_TRQfgO1Z9O2gNGGWNA,1
author::UChs3tU2BcKOT0CezykvAsGw,author::UCpIdtvoFHVLGASGB5ySqIEA,1
author::UChs3tU2BcKOT0CezykvAsGw,author::UCtNfIBnc5S5DbbQj_yxgJTw,1
author::UChs3tU2BcKOT0CezykvAsGw,author::UCpsKOkt5iWTbenzeuq7dsmQ,1
author::UChs3tU2BcKOT0CezykvAsGw,author::UCwW2OFy95P7ZBkOPxWkpvYg,1
author::UChs3tU2BcKOT0CezykvAsGw,author::UCiGRBf2RNF0WRKhRVT7zFoA,1
author::UChs3tU2BcKOT0CezykvAsGw,author::UCkd9W714-947dEE6ZOEBATA,1
author::UChs3tU2BcKOT0CezykvAsGw,author::UCzSfZlOVxBSs5ObD25ywxDQ,1
author::UChs3tU2BcKOT0CezykvAsGw,author::UCwha8rxULYMVtNwZWeSkE1A,1
author::UChs3tU2BcKOT0CezykvAsGw,author::UCvApqeCbLod-wejtT4CcVuA,1
author::UChs3tU2BcKOT0CezykvAsGw,author::UCz3gu01bmjNv0DpRq-K3XYg,1
author::UChs3tU2BcKOT0CezykvAsGw,author::UCySYJU5kUh7X8gVt9la2ISA,1
author::UChs3tU2BcKOT0CezykvAsGw,author::UCljDbleJul41G1TzOjOZAVA,1
author::UChs3tU2BcKOT0CezykvAsGw,author::UCujPF2nBgsTD62nWE3lcpIg,1
author::UChs3tU2BcKOT0CezykvAsGw,author::UCmjppp6ujz3SAnULvP3sZMw,1
author::UChs3tU2BcKOT0CezykvAsGw,author::UCylqlpsh8ENNM1LqgQ1KbxA,1
author::UChs3tU2BcKOT0CezykvAsGw,author::UCp4iw5_5SmV9VGTFSNVGOmQ,1
author::UChs3tU2BcKOT0CezykvAsGw,author::UCpl8rF8uv_8uui-QRvuJaRA,1
author::UChs3tU2BcKOT0CezykvAsGw,author::UCsSXdJct-nsS8DsABoEsaYA,1
author::UChs3tU2BcKOT0CezykvAsGw,author::UCtUR3_CAiE7fCoZHM6cMfyQ,1
author::UChyps3dqY-VY1_wLeq-2lhw,author::UCoGdCoJg2Lh0OX_jv6cG16g,1
author::UChyps3dqY-VY1_wLeq-2lhw,author::UCtsxPYw8VUsH_FfnKg-0lmw,1
author::UChyps3dqY-VY1_wLeq-2lhw,author::UCql1n3Ey6ULMSOACjMe-fxQ,1
author::UChyps3dqY-VY1_wLeq-2lhw,author::UCjZgFEowMBrsjodqfovzdKw,1
author::UChyps3dqY-VY1_wLeq-2lhw,author::UCwxoKK59nGCeBqB2sXfDBIw,1
author::UChyps3dqY-VY1_wLeq-2lhw,author::UCp29O_C7cchZV8IxV7Crdag,1
author::UChyps3dqY-VY1_wLeq-2lhw,author::UCiOZX__1gahg1ypIj0_XG_w,1
author::UChyps3dqY-VY1_wLeq-2lhw,author::UCvDwJBBY1mHK70aTEYl6rsA,1
author::UChyps3dqY-VY1_wLeq-2lhw,author::UCtCtts20bW6F9CSohau51Iw,1
author::UChyps3dqY-VY1_wLeq-2lhw,author::UCzZ6dDCEsLMXbc5pCFXIprw,1
author::UChyps3dqY-VY1_wLeq-2lhw,author::UCyJhqmMbsvjpoarBBStA2kg,1
author::UCi-vPdnpQreC7BkFs40mJGA,author::UCxKR3RA8T-kxMgq_2WWhRcQ,1
author::UCi-vPdnpQreC7BkFs40mJGA,author::UCqilIa8r7iek5sGYg_q6ofA,1
author::UCi-vPdnpQreC7BkFs40mJGA,author::UCtMBF_1O2jY2INlb_luuB_A,1
author::UCi-vPdnpQreC7BkFs40mJGA,author::UCyzf29IYjNw67gGIfsjgtxA,1
author::UCi-vPdnpQreC7BkFs40mJGA,author::UCs_5qeqdku9tGAq22y3OcuQ,1
author::UCi-vPdnpQreC7BkFs40mJGA,author::UCwUAv3_LpWVtTIi7lkmTL7A,1
author::UCi1b_TRQfgO1Z9O2gNGGWNA,author::UCwO2SXr0ggzwg6QWWrr01nQ,1
author::UCi1b_TRQfgO1Z9O2gNGGWNA,author::UCipetjeiWj4CZB6EbyYziZg,1
author::UCi1b_TRQfgO1Z9O2gNGGWNA,author::UCueV9cTyTDwgQSec1x2dYgA,1
author::UCi1b_TRQfgO1Z9O2gNGGWNA,author::UCsJJAvrVGupdmhOqgtDp8dg,1
author::UCi1b_TRQfgO1Z9O2gNGGWNA,author::UCjmPuazZJzscrwvk0QR9RVw,1
author::UCi1b_TRQfgO1Z9O2gNGGWNA,author::UCzoL2l5H5eVlorWGH8AZfAg,1
author::UCi1b_TRQfgO1Z9O2gNGGWNA,author::UCplrIQtaPj6au60_f2-mOYw,1
author::UCi1b_TRQfgO1Z9O2gNGGWNA,author::UCj-LL25XJnjxepPKCc3NGog,1
author::UCi1b_TRQfgO1Z9O2gNGGWNA,author::UCr1emrogPKkKTs_WTtx71xg,1
author::UCi1b_TRQfgO1Z9O2gNGGWNA,author::UCmvOgzmmXbjUthHy-WJ52hQ,1
author::UCi1b_TRQfgO1Z9O2gNGGWNA,author::UCsjs5Hp_r86x1xbK6FAeqaA,1
author::UCi1b_TRQfgO1Z9O2gNGGWNA,author::UCsUCN0Yq_UyTvKjOJLmNrnQ,1
author::UCi1b_TRQfgO1Z9O2gNGGWNA,author::UCjSKM9j0Q7HLDr1hD6D-TUw,1
author::UCi1b_TRQfgO1Z9O2gNGGWNA,author::UCiMythXHsw7eQEMykCdmMUA,1
author::UCi1b_TRQfgO1Z9O2gNGGWNA,author::UCxff05WuyvwELNITi7bj7UA,1
author::UCi1b_TRQfgO1Z9O2gNGGWNA,author::UCrJn_rbo_ENAdeqneS-RmRw,1
author::UCi1b_TRQfgO1Z9O2gNGGWNA,author::UCl0ekS9Tt0jJGtOEM18S63w,1
author::UCi1b_TRQfgO1Z9O2gNGGWNA,author::UCut6b9S98nv84cVX89PmKzA,1
author::UCi1b_TRQfgO1Z9O2gNGGWNA,author::UCpIdtvoFHVLGASGB5ySqIEA,1
author::UCi1b_TRQfgO1Z9O2gNGGWNA,author::UCtNfIBnc5S5DbbQj_yxgJTw,1
author::UCi1b_TRQfgO1Z9O2gNGGWNA,author::UCpsKOkt5iWTbenzeuq7dsmQ,1
author::UCi1b_TRQfgO1Z9O2gNGGWNA,author::UCwW2OFy95P7ZBkOPxWkpvYg,1
author::UCi1b_TRQfgO1Z9O2gNGGWNA,author::UCiGRBf2RNF0WRKhRVT7zFoA,1
author::UCi1b_TRQfgO1Z9O2gNGGWNA,author::UCkd9W714-947dEE6ZOEBATA,1
author::UCi1b_TRQfgO1Z9O2gNGGWNA,author::UCzSfZlOVxBSs5ObD25ywxDQ,1
author::UCi1b_TRQfgO1Z9O2gNGGWNA,author::UCwha8rxULYMVtNwZWeSkE1A,1
author::UCi1b_TRQfgO1Z9O2gNGGWNA,author::UCvApqeCbLod-wejtT4CcVuA,1
author::UCi1b_TRQfgO1Z9O2gNGGWNA,author::UCz3gu01bmjNv0DpRq-K3XYg,1
author::UCi1b_TRQfgO1Z9O2gNGGWNA,author::UCySYJU5kUh7X8gVt9la2ISA,1
author::UCi1b_TRQfgO1Z9O2gNGGWNA,author::UCljDbleJul41G1TzOjOZAVA,1
author::UCi1b_TRQfgO1Z9O2gNGGWNA,author::UCujPF2nBgsTD62nWE3lcpIg,1
author::UCi1b_TRQfgO1Z9O2gNGGWNA,author::UCmjppp6ujz3SAnULvP3sZMw,1
author::UCi1b_TRQfgO1Z9O2gNGGWNA,author::UCylqlpsh8ENNM1LqgQ1KbxA,1
author::UCi1b_TRQfgO1Z9O2gNGGWNA,author::UCp4iw5_5SmV9VGTFSNVGOmQ,1
author::UCi1b_TRQfgO1Z9O2gNGGWNA,author::UCpl8rF8uv_8uui-QRvuJaRA,1
author::UCi1b_TRQfgO1Z9O2gNGGWNA,author::UCsSXdJct-nsS8DsABoEsaYA,1
author::UCi1b_TRQfgO1Z9O2gNGGWNA,author::UCtUR3_CAiE7fCoZHM6cMfyQ,1
author::UCi2KiZq63sRq8Mfbcp-MelQ,author::UCp_dAUfv8i3LW3zWc24dLaQ,1
author::UCi2KiZq63sRq8Mfbcp-MelQ,author::UCxhtlxPV8AYWaNNyU6S9H8Q,1
author::UCi2KiZq63sRq8Mfbcp-MelQ,author::UCtiHFjFu7d5v2XxHnKFUYig,1
author::UCi2KiZq63sRq8Mfbcp-MelQ,author::UCrqXyRsg-_hTosURZ-uvoKg,1
author::UCi2KiZq63sRq8Mfbcp-MelQ,author::UCozFYHN0e_-vlQbX3wQGOug,1
author::UCiC-Jn7wdgyQV4_Urk0DkWQ,author::UCwgCc9Jd_gG-uLE_SY-FfPg,1
author::UCiC-Jn7wdgyQV4_Urk0DkWQ,author::UColMq7LmaoY3MT6aIDGrGvA,1
author::UCiC-Jn7wdgyQV4_Urk0DkWQ,author::UCu8_3-Wg-YzNyvHYQDEscfw,1
author::UCiC-Jn7wdgyQV4_Urk0DkWQ,author::UCkVtmkK07b2zaVVNssX4lOg,1
author::UCiC-Jn7wdgyQV4_Urk0DkWQ,author::UCqCrvuoJpC-aVb0f4logQRQ,1
author::UCiC-Jn7wdgyQV4_Urk0DkWQ,author::UCsGoJEvb-cFPZ2rWoJcXzEQ,1
author::UCiC-Jn7wdgyQV4_Urk0DkWQ,author::UCuXmOjxC-htcprLgeVXz6Tg,1
author::UCiC-Jn7wdgyQV4_Urk0DkWQ,author::UClqA491Xa5fQcXcJJa-vTWw,1
author::UCiC-Jn7wdgyQV4_Urk0DkWQ,author::UCpsKOkt5iWTbenzeuq7dsmQ,1
author::UCiC-Jn7wdgyQV4_Urk0DkWQ,author::UCkbsS_3D-pvg1iHOld9uvIg,1
author::UCiC-Jn7wdgyQV4_Urk0DkWQ,author::UCwjUvRseNtJoItylIyIez7Q,1
author::UCiC-Jn7wdgyQV4_Urk0DkWQ,author::UClhMWQ7XKWywYvbRnuf8QsA,1
author::UCiC-Jn7wdgyQV4_Urk0DkWQ,author::UCpe5jW3MIqkgTJ-PgkzvM6Q,1
author::UCiC-Jn7wdgyQV4_Urk0DkWQ,author::UCylqlpsh8ENNM1LqgQ1KbxA,1
author::UCiGRBf2RNF0WRKhRVT7zFoA,author::UCwO2SXr0ggzwg6QWWrr01nQ,1
author::UCiGRBf2RNF0WRKhRVT7zFoA,author::UCipetjeiWj4CZB6EbyYziZg,1
author::UCiGRBf2RNF0WRKhRVT7zFoA,author::UCueV9cTyTDwgQSec1x2dYgA,1
author::UCiGRBf2RNF0WRKhRVT7zFoA,author::UCsJJAvrVGupdmhOqgtDp8dg,1
author::UCiGRBf2RNF0WRKhRVT7zFoA,author::UCjmPuazZJzscrwvk0QR9RVw,1
author::UCiGRBf2RNF0WRKhRVT7zFoA,author::UCzoL2l5H5eVlorWGH8AZfAg,1
author::UCiGRBf2RNF0WRKhRVT7zFoA,author::UCplrIQtaPj6au60_f2-mOYw,1
author::UCiGRBf2RNF0WRKhRVT7zFoA,author::UCj-LL25XJnjxepPKCc3NGog,1
author::UCiGRBf2RNF0WRKhRVT7zFoA,author::UCr1emrogPKkKTs_WTtx71xg,1
author::UCiGRBf2RNF0WRKhRVT7zFoA,author::UCmvOgzmmXbjUthHy-WJ52hQ,1
author::UCiGRBf2RNF0WRKhRVT7zFoA,author::UCsjs5Hp_r86x1xbK6FAeqaA,1
author::UCiGRBf2RNF0WRKhRVT7zFoA,author::UCsUCN0Yq_UyTvKjOJLmNrnQ,1
author::UCiGRBf2RNF0WRKhRVT7zFoA,author::UCjSKM9j0Q7HLDr1hD6D-TUw,1
author::UCiGRBf2RNF0WRKhRVT7zFoA,author::UCiMythXHsw7eQEMykCdmMUA,1
author::UCiGRBf2RNF0WRKhRVT7zFoA,author::UCxff05WuyvwELNITi7bj7UA,1
author::UCiGRBf2RNF0WRKhRVT7zFoA,author::UCrJn_rbo_ENAdeqneS-RmRw,1
author::UCiGRBf2RNF0WRKhRVT7zFoA,author::UCl0ekS9Tt0jJGtOEM18S63w,1
author::UCiGRBf2RNF0WRKhRVT7zFoA,author::UCut6b9S98nv84cVX89PmKzA,1
author::UCiGRBf2RNF0WRKhRVT7zFoA,author::UCpIdtvoFHVLGASGB5ySqIEA,1
author::UCiGRBf2RNF0WRKhRVT7zFoA,author::UCtNfIBnc5S5DbbQj_yxgJTw,1
author::UCiGRBf2RNF0WRKhRVT7zFoA,author::UCpsKOkt5iWTbenzeuq7dsmQ,1
author::UCiGRBf2RNF0WRKhRVT7zFoA,author::UCwW2OFy95P7ZBkOPxWkpvYg,1
author::UCiGRBf2RNF0WRKhRVT7zFoA,author::UCkd9W714-947dEE6ZOEBATA,1
author::UCiGRBf2RNF0WRKhRVT7zFoA,author::UCzSfZlOVxBSs5ObD25ywxDQ,1
author::UCiGRBf2RNF0WRKhRVT7zFoA,author::UCwha8rxULYMVtNwZWeSkE1A,1
author::UCiGRBf2RNF0WRKhRVT7zFoA,author::UCvApqeCbLod-wejtT4CcVuA,1
author::UCiGRBf2RNF0WRKhRVT7zFoA,author::UCz3gu01bmjNv0DpRq-K3XYg,1
author::UCiGRBf2RNF0WRKhRVT7zFoA,author::UCySYJU5kUh7X8gVt9la2ISA,1
author::UCiGRBf2RNF0WRKhRVT7zFoA,author::UCljDbleJul41G1TzOjOZAVA,1
author::UCiGRBf2RNF0WRKhRVT7zFoA,author::UCujPF2nBgsTD62nWE3lcpIg,1
author::UCiGRBf2RNF0WRKhRVT7zFoA,author::UCmjppp6ujz3SAnULvP3sZMw,1
author::UCiGRBf2RNF0WRKhRVT7zFoA,author::UCylqlpsh8ENNM1LqgQ1KbxA,1
author::UCiGRBf2RNF0WRKhRVT7zFoA,author::UCp4iw5_5SmV9VGTFSNVGOmQ,1
author::UCiGRBf2RNF0WRKhRVT7zFoA,author::UCpl8rF8uv_8uui-QRvuJaRA,1
author::UCiGRBf2RNF0WRKhRVT7zFoA,author::UCsSXdJct-nsS8DsABoEsaYA,1
author::UCiGRBf2RNF0WRKhRVT7zFoA,author::UCtUR3_CAiE7fCoZHM6cMfyQ,1
author::UCiMythXHsw7eQEMykCdmMUA,author::UCwO2SXr0ggzwg6QWWrr01nQ,1
author::UCiMythXHsw7eQEMykCdmMUA,author::UCipetjeiWj4CZB6EbyYziZg,1
author::UCiMythXHsw7eQEMykCdmMUA,author::UCueV9cTyTDwgQSec1x2dYgA,1
author::UCiMythXHsw7eQEMykCdmMUA,author::UCsJJAvrVGupdmhOqgtDp8dg,1
author::UCiMythXHsw7eQEMykCdmMUA,author::UCjmPuazZJzscrwvk0QR9RVw,1
author::UCiMythXHsw7eQEMykCdmMUA,author::UCzoL2l5H5eVlorWGH8AZfAg,1
author::UCiMythXHsw7eQEMykCdmMUA,author::UCplrIQtaPj6au60_f2-mOYw,1
author::UCiMythXHsw7eQEMykCdmMUA,author::UCj-LL25XJnjxepPKCc3NGog,1
author::UCiMythXHsw7eQEMykCdmMUA,author::UCr1emrogPKkKTs_WTtx71xg,1
author::UCiMythXHsw7eQEMykCdmMUA,author::UCmvOgzmmXbjUthHy-WJ52hQ,1
author::UCiMythXHsw7eQEMykCdmMUA,author::UCsjs5Hp_r86x1xbK6FAeqaA,1
author::UCiMythXHsw7eQEMykCdmMUA,author::UCsUCN0Yq_UyTvKjOJLmNrnQ,1
author::UCiMythXHsw7eQEMykCdmMUA,author::UCjSKM9j0Q7HLDr1hD6D-TUw,1
author::UCiMythXHsw7eQEMykCdmMUA,author::UCxff05WuyvwELNITi7bj7UA,1
author::UCiMythXHsw7eQEMykCdmMUA,author::UCrJn_rbo_ENAdeqneS-RmRw,1
author::UCiMythXHsw7eQEMykCdmMUA,author::UCl0ekS9Tt0jJGtOEM18S63w,1
author::UCiMythXHsw7eQEMykCdmMUA,author::UCut6b9S98nv84cVX89PmKzA,1
author::UCiMythXHsw7eQEMykCdmMUA,author::UCpIdtvoFHVLGASGB5ySqIEA,1
author::UCiMythXHsw7eQEMykCdmMUA,author::UCtNfIBnc5S5DbbQj_yxgJTw,1
author::UCiMythXHsw7eQEMykCdmMUA,author::UCpsKOkt5iWTbenzeuq7dsmQ,1
author::UCiMythXHsw7eQEMykCdmMUA,author::UCwW2OFy95P7ZBkOPxWkpvYg,1
author::UCiMythXHsw7eQEMykCdmMUA,author::UCkd9W714-947dEE6ZOEBATA,1
author::UCiMythXHsw7eQEMykCdmMUA,author::UCzSfZlOVxBSs5ObD25ywxDQ,1
author::UCiMythXHsw7eQEMykCdmMUA,author::UCwha8rxULYMVtNwZWeSkE1A,1
author::UCiMythXHsw7eQEMykCdmMUA,author::UCvApqeCbLod-wejtT4CcVuA,1
author::UCiMythXHsw7eQEMykCdmMUA,author::UCz3gu01bmjNv0DpRq-K3XYg,1
author::UCiMythXHsw7eQEMykCdmMUA,author::UCySYJU5kUh7X8gVt9la2ISA,1
author::UCiMythXHsw7eQEMykCdmMUA,author::UCljDbleJul41G1TzOjOZAVA,1
author::UCiMythXHsw7eQEMykCdmMUA,author::UCujPF2nBgsTD62nWE3lcpIg,1
author::UCiMythXHsw7eQEMykCdmMUA,author::UCmjppp6ujz3SAnULvP3sZMw,1
author::UCiMythXHsw7eQEMykCdmMUA,author::UCylqlpsh8ENNM1LqgQ1KbxA,1
author::UCiMythXHsw7eQEMykCdmMUA,author::UCp4iw5_5SmV9VGTFSNVGOmQ,1
author::UCiMythXHsw7eQEMykCdmMUA,author::UCpl8rF8uv_8uui-QRvuJaRA,1
author::UCiMythXHsw7eQEMykCdmMUA,author::UCsSXdJct-nsS8DsABoEsaYA,1
author::UCiMythXHsw7eQEMykCdmMUA,author::UCtUR3_CAiE7fCoZHM6cMfyQ,1
author::UCiOZX__1gahg1ypIj0_XG_w,author::UCoGdCoJg2Lh0OX_jv6cG16g,1
author::UCiOZX__1gahg1ypIj0_XG_w,author::UCtsxPYw8VUsH_FfnKg-0lmw,1
author::UCiOZX__1gahg1ypIj0_XG_w,author::UCql1n3Ey6ULMSOACjMe-fxQ,1
author::UCiOZX__1gahg1ypIj0_XG_w,author::UCjZgFEowMBrsjodqfovzdKw,1
author::UCiOZX__1gahg1ypIj0_XG_w,author::UCwxoKK59nGCeBqB2sXfDBIw,1
author::UCiOZX__1gahg1ypIj0_XG_w,author::UCp29O_C7cchZV8IxV7Crdag,1
author::UCiOZX__1gahg1ypIj0_XG_w,author::UCvDwJBBY1mHK70aTEYl6rsA,1
author::UCiOZX__1gahg1ypIj0_XG_w,author::UCtCtts20bW6F9CSohau51Iw,1
author::UCiOZX__1gahg1ypIj0_XG_w,author::UCzZ6dDCEsLMXbc5pCFXIprw,1
author::UCiOZX__1gahg1ypIj0_XG_w,author::UCyJhqmMbsvjpoarBBStA2kg,1
author::UCipetjeiWj4CZB6EbyYziZg,author::UCwO2SXr0ggzwg6QWWrr01nQ,1
author::UCipetjeiWj4CZB6EbyYziZg,author::UCueV9cTyTDwgQSec1x2dYgA,1
author::UCipetjeiWj4CZB6EbyYziZg,author::UCsJJAvrVGupdmhOqgtDp8dg,1
author::UCipetjeiWj4CZB6EbyYziZg,author::UCjmPuazZJzscrwvk0QR9RVw,1
author::UCipetjeiWj4CZB6EbyYziZg,author::UCzoL2l5H5eVlorWGH8AZfAg,1
author::UCipetjeiWj4CZB6EbyYziZg,author::UCplrIQtaPj6au60_f2-mOYw,1
author::UCipetjeiWj4CZB6EbyYziZg,author::UCj-LL25XJnjxepPKCc3NGog,1
author::UCipetjeiWj4CZB6EbyYziZg,author::UCr1emrogPKkKTs_WTtx71xg,1
author::UCipetjeiWj4CZB6EbyYziZg,author::UCmvOgzmmXbjUthHy-WJ52hQ,1
author::UCipetjeiWj4CZB6EbyYziZg,author::UCsjs5Hp_r86x1xbK6FAeqaA,1
author::UCipetjeiWj4CZB6EbyYziZg,author::UCsUCN0Yq_UyTvKjOJLmNrnQ,1
author::UCipetjeiWj4CZB6EbyYziZg,author::UCjSKM9j0Q7HLDr1hD6D-TUw,1
author::UCipetjeiWj4CZB6EbyYziZg,author::UCxff05WuyvwELNITi7bj7UA,1
author::UCipetjeiWj4CZB6EbyYziZg,author::UCrJn_rbo_ENAdeqneS-RmRw,1
author::UCipetjeiWj4CZB6EbyYziZg,author::UCl0ekS9Tt0jJGtOEM18S63w,1
author::UCipetjeiWj4CZB6EbyYziZg,author::UCut6b9S98nv84cVX89PmKzA,1
author::UCipetjeiWj4CZB6EbyYziZg,author::UCpIdtvoFHVLGASGB5ySqIEA,1
author::UCipetjeiWj4CZB6EbyYziZg,author::UCtNfIBnc5S5DbbQj_yxgJTw,1
author::UCipetjeiWj4CZB6EbyYziZg,author::UCpsKOkt5iWTbenzeuq7dsmQ,1
author::UCipetjeiWj4CZB6EbyYziZg,author::UCwW2OFy95P7ZBkOPxWkpvYg,1
author::UCipetjeiWj4CZB6EbyYziZg,author::UCkd9W714-947dEE6ZOEBATA,1
author::UCipetjeiWj4CZB6EbyYziZg,author::UCzSfZlOVxBSs5ObD25ywxDQ,1
author::UCipetjeiWj4CZB6EbyYziZg,author::UCwha8rxULYMVtNwZWeSkE1A,1
author::UCipetjeiWj4CZB6EbyYziZg,author::UCvApqeCbLod-wejtT4CcVuA,1
author::UCipetjeiWj4CZB6EbyYziZg,author::UCz3gu01bmjNv0DpRq-K3XYg,1
author::UCipetjeiWj4CZB6EbyYziZg,author::UCySYJU5kUh7X8gVt9la2ISA,1
author::UCipetjeiWj4CZB6EbyYziZg,author::UCljDbleJul41G1TzOjOZAVA,1
author::UCipetjeiWj4CZB6EbyYziZg,author::UCujPF2nBgsTD62nWE3lcpIg,1
author::UCipetjeiWj4CZB6EbyYziZg,author::UCmjppp6ujz3SAnULvP3sZMw,1
author::UCipetjeiWj4CZB6EbyYziZg,author::UCylqlpsh8ENNM1LqgQ1KbxA,1
author::UCipetjeiWj4CZB6EbyYziZg,author::UCp4iw5_5SmV9VGTFSNVGOmQ,1
author::UCipetjeiWj4CZB6EbyYziZg,author::UCpl8rF8uv_8uui-QRvuJaRA,1
author::UCipetjeiWj4CZB6EbyYziZg,author::UCsSXdJct-nsS8DsABoEsaYA,1
author::UCipetjeiWj4CZB6EbyYziZg,author::UCtUR3_CAiE7fCoZHM6cMfyQ,1
author::UCj-LL25XJnjxepPKCc3NGog,author::UCwO2SXr0ggzwg6QWWrr01nQ,1
author::UCj-LL25XJnjxepPKCc3NGog,author::UCueV9cTyTDwgQSec1x2dYgA,1
author::UCj-LL25XJnjxepPKCc3NGog,author::UCsJJAvrVGupdmhOqgtDp8dg,1
author::UCj-LL25XJnjxepPKCc3NGog,author::UCjmPuazZJzscrwvk0QR9RVw,1
author::UCj-LL25XJnjxepPKCc3NGog,author::UCzoL2l5H5eVlorWGH8AZfAg,1
author::UCj-LL25XJnjxepPKCc3NGog,author::UCplrIQtaPj6au60_f2-mOYw,1
author::UCj-LL25XJnjxepPKCc3NGog,author::UCr1emrogPKkKTs_WTtx71xg,1
author::UCj-LL25XJnjxepPKCc3NGog,author::UCmvOgzmmXbjUthHy-WJ52hQ,1
author::UCj-LL25XJnjxepPKCc3NGog,author::UCsjs5Hp_r86x1xbK6FAeqaA,1
author::UCj-LL25XJnjxepPKCc3NGog,author::UCsUCN0Yq_UyTvKjOJLmNrnQ,1
author::UCj-LL25XJnjxepPKCc3NGog,author::UCjSKM9j0Q7HLDr1hD6D-TUw,1
author::UCj-LL25XJnjxepPKCc3NGog,author::UCxff05WuyvwELNITi7bj7UA,1
author::UCj-LL25XJnjxepPKCc3NGog,author::UCrJn_rbo_ENAdeqneS-RmRw,1
author::UCj-LL25XJnjxepPKCc3NGog,author::UCl0ekS9Tt0jJGtOEM18S63w,1
author::UCj-LL25XJnjxepPKCc3NGog,author::UCut6b9S98nv84cVX89PmKzA,1
author::UCj-LL25XJnjxepPKCc3NGog,author::UCpIdtvoFHVLGASGB5ySqIEA,1
author::UCj-LL25XJnjxepPKCc3NGog,author::UCtNfIBnc5S5DbbQj_yxgJTw,1
author::UCj-LL25XJnjxepPKCc3NGog,author::UCpsKOkt5iWTbenzeuq7dsmQ,1
author::UCj-LL25XJnjxepPKCc3NGog,author::UCwW2OFy95P7ZBkOPxWkpvYg,1
author::UCj-LL25XJnjxepPKCc3NGog,author::UCkd9W714-947dEE6ZOEBATA,1
author::UCj-LL25XJnjxepPKCc3NGog,author::UCzSfZlOVxBSs5ObD25ywxDQ,1
author::UCj-LL25XJnjxepPKCc3NGog,author::UCwha8rxULYMVtNwZWeSkE1A,1
author::UCj-LL25XJnjxepPKCc3NGog,author::UCvApqeCbLod-wejtT4CcVuA,1
author::UCj-LL25XJnjxepPKCc3NGog,author::UCz3gu01bmjNv0DpRq-K3XYg,1
author::UCj-LL25XJnjxepPKCc3NGog,author::UCySYJU5kUh7X8gVt9la2ISA,1
author::UCj-LL25XJnjxepPKCc3NGog,author::UCljDbleJul41G1TzOjOZAVA,1
author::UCj-LL25XJnjxepPKCc3NGog,author::UCujPF2nBgsTD62nWE3lcpIg,1
author::UCj-LL25XJnjxepPKCc3NGog,author::UCmjppp6ujz3SAnULvP3sZMw,1
author::UCj-LL25XJnjxepPKCc3NGog,author::UCylqlpsh8ENNM1LqgQ1KbxA,1
author::UCj-LL25XJnjxepPKCc3NGog,author::UCp4iw5_5SmV9VGTFSNVGOmQ,1
author::UCj-LL25XJnjxepPKCc3NGog,author::UCpl8rF8uv_8uui-QRvuJaRA,1
author::UCj-LL25XJnjxepPKCc3NGog,author::UCsSXdJct-nsS8DsABoEsaYA,1
author::UCj-LL25XJnjxepPKCc3NGog,author::UCtUR3_CAiE7fCoZHM6cMfyQ,1
author::UCjJf-AJKRFFWtiN-CSwkDmA,author::UCnU8wO1OurAmGstDw6VGjgQ,1
author::UCjJf-AJKRFFWtiN-CSwkDmA,author::UCpsKOkt5iWTbenzeuq7dsmQ,1
author::UCjJf-AJKRFFWtiN-CSwkDmA,author::UCvcu1kR8xMYy_I1Ty-2mV2Q,1
author::UCjSKM9j0Q7HLDr1hD6D-TUw,author::UCwO2SXr0ggzwg6QWWrr01nQ,1
author::UCjSKM9j0Q7HLDr1hD6D-TUw,author::UCueV9cTyTDwgQSec1x2dYgA,1
author::UCjSKM9j0Q7HLDr1hD6D-TUw,author::UCsJJAvrVGupdmhOqgtDp8dg,1
author::UCjSKM9j0Q7HLDr1hD6D-TUw,author::UCjmPuazZJzscrwvk0QR9RVw,1
author::UCjSKM9j0Q7HLDr1hD6D-TUw,author::UCzoL2l5H5eVlorWGH8AZfAg,1
author::UCjSKM9j0Q7HLDr1hD6D-TUw,author::UCplrIQtaPj6au60_f2-mOYw,1
author::UCjSKM9j0Q7HLDr1hD6D-TUw,author::UCr1emrogPKkKTs_WTtx71xg,1
author::UCjSKM9j0Q7HLDr1hD6D-TUw,author::UCmvOgzmmXbjUthHy-WJ52hQ,1
author::UCjSKM9j0Q7HLDr1hD6D-TUw,author::UCsjs5Hp_r86x1xbK6FAeqaA,1
author::UCjSKM9j0Q7HLDr1hD6D-TUw,author::UCsUCN0Yq_UyTvKjOJLmNrnQ,1
author::UCjSKM9j0Q7HLDr1hD6D-TUw,author::UCxff05WuyvwELNITi7bj7UA,1
author::UCjSKM9j0Q7HLDr1hD6D-TUw,author::UCrJn_rbo_ENAdeqneS-RmRw,1
author::UCjSKM9j0Q7HLDr1hD6D-TUw,author::UCl0ekS9Tt0jJGtOEM18S63w,1
author::UCjSKM9j0Q7HLDr1hD6D-TUw,author::UCut6b9S98nv84cVX89PmKzA,1
author::UCjSKM9j0Q7HLDr1hD6D-TUw,author::UCpIdtvoFHVLGASGB5ySqIEA,1
author::UCjSKM9j0Q7HLDr1hD6D-TUw,author::UCtNfIBnc5S5DbbQj_yxgJTw,1
author::UCjSKM9j0Q7HLDr1hD6D-TUw,author::UCpsKOkt5iWTbenzeuq7dsmQ,1
author::UCjSKM9j0Q7HLDr1hD6D-TUw,author::UCwW2OFy95P7ZBkOPxWkpvYg,1
author::UCjSKM9j0Q7HLDr1hD6D-TUw,author::UCkd9W714-947dEE6ZOEBATA,1
author::UCjSKM9j0Q7HLDr1hD6D-TUw,author::UCzSfZlOVxBSs5ObD25ywxDQ,1
author::UCjSKM9j0Q7HLDr1hD6D-TUw,author::UCwha8rxULYMVtNwZWeSkE1A,1
author::UCjSKM9j0Q7HLDr1hD6D-TUw,author::UCvApqeCbLod-wejtT4CcVuA,1
author::UCjSKM9j0Q7HLDr1hD6D-TUw,author::UCz3gu01bmjNv0DpRq-K3XYg,1
author::UCjSKM9j0Q7HLDr1hD6D-TUw,author::UCySYJU5kUh7X8gVt9la2ISA,1
author::UCjSKM9j0Q7HLDr1hD6D-TUw,author::UCljDbleJul41G1TzOjOZAVA,1
author::UCjSKM9j0Q7HLDr1hD6D-TUw,author::UCujPF2nBgsTD62nWE3lcpIg,1
author::UCjSKM9j0Q7HLDr1hD6D-TUw,author::UCmjppp6ujz3SAnULvP3sZMw,1
author::UCjSKM9j0Q7HLDr1hD6D-TUw,author::UCylqlpsh8ENNM1LqgQ1KbxA,1
author::UCjSKM9j0Q7HLDr1hD6D-TUw,author::UCp4iw5_5SmV9VGTFSNVGOmQ,1
author::UCjSKM9j0Q7HLDr1hD6D-TUw,author::UCpl8rF8uv_8uui-QRvuJaRA,1
author::UCjSKM9j0Q7HLDr1hD6D-TUw,author::UCsSXdJct-nsS8DsABoEsaYA,1
author::UCjSKM9j0Q7HLDr1hD6D-TUw,author::UCtUR3_CAiE7fCoZHM6cMfyQ,1
author::UCjZgFEowMBrsjodqfovzdKw,author::UCvl1tzQeBeGy6efPTRJXSCw,1
author::UCjZgFEowMBrsjodqfovzdKw,author::UCoGdCoJg2Lh0OX_jv6cG16g,1
author::UCjZgFEowMBrsjodqfovzdKw,author::UCtsxPYw8VUsH_FfnKg-0lmw,1
author::UCjZgFEowMBrsjodqfovzdKw,author::UCql1n3Ey6ULMSOACjMe-fxQ,1
author::UCjZgFEowMBrsjodqfovzdKw,author::UCwxoKK59nGCeBqB2sXfDBIw,1
author::UCjZgFEowMBrsjodqfovzdKw,author::UCp29O_C7cchZV8IxV7Crdag,1
author::UCjZgFEowMBrsjodqfovzdKw,author::UCwCfs-2zbD5k0lG-UVg_JBw,1
author::UCjZgFEowMBrsjodqfovzdKw,author::UCq3mDTTRZnUybct5M9OSXbg,1
author::UCjZgFEowMBrsjodqfovzdKw,author::UCvDwJBBY1mHK70aTEYl6rsA,1
author::UCjZgFEowMBrsjodqfovzdKw,author::UCtCtts20bW6F9CSohau51Iw,1
author::UCjZgFEowMBrsjodqfovzdKw,author::UCzZ6dDCEsLMXbc5pCFXIprw,1
author::UCjZgFEowMBrsjodqfovzdKw,author::UCyJhqmMbsvjpoarBBStA2kg,1
author::UCjmPuazZJzscrwvk0QR9RVw,author::UCwO2SXr0ggzwg6QWWrr01nQ,1
author::UCjmPuazZJzscrwvk0QR9RVw,author::UCueV9cTyTDwgQSec1x2dYgA,1
author::UCjmPuazZJzscrwvk0QR9RVw,author::UCsJJAvrVGupdmhOqgtDp8dg,1
author::UCjmPuazZJzscrwvk0QR9RVw,author::UCzoL2l5H5eVlorWGH8AZfAg,1
author::UCjmPuazZJzscrwvk0QR9RVw,author::UCplrIQtaPj6au60_f2-mOYw,1
author::UCjmPuazZJzscrwvk0QR9RVw,author::UCr1emrogPKkKTs_WTtx71xg,1
author::UCjmPuazZJzscrwvk0QR9RVw,author::UCmvOgzmmXbjUthHy-WJ52hQ,1
author::UCjmPuazZJzscrwvk0QR9RVw,author::UCsjs5Hp_r86x1xbK6FAeqaA,1
author::UCjmPuazZJzscrwvk0QR9RVw,author::UCsUCN0Yq_UyTvKjOJLmNrnQ,1
author::UCjmPuazZJzscrwvk0QR9RVw,author::UCxff05WuyvwELNITi7bj7UA,1
author::UCjmPuazZJzscrwvk0QR9RVw,author::UCrJn_rbo_ENAdeqneS-RmRw,1
author::UCjmPuazZJzscrwvk0QR9RVw,author::UCl0ekS9Tt0jJGtOEM18S63w,1
author::UCjmPuazZJzscrwvk0QR9RVw,author::UCut6b9S98nv84cVX89PmKzA,1
author::UCjmPuazZJzscrwvk0QR9RVw,author::UCpIdtvoFHVLGASGB5ySqIEA,1
author::UCjmPuazZJzscrwvk0QR9RVw,author::UCtNfIBnc5S5DbbQj_yxgJTw,1
author::UCjmPuazZJzscrwvk0QR9RVw,author::UCpsKOkt5iWTbenzeuq7dsmQ,1
author::UCjmPuazZJzscrwvk0QR9RVw,author::UCwW2OFy95P7ZBkOPxWkpvYg,1
author::UCjmPuazZJzscrwvk0QR9RVw,author::UCkd9W714-947dEE6ZOEBATA,1
author::UCjmPuazZJzscrwvk0QR9RVw,author::UCzSfZlOVxBSs5ObD25ywxDQ,1
author::UCjmPuazZJzscrwvk0QR9RVw,author::UCwha8rxULYMVtNwZWeSkE1A,1
author::UCjmPuazZJzscrwvk0QR9RVw,author::UCvApqeCbLod-wejtT4CcVuA,1
author::UCjmPuazZJzscrwvk0QR9RVw,author::UCz3gu01bmjNv0DpRq-K3XYg,1
author::UCjmPuazZJzscrwvk0QR9RVw,author::UCySYJU5kUh7X8gVt9la2ISA,1
author::UCjmPuazZJzscrwvk0QR9RVw,author::UCljDbleJul41G1TzOjOZAVA,1
author::UCjmPuazZJzscrwvk0QR9RVw,author::UCujPF2nBgsTD62nWE3lcpIg,1
author::UCjmPuazZJzscrwvk0QR9RVw,author::UCmjppp6ujz3SAnULvP3sZMw,1
author::UCjmPuazZJzscrwvk0QR9RVw,author::UCylqlpsh8ENNM1LqgQ1KbxA,1
author::UCjmPuazZJzscrwvk0QR9RVw,author::UCp4iw5_5SmV9VGTFSNVGOmQ,1
author::UCjmPuazZJzscrwvk0QR9RVw,author::UCpl8rF8uv_8uui-QRvuJaRA,1
author::UCjmPuazZJzscrwvk0QR9RVw,author::UCsSXdJct-nsS8DsABoEsaYA,1
author::UCjmPuazZJzscrwvk0QR9RVw,author::UCtUR3_CAiE7fCoZHM6cMfyQ,1
author::UCkVtmkK07b2zaVVNssX4lOg,author::UCwgCc9Jd_gG-uLE_SY-FfPg,1
author::UCkVtmkK07b2zaVVNssX4lOg,author::UColMq7LmaoY3MT6aIDGrGvA,1
author::UCkVtmkK07b2zaVVNssX4lOg,author::UCu8_3-Wg-YzNyvHYQDEscfw,1
author::UCkVtmkK07b2zaVVNssX4lOg,author::UCqCrvuoJpC-aVb0f4logQRQ,1
author::UCkVtmkK07b2zaVVNssX4lOg,author::UCsGoJEvb-cFPZ2rWoJcXzEQ,1
author::UCkVtmkK07b2zaVVNssX4lOg,author::UCuXmOjxC-htcprLgeVXz6Tg,1
author::UCkVtmkK07b2zaVVNssX4lOg,author::UClqA491Xa5fQcXcJJa-vTWw,1
author::UCkVtmkK07b2zaVVNssX4lOg,author::UCpsKOkt5iWTbenzeuq7dsmQ,1
author::UCkVtmkK07b2zaVVNssX4lOg,author::UCkbsS_3D-pvg1iHOld9uvIg,1
author::UCkVtmkK07b2zaVVNssX4lOg,author::UCwjUvRseNtJoItylIyIez7Q,1
author::UCkVtmkK07b2zaVVNssX4lOg,author::UClhMWQ7XKWywYvbRnuf8QsA,1
author::UCkVtmkK07b2zaVVNssX4lOg,author::UCpe5jW3MIqkgTJ-PgkzvM6Q,1
author::UCkVtmkK07b2zaVVNssX4lOg,author::UCylqlpsh8ENNM1LqgQ1KbxA,1
author::UCkbsS_3D-pvg1iHOld9uvIg,author::UCwgCc9Jd_gG-uLE_SY-FfPg,1
author::UCkbsS_3D-pvg1iHOld9uvIg,author::UColMq7LmaoY3MT6aIDGrGvA,1
author::UCkbsS_3D-pvg1iHOld9uvIg,author::UCu8_3-Wg-YzNyvHYQDEscfw,1
author::UCkbsS_3D-pvg1iHOld9uvIg,author::UCqCrvuoJpC-aVb0f4logQRQ,1
author::UCkbsS_3D-pvg1iHOld9uvIg,author::UCsGoJEvb-cFPZ2rWoJcXzEQ,1
author::UCkbsS_3D-pvg1iHOld9uvIg,author::UCuXmOjxC-htcprLgeVXz6Tg,1
author::UCkbsS_3D-pvg1iHOld9uvIg,author::UClqA491Xa5fQcXcJJa-vTWw,1
author::UCkbsS_3D-pvg1iHOld9uvIg,author::UCpsKOkt5iWTbenzeuq7dsmQ,1
author::UCkbsS_3D-pvg1iHOld9uvIg,author::UCwjUvRseNtJoItylIyIez7Q,1
author::UCkbsS_3D-pvg1iHOld9uvIg,author::UClhMWQ7XKWywYvbRnuf8QsA,1
author::UCkbsS_3D-pvg1iHOld9uvIg,author::UCpe5jW3MIqkgTJ-PgkzvM6Q,1
author::UCkbsS_3D-pvg1iHOld9uvIg,author::UCylqlpsh8ENNM1LqgQ1KbxA,1
author::UCkd9W714-947dEE6ZOEBATA,author::UCwO2SXr0ggzwg6QWWrr01nQ,1
author::UCkd9W714-947dEE6ZOEBATA,author::UCueV9cTyTDwgQSec1x2dYgA,1
author::UCkd9W714-947dEE6ZOEBATA,author::UCsJJAvrVGupdmhOqgtDp8dg,1
author::UCkd9W714-947dEE6ZOEBATA,author::UCzoL2l5H5eVlorWGH8AZfAg,1
author::UCkd9W714-947dEE6ZOEBATA,author::UCplrIQtaPj6au60_f2-mOYw,1
author::UCkd9W714-947dEE6ZOEBATA,author::UCr1emrogPKkKTs_WTtx71xg,1
author::UCkd9W714-947dEE6ZOEBATA,author::UCmvOgzmmXbjUthHy-WJ52hQ,1
author::UCkd9W714-947dEE6ZOEBATA,author::UCsjs5Hp_r86x1xbK6FAeqaA,1
author::UCkd9W714-947dEE6ZOEBATA,author::UCsUCN0Yq_UyTvKjOJLmNrnQ,1
author::UCkd9W714-947dEE6ZOEBATA,author::UCxff05WuyvwELNITi7bj7UA,1
author::UCkd9W714-947dEE6ZOEBATA,author::UCrJn_rbo_ENAdeqneS-RmRw,1
author::UCkd9W714-947dEE6ZOEBATA,author::UCl0ekS9Tt0jJGtOEM18S63w,1
author::UCkd9W714-947dEE6ZOEBATA,author::UCut6b9S98nv84cVX89PmKzA,1
author::UCkd9W714-947dEE6ZOEBATA,author::UCpIdtvoFHVLGASGB5ySqIEA,1
author::UCkd9W714-947dEE6ZOEBATA,author::UCtNfIBnc5S5DbbQj_yxgJTw,1
author::UCkd9W714-947dEE6ZOEBATA,author::UCpsKOkt5iWTbenzeuq7dsmQ,1
author::UCkd9W714-947dEE6ZOEBATA,author::UCwW2OFy95P7ZBkOPxWkpvYg,1
author::UCkd9W714-947dEE6ZOEBATA,author::UCzSfZlOVxBSs5ObD25ywxDQ,1
author::UCkd9W714-947dEE6ZOEBATA,author::UCwha8rxULYMVtNwZWeSkE1A,1
author::UCkd9W714-947dEE6ZOEBATA,author::UCvApqeCbLod-wejtT4CcVuA,1
author::UCkd9W714-947dEE6ZOEBATA,author::UCz3gu01bmjNv0DpRq-K3XYg,1
author::UCkd9W714-947dEE6ZOEBATA,author::UCySYJU5kUh7X8gVt9la2ISA,1
author::UCkd9W714-947dEE6ZOEBATA,author::UCljDbleJul41G1TzOjOZAVA,1
author::UCkd9W714-947dEE6ZOEBATA,author::UCujPF2nBgsTD62nWE3lcpIg,1
author::UCkd9W714-947dEE6ZOEBATA,author::UCmjppp6ujz3SAnULvP3sZMw,1
author::UCkd9W714-947dEE6ZOEBATA,author::UCylqlpsh8ENNM1LqgQ1KbxA,1
author::UCkd9W714-947dEE6ZOEBATA,author::UCp4iw5_5SmV9VGTFSNVGOmQ,1
author::UCkd9W714-947dEE6ZOEBATA,author::UCpl8rF8uv_8uui-QRvuJaRA,1
author::UCkd9W714-947dEE6ZOEBATA,author::UCsSXdJct-nsS8DsABoEsaYA,1
author::UCkd9W714-947dEE6ZOEBATA,author::UCtUR3_CAiE7fCoZHM6cMfyQ,1
author::UCkxdJ_yGN2gghOMo2ybQtXQ,author::UCvcu1kR8xMYy_I1Ty-2mV2Q,1
author::UCkxdJ_yGN2gghOMo2ybQtXQ,author::UCxcoDvP-g2_KTZDmVZtvb3w,1
author::UCkxdJ_yGN2gghOMo2ybQtXQ,author::UCwEe1RKlEv1UpNWmWYfSh4w,1
author::UCl0ekS9Tt0jJGtOEM18S63w,author::UCwO2SXr0ggzwg6QWWrr01nQ,1
author::UCl0ekS9Tt0jJGtOEM18S63w,author::UCueV9cTyTDwgQSec1x2dYgA,1
author::UCl0ekS9Tt0jJGtOEM18S63w,author::UCsJJAvrVGupdmhOqgtDp8dg,1
author::UCl0ekS9Tt0jJGtOEM18S63w,author::UCzoL2l5H5eVlorWGH8AZfAg,1
author::UCl0ekS9Tt0jJGtOEM18S63w,author::UCplrIQtaPj6au60_f2-mOYw,1
author::UCl0ekS9Tt0jJGtOEM18S63w,author::UCr1emrogPKkKTs_WTtx71xg,1
author::UCl0ekS9Tt0jJGtOEM18S63w,author::UCmvOgzmmXbjUthHy-WJ52hQ,1
author::UCl0ekS9Tt0jJGtOEM18S63w,author::UCsjs5Hp_r86x1xbK6FAeqaA,1
author::UCl0ekS9Tt0jJGtOEM18S63w,author::UCsUCN0Yq_UyTvKjOJLmNrnQ,1
author::UCl0ekS9Tt0jJGtOEM18S63w,author::UCxff05WuyvwELNITi7bj7UA,1
author::UCl0ekS9Tt0jJGtOEM18S63w,author::UCrJn_rbo_ENAdeqneS-RmRw,1
author::UCl0ekS9Tt0jJGtOEM18S63w,author::UCut6b9S98nv84cVX89PmKzA,1
author::UCl0ekS9Tt0jJGtOEM18S63w,author::UCpIdtvoFHVLGASGB5ySqIEA,1
author::UCl0ekS9Tt0jJGtOEM18S63w,author::UCtNfIBnc5S5DbbQj_yxgJTw,1
author::UCl0ekS9Tt0jJGtOEM18S63w,author::UCpsKOkt5iWTbenzeuq7dsmQ,1
author::UCl0ekS9Tt0jJGtOEM18S63w,author::UCwW2OFy95P7ZBkOPxWkpvYg,1
author::UCl0ekS9Tt0jJGtOEM18S63w,author::UCzSfZlOVxBSs5ObD25ywxDQ,1
author::UCl0ekS9Tt0jJGtOEM18S63w,author::UCwha8rxULYMVtNwZWeSkE1A,1
author::UCl0ekS9Tt0jJGtOEM18S63w,author::UCvApqeCbLod-wejtT4CcVuA,1
author::UCl0ekS9Tt0jJGtOEM18S63w,author::UCz3gu01bmjNv0DpRq-K3XYg,1
author::UCl0ekS9Tt0jJGtOEM18S63w,author::UCySYJU5kUh7X8gVt9la2ISA,1
author::UCl0ekS9Tt0jJGtOEM18S63w,author::UCljDbleJul41G1TzOjOZAVA,1
author::UCl0ekS9Tt0jJGtOEM18S63w,author::UCujPF2nBgsTD62nWE3lcpIg,1
author::UCl0ekS9Tt0jJGtOEM18S63w,author::UCmjppp6ujz3SAnULvP3sZMw,1
author::UCl0ekS9Tt0jJGtOEM18S63w,author::UCylqlpsh8ENNM1LqgQ1KbxA,1
author::UCl0ekS9Tt0jJGtOEM18S63w,author::UCp4iw5_5SmV9VGTFSNVGOmQ,1
author::UCl0ekS9Tt0jJGtOEM18S63w,author::UCpl8rF8uv_8uui-QRvuJaRA,1
author::UCl0ekS9Tt0jJGtOEM18S63w,author::UCsSXdJct-nsS8DsABoEsaYA,1
author::UCl0ekS9Tt0jJGtOEM18S63w,author::UCtUR3_CAiE7fCoZHM6cMfyQ,1
author::UCld2stqxaVSk0QdGncM224A,author::UCtowGNY2lnlg6O2CkwDgkLg,1
author::UClhMWQ7XKWywYvbRnuf8QsA,author::UCwgCc9Jd_gG-uLE_SY-FfPg,1
author::UClhMWQ7XKWywYvbRnuf8QsA,author::UColMq7LmaoY3MT6aIDGrGvA,1
author::UClhMWQ7XKWywYvbRnuf8QsA,author::UCu8_3-Wg-YzNyvHYQDEscfw,1
author::UClhMWQ7XKWywYvbRnuf8QsA,author::UCqCrvuoJpC-aVb0f4logQRQ,1
author::UClhMWQ7XKWywYvbRnuf8QsA,author::UCsGoJEvb-cFPZ2rWoJcXzEQ,1
author::UClhMWQ7XKWywYvbRnuf8QsA,author::UCuXmOjxC-htcprLgeVXz6Tg,1
author::UClhMWQ7XKWywYvbRnuf8QsA,author::UClqA491Xa5fQcXcJJa-vTWw,1
author::UClhMWQ7XKWywYvbRnuf8QsA,author::UCpsKOkt5iWTbenzeuq7dsmQ,1
author::UClhMWQ7XKWywYvbRnuf8QsA,author::UCwjUvRseNtJoItylIyIez7Q,1
author::UClhMWQ7XKWywYvbRnuf8QsA,author::UCpe5jW3MIqkgTJ-PgkzvM6Q,1
author::UClhMWQ7XKWywYvbRnuf8QsA,author::UCylqlpsh8ENNM1LqgQ1KbxA,1
author::UCljDbleJul41G1TzOjOZAVA,author::UCwO2SXr0ggzwg6QWWrr01nQ,1
author::UCljDbleJul41G1TzOjOZAVA,author::UCueV9cTyTDwgQSec1x2dYgA,1
author::UCljDbleJul41G1TzOjOZAVA,author::UCsJJAvrVGupdmhOqgtDp8dg,1
author::UCljDbleJul41G1TzOjOZAVA,author::UCzoL2l5H5eVlorWGH8AZfAg,1
author::UCljDbleJul41G1TzOjOZAVA,author::UCplrIQtaPj6au60_f2-mOYw,1
author::UCljDbleJul41G1TzOjOZAVA,author::UCr1emrogPKkKTs_WTtx71xg,1
author::UCljDbleJul41G1TzOjOZAVA,author::UCmvOgzmmXbjUthHy-WJ52hQ,1
author::UCljDbleJul41G1TzOjOZAVA,author::UCsjs5Hp_r86x1xbK6FAeqaA,1
author::UCljDbleJul41G1TzOjOZAVA,author::UCsUCN0Yq_UyTvKjOJLmNrnQ,1
author::UCljDbleJul41G1TzOjOZAVA,author::UCxff05WuyvwELNITi7bj7UA,1
author::UCljDbleJul41G1TzOjOZAVA,author::UCrJn_rbo_ENAdeqneS-RmRw,1
author::UCljDbleJul41G1TzOjOZAVA,author::UCut6b9S98nv84cVX89PmKzA,1
author::UCljDbleJul41G1TzOjOZAVA,author::UCpIdtvoFHVLGASGB5ySqIEA,1
author::UCljDbleJul41G1TzOjOZAVA,author::UCtNfIBnc5S5DbbQj_yxgJTw,1
author::UCljDbleJul41G1TzOjOZAVA,author::UCpsKOkt5iWTbenzeuq7dsmQ,1
author::UCljDbleJul41G1TzOjOZAVA,author::UCwW2OFy95P7ZBkOPxWkpvYg,1
author::UCljDbleJul41G1TzOjOZAVA,author::UCzSfZlOVxBSs5ObD25ywxDQ,1
author::UCljDbleJul41G1TzOjOZAVA,author::UCwha8rxULYMVtNwZWeSkE1A,1
author::UCljDbleJul41G1TzOjOZAVA,author::UCvApqeCbLod-wejtT4CcVuA,1
author::UCljDbleJul41G1TzOjOZAVA,author::UCz3gu01bmjNv0DpRq-K3XYg,1
author::UCljDbleJul41G1TzOjOZAVA,author::UCySYJU5kUh7X8gVt9la2ISA,1
author::UCljDbleJul41G1TzOjOZAVA,author::UCujPF2nBgsTD62nWE3lcpIg,1
author::UCljDbleJul41G1TzOjOZAVA,author::UCmjppp6ujz3SAnULvP3sZMw,1
author::UCljDbleJul41G1TzOjOZAVA,author::UCylqlpsh8ENNM1LqgQ1KbxA,1
author::UCljDbleJul41G1TzOjOZAVA,author::UCp4iw5_5SmV9VGTFSNVGOmQ,1
author::UCljDbleJul41G1TzOjOZAVA,author::UCpl8rF8uv_8uui-QRvuJaRA,1
author::UCljDbleJul41G1TzOjOZAVA,author::UCsSXdJct-nsS8DsABoEsaYA,1
author::UCljDbleJul41G1TzOjOZAVA,author::UCtUR3_CAiE7fCoZHM6cMfyQ,1
author::UClqA491Xa5fQcXcJJa-vTWw,author::UCwgCc9Jd_gG-uLE_SY-FfPg,1
author::UClqA491Xa5fQcXcJJa-vTWw,author::UColMq7LmaoY3MT6aIDGrGvA,1
author::UClqA491Xa5fQcXcJJa-vTWw,author::UCu8_3-Wg-YzNyvHYQDEscfw,1
author::UClqA491Xa5fQcXcJJa-vTWw,author::UCqCrvuoJpC-aVb0f4logQRQ,1
author::UClqA491Xa5fQcXcJJa-vTWw,author::UCsGoJEvb-cFPZ2rWoJcXzEQ,1
author::UClqA491Xa5fQcXcJJa-vTWw,author::UCuXmOjxC-htcprLgeVXz6Tg,1
author::UClqA491Xa5fQcXcJJa-vTWw,author::UCpsKOkt5iWTbenzeuq7dsmQ,1
author::UClqA491Xa5fQcXcJJa-vTWw,author::UCwjUvRseNtJoItylIyIez7Q,1
author::UClqA491Xa5fQcXcJJa-vTWw,author::UCpe5jW3MIqkgTJ-PgkzvM6Q,1
author::UClqA491Xa5fQcXcJJa-vTWw,author::UCylqlpsh8ENNM1LqgQ1KbxA,1
author::UClsrFGJKWPxxw7MiaEdKLXw,author::UCusjriFsDHEc2AOjqk-p5ig,1
author::UClsrFGJKWPxxw7MiaEdKLXw,author::UCzZ6dDCEsLMXbc5pCFXIprw,1
author::UClsrFGJKWPxxw7MiaEdKLXw,author::UCuP4UK33HKtJE_S39ksmaTw,1
author::UClsrFGJKWPxxw7MiaEdKLXw,author::UCtNyHmRZtvGF2hSvI2dUBWw,1
author::UCmjppp6ujz3SAnULvP3sZMw,author::UCwO2SXr0ggzwg6QWWrr01nQ,1
author::UCmjppp6ujz3SAnULvP3sZMw,author::UCueV9cTyTDwgQSec1x2dYgA,1
author::UCmjppp6ujz3SAnULvP3sZMw,author::UCsJJAvrVGupdmhOqgtDp8dg,1
author::UCmjppp6ujz3SAnULvP3sZMw,author::UCzoL2l5H5eVlorWGH8AZfAg,1
author::UCmjppp6ujz3SAnULvP3sZMw,author::UCplrIQtaPj6au60_f2-mOYw,1
author::UCmjppp6ujz3SAnULvP3sZMw,author::UCr1emrogPKkKTs_WTtx71xg,1
author::UCmjppp6ujz3SAnULvP3sZMw,author::UCmvOgzmmXbjUthHy-WJ52hQ,1
author::UCmjppp6ujz3SAnULvP3sZMw,author::UCsjs5Hp_r86x1xbK6FAeqaA,1
author::UCmjppp6ujz3SAnULvP3sZMw,author::UCsUCN0Yq_UyTvKjOJLmNrnQ,1
author::UCmjppp6ujz3SAnULvP3sZMw,author::UCxff05WuyvwELNITi7bj7UA,1
author::UCmjppp6ujz3SAnULvP3sZMw,author::UCrJn_rbo_ENAdeqneS-RmRw,1
author::UCmjppp6ujz3SAnULvP3sZMw,author::UCut6b9S98nv84cVX89PmKzA,1
author::UCmjppp6ujz3SAnULvP3sZMw,author::UCpIdtvoFHVLGASGB5ySqIEA,1
author::UCmjppp6ujz3SAnULvP3sZMw,author::UCtNfIBnc5S5DbbQj_yxgJTw,1
author::UCmjppp6ujz3SAnULvP3sZMw,author::UCpsKOkt5iWTbenzeuq7dsmQ,1
author::UCmjppp6ujz3SAnULvP3sZMw,author::UCwW2OFy95P7ZBkOPxWkpvYg,1
author::UCmjppp6ujz3SAnULvP3sZMw,author::UCzSfZlOVxBSs5ObD25ywxDQ,1
author::UCmjppp6ujz3SAnULvP3sZMw,author::UCwha8rxULYMVtNwZWeSkE1A,1
author::UCmjppp6ujz3SAnULvP3sZMw,author::UCvApqeCbLod-wejtT4CcVuA,1
author::UCmjppp6ujz3SAnULvP3sZMw,author::UCz3gu01bmjNv0DpRq-K3XYg,1
author::UCmjppp6ujz3SAnULvP3sZMw,author::UCySYJU5kUh7X8gVt9la2ISA,1
author::UCmjppp6ujz3SAnULvP3sZMw,author::UCujPF2nBgsTD62nWE3lcpIg,1
author::UCmjppp6ujz3SAnULvP3sZMw,author::UCylqlpsh8ENNM1LqgQ1KbxA,1
author::UCmjppp6ujz3SAnULvP3sZMw,author::UCp4iw5_5SmV9VGTFSNVGOmQ,1
author::UCmjppp6ujz3SAnULvP3sZMw,author::UCpl8rF8uv_8uui-QRvuJaRA,1
author::UCmjppp6ujz3SAnULvP3sZMw,author::UCsSXdJct-nsS8DsABoEsaYA,1
author::UCmjppp6ujz3SAnULvP3sZMw,author::UCtUR3_CAiE7fCoZHM6cMfyQ,1
author::UCmvOgzmmXbjUthHy-WJ52hQ,author::UCwO2SXr0ggzwg6QWWrr01nQ,1
author::UCmvOgzmmXbjUthHy-WJ52hQ,author::UCueV9cTyTDwgQSec1x2dYgA,1
author::UCmvOgzmmXbjUthHy-WJ52hQ,author::UCsJJAvrVGupdmhOqgtDp8dg,1
author::UCmvOgzmmXbjUthHy-WJ52hQ,author::UCzoL2l5H5eVlorWGH8AZfAg,1
author::UCmvOgzmmXbjUthHy-WJ52hQ,author::UCplrIQtaPj6au60_f2-mOYw,1
author::UCmvOgzmmXbjUthHy-WJ52hQ,author::UCr1emrogPKkKTs_WTtx71xg,1
author::UCmvOgzmmXbjUthHy-WJ52hQ,author::UCsjs5Hp_r86x1xbK6FAeqaA,1
author::UCmvOgzmmXbjUthHy-WJ52hQ,author::UCsUCN0Yq_UyTvKjOJLmNrnQ,1
author::UCmvOgzmmXbjUthHy-WJ52hQ,author::UCxff05WuyvwELNITi7bj7UA,1
author::UCmvOgzmmXbjUthHy-WJ52hQ,author::UCrJn_rbo_ENAdeqneS-RmRw,1
author::UCmvOgzmmXbjUthHy-WJ52hQ,author::UCut6b9S98nv84cVX89PmKzA,1
author::UCmvOgzmmXbjUthHy-WJ52hQ,author::UCpIdtvoFHVLGASGB5ySqIEA,1
author::UCmvOgzmmXbjUthHy-WJ52hQ,author::UCtNfIBnc5S5DbbQj_yxgJTw,1
author::UCmvOgzmmXbjUthHy-WJ52hQ,author::UCpsKOkt5iWTbenzeuq7dsmQ,1
author::UCmvOgzmmXbjUthHy-WJ52hQ,author::UCwW2OFy95P7ZBkOPxWkpvYg,1
author::UCmvOgzmmXbjUthHy-WJ52hQ,author::UCzSfZlOVxBSs5ObD25ywxDQ,1
author::UCmvOgzmmXbjUthHy-WJ52hQ,author::UCwha8rxULYMVtNwZWeSkE1A,1
author::UCmvOgzmmXbjUthHy-WJ52hQ,author::UCvApqeCbLod-wejtT4CcVuA,1
author::UCmvOgzmmXbjUthHy-WJ52hQ,author::UCz3gu01bmjNv0DpRq-K3XYg,1
author::UCmvOgzmmXbjUthHy-WJ52hQ,author::UCySYJU5kUh7X8gVt9la2ISA,1
author::UCmvOgzmmXbjUthHy-WJ52hQ,author::UCujPF2nBgsTD62nWE3lcpIg,1
author::UCmvOgzmmXbjUthHy-WJ52hQ,author::UCylqlpsh8ENNM1LqgQ1KbxA,1
author::UCmvOgzmmXbjUthHy-WJ52hQ,author::UCp4iw5_5SmV9VGTFSNVGOmQ,1
author::UCmvOgzmmXbjUthHy-WJ52hQ,author::UCpl8rF8uv_8uui-QRvuJaRA,1
author::UCmvOgzmmXbjUthHy-WJ52hQ,author::UCsSXdJct-nsS8DsABoEsaYA,1
author::UCmvOgzmmXbjUthHy-WJ52hQ,author::UCtUR3_CAiE7fCoZHM6cMfyQ,1
author::UCnU8wO1OurAmGstDw6VGjgQ,author::UCpsKOkt5iWTbenzeuq7dsmQ,1
author::UCnU8wO1OurAmGstDw6VGjgQ,author::UCvcu1kR8xMYy_I1Ty-2mV2Q,1
author::UCoGdCoJg2Lh0OX_jv6cG16g,author::UCtsxPYw8VUsH_FfnKg-0lmw,1
author::UCoGdCoJg2Lh0OX_jv6cG16g,author::UCql1n3Ey6ULMSOACjMe-fxQ,1
author::UCoGdCoJg2Lh0OX_jv6cG16g,author::UCwxoKK59nGCeBqB2sXfDBIw,1
author::UCoGdCoJg2Lh0OX_jv6cG16g,author::UCp29O_C7cchZV8IxV7Crdag,1
author::UCoGdCoJg2Lh0OX_jv6cG16g,author::UCvDwJBBY1mHK70aTEYl6rsA,1
author::UCoGdCoJg2Lh0OX_jv6cG16g,author::UCtCtts20bW6F9CSohau51Iw,1
author::UCoGdCoJg2Lh0OX_jv6cG16g,author::UCzZ6dDCEsLMXbc5pCFXIprw,1
author::UCoGdCoJg2Lh0OX_jv6cG16g,author::UCyJhqmMbsvjpoarBBStA2kg,1
author::UColMq7LmaoY3MT6aIDGrGvA,author::UCwgCc9Jd_gG-uLE_SY-FfPg,1
author::UColMq7LmaoY3MT6aIDGrGvA,author::UCu8_3-Wg-YzNyvHYQDEscfw,1
author::UColMq7LmaoY3MT6aIDGrGvA,author::UCqCrvuoJpC-aVb0f4logQRQ,1
author::UColMq7LmaoY3MT6aIDGrGvA,author::UCsGoJEvb-cFPZ2rWoJcXzEQ,1
author::UColMq7LmaoY3MT6aIDGrGvA,author::UCuXmOjxC-htcprLgeVXz6Tg,1
author::UColMq7LmaoY3MT6aIDGrGvA,author::UCpsKOkt5iWTbenzeuq7dsmQ,1
author::UColMq7LmaoY3MT6aIDGrGvA,author::UCwjUvRseNtJoItylIyIez7Q,1
author::UColMq7LmaoY3MT6aIDGrGvA,author::UCpe5jW3MIqkgTJ-PgkzvM6Q,1
author::UColMq7LmaoY3MT6aIDGrGvA,author::UCylqlpsh8ENNM1LqgQ1KbxA,1
author::UCozFYHN0e_-vlQbX3wQGOug,author::UCp_dAUfv8i3LW3zWc24dLaQ,1
author::UCozFYHN0e_-vlQbX3wQGOug,author::UCxhtlxPV8AYWaNNyU6S9H8Q,1
author::UCozFYHN0e_-vlQbX3wQGOug,author::UCtiHFjFu7d5v2XxHnKFUYig,1
author::UCozFYHN0e_-vlQbX3wQGOug,author::UCrqXyRsg-_hTosURZ-uvoKg,1
author::UCp29O_C7cchZV8IxV7Crdag,author::UCtsxPYw8VUsH_FfnKg-0lmw,1
author::UCp29O_C7cchZV8IxV7Crdag,author::UCql1n3Ey6ULMSOACjMe-fxQ,1
author::UCp29O_C7cchZV8IxV7Crdag,author::UCwxoKK59nGCeBqB2sXfDBIw,1
author::UCp29O_C7cchZV8IxV7Crdag,author::UCvDwJBBY1mHK70aTEYl6rsA,1
author::UCp29O_C7cchZV8IxV7Crdag,author::UCtCtts20bW6F9CSohau51Iw,1
author::UCp29O_C7cchZV8IxV7Crdag,author::UCzZ6dDCEsLMXbc5pCFXIprw,1
author::UCp29O_C7cchZV8IxV7Crdag,author::UCyJhqmMbsvjpoarBBStA2kg,1
author::UCp4iw5_5SmV9VGTFSNVGOmQ,author::UCwO2SXr0ggzwg6QWWrr01nQ,1
author::UCp4iw5_5SmV9VGTFSNVGOmQ,author::UCueV9cTyTDwgQSec1x2dYgA,1
author::UCp4iw5_5SmV9VGTFSNVGOmQ,author::UCsJJAvrVGupdmhOqgtDp8dg,1
author::UCp4iw5_5SmV9VGTFSNVGOmQ,author::UCzoL2l5H5eVlorWGH8AZfAg,1
author::UCp4iw5_5SmV9VGTFSNVGOmQ,author::UCplrIQtaPj6au60_f2-mOYw,1
author::UCp4iw5_5SmV9VGTFSNVGOmQ,author::UCr1emrogPKkKTs_WTtx71xg,1
author::UCp4iw5_5SmV9VGTFSNVGOmQ,author::UCsjs5Hp_r86x1xbK6FAeqaA,1
author::UCp4iw5_5SmV9VGTFSNVGOmQ,author::UCsUCN0Yq_UyTvKjOJLmNrnQ,1
author::UCp4iw5_5SmV9VGTFSNVGOmQ,author::UCxff05WuyvwELNITi7bj7UA,1
author::UCp4iw5_5SmV9VGTFSNVGOmQ,author::UCrJn_rbo_ENAdeqneS-RmRw,1
author::UCp4iw5_5SmV9VGTFSNVGOmQ,author::UCut6b9S98nv84cVX89PmKzA,1
author::UCp4iw5_5SmV9VGTFSNVGOmQ,author::UCpIdtvoFHVLGASGB5ySqIEA,1
author::UCp4iw5_5SmV9VGTFSNVGOmQ,author::UCtNfIBnc5S5DbbQj_yxgJTw,1
author::UCp4iw5_5SmV9VGTFSNVGOmQ,author::UCpsKOkt5iWTbenzeuq7dsmQ,1
author::UCp4iw5_5SmV9VGTFSNVGOmQ,author::UCwW2OFy95P7ZBkOPxWkpvYg,1
author::UCp4iw5_5SmV9VGTFSNVGOmQ,author::UCzSfZlOVxBSs5ObD25ywxDQ,1
author::UCp4iw5_5SmV9VGTFSNVGOmQ,author::UCwha8rxULYMVtNwZWeSkE1A,1
author::UCp4iw5_5SmV9VGTFSNVGOmQ,author::UCvApqeCbLod-wejtT4CcVuA,1
author::UCp4iw5_5SmV9VGTFSNVGOmQ,author::UCz3gu01bmjNv0DpRq-K3XYg,1
author::UCp4iw5_5SmV9VGTFSNVGOmQ,author::UCySYJU5kUh7X8gVt9la2ISA,1
author::UCp4iw5_5SmV9VGTFSNVGOmQ,author::UCujPF2nBgsTD62nWE3lcpIg,1
author::UCp4iw5_5SmV9VGTFSNVGOmQ,author::UCylqlpsh8ENNM1LqgQ1KbxA,1
author::UCp4iw5_5SmV9VGTFSNVGOmQ,author::UCpl8rF8uv_8uui-QRvuJaRA,1
author::UCp4iw5_5SmV9VGTFSNVGOmQ,author::UCsSXdJct-nsS8DsABoEsaYA,1
author::UCp4iw5_5SmV9VGTFSNVGOmQ,author::UCtUR3_CAiE7fCoZHM6cMfyQ,1
author::UCpIdtvoFHVLGASGB5ySqIEA,author::UCwO2SXr0ggzwg6QWWrr01nQ,1
author::UCpIdtvoFHVLGASGB5ySqIEA,author::UCueV9cTyTDwgQSec1x2dYgA,1
author::UCpIdtvoFHVLGASGB5ySqIEA,author::UCsJJAvrVGupdmhOqgtDp8dg,1
author::UCpIdtvoFHVLGASGB5ySqIEA,author::UCzoL2l5H5eVlorWGH8AZfAg,1
author::UCpIdtvoFHVLGASGB5ySqIEA,author::UCplrIQtaPj6au60_f2-mOYw,1
author::UCpIdtvoFHVLGASGB5ySqIEA,author::UCr1emrogPKkKTs_WTtx71xg,1
author::UCpIdtvoFHVLGASGB5ySqIEA,author::UCsjs5Hp_r86x1xbK6FAeqaA,1
author::UCpIdtvoFHVLGASGB5ySqIEA,author::UCsUCN0Yq_UyTvKjOJLmNrnQ,1
author::UCpIdtvoFHVLGASGB5ySqIEA,author::UCxff05WuyvwELNITi7bj7UA,1
author::UCpIdtvoFHVLGASGB5ySqIEA,author::UCrJn_rbo_ENAdeqneS-RmRw,1
author::UCpIdtvoFHVLGASGB5ySqIEA,author::UCut6b9S98nv84cVX89PmKzA,1
author::UCpIdtvoFHVLGASGB5ySqIEA,author::UCtNfIBnc5S5DbbQj_yxgJTw,1
author::UCpIdtvoFHVLGASGB5ySqIEA,author::UCpsKOkt5iWTbenzeuq7dsmQ,1
author::UCpIdtvoFHVLGASGB5ySqIEA,author::UCwW2OFy95P7ZBkOPxWkpvYg,1
author::UCpIdtvoFHVLGASGB5ySqIEA,author::UCzSfZlOVxBSs5ObD25ywxDQ,1
author::UCpIdtvoFHVLGASGB5ySqIEA,author::UCwha8rxULYMVtNwZWeSkE1A,1
author::UCpIdtvoFHVLGASGB5ySqIEA,author::UCvApqeCbLod-wejtT4CcVuA,1
author::UCpIdtvoFHVLGASGB5ySqIEA,author::UCz3gu01bmjNv0DpRq-K3XYg,1
author::UCpIdtvoFHVLGASGB5ySqIEA,author::UCySYJU5kUh7X8gVt9la2ISA,1
author::UCpIdtvoFHVLGASGB5ySqIEA,author::UCujPF2nBgsTD62nWE3lcpIg,1
author::UCpIdtvoFHVLGASGB5ySqIEA,author::UCylqlpsh8ENNM1LqgQ1KbxA,1
author::UCpIdtvoFHVLGASGB5ySqIEA,author::UCpl8rF8uv_8uui-QRvuJaRA,1
author::UCpIdtvoFHVLGASGB5ySqIEA,author::UCsSXdJct-nsS8DsABoEsaYA,1
author::UCpIdtvoFHVLGASGB5ySqIEA,author::UCtUR3_CAiE7fCoZHM6cMfyQ,1
author::UCp_dAUfv8i3LW3zWc24dLaQ,author::UCxhtlxPV8AYWaNNyU6S9H8Q,1
author::UCp_dAUfv8i3LW3zWc24dLaQ,author::UCtiHFjFu7d5v2XxHnKFUYig,1
author::UCp_dAUfv8i3LW3zWc24dLaQ,author::UCrqXyRsg-_hTosURZ-uvoKg,1
author::UCpe5jW3MIqkgTJ-PgkzvM6Q,author::UCwgCc9Jd_gG-uLE_SY-FfPg,1
author::UCpe5jW3MIqkgTJ-PgkzvM6Q,author::UCu8_3-Wg-YzNyvHYQDEscfw,1
author::UCpe5jW3MIqkgTJ-PgkzvM6Q,author::UCqCrvuoJpC-aVb0f4logQRQ,1
author::UCpe5jW3MIqkgTJ-PgkzvM6Q,author::UCsGoJEvb-cFPZ2rWoJcXzEQ,1
author::UCpe5jW3MIqkgTJ-PgkzvM6Q,author::UCuXmOjxC-htcprLgeVXz6Tg,1
author::UCpe5jW3MIqkgTJ-PgkzvM6Q,author::UCpsKOkt5iWTbenzeuq7dsmQ,1
author::UCpe5jW3MIqkgTJ-PgkzvM6Q,author::UCwjUvRseNtJoItylIyIez7Q,1
author::UCpe5jW3MIqkgTJ-PgkzvM6Q,author::UCylqlpsh8ENNM1LqgQ1KbxA,1
author::UCpl8rF8uv_8uui-QRvuJaRA,author::UCwO2SXr0ggzwg6QWWrr01nQ,1
author::UCpl8rF8uv_8uui-QRvuJaRA,author::UCueV9cTyTDwgQSec1x2dYgA,1
author::UCpl8rF8uv_8uui-QRvuJaRA,author::UCsJJAvrVGupdmhOqgtDp8dg,1
author::UCpl8rF8uv_8uui-QRvuJaRA,author::UCzoL2l5H5eVlorWGH8AZfAg,1
author::UCpl8rF8uv_8uui-QRvuJaRA,author::UCplrIQtaPj6au60_f2-mOYw,1
author::UCpl8rF8uv_8uui-QRvuJaRA,author::UCr1emrogPKkKTs_WTtx71xg,1
author::UCpl8rF8uv_8uui-QRvuJaRA,author::UCsjs5Hp_r86x1xbK6FAeqaA,1
author::UCpl8rF8uv_8uui-QRvuJaRA,author::UCsUCN0Yq_UyTvKjOJLmNrnQ,1
author::UCpl8rF8uv_8uui-QRvuJaRA,author::UCxff05WuyvwELNITi7bj7UA,1
author::UCpl8rF8uv_8uui-QRvuJaRA,author::UCrJn_rbo_ENAdeqneS-RmRw,1
author::UCpl8rF8uv_8uui-QRvuJaRA,author::UCut6b9S98nv84cVX89PmKzA,1
author::UCpl8rF8uv_8uui-QRvuJaRA,author::UCtNfIBnc5S5DbbQj_yxgJTw,1
author::UCpl8rF8uv_8uui-QRvuJaRA,author::UCpsKOkt5iWTbenzeuq7dsmQ,1
author::UCpl8rF8uv_8uui-QRvuJaRA,author::UCwW2OFy95P7ZBkOPxWkpvYg,1
author::UCpl8rF8uv_8uui-QRvuJaRA,author::UCzSfZlOVxBSs5ObD25ywxDQ,1
author::UCpl8rF8uv_8uui-QRvuJaRA,author::UCwha8rxULYMVtNwZWeSkE1A,1
author::UCpl8rF8uv_8uui-QRvuJaRA,author::UCvApqeCbLod-wejtT4CcVuA,1
author::UCpl8rF8uv_8uui-QRvuJaRA,author::UCz3gu01bmjNv0DpRq-K3XYg,1
author::UCpl8rF8uv_8uui-QRvuJaRA,author::UCySYJU5kUh7X8gVt9la2ISA,1
author::UCpl8rF8uv_8uui-QRvuJaRA,author::UCujPF2nBgsTD62nWE3lcpIg,1
author::UCpl8rF8uv_8uui-QRvuJaRA,author::UCylqlpsh8ENNM1LqgQ1KbxA,1
author::UCpl8rF8uv_8uui-QRvuJaRA,author::UCsSXdJct-nsS8DsABoEsaYA,1
author::UCpl8rF8uv_8uui-QRvuJaRA,author::UCtUR3_CAiE7fCoZHM6cMfyQ,1
author::UCplrIQtaPj6au60_f2-mOYw,author::UCwO2SXr0ggzwg6QWWrr01nQ,1
author::UCplrIQtaPj6au60_f2-mOYw,author::UCueV9cTyTDwgQSec1x2dYgA,1
author::UCplrIQtaPj6au60_f2-mOYw,author::UCsJJAvrVGupdmhOqgtDp8dg,1
author::UCplrIQtaPj6au60_f2-mOYw,author::UCzoL2l5H5eVlorWGH8AZfAg,1
author::UCplrIQtaPj6au60_f2-mOYw,author::UCr1emrogPKkKTs_WTtx71xg,1
author::UCplrIQtaPj6au60_f2-mOYw,author::UCsjs5Hp_r86x1xbK6FAeqaA,1
author::UCplrIQtaPj6au60_f2-mOYw,author::UCsUCN0Yq_UyTvKjOJLmNrnQ,1
author::UCplrIQtaPj6au60_f2-mOYw,author::UCxff05WuyvwELNITi7bj7UA,1
author::UCplrIQtaPj6au60_f2-mOYw,author::UCrJn_rbo_ENAdeqneS-RmRw,1
author::UCplrIQtaPj6au60_f2-mOYw,author::UCut6b9S98nv84cVX89PmKzA,1
author::UCplrIQtaPj6au60_f2-mOYw,author::UCtNfIBnc5S5DbbQj_yxgJTw,1
author::UCplrIQtaPj6au60_f2-mOYw,author::UCpsKOkt5iWTbenzeuq7dsmQ,1
author::UCplrIQtaPj6au60_f2-mOYw,author::UCwW2OFy95P7ZBkOPxWkpvYg,1
author::UCplrIQtaPj6au60_f2-mOYw,author::UCzSfZlOVxBSs5ObD25ywxDQ,1
author::UCplrIQtaPj6au60_f2-mOYw,author::UCwha8rxULYMVtNwZWeSkE1A,1
author::UCplrIQtaPj6au60_f2-mOYw,author::UCvApqeCbLod-wejtT4CcVuA,1
author::UCplrIQtaPj6au60_f2-mOYw,author::UCz3gu01bmjNv0DpRq-K3XYg,1
author::UCplrIQtaPj6au60_f2-mOYw,author::UCySYJU5kUh7X8gVt9la2ISA,1
author::UCplrIQtaPj6au60_f2-mOYw,author::UCujPF2nBgsTD62nWE3lcpIg,1
author::UCplrIQtaPj6au60_f2-mOYw,author::UCylqlpsh8ENNM1LqgQ1KbxA,1
author::UCplrIQtaPj6au60_f2-mOYw,author::UCsSXdJct-nsS8DsABoEsaYA,1
author::UCplrIQtaPj6au60_f2-mOYw,author::UCtUR3_CAiE7fCoZHM6cMfyQ,1
author::UCpsKOkt5iWTbenzeuq7dsmQ,author::UCwO2SXr0ggzwg6QWWrr01nQ,1
author::UCpsKOkt5iWTbenzeuq7dsmQ,author::UCueV9cTyTDwgQSec1x2dYgA,1
author::UCpsKOkt5iWTbenzeuq7dsmQ,author::UCsJJAvrVGupdmhOqgtDp8dg,1
author::UCpsKOkt5iWTbenzeuq7dsmQ,author::UCwjUvRseNtJoItylIyIez7Q,1
author::UCpsKOkt5iWTbenzeuq7dsmQ,author::UCzoL2l5H5eVlorWGH8AZfAg,1
author::UCpsKOkt5iWTbenzeuq7dsmQ,author::UCu8_3-Wg-YzNyvHYQDEscfw,1
author::UCpsKOkt5iWTbenzeuq7dsmQ,author::UCr1emrogPKkKTs_WTtx71xg,1
author::UCpsKOkt5iWTbenzeuq7dsmQ,author::UCuXmOjxC-htcprLgeVXz6Tg,1
author::UCpsKOkt5iWTbenzeuq7dsmQ,author::UCsUCN0Yq_UyTvKjOJLmNrnQ,1
author::UCpsKOkt5iWTbenzeuq7dsmQ,author::UCsjs5Hp_r86x1xbK6FAeqaA,1
author::UCpsKOkt5iWTbenzeuq7dsmQ,author::UCxff05WuyvwELNITi7bj7UA,1
author::UCpsKOkt5iWTbenzeuq7dsmQ,author::UCrJn_rbo_ENAdeqneS-RmRw,1
author::UCpsKOkt5iWTbenzeuq7dsmQ,author::UCut6b9S98nv84cVX89PmKzA,1
author::UCpsKOkt5iWTbenzeuq7dsmQ,author::UCwgCc9Jd_gG-uLE_SY-FfPg,1
author::UCpsKOkt5iWTbenzeuq7dsmQ,author::UCtNfIBnc5S5DbbQj_yxgJTw,1
author::UCpsKOkt5iWTbenzeuq7dsmQ,author::UCqCrvuoJpC-aVb0f4logQRQ,1
author::UCpsKOkt5iWTbenzeuq7dsmQ,author::UCsGoJEvb-cFPZ2rWoJcXzEQ,1
author::UCpsKOkt5iWTbenzeuq7dsmQ,author::UCwW2OFy95P7ZBkOPxWkpvYg,1
author::UCpsKOkt5iWTbenzeuq7dsmQ,author::UCzSfZlOVxBSs5ObD25ywxDQ,1
author::UCpsKOkt5iWTbenzeuq7dsmQ,author::UCwha8rxULYMVtNwZWeSkE1A,1
author::UCpsKOkt5iWTbenzeuq7dsmQ,author::UCvApqeCbLod-wejtT4CcVuA,1
author::UCpsKOkt5iWTbenzeuq7dsmQ,author::UCz3gu01bmjNv0DpRq-K3XYg,1
author::UCpsKOkt5iWTbenzeuq7dsmQ,author::UCySYJU5kUh7X8gVt9la2ISA,1
author::UCpsKOkt5iWTbenzeuq7dsmQ,author::UCujPF2nBgsTD62nWE3lcpIg,1
author::UCpsKOkt5iWTbenzeuq7dsmQ,author::UCvcu1kR8xMYy_I1Ty-2mV2Q,1
author::UCpsKOkt5iWTbenzeuq7dsmQ,author::UCylqlpsh8ENNM1LqgQ1KbxA,2
author::UCpsKOkt5iWTbenzeuq7dsmQ,author::UCsSXdJct-nsS8DsABoEsaYA,1
author::UCpsKOkt5iWTbenzeuq7dsmQ,author::UCtUR3_CAiE7fCoZHM6cMfyQ,1
author::UCq3mDTTRZnUybct5M9OSXbg,author::UCwCfs-2zbD5k0lG-UVg_JBw,1
author::UCq3mDTTRZnUybct5M9OSXbg,author::UCvl1tzQeBeGy6efPTRJXSCw,1
author::UCqCrvuoJpC-aVb0f4logQRQ,author::UCwgCc9Jd_gG-uLE_SY-FfPg,1
author::UCqCrvuoJpC-aVb0f4logQRQ,author::UCu8_3-Wg-YzNyvHYQDEscfw,1
author::UCqCrvuoJpC-aVb0f4logQRQ,author::UCsGoJEvb-cFPZ2rWoJcXzEQ,1
author::UCqCrvuoJpC-aVb0f4logQRQ,author::UCuXmOjxC-htcprLgeVXz6Tg,1
author::UCqCrvuoJpC-aVb0f4logQRQ,author::UCwjUvRseNtJoItylIyIez7Q,1
author::UCqCrvuoJpC-aVb0f4logQRQ,author::UCylqlpsh8ENNM1LqgQ1KbxA,1
author::UCqilIa8r7iek5sGYg_q6ofA,author::UCxKR3RA8T-kxMgq_2WWhRcQ,1
author::UCqilIa8r7iek5sGYg_q6ofA,author::UCtMBF_1O2jY2INlb_luuB_A,1
author::UCqilIa8r7iek5sGYg_q6ofA,author::UCyzf29IYjNw67gGIfsjgtxA,1
author::UCqilIa8r7iek5sGYg_q6ofA,author::UCs_5qeqdku9tGAq22y3OcuQ,1
author::UCqilIa8r7iek5sGYg_q6ofA,author::UCwUAv3_LpWVtTIi7lkmTL7A,1
author::UCql1n3Ey6ULMSOACjMe-fxQ,author::UCtsxPYw8VUsH_FfnKg-0lmw,1
author::UCql1n3Ey6ULMSOACjMe-fxQ,author::UCwxoKK59nGCeBqB2sXfDBIw,1
author::UCql1n3Ey6ULMSOACjMe-fxQ,author::UCvDwJBBY1mHK70aTEYl6rsA,1
author::UCql1n3Ey6ULMSOACjMe-fxQ,author::UCtCtts20bW6F9CSohau51Iw,1
author::UCql1n3Ey6ULMSOACjMe-fxQ,author::UCzZ6dDCEsLMXbc5pCFXIprw,1
author::UCql1n3Ey6ULMSOACjMe-fxQ,author::UCyJhqmMbsvjpoarBBStA2kg,1
author::UCr1emrogPKkKTs_WTtx71xg,author::UCwO2SXr0ggzwg6QWWrr01nQ,1
author::UCr1emrogPKkKTs_WTtx71xg,author::UCueV9cTyTDwgQSec1x2dYgA,1
author::UCr1emrogPKkKTs_WTtx71xg,author::UCsJJAvrVGupdmhOqgtDp8dg,1
author::UCr1emrogPKkKTs_WTtx71xg,author::UCzoL2l5H5eVlorWGH8AZfAg,1
author::UCr1emrogPKkKTs_WTtx71xg,author::UCsjs5Hp_r86x1xbK6FAeqaA,1
author::UCr1emrogPKkKTs_WTtx71xg,author::UCsUCN0Yq_UyTvKjOJLmNrnQ,1
author::UCr1emrogPKkKTs_WTtx71xg,author::UCxff05WuyvwELNITi7bj7UA,1
author::UCr1emrogPKkKTs_WTtx71xg,author::UCrJn_rbo_ENAdeqneS-RmRw,1
author::UCr1emrogPKkKTs_WTtx71xg,author::UCut6b9S98nv84cVX89PmKzA,1
author::UCr1emrogPKkKTs_WTtx71xg,author::UCtNfIBnc5S5DbbQj_yxgJTw,1
author::UCr1emrogPKkKTs_WTtx71xg,author::UCwW2OFy95P7ZBkOPxWkpvYg,1
author::UCr1emrogPKkKTs_WTtx71xg,author::UCzSfZlOVxBSs5ObD25ywxDQ,1
author::UCr1emrogPKkKTs_WTtx71xg,author::UCwha8rxULYMVtNwZWeSkE1A,1
author::UCr1emrogPKkKTs_WTtx71xg,author::UCvApqeCbLod-wejtT4CcVuA,1
author::UCr1emrogPKkKTs_WTtx71xg,author::UCz3gu01bmjNv0DpRq-K3XYg,1
author::UCr1emrogPKkKTs_WTtx71xg,author::UCySYJU5kUh7X8gVt9la2ISA,1
author::UCr1emrogPKkKTs_WTtx71xg,author::UCujPF2nBgsTD62nWE3lcpIg,1
author::UCr1emrogPKkKTs_WTtx71xg,author::UCylqlpsh8ENNM1LqgQ1KbxA,1
author::UCr1emrogPKkKTs_WTtx71xg,author::UCsSXdJct-nsS8DsABoEsaYA,1
author::UCr1emrogPKkKTs_WTtx71xg,author::UCtUR3_CAiE7fCoZHM6cMfyQ,1
author::UCrJn_rbo_ENAdeqneS-RmRw,author::UCwO2SXr0ggzwg6QWWrr01nQ,1
author::UCrJn_rbo_ENAdeqneS-RmRw,author::UCueV9cTyTDwgQSec1x2dYgA,1
author::UCrJn_rbo_ENAdeqneS-RmRw,author::UCsJJAvrVGupdmhOqgtDp8dg,1
author::UCrJn_rbo_ENAdeqneS-RmRw,author::UCzoL2l5H5eVlorWGH8AZfAg,1
author::UCrJn_rbo_ENAdeqneS-RmRw,author::UCsjs5Hp_r86x1xbK6FAeqaA,1
author::UCrJn_rbo_ENAdeqneS-RmRw,author::UCsUCN0Yq_UyTvKjOJLmNrnQ,1
author::UCrJn_rbo_ENAdeqneS-RmRw,author::UCxff05WuyvwELNITi7bj7UA,1
author::UCrJn_rbo_ENAdeqneS-RmRw,author::UCut6b9S98nv84cVX89PmKzA,1
author::UCrJn_rbo_ENAdeqneS-RmRw,author::UCtNfIBnc5S5DbbQj_yxgJTw,1
author::UCrJn_rbo_ENAdeqneS-RmRw,author::UCwW2OFy95P7ZBkOPxWkpvYg,1
author::UCrJn_rbo_ENAdeqneS-RmRw,author::UCzSfZlOVxBSs5ObD25ywxDQ,1
author::UCrJn_rbo_ENAdeqneS-RmRw,author::UCwha8rxULYMVtNwZWeSkE1A,1
author::UCrJn_rbo_ENAdeqneS-RmRw,author::UCvApqeCbLod-wejtT4CcVuA,1
author::UCrJn_rbo_ENAdeqneS-RmRw,author::UCz3gu01bmjNv0DpRq-K3XYg,1
author::UCrJn_rbo_ENAdeqneS-RmRw,author::UCySYJU5kUh7X8gVt9la2ISA,1
author::UCrJn_rbo_ENAdeqneS-RmRw,author::UCujPF2nBgsTD62nWE3lcpIg,1
author::UCrJn_rbo_ENAdeqneS-RmRw,author::UCylqlpsh8ENNM1LqgQ1KbxA,1
author::UCrJn_rbo_ENAdeqneS-RmRw,author::UCsSXdJct-nsS8DsABoEsaYA,1
author::UCrJn_rbo_ENAdeqneS-RmRw,author::UCtUR3_CAiE7fCoZHM6cMfyQ,1
author::UCrqXyRsg-_hTosURZ-uvoKg,author::UCxhtlxPV8AYWaNNyU6S9H8Q,1
author::UCrqXyRsg-_hTosURZ-uvoKg,author::UCtiHFjFu7d5v2XxHnKFUYig,1
author::UCsGoJEvb-cFPZ2rWoJcXzEQ,author::UCwgCc9Jd_gG-uLE_SY-FfPg,1
author::UCsGoJEvb-cFPZ2rWoJcXzEQ,author::UCu8_3-Wg-YzNyvHYQDEscfw,1
author::UCsGoJEvb-cFPZ2rWoJcXzEQ,author::UCuXmOjxC-htcprLgeVXz6Tg,1
author::UCsGoJEvb-cFPZ2rWoJcXzEQ,author::UCwjUvRseNtJoItylIyIez7Q,1
author::UCsGoJEvb-cFPZ2rWoJcXzEQ,author::UCylqlpsh8ENNM1LqgQ1KbxA,1
author::UCsJJAvrVGupdmhOqgtDp8dg,author::UCwO2SXr0ggzwg6QWWrr01nQ,1
author::UCsJJAvrVGupdmhOqgtDp8dg,author::UCueV9cTyTDwgQSec1x2dYgA,1
author::UCsJJAvrVGupdmhOqgtDp8dg,author::UCzoL2l5H5eVlorWGH8AZfAg,1
author::UCsJJAvrVGupdmhOqgtDp8dg,author::UCsjs5Hp_r86x1xbK6FAeqaA,1
author::UCsJJAvrVGupdmhOqgtDp8dg,author::UCsUCN0Yq_UyTvKjOJLmNrnQ,1
author::UCsJJAvrVGupdmhOqgtDp8dg,author::UCxff05WuyvwELNITi7bj7UA,1
author::UCsJJAvrVGupdmhOqgtDp8dg,author::UCut6b9S98nv84cVX89PmKzA,1
author::UCsJJAvrVGupdmhOqgtDp8dg,author::UCtNfIBnc5S5DbbQj_yxgJTw,1
author::UCsJJAvrVGupdmhOqgtDp8dg,author::UCwW2OFy95P7ZBkOPxWkpvYg,1
author::UCsJJAvrVGupdmhOqgtDp8dg,author::UCzSfZlOVxBSs5ObD25ywxDQ,1
author::UCsJJAvrVGupdmhOqgtDp8dg,author::UCwha8rxULYMVtNwZWeSkE1A,1
author::UCsJJAvrVGupdmhOqgtDp8dg,author::UCvApqeCbLod-wejtT4CcVuA,1
author::UCsJJAvrVGupdmhOqgtDp8dg,author::UCz3gu01bmjNv0DpRq-K3XYg,1
author::UCsJJAvrVGupdmhOqgtDp8dg,author::UCySYJU5kUh7X8gVt9la2ISA,1
author::UCsJJAvrVGupdmhOqgtDp8dg,author::UCujPF2nBgsTD62nWE3lcpIg,1
author::UCsJJAvrVGupdmhOqgtDp8dg,author::UCylqlpsh8ENNM1LqgQ1KbxA,1
author::UCsJJAvrVGupdmhOqgtDp8dg,author::UCsSXdJct-nsS8DsABoEsaYA,1
author::UCsJJAvrVGupdmhOqgtDp8dg,author::UCtUR3_CAiE7fCoZHM6cMfyQ,1
author::UCsSXdJct-nsS8DsABoEsaYA,author::UCwO2SXr0ggzwg6QWWrr01nQ,1
author::UCsSXdJct-nsS8DsABoEsaYA,author::UCueV9cTyTDwgQSec1x2dYgA,1
author::UCsSXdJct-nsS8DsABoEsaYA,author::UCzoL2l5H5eVlorWGH8AZfAg,1
author::UCsSXdJct-nsS8DsABoEsaYA,author::UCsjs5Hp_r86x1xbK6FAeqaA,1
author::UCsSXdJct-nsS8DsABoEsaYA,author::UCsUCN0Yq_UyTvKjOJLmNrnQ,1
author::UCsSXdJct-nsS8DsABoEsaYA,author::UCxff05WuyvwELNITi7bj7UA,1
author::UCsSXdJct-nsS8DsABoEsaYA,author::UCut6b9S98nv84cVX89PmKzA,1
author::UCsSXdJct-nsS8DsABoEsaYA,author::UCtNfIBnc5S5DbbQj_yxgJTw,1
author::UCsSXdJct-nsS8DsABoEsaYA,author::UCwW2OFy95P7ZBkOPxWkpvYg,1
author::UCsSXdJct-nsS8DsABoEsaYA,author::UCzSfZlOVxBSs5ObD25ywxDQ,1
author::UCsSXdJct-nsS8DsABoEsaYA,author::UCwha8rxULYMVtNwZWeSkE1A,1
author::UCsSXdJct-nsS8DsABoEsaYA,author::UCvApqeCbLod-wejtT4CcVuA,1
author::UCsSXdJct-nsS8DsABoEsaYA,author::UCz3gu01bmjNv0DpRq-K3XYg,1
author::UCsSXdJct-nsS8DsABoEsaYA,author::UCySYJU5kUh7X8gVt9la2ISA,1
author::UCsSXdJct-nsS8DsABoEsaYA,author::UCujPF2nBgsTD62nWE3lcpIg,1
author::UCsSXdJct-nsS8DsABoEsaYA,author::UCylqlpsh8ENNM1LqgQ1KbxA,1
author::UCsSXdJct-nsS8DsABoEsaYA,author::UCtUR3_CAiE7fCoZHM6cMfyQ,1
author::UCsUCN0Yq_UyTvKjOJLmNrnQ,author::UCwO2SXr0ggzwg6QWWrr01nQ,1
author::UCsUCN0Yq_UyTvKjOJLmNrnQ,author::UCueV9cTyTDwgQSec1x2dYgA,1
author::UCsUCN0Yq_UyTvKjOJLmNrnQ,author::UCzoL2l5H5eVlorWGH8AZfAg,1
author::UCsUCN0Yq_UyTvKjOJLmNrnQ,author::UCsjs5Hp_r86x1xbK6FAeqaA,1
author::UCsUCN0Yq_UyTvKjOJLmNrnQ,author::UCxff05WuyvwELNITi7bj7UA,1
author::UCsUCN0Yq_UyTvKjOJLmNrnQ,author::UCut6b9S98nv84cVX89PmKzA,1
author::UCsUCN0Yq_UyTvKjOJLmNrnQ,author::UCtNfIBnc5S5DbbQj_yxgJTw,1
author::UCsUCN0Yq_UyTvKjOJLmNrnQ,author::UCwW2OFy95P7ZBkOPxWkpvYg,1
author::UCsUCN0Yq_UyTvKjOJLmNrnQ,author::UCzSfZlOVxBSs5ObD25ywxDQ,1
author::UCsUCN0Yq_UyTvKjOJLmNrnQ,author::UCwha8rxULYMVtNwZWeSkE1A,1
author::UCsUCN0Yq_UyTvKjOJLmNrnQ,author::UCvApqeCbLod-wejtT4CcVuA,1
author::UCsUCN0Yq_UyTvKjOJLmNrnQ,author::UCz3gu01bmjNv0DpRq-K3XYg,1
author::UCsUCN0Yq_UyTvKjOJLmNrnQ,author::UCySYJU5kUh7X8gVt9la2ISA,1
author::UCsUCN0Yq_UyTvKjOJLmNrnQ,author::UCujPF2nBgsTD62nWE3lcpIg,1
author::UCsUCN0Yq_UyTvKjOJLmNrnQ,author::UCylqlpsh8ENNM1LqgQ1KbxA,1
author::UCsUCN0Yq_UyTvKjOJLmNrnQ,author::UCtUR3_CAiE7fCoZHM6cMfyQ,1
author::UCs_5qeqdku9tGAq22y3OcuQ,author::UCxKR3RA8T-kxMgq_2WWhRcQ,1
author::UCs_5qeqdku9tGAq22y3OcuQ,author::UCtMBF_1O2jY2INlb_luuB_A,1
author::UCs_5qeqdku9tGAq22y3OcuQ,author::UCyzf29IYjNw67gGIfsjgtxA,1
author::UCs_5qeqdku9tGAq22y3OcuQ,author::UCwUAv3_LpWVtTIi7lkmTL7A,1
author::UCsjs5Hp_r86x1xbK6FAeqaA,author::UCwO2SXr0ggzwg6QWWrr01nQ,1
author::UCsjs5Hp_r86x1xbK6FAeqaA,author::UCueV9cTyTDwgQSec1x2dYgA,1
author::UCsjs5Hp_r86x1xbK6FAeqaA,author::UCzoL2l5H5eVlorWGH8AZfAg,1
author::UCsjs5Hp_r86x1xbK6FAeqaA,author::UCxff05WuyvwELNITi7bj7UA,1
author::UCsjs5Hp_r86x1xbK6FAeqaA,author::UCut6b9S98nv84cVX89PmKzA,1
author::UCsjs5Hp_r86x1xbK6FAeqaA,author::UCtNfIBnc5S5DbbQj_yxgJTw,1
author::UCsjs5Hp_r86x1xbK6FAeqaA,author::UCwW2OFy95P7ZBkOPxWkpvYg,1
author::UCsjs5Hp_r86x1xbK6FAeqaA,author::UCzSfZlOVxBSs5ObD25ywxDQ,1
author::UCsjs5Hp_r86x1xbK6FAeqaA,author::UCwha8rxULYMVtNwZWeSkE1A,1
author::UCsjs5Hp_r86x1xbK6FAeqaA,author::UCvApqeCbLod-wejtT4CcVuA,1
author::UCsjs5Hp_r86x1xbK6FAeqaA,author::UCz3gu01bmjNv0DpRq-K3XYg,1
author::UCsjs5Hp_r86x1xbK6FAeqaA,author::UCySYJU5kUh7X8gVt9la2ISA,1
author::UCsjs5Hp_r86x1xbK6FAeqaA,author::UCujPF2nBgsTD62nWE3lcpIg,1
author::UCsjs5Hp_r86x1xbK6FAeqaA,author::UCylqlpsh8ENNM1LqgQ1KbxA,1
author::UCsjs5Hp_r86x1xbK6FAeqaA,author::UCtUR3_CAiE7fCoZHM6cMfyQ,1
author::UCtCtts20bW6F9CSohau51Iw,author::UCtsxPYw8VUsH_FfnKg-0lmw,1
author::UCtCtts20bW6F9CSohau51Iw,author::UCwxoKK59nGCeBqB2sXfDBIw,1
author::UCtCtts20bW6F9CSohau51Iw,author::UCvDwJBBY1mHK70aTEYl6rsA,1
author::UCtCtts20bW6F9CSohau51Iw,author::UCzZ6dDCEsLMXbc5pCFXIprw,1
author::UCtCtts20bW6F9CSohau51Iw,author::UCyJhqmMbsvjpoarBBStA2kg,1
author::UCtMBF_1O2jY2INlb_luuB_A,author::UCxKR3RA8T-kxMgq_2WWhRcQ,1
author::UCtMBF_1O2jY2INlb_luuB_A,author::UCyzf29IYjNw67gGIfsjgtxA,1
author::UCtMBF_1O2jY2INlb_luuB_A,author::UCwUAv3_LpWVtTIi7lkmTL7A,1
author::UCtNfIBnc5S5DbbQj_yxgJTw,author::UCwO2SXr0ggzwg6QWWrr01nQ,1
author::UCtNfIBnc5S5DbbQj_yxgJTw,author::UCueV9cTyTDwgQSec1x2dYgA,1
author::UCtNfIBnc5S5DbbQj_yxgJTw,author::UCzoL2l5H5eVlorWGH8AZfAg,1
author::UCtNfIBnc5S5DbbQj_yxgJTw,author::UCxff05WuyvwELNITi7bj7UA,1
author::UCtNfIBnc5S5DbbQj_yxgJTw,author::UCut6b9S98nv84cVX89PmKzA,1
author::UCtNfIBnc5S5DbbQj_yxgJTw,author::UCwW2OFy95P7ZBkOPxWkpvYg,1
author::UCtNfIBnc5S5DbbQj_yxgJTw,author::UCzSfZlOVxBSs5ObD25ywxDQ,1
author::UCtNfIBnc5S5DbbQj_yxgJTw,author::UCwha8rxULYMVtNwZWeSkE1A,1
author::UCtNfIBnc5S5DbbQj_yxgJTw,author::UCvApqeCbLod-wejtT4CcVuA,1
author::UCtNfIBnc5S5DbbQj_yxgJTw,author::UCz3gu01bmjNv0DpRq-K3XYg,1
author::UCtNfIBnc5S5DbbQj_yxgJTw,author::UCySYJU5kUh7X8gVt9la2ISA,1
author::UCtNfIBnc5S5DbbQj_yxgJTw,author::UCujPF2nBgsTD62nWE3lcpIg,1
author::UCtNfIBnc5S5DbbQj_yxgJTw,author::UCylqlpsh8ENNM1LqgQ1KbxA,1
author::UCtNfIBnc5S5DbbQj_yxgJTw,author::UCtUR3_CAiE7fCoZHM6cMfyQ,1
author::UCtNyHmRZtvGF2hSvI2dUBWw,author::UCusjriFsDHEc2AOjqk-p5ig,1
author::UCtNyHmRZtvGF2hSvI2dUBWw,author::UCzZ6dDCEsLMXbc5pCFXIprw,1
author::UCtNyHmRZtvGF2hSvI2dUBWw,author::UCuP4UK33HKtJE_S39ksmaTw,1
author::UCtUR3_CAiE7fCoZHM6cMfyQ,author::UCwO2SXr0ggzwg6QWWrr01nQ,1
author::UCtUR3_CAiE7fCoZHM6cMfyQ,author::UCueV9cTyTDwgQSec1x2dYgA,1
author::UCtUR3_CAiE7fCoZHM6cMfyQ,author::UCzoL2l5H5eVlorWGH8AZfAg,1
author::UCtUR3_CAiE7fCoZHM6cMfyQ,author::UCxff05WuyvwELNITi7bj7UA,1
author::UCtUR3_CAiE7fCoZHM6cMfyQ,author::UCut6b9S98nv84cVX89PmKzA,1
author::UCtUR3_CAiE7fCoZHM6cMfyQ,author::UCwW2OFy95P7ZBkOPxWkpvYg,1
author::UCtUR3_CAiE7fCoZHM6cMfyQ,author::UCzSfZlOVxBSs5ObD25ywxDQ,1
author::UCtUR3_CAiE7fCoZHM6cMfyQ,author::UCwha8rxULYMVtNwZWeSkE1A,1
author::UCtUR3_CAiE7fCoZHM6cMfyQ,author::UCvApqeCbLod-wejtT4CcVuA,1
author::UCtUR3_CAiE7fCoZHM6cMfyQ,author::UCz3gu01bmjNv0DpRq-K3XYg,1
author::UCtUR3_CAiE7fCoZHM6cMfyQ,author::UCySYJU5kUh7X8gVt9la2ISA,1
author::UCtUR3_CAiE7fCoZHM6cMfyQ,author::UCujPF2nBgsTD62nWE3lcpIg,1
author::UCtUR3_CAiE7fCoZHM6cMfyQ,author::UCylqlpsh8ENNM1LqgQ1KbxA,1
author::UCtiHFjFu7d5v2XxHnKFUYig,author::UCxhtlxPV8AYWaNNyU6S9H8Q,1
author::UCtsxPYw8VUsH_FfnKg-0lmw,author::UCwxoKK59nGCeBqB2sXfDBIw,1
author::UCtsxPYw8VUsH_FfnKg-0lmw,author::UCvDwJBBY1mHK70aTEYl6rsA,1
author::UCtsxPYw8VUsH_FfnKg-0lmw,author::UCzZ6dDCEsLMXbc5pCFXIprw,1
author::UCtsxPYw8VUsH_FfnKg-0lmw,author::UCyJhqmMbsvjpoarBBStA2kg,1
author::UCu8_3-Wg-YzNyvHYQDEscfw,author::UCwgCc9Jd_gG-uLE_SY-FfPg,1
author::UCu8_3-Wg-YzNyvHYQDEscfw,author::UCuXmOjxC-htcprLgeVXz6Tg,1
author::UCu8_3-Wg-YzNyvHYQDEscfw,author::UCwjUvRseNtJoItylIyIez7Q,1
author::UCu8_3-Wg-YzNyvHYQDEscfw,author::UCylqlpsh8ENNM1LqgQ1KbxA,1
author::UCuP4UK33HKtJE_S39ksmaTw,author::UCusjriFsDHEc2AOjqk-p5ig,1
author::UCuP4UK33HKtJE_S39ksmaTw,author::UCzZ6dDCEsLMXbc5pCFXIprw,1
author::UCuXmOjxC-htcprLgeVXz6Tg,author::UCwgCc9Jd_gG-uLE_SY-FfPg,1
author::UCuXmOjxC-htcprLgeVXz6Tg,author::UCwjUvRseNtJoItylIyIez7Q,1
author::UCuXmOjxC-htcprLgeVXz6Tg,author::UCylqlpsh8ENNM1LqgQ1KbxA,1
author::UCueV9cTyTDwgQSec1x2dYgA,author::UCwO2SXr0ggzwg6QWWrr01nQ,1
author::UCueV9cTyTDwgQSec1x2dYgA,author::UCzoL2l5H5eVlorWGH8AZfAg,1
author::UCueV9cTyTDwgQSec1x2dYgA,author::UCxff05WuyvwELNITi7bj7UA,1
author::UCueV9cTyTDwgQSec1x2dYgA,author::UCut6b9S98nv84cVX89PmKzA,1
author::UCueV9cTyTDwgQSec1x2dYgA,author::UCwW2OFy95P7ZBkOPxWkpvYg,1
author::UCueV9cTyTDwgQSec1x2dYgA,author::UCzSfZlOVxBSs5ObD25ywxDQ,1
author::UCueV9cTyTDwgQSec1x2dYgA,author::UCwha8rxULYMVtNwZWeSkE1A,1
author::UCueV9cTyTDwgQSec1x2dYgA,author::UCvApqeCbLod-wejtT4CcVuA,1
author::UCueV9cTyTDwgQSec1x2dYgA,author::UCz3gu01bmjNv0DpRq-K3XYg,1
author::UCueV9cTyTDwgQSec1x2dYgA,author::UCySYJU5kUh7X8gVt9la2ISA,1
author::UCueV9cTyTDwgQSec1x2dYgA,author::UCujPF2nBgsTD62nWE3lcpIg,1
author::UCueV9cTyTDwgQSec1x2dYgA,author::UCylqlpsh8ENNM1LqgQ1KbxA,1
author::UCujPF2nBgsTD62nWE3lcpIg,author::UCwO2SXr0ggzwg6QWWrr01nQ,1
author::UCujPF2nBgsTD62nWE3lcpIg,author::UCzoL2l5H5eVlorWGH8AZfAg,1
author::UCujPF2nBgsTD62nWE3lcpIg,author::UCxff05WuyvwELNITi7bj7UA,1
author::UCujPF2nBgsTD62nWE3lcpIg,author::UCut6b9S98nv84cVX89PmKzA,1
author::UCujPF2nBgsTD62nWE3lcpIg,author::UCwW2OFy95P7ZBkOPxWkpvYg,1
author::UCujPF2nBgsTD62nWE3lcpIg,author::UCzSfZlOVxBSs5ObD25ywxDQ,1
author::UCujPF2nBgsTD62nWE3lcpIg,author::UCwha8rxULYMVtNwZWeSkE1A,1
author::UCujPF2nBgsTD62nWE3lcpIg,author::UCvApqeCbLod-wejtT4CcVuA,1
author::UCujPF2nBgsTD62nWE3lcpIg,author::UCz3gu01bmjNv0DpRq-K3XYg,1
author::UCujPF2nBgsTD62nWE3lcpIg,author::UCySYJU5kUh7X8gVt9la2ISA,1
author::UCujPF2nBgsTD62nWE3lcpIg,author::UCylqlpsh8ENNM1LqgQ1KbxA,1
author::UCusjriFsDHEc2AOjqk-p5ig,author::UCzZ6dDCEsLMXbc5pCFXIprw,1
author::UCut6b9S98nv84cVX89PmKzA,author::UCwO2SXr0ggzwg6QWWrr01nQ,1
author::UCut6b9S98nv84cVX89PmKzA,author::UCzoL2l5H5eVlorWGH8AZfAg,1
author::UCut6b9S98nv84cVX89PmKzA,author::UCxff05WuyvwELNITi7bj7UA,1
author::UCut6b9S98nv84cVX89PmKzA,author::UCwW2OFy95P7ZBkOPxWkpvYg,1
author::UCut6b9S98nv84cVX89PmKzA,author::UCzSfZlOVxBSs5ObD25ywxDQ,1
author::UCut6b9S98nv84cVX89PmKzA,author::UCwha8rxULYMVtNwZWeSkE1A,1
author::UCut6b9S98nv84cVX89PmKzA,author::UCvApqeCbLod-wejtT4CcVuA,1
author::UCut6b9S98nv84cVX89PmKzA,author::UCz3gu01bmjNv0DpRq-K3XYg,1
author::UCut6b9S98nv84cVX89PmKzA,author::UCySYJU5kUh7X8gVt9la2ISA,1
author::UCut6b9S98nv84cVX89PmKzA,author::UCylqlpsh8ENNM1LqgQ1KbxA,1
author::UCvApqeCbLod-wejtT4CcVuA,author::UCwO2SXr0ggzwg6QWWrr01nQ,1
author::UCvApqeCbLod-wejtT4CcVuA,author::UCzoL2l5H5eVlorWGH8AZfAg,1
author::UCvApqeCbLod-wejtT4CcVuA,author::UCxff05WuyvwELNITi7bj7UA,1
author::UCvApqeCbLod-wejtT4CcVuA,author::UCwW2OFy95P7ZBkOPxWkpvYg,1
author::UCvApqeCbLod-wejtT4CcVuA,author::UCzSfZlOVxBSs5ObD25ywxDQ,1
author::UCvApqeCbLod-wejtT4CcVuA,author::UCwha8rxULYMVtNwZWeSkE1A,1
author::UCvApqeCbLod-wejtT4CcVuA,author::UCz3gu01bmjNv0DpRq-K3XYg,1
author::UCvApqeCbLod-wejtT4CcVuA,author::UCySYJU5kUh7X8gVt9la2ISA,1
author::UCvApqeCbLod-wejtT4CcVuA,author::UCylqlpsh8ENNM1LqgQ1KbxA,1
author::UCvDwJBBY1mHK70aTEYl6rsA,author::UCwxoKK59nGCeBqB2sXfDBIw,1
author::UCvDwJBBY1mHK70aTEYl6rsA,author::UCzZ6dDCEsLMXbc5pCFXIprw,1
author::UCvDwJBBY1mHK70aTEYl6rsA,author::UCyJhqmMbsvjpoarBBStA2kg,1
author::UCvcu1kR8xMYy_I1Ty-2mV2Q,author::UCyW68EGZey4ao_Vf2cR5Ztg,1
author::UCvcu1kR8xMYy_I1Ty-2mV2Q,author::UCxcoDvP-g2_KTZDmVZtvb3w,1
author::UCvcu1kR8xMYy_I1Ty-2mV2Q,author::UCwEe1RKlEv1UpNWmWYfSh4w,1
author::UCvl1tzQeBeGy6efPTRJXSCw,author::UCwCfs-2zbD5k0lG-UVg_JBw,1
author::UCwEe1RKlEv1UpNWmWYfSh4w,author::UCxcoDvP-g2_KTZDmVZtvb3w,1
author::UCwO2SXr0ggzwg6QWWrr01nQ,author::UCzoL2l5H5eVlorWGH8AZfAg,1
author::UCwO2SXr0ggzwg6QWWrr01nQ,author::UCxff05WuyvwELNITi7bj7UA,1
author::UCwO2SXr0ggzwg6QWWrr01nQ,author::UCwW2OFy95P7ZBkOPxWkpvYg,1
author::UCwO2SXr0ggzwg6QWWrr01nQ,author::UCzSfZlOVxBSs5ObD25ywxDQ,1
author::UCwO2SXr0ggzwg6QWWrr01nQ,author::UCwha8rxULYMVtNwZWeSkE1A,1
author::UCwO2SXr0ggzwg6QWWrr01nQ,author::UCz3gu01bmjNv0DpRq-K3XYg,1
author::UCwO2SXr0ggzwg6QWWrr01nQ,author::UCySYJU5kUh7X8gVt9la2ISA,1
author::UCwO2SXr0ggzwg6QWWrr01nQ,author::UCylqlpsh8ENNM1LqgQ1KbxA,1
author::UCwUAv3_LpWVtTIi7lkmTL7A,author::UCxKR3RA8T-kxMgq_2WWhRcQ,1
author::UCwUAv3_LpWVtTIi7lkmTL7A,author::UCyzf29IYjNw67gGIfsjgtxA,1
author::UCwW2OFy95P7ZBkOPxWkpvYg,author::UCzoL2l5H5eVlorWGH8AZfAg,1
author::UCwW2OFy95P7ZBkOPxWkpvYg,author::UCxff05WuyvwELNITi7bj7UA,1
author::UCwW2OFy95P7ZBkOPxWkpvYg,author::UCzSfZlOVxBSs5ObD25ywxDQ,1
author::UCwW2OFy95P7ZBkOPxWkpvYg,author::UCwha8rxULYMVtNwZWeSkE1A,1
author::UCwW2OFy95P7ZBkOPxWkpvYg,author::UCz3gu01bmjNv0DpRq-K3XYg,1
author::UCwW2OFy95P7ZBkOPxWkpvYg,author::UCySYJU5kUh7X8gVt9la2ISA,1
author::UCwW2OFy95P7ZBkOPxWkpvYg,author::UCylqlpsh8ENNM1LqgQ1KbxA,1
author::UCwgCc9Jd_gG-uLE_SY-FfPg,author::UCwjUvRseNtJoItylIyIez7Q,1
author::UCwgCc9Jd_gG-uLE_SY-FfPg,author::UCylqlpsh8ENNM1LqgQ1KbxA,1
author::UCwha8rxULYMVtNwZWeSkE1A,author::UCzoL2l5H5eVlorWGH8AZfAg,1
author::UCwha8rxULYMVtNwZWeSkE1A,author::UCxff05WuyvwELNITi7bj7UA,1
author::UCwha8rxULYMVtNwZWeSkE1A,author::UCzSfZlOVxBSs5ObD25ywxDQ,1
author::UCwha8rxULYMVtNwZWeSkE1A,author::UCz3gu01bmjNv0DpRq-K3XYg,1
author::UCwha8rxULYMVtNwZWeSkE1A,author::UCySYJU5kUh7X8gVt9la2ISA,1
author::UCwha8rxULYMVtNwZWeSkE1A,author::UCylqlpsh8ENNM1LqgQ1KbxA,1
author::UCwjUvRseNtJoItylIyIez7Q,author::UCylqlpsh8ENNM1LqgQ1KbxA,1
author::UCwxoKK59nGCeBqB2sXfDBIw,author::UCzZ6dDCEsLMXbc5pCFXIprw,1
author::UCwxoKK59nGCeBqB2sXfDBIw,author::UCyJhqmMbsvjpoarBBStA2kg,1
author::UCxKR3RA8T-kxMgq_2WWhRcQ,author::UCyzf29IYjNw67gGIfsjgtxA,1
author::UCxff05WuyvwELNITi7bj7UA,author::UCzoL2l5H5eVlorWGH8AZfAg,1
author::UCxff05WuyvwELNITi7bj7UA,author::UCzSfZlOVxBSs5ObD25ywxDQ,1
author::UCxff05WuyvwELNITi7bj7UA,author::UCz3gu01bmjNv0DpRq-K3XYg,1
author::UCxff05WuyvwELNITi7bj7UA,author::UCySYJU5kUh7X8gVt9la2ISA,1
author::UCxff05WuyvwELNITi7bj7UA,author::UCylqlpsh8ENNM1LqgQ1KbxA,1
author::UCyJhqmMbsvjpoarBBStA2kg,author::UCzZ6dDCEsLMXbc5pCFXIprw,1
author::UCySYJU5kUh7X8gVt9la2ISA,author::UCzoL2l5H5eVlorWGH8AZfAg,1
author::UCySYJU5kUh7X8gVt9la2ISA,author::UCzSfZlOVxBSs5ObD25ywxDQ,1
author::UCySYJU5kUh7X8gVt9la2ISA,author::UCz3gu01bmjNv0DpRq-K3XYg,1
author::UCySYJU5kUh7X8gVt9la2ISA,author::UCylqlpsh8ENNM1LqgQ1KbxA,1
author::UCylqlpsh8ENNM1LqgQ1KbxA,author::UCzoL2l5H5eVlorWGH8AZfAg,1
author::UCylqlpsh8ENNM1LqgQ1KbxA,author::UCzSfZlOVxBSs5ObD25ywxDQ,1
author::UCylqlpsh8ENNM1LqgQ1KbxA,author::UCz3gu01bmjNv0DpRq-K3XYg,1
author::UCz3gu01bmjNv0DpRq-K3XYg,author::UCzoL2l5H5eVlorWGH8AZfAg,1
author::UCz3gu01bmjNv0DpRq-K3XYg,author::UCzSfZlOVxBSs5ObD25ywxDQ,1
author::UCzSfZlOVxBSs5ObD25ywxDQ,author::UCzoL2l5H5eVlorWGH8AZfAg,1
