comment_id,texto_original,texto_modelo,texto_sha256,sentimiento,etiqueta_modelo,prob_negativo,prob_neutral,prob_positivo,confianza,margen_confianza,baja_confianza,modelo,revision_modelo,transformers_version,max_length
Ugw-J65a1iYL9hqhELh4AaABAg,Ese corrupto amigo de la vieja fiscal los tengo que verbose en la carcel,Ese corrupto amigo de la vieja fiscal los tengo que verbose en la carcel,2565cd9f6f292f1f5ea71aaf2620c54e453f5ec6f68bdf3fa6c0b7eb0a53c68a,negativo,NEG,0.8077868819236755,0.14628511667251587,0.04592809081077576,0.8077868819236755,0.6615017652511597,False,pysentimiento/robertuito-sentiment-analysis,a2cc0f67ebd705c55191e25a05ba23d885fcc09b,4.57.6,128
Ugw-ZT9t9wU2V-tCaUZ4AaABAg,"Están jóvenes porque no buscan un trabajo,  tuvieron suerte que no hay policías que le gusta del otro vando , por ir vestido de mujer se los hubieran ensamblado la maquinaria.","Están jóvenes porque no buscan un trabajo, tuvieron suerte que no hay policías que le gusta del otro vando , por ir vestido de mujer se los hubieran ensamblado la maquinaria.",720fd512483c738abc171fc3f79a7d24995fa7e7cba44616fac4e871218656a0,negativo,NEG,0.9573979377746582,0.03683771938085556,0.005764244589954615,0.9573979377746582,0.9205602183938026,False,pysentimiento/robertuito-sentiment-analysis,a2cc0f67ebd705c55191e25a05ba23d885fcc09b,4.57.6,128
Ugw0xaOb2CYXXoudtwJ4AaABAg,"Me dejaron con ganas de demandar la ilegalidad de las reuniones virtuales, esto no es una maquila","Me dejaron con ganas de demandar la ilegalidad de las reuniones virtuales, esto no es una maquila",d4da68e7cdb857bf20a7bfb7cffe5cd9f209596a5adddab582174298f0c72998,negativo,NEG,0.9713771343231201,0.025966880843043327,0.002656030235812068,0.9713771343231201,0.9454102534800768,False,pysentimiento/robertuito-sentiment-analysis,a2cc0f67ebd705c55191e25a05ba23d885fcc09b,4.57.6,128
Ugw0xgUc2ISpBr5_T654AaABAg,Veremos a este mafioso de Mazariegos en la cárcel y un buen tiempo en la sombra.,Veremos a este mafioso de Mazariegos en la cárcel y un buen tiempo en la sombra.,c379160eb6f8fc6d3a77eaad9f4d5019de3aa1184a7ef5321797ec383fd0ceac,negativo,NEG,0.7018648982048035,0.2676485478878021,0.030486587435007095,0.7018648982048035,0.43421635031700134,False,pysentimiento/robertuito-sentiment-analysis,a2cc0f67ebd705c55191e25a05ba23d885fcc09b,4.57.6,128
Ugw1ZzA21njWhaqQQTh4AaABAg,"eso es para que salga de USA por su propio pie 
que se auto deporten",eso es para que salga de USA por su propio pie que se auto deporten,776a782154819ce3307e977cff0201e9797e3aae401dd9ba731a70c361ae128a,negativo,NEG,0.6980985403060913,0.27964019775390625,0.022261323407292366,0.6980985403060913,0.41845834255218506,False,pysentimiento/robertuito-sentiment-analysis,a2cc0f67ebd705c55191e25a05ba23d885fcc09b,4.57.6,128
Ugw1ZzA21njWhaqQQTh4AaABAg.Aa9Tf29tBouAaB_XZQglTL,Imagine if they had to walk back home.,Imagine if they had to walk back home.,0f3ed48191778cc4d4a1ef453e9be9182342826fab170d22dcca3639f452f7a9,neutral,NEU,0.30897507071495056,0.5396040678024292,0.1514209508895874,0.5396040678024292,0.23062899708747864,True,pysentimiento/robertuito-sentiment-analysis,a2cc0f67ebd705c55191e25a05ba23d885fcc09b,4.57.6,128
Ugw2014OIYf336oytFt4AaABAg,buenísima investigacion :hand-purple-blue-peace::hand-purple-blue-peace::hand-purple-blue-peace:,buenísima investigacion :hand-purple-blue-peace::hand-purple-blue-peace::hand-purple-blue-peace:,6f5c923264ef0720494f27656d72c416e36519b00a33f9732e217f5f59750c20,positivo,POS,0.021916138008236885,0.388818621635437,0.5892652273178101,0.5892652273178101,0.20044660568237305,True,pysentimiento/robertuito-sentiment-analysis,a2cc0f67ebd705c55191e25a05ba23d885fcc09b,4.57.6,128
Ugw2bSVOoNn2pc8ZcUl4AaABAg,"Lleven su lonchera, sacrifiquense un poco. Y reintevren ese dinero. O están robando.","Lleven su lonchera, sacrifiquense un poco. Y reintevren ese dinero. O están robando.",4ef7fdb66eef1c56d27c085b8adca18528b7304c5df67fce6ff88e3fcae20311,negativo,NEG,0.5835477709770203,0.37668541073799133,0.039766840636730194,0.5835477709770203,0.20686236023902893,True,pysentimiento/robertuito-sentiment-analysis,a2cc0f67ebd705c55191e25a05ba23d885fcc09b,4.57.6,128
Ugw3gnUvLp6AqO0_odt4AaABAg,Viva Guatemala 🇬🇹🇬🇹🇬🇹🥳🥳🥳,Viva Guatemala 🇬🇹🇬🇹🇬🇹🥳🥳🥳,019be76eb5270423199e40e835a3b1cc4ad5f6ca87eec5b974d77d4ad590df8a,positivo,POS,0.049912285059690475,0.24253122508525848,0.7075564861297607,0.7075564861297607,0.46502526104450226,False,pysentimiento/robertuito-sentiment-analysis,a2cc0f67ebd705c55191e25a05ba23d885fcc09b,4.57.6,128
Ugw4C1ijI36l6LAiSZh4AaABAg,LADRONES !!!!,LADRONES !!!!,4eef6826b13ff16c96c93e302c537bb3439579e0fe85a3cab9db55f8c9a51142,negativo,NEG,0.5498986840248108,0.30511170625686646,0.1449895054101944,0.5498986840248108,0.24478697776794434,True,pysentimiento/robertuito-sentiment-analysis,a2cc0f67ebd705c55191e25a05ba23d885fcc09b,4.57.6,128
Ugw4St_YnT9_Ya5xSPt4AaABAg,"Otro pequeño truco es que tenés un plan mensual de Gb y redes ilimitadas y luego te mandan mensaje que consumiste el 95% de tu plan y ahi viene el caos verificas el consumo de tus datos y solo has utilizado redes, con un mínimo de internet y por ende hay que hacer una recarga adicional,,, porque vas a averiguar y solo te dicen que sí consumiste tus datos y ya,,,,a recargar,,un negoció redondo para ambas empresas 🤮🤮😠😠💵💵","Otro pequeño truco es que tenés un plan mensual de Gb y redes ilimitadas y luego te mandan mensaje que consumiste el 95% de tu plan y ahi viene el caos verificas el consumo de tus datos y solo has utilizado redes, con un mínimo de internet y por ende hay que hacer una recarga adicional,,, porque vas a averiguar y solo te dicen que sí consumiste tus datos y ya,,,,a recargar,,un negoció redondo para ambas empresas 🤮🤮😠😠💵💵",8074a8e300c35c8b72db931c43d748d192137fd3cebef2b4930a62850dd44fb6,negativo,NEG,0.5370538234710693,0.4414041042327881,0.02154208905994892,0.5370538234710693,0.09564971923828125,True,pysentimiento/robertuito-sentiment-analysis,a2cc0f67ebd705c55191e25a05ba23d885fcc09b,4.57.6,128
Ugw4ccnmIWJaE6VNRWN4AaABAg,Que bien que cambio de nombre,Que bien que cambio de nombre,87f0fb3b5ed7aa8f4c7752842130ecbd39e347891c05fca254d397d672d3ed08,positivo,POS,0.024983560666441917,0.07526612281799316,0.8997503519058228,0.8997503519058228,0.8244842290878296,False,pysentimiento/robertuito-sentiment-analysis,a2cc0f67ebd705c55191e25a05ba23d885fcc09b,4.57.6,128
Ugw5E402-fn52PLXFIJ4AaABAg,Tiene un poquito de oro y no habla como resolver los problemas .,Tiene un poquito de oro y no habla como resolver los problemas .,677f8df7e8a7f0abb5f4b0ae40b84e67929473d7f37bb0325ef57a9c0d4635f3,negativo,NEG,0.7196907997131348,0.25525081157684326,0.02505841664969921,0.7196907997131348,0.4644399881362915,False,pysentimiento/robertuito-sentiment-analysis,a2cc0f67ebd705c55191e25a05ba23d885fcc09b,4.57.6,128
Ugw5URsiAF9QVoniY-l4AaABAg,"Si a los diputados no les alcanza el sueldo que se busquen otro trabajo,  ya sea de los departamentos o de la capital.","Si a los diputados no les alcanza el sueldo que se busquen otro trabajo, ya sea de los departamentos o de la capital.",b7646c56258ea146dc601a4cc823682e83d771a12fc9afb0841ad3e01e8964d1,negativo,NEG,0.8880643844604492,0.10531637817621231,0.006619243882596493,0.8880643844604492,0.7827480062842369,False,pysentimiento/robertuito-sentiment-analysis,a2cc0f67ebd705c55191e25a05ba23d885fcc09b,4.57.6,128
Ugw5xMAuDaygo77ynI94AaABAg,"Lamentable son las EXCUSAS,  reclama que porque no se ve el trabajo que realizan, sueldon para que se costeen sus propios alimentos, pero tienen que ir a restaurantes de lujo y el PUEBLO luchando para llevar un pan a su mesa, muchos ni a eso llegan  ...","Lamentable son las EXCUSAS, reclama que porque no se ve el trabajo que realizan, sueldon para que se costeen sus propios alimentos, pero tienen que ir a restaurantes de lujo y el PUEBLO luchando para llevar un pan a su mesa, muchos ni a eso llegan ...",6fd027b8a8e357ae4b0d63ea6e0c51d6f33257033c3a53297179ca3582ec635f,negativo,NEG,0.9812619090080261,0.01604076474905014,0.0026972827035933733,0.9812619090080261,0.965221144258976,False,pysentimiento/robertuito-sentiment-analysis,a2cc0f67ebd705c55191e25a05ba23d885fcc09b,4.57.6,128
Ugw6cfXYfV4H-asKlDR4AaABAg,No se ve un deporte dinamico ni entretenido. El trasfondo de este juego era bastante macabro y refleja la oscuridad de las culturas pre colombinas en America. No le encuentro sentido a recrear algo tan negativo y arcaico.,No se ve un deporte dinamico ni entretenido. El trasfondo de este juego era bastante macabro y refleja la oscuridad de las culturas pre colombinas en America. No le encuentro sentido a recrear algo tan negativo y arcaico.,1ff8d3ab1464c07fa21ac2cb2958babc2891212d7b6266139e95a94f5cd20736,negativo,NEG,0.97502201795578,0.0214528888463974,0.0035250724758952856,0.97502201795578,0.9535691291093826,False,pysentimiento/robertuito-sentiment-analysis,a2cc0f67ebd705c55191e25a05ba23d885fcc09b,4.57.6,128
Ugw74asIfir0_SVC6OB4AaABAg,Denle golpe universitario (de estado). Lo puede hacer el CSU?,Denle golpe universitario (de estado). Lo puede hacer el CSU?,3edca0c183f33041b635544d877d5567b461142945a361a377ff2e5d52a0ca0b,neutral,NEU,0.2983647584915161,0.6854531764984131,0.01618208736181259,0.6854531764984131,0.387088418006897,False,pysentimiento/robertuito-sentiment-analysis,a2cc0f67ebd705c55191e25a05ba23d885fcc09b,4.57.6,128
Ugw86zOgTwKzYotlT9l4AaABAg,Y el pueblo muriéndose de hambre muchas madres de familia ganando 50 quetzales al día y en algunos departamentos solo ganan 30 te voy a dar mención una aldea llamada el jabalí 30 quetzales al día gana algunas personas ganan 300 quetzales a la semana fiestas sanguijuelas se los comieron en un almuerzo,Y el pueblo muriéndose de hambre muchas madres de familia ganando 50 quetzales al día y en algunos departamentos solo ganan 30 te voy a dar mención una aldea llamada el jabalí 30 quetzales al día gana algunas personas ganan 300 quetzales a la semana fiestas sanguijuelas se los comieron en un almuerzo,a2140df12ed360f68086efc7df1f960a6835edb6d249eb82ba03e2d038ad91dd,negativo,NEG,0.9045087099075317,0.08896276354789734,0.0065285153687000275,0.9045087099075317,0.8155459463596344,False,pysentimiento/robertuito-sentiment-analysis,a2cc0f67ebd705c55191e25a05ba23d885fcc09b,4.57.6,128
Ugw8iZ_G2Cwq-9ZYctt4AaABAg,"Pues son muchos los alumnos hay que unirse se han quedado con la pata del Walter en el cuello, fuera hay que sacarlos","Pues son muchos los alumnos hay que unirse se han quedado con la pata del Walter en el cuello, fuera hay que sacarlos",093e08623c7f5beeb1d0bf9a1f8d0dfc12cfad89843a45997a86a977666c7ac1,negativo,NEG,0.9448848962783813,0.04358530417084694,0.011529785580933094,0.9448848962783813,0.9012995921075344,False,pysentimiento/robertuito-sentiment-analysis,a2cc0f67ebd705c55191e25a05ba23d885fcc09b,4.57.6,128
Ugw8pyxscJNUQpfoKuF4AaABAg,Todos lis que trabajan en la capital pagamos apartamento y no tenemos carro y gasolina gratis,Todos lis que trabajan en la capital pagamos apartamento y no tenemos carro y gasolina gratis,a1ec7ded17ff8b00c6aaf6d22aadd9ceef9e4770db404e20c749c6c9762a2f76,negativo,NEG,0.7940719723701477,0.19531533122062683,0.01061270572245121,0.7940719723701477,0.5987566411495209,False,pysentimiento/robertuito-sentiment-analysis,a2cc0f67ebd705c55191e25a05ba23d885fcc09b,4.57.6,128
Ugw9_Qw_QaSdggWuKJt4AaABAg,Las dos se ubieran vestido de rosita con tacones y medias.Dia y noche no les ba faltar de todos calibres .delen una bolsa de pintalabios también .,Las dos se ubieran vestido de rosita con tacones y medias.Dia y noche no les ba faltar de todos calibres .delen una bolsa de pintalabios también .,8a0fd81963f1355be83f77c983f0cbac8a3475260c59fe8a56c996a55d67b0a9,neutral,NEU,0.12265913188457489,0.8152619004249573,0.062078915536403656,0.8152619004249573,0.6926027685403824,False,pysentimiento/robertuito-sentiment-analysis,a2cc0f67ebd705c55191e25a05ba23d885fcc09b,4.57.6,128
Ugw9eye2GML6RHRSu-14AaABAg,La gente muriendose de hambre y esos ladrones comiendo de maravilla que verguenza...,La gente muriendose de hambre y esos ladrones comiendo de maravilla que verguenza...,8a52fb12b3c534bffd6d448590e3301227092995111a7a338e64138adcdbb57a,negativo,NEG,0.9528023600578308,0.037278033792972565,0.009919621981680393,0.9528023600578308,0.9155243262648582,False,pysentimiento/robertuito-sentiment-analysis,a2cc0f67ebd705c55191e25a05ba23d885fcc09b,4.57.6,128
UgwA5aTmgACLCuTUT494AaABAg,Guatemala nunca se tube que llamar guatemala dino guatebella guatehermosa guatelinda la eterna primavera es guatebella abrazos hnos de un salvadoreno que viva el amor y la armonia,Guatemala nunca se tube que llamar guatemala dino guatebella guatehermosa guatelinda la eterna primavera es guatebella abrazos hnos de un salvadoreno que viva el amor y la armonia,b5a699441aada072de5ae1bda3fb6cb660e6ae6a4b43b10e134feeefbe8b4934,positivo,POS,0.010685128159821033,0.13139784336090088,0.8579170107841492,0.8579170107841492,0.7265191674232483,False,pysentimiento/robertuito-sentiment-analysis,a2cc0f67ebd705c55191e25a05ba23d885fcc09b,4.57.6,128
UgwARHTnVAzzPrHbNox4AaABAg,Me parece excelente esta entrevista,Me parece excelente esta entrevista,874d05a907e977f6a9c8024bd8102ec46bc4e2206e2d9a7ad5b9a13c4a8e25b3,positivo,POS,0.0029452969320118427,0.02327595092356205,0.9737787246704102,0.9737787246704102,0.9505027737468481,False,pysentimiento/robertuito-sentiment-analysis,a2cc0f67ebd705c55191e25a05ba23d885fcc09b,4.57.6,128
UgwBIwUPLGxEWAu3Mh14AaABAg,"¿Como se subscribe uno al boletín informativo? 
Yo intenté desde la pagina web pero  los teléfonos que tienen colocados  dice telgua que no existen. Y WhatsApp igual dice que ese teléfono no existe.",¿Como se subscribe uno al boletín informativo? Yo intenté desde la pagina web pero los teléfonos que tienen colocados dice telgua que no existen. Y WhatsApp igual dice que ese teléfono no existe.,493efb3ba49403617b95617e4158646b2fb3ff16850a563e40eea381ab704623,negativo,NEG,0.8537155985832214,0.14209645986557007,0.004187846556305885,0.8537155985832214,0.7116191387176514,False,pysentimiento/robertuito-sentiment-analysis,a2cc0f67ebd705c55191e25a05ba23d885fcc09b,4.57.6,128
UgwCW5PErySUmwse3bZ4AaABAg,Pero hay que ver el lado bueno si los deportan por la Frontera los carteles los secuestran para sacar dinero a los familiares en USA,Pero hay que ver el lado bueno si los deportan por la Frontera los carteles los secuestran para sacar dinero a los familiares en USA,0d24dbcfa076cc59929d4b52119d8f6e57ae6e182571c6fa0b8a0e5146a409f7,neutral,NEU,0.46558722853660583,0.47274166345596313,0.06167110055685043,0.47274166345596313,0.0071544349193573,True,pysentimiento/robertuito-sentiment-analysis,a2cc0f67ebd705c55191e25a05ba23d885fcc09b,4.57.6,128
UgwCfRlzeiXz172UQQV4AaABAg,"Este video debe llegar a muchas personas, es muy buena información","Este video debe llegar a muchas personas, es muy buena información",5401c3cd510c5984d27ce5e1e68e98c04361c757269a909fc0c4c7019f86a6fc,positivo,POS,0.0028262652922421694,0.03551185876131058,0.9616618156433105,0.9616618156433105,0.926149956882,False,pysentimiento/robertuito-sentiment-analysis,a2cc0f67ebd705c55191e25a05ba23d885fcc09b,4.57.6,128
UgwCw9bhAw6suYQfCWx4AaABAg,Qué lujooo de contenidooooo 🔥,Qué lujooo de contenidooooo 🔥,47ecb342139f7242d3eadec6326b9397ce6fff1506ed58a6a4a88653c6c162d0,positivo,POS,0.0062757693231105804,0.03371189534664154,0.9600123167037964,0.9600123167037964,0.9263004213571548,False,pysentimiento/robertuito-sentiment-analysis,a2cc0f67ebd705c55191e25a05ba23d885fcc09b,4.57.6,128
UgwEOUk-ofXNqkHW5Cx4AaABAg,"Desde que dijo que qué hacían los periodistas por el país lo deje de escuchar, no me quiero picar el hígado","Desde que dijo que qué hacían los periodistas por el país lo deje de escuchar, no me quiero picar el hígado",32aa4a691c504b5d763d4e74d13dda8feb13d5c091d891a302d0e5abaef3725b,negativo,NEG,0.9598258137702942,0.03720342740416527,0.0029706722125411034,0.9598258137702942,0.9226223863661289,False,pysentimiento/robertuito-sentiment-analysis,a2cc0f67ebd705c55191e25a05ba23d885fcc09b,4.57.6,128
UgwEQHx8Ik7SbxBTQ914AaABAg,Otros nuevos corruptos,Otros nuevos corruptos,d5da7f93d4e63b19c09abc8861b5cedefdde0b737ee8aa1b61701e6819af4dc2,neutral,NEU,0.3548591434955597,0.5239254832267761,0.12121530622243881,0.5239254832267761,0.16906633973121643,True,pysentimiento/robertuito-sentiment-analysis,a2cc0f67ebd705c55191e25a05ba23d885fcc09b,4.57.6,128
UgwEjfj5ueeimHg-Hbt4AaABAg,¡¡¡La USAC NO tiene rector sólo un usurpador!!!,¡¡¡La USAC NO tiene rector sólo un usurpador!!!,866c2e51dbbd39208125797649a05528d86059416d5a1a77472e72e6d9864829,negativo,NEG,0.8794482946395874,0.10442875325679779,0.016122957691550255,0.8794482946395874,0.7750195413827896,False,pysentimiento/robertuito-sentiment-analysis,a2cc0f67ebd705c55191e25a05ba23d885fcc09b,4.57.6,128
UgwG3XiEgFlHKtrtTqd4AaABAg,"Entoces las mismas 💩😡 Junta Directiva haciéndose de las suyas con el dinero del Estado. Ya basta de tanto robo, barriles sin fondos..💩😡","Entoces las mismas 💩😡 Junta Directiva haciéndose de las suyas con el dinero del Estado. Ya basta de tanto robo, barriles sin fondos..💩😡",d47cd67fbde4ebce97005e6620cc4c8beed543a7f22c748b571f4eb70a021d94,negativo,NEG,0.9718084931373596,0.024169374257326126,0.004022201057523489,0.9718084931373596,0.9476391188800335,False,pysentimiento/robertuito-sentiment-analysis,a2cc0f67ebd705c55191e25a05ba23d885fcc09b,4.57.6,128
UgwGm1V-_GN1ZPcijdl4AaABAg,"Eso es lo que yo no entiendo de los periodistas, porque ahora atacan con tanto entusiasmo estas cosas, en el gobierno anterior estuvieron callados, o en ese tiempo también ellos recibían sus pagos","Eso es lo que yo no entiendo de los periodistas, porque ahora atacan con tanto entusiasmo estas cosas, en el gobierno anterior estuvieron callados, o en ese tiempo también ellos recibían sus pagos",a224e94390b26f0a71fcc1be9a308dbec4448fc341ba13736f0011b3607edfff,negativo,NEG,0.9338314533233643,0.06275981664657593,0.0034088068641722202,0.9338314533233643,0.8710716366767883,False,pysentimiento/robertuito-sentiment-analysis,a2cc0f67ebd705c55191e25a05ba23d885fcc09b,4.57.6,128
UgwHY5LtTiQ0lBONp8N4AaABAg,"Tanto mierda este programa... tiene razón pero 
Y porque no le tira así a los corruptos",Tanto mierda este programa... tiene razón pero Y porque no le tira así a los corruptos,30d27064c2b4bccf8c4bb47d6bc91c10a995a0790d5f00924797d7030257171e,negativo,NEG,0.9456888437271118,0.045767270028591156,0.008543895557522774,0.9456888437271118,0.8999215736985207,False,pysentimiento/robertuito-sentiment-analysis,a2cc0f67ebd705c55191e25a05ba23d885fcc09b,4.57.6,128
UgwIB06iEQnFOFLc9et4AaABAg,"Indignante COMO EXISTEN unos GUATEMALTECOS ESTÚPIDOS , los PROYECTOS, SON PROYECTOS DE ESTADOS no de PARTIDOS POLÍTICOS, lo que hubiera estado HACIENDO EL ZURDO PRESIDENTE era INAURANDO su CONSTRUCCIÓN no reempezar lo que hace 3 años empezó así como el el puente Roosevelt no tuvo ningún cambio fue lo que ya estaba expuesto, lo que sucede que siempre llega otro delincuente y quiere su mordida ese PROSUPUESTO YA ESTABA ECHO ..","Indignante COMO EXISTEN unos GUATEMALTECOS ESTÚPIDOS , los PROYECTOS, SON PROYECTOS DE ESTADOS no de PARTIDOS POLÍTICOS, lo que hubiera estado HACIENDO EL ZURDO PRESIDENTE era INAURANDO su CONSTRUCCIÓN no reempezar lo que hace 3 años empezó así como el el puente Roosevelt no tuvo ningún cambio fue lo que ya estaba expuesto, lo que sucede que siempre llega otro delincuente y quiere su mordida ese PROSUPUESTO YA ESTABA ECHO ..",28b76c4a7262f7871be8375e632dadffe2c9842cd1b58bb4e76cbeea9258f1b9,negativo,NEG,0.9623076319694519,0.033109404146671295,0.004582866095006466,0.9623076319694519,0.9291982278227806,False,pysentimiento/robertuito-sentiment-analysis,a2cc0f67ebd705c55191e25a05ba23d885fcc09b,4.57.6,128
UgwIB06iEQnFOFLc9et4AaABAg.Aa-0m2jDJt2Aa42DVzs9Zy,Tantos.que empezaron y no llegaron ni siquiera a la mitad puentes donde no hay Rio para robar el dinero y este presidente llegó para hacer algo diferente y eso que no vote por el pues tampoco he cotado por los corruptos pero a este presente si votaría por el si fuera posible,Tantos.que empezaron y no llegaron ni siquiera a la mitad puentes donde no hay Rio para robar el dinero y este presidente llegó para hacer algo diferente y eso que no vote por el pues tampoco he cotado por los corruptos pero a este presente si votaría por el si fuera posible,f412e4429659a3ac7e36d3f34652eb008966d7222925ca611a0a0a87b583cc64,negativo,NEG,0.8334041833877563,0.13864018023014069,0.027955656871199608,0.8334041833877563,0.6947640031576157,False,pysentimiento/robertuito-sentiment-analysis,a2cc0f67ebd705c55191e25a05ba23d885fcc09b,4.57.6,128
UgwIBBqN6fh6MURkwkN4AaABAg,"Mucha importancia le dan a éste ladrón maldito,","Mucha importancia le dan a éste ladrón maldito,",af4aaae3d13dce86aa22106d7b9caf028d66871a21a9aea44927087800e42ebf,negativo,NEG,0.9712888598442078,0.022601790726184845,0.006109330803155899,0.9712888598442078,0.9486870691180229,False,pysentimiento/robertuito-sentiment-analysis,a2cc0f67ebd705c55191e25a05ba23d885fcc09b,4.57.6,128
UgwIiqrp6EYNoFmnBAR4AaABAg,"O sea que si es válido que se den sus gustos con el dinero de los guatemaltecos, es una sinverguenzada, para eso tienen jugosos salarios no le roben al pueblo","O sea que si es válido que se den sus gustos con el dinero de los guatemaltecos, es una sinverguenzada, para eso tienen jugosos salarios no le roben al pueblo",64a5f82e76cbb132cefbc892c046b9629982e1daefba2e93f0ed50463acb4a9c,negativo,NEG,0.9209767580032349,0.06255548447370529,0.016467761248350143,0.9209767580032349,0.8584212735295296,False,pysentimiento/robertuito-sentiment-analysis,a2cc0f67ebd705c55191e25a05ba23d885fcc09b,4.57.6,128
UgwIlv8gtF3WKYfHSJJ4AaABAg,😮,😮,69078a3e0d41191edf113a89fa3455101d7ea891aeb0010e52ad1be554a51782,neutral,NEU,0.23818501830101013,0.485853910446167,0.27596110105514526,0.485853910446167,0.20989280939102173,True,pysentimiento/robertuito-sentiment-analysis,a2cc0f67ebd705c55191e25a05ba23d885fcc09b,4.57.6,128
UgwJ4UehO5E4j0niJU14AaABAg,😂😂😂😂solo pajas😅😅que político gasta su dinero por el país,😂😂😂😂solo pajas😅😅que político gasta su dinero por el país,657b3ef5dbc4a4973c1bf2c890f42eeacab977a430b5f43c6af366384681935a,negativo,NEG,0.9590913653373718,0.03403136879205704,0.006877371110022068,0.9590913653373718,0.9250599965453148,False,pysentimiento/robertuito-sentiment-analysis,a2cc0f67ebd705c55191e25a05ba23d885fcc09b,4.57.6,128
UgwJMFYT7I9czw_oa0V4AaABAg,No es el tema centrese y aclare...,No es el tema centrese y aclare...,ffbc54deb4784b108fb903b19ebb911d139957c36fc087ecc2cb4f828014321b,neutral,NEU,0.1274203211069107,0.7868338227272034,0.08574584126472473,0.7868338227272034,0.6594135016202927,False,pysentimiento/robertuito-sentiment-analysis,a2cc0f67ebd705c55191e25a05ba23d885fcc09b,4.57.6,128
UgwJN55EmMcKPRb_AfB4AaABAg,hay cosas que yo no entiendo de Guatemala que a mi suena ilogico. Dandole almuerzos gratis a funcionarios publico? a poco no es suficiente con todos los robos que hacen aparte de los salarios incontables que tienen. Porque no crean un fondo mas para las escuelas para que los niños desnutridos que seria de gran ayuda para los padres.,hay cosas que yo no entiendo de Guatemala que a mi suena ilogico. Dandole almuerzos gratis a funcionarios publico? a poco no es suficiente con todos los robos que hacen aparte de los salarios incontables que tienen. Porque no crean un fondo mas para las escuelas para que los niños desnutridos que seria de gran ayuda para los padres.,b4bb4bc5dfb3f5eff7f50bdfb8feba264f890974c5ccdeca4934a1d631800d24,negativo,NEG,0.9748119711875916,0.021795855835080147,0.003392220241948962,0.9748119711875916,0.9530161153525114,False,pysentimiento/robertuito-sentiment-analysis,a2cc0f67ebd705c55191e25a05ba23d885fcc09b,4.57.6,128
UgwKjHT5lyjLiqR9ym94AaABAg,Si hacen algo bueno para guate es por eso que se les paga.,Si hacen algo bueno para guate es por eso que se les paga.,a010104a996649808feb0a9a7486419214ea9120d2a6a641b0483edcc9bbfbba,positivo,POS,0.10073642432689667,0.20323282480239868,0.6960306763648987,0.6960306763648987,0.4927978515625,False,pysentimiento/robertuito-sentiment-analysis,a2cc0f67ebd705c55191e25a05ba23d885fcc09b,4.57.6,128
UgwL_UlN82zRUeNgVDh4AaABAg,SECUESTRADOR DE LA U DE SAN CARLOS,SECUESTRADOR DE LA U DE SAN CARLOS,2d9d2d4de06c55c5a34d5571996cf503efb4d56e2f7a14429336cc85a40005ee,neutral,NEU,0.39244961738586426,0.5653051137924194,0.04224521666765213,0.5653051137924194,0.17285549640655518,True,pysentimiento/robertuito-sentiment-analysis,a2cc0f67ebd705c55191e25a05ba23d885fcc09b,4.57.6,128
UgwMfCTNaiukOxMqfON4AaABAg,Pero ya enseña,Pero ya enseña,1faab3982d6548ef94c964f9bae27b07a4ccf5826d964cac9fecba90e05f8c78,neutral,NEU,0.08136387169361115,0.7566092610359192,0.16202683746814728,0.7566092610359192,0.5945824235677719,False,pysentimiento/robertuito-sentiment-analysis,a2cc0f67ebd705c55191e25a05ba23d885fcc09b,4.57.6,128
UgwNvErOoJ_qRYF6TB94AaABAg,"Es una buena universidad, ahí estudio mi hermano, sin embargo es una universidad manchada por los malditos rojos, los asquerosos Comunistas que salen a manifestar en la huelga.","Es una buena universidad, ahí estudio mi hermano, sin embargo es una universidad manchada por los malditos rojos, los asquerosos Comunistas que salen a manifestar en la huelga.",ea8f173a06b2ed1e2ed73e3b9794085882f5aca7bb208828eb175cdb862551fa,negativo,NEG,0.8715704083442688,0.08935921639204025,0.03907039761543274,0.8715704083442688,0.7822111919522285,False,pysentimiento/robertuito-sentiment-analysis,a2cc0f67ebd705c55191e25a05ba23d885fcc09b,4.57.6,128
UgwO8kzHC551ofxNYCV4AaABAg,¡Que excelente iniciativa y equipo de emprendimeitno por rescatar las tradiciones de Guatemala! Esperamos que puedan seguir avanzando y que este juego se vuelva algo mucho más popular entre las nuevas generaciones. ¡Bravo!,¡Que excelente iniciativa y equipo de emprendimeitno por rescatar las tradiciones de Guatemala! Esperamos que puedan seguir avanzando y que este juego se vuelva algo mucho más popular entre las nuevas generaciones. ¡Bravo!,bff14b3d66f94176eb0c6a0a0eb9566f160e4a0ee708e8f4ef188bed84713bf4,positivo,POS,0.004454260692000389,0.025670362636446953,0.9698753356933594,0.9698753356933594,0.9442049730569124,False,pysentimiento/robertuito-sentiment-analysis,a2cc0f67ebd705c55191e25a05ba23d885fcc09b,4.57.6,128
UgwPCZZx2gI444cg2AV4AaABAg,Este diputado no deja  hablar a los periodistas  y trata de confundir a la población con sus respuestas justificando las armadas que se da con el dinero del pu3blo,Este diputado no deja hablar a los periodistas y trata de confundir a la población con sus respuestas justificando las armadas que se da con el dinero del pu3blo,265fdcd0c3d019f28bcde2c614f7b716c0ee5540da4550f088c2b96e8f5617e4,negativo,NEG,0.9725903272628784,0.022270670160651207,0.005139031447470188,0.9725903272628784,0.9503196571022272,False,pysentimiento/robertuito-sentiment-analysis,a2cc0f67ebd705c55191e25a05ba23d885fcc09b,4.57.6,128
UgwRLgDGrh-_TEVNOYh4AaABAg,También hay personas que se hacen pasar por mexicanos para que los deporté a México y regresar más rápido a Usa,También hay personas que se hacen pasar por mexicanos para que los deporté a México y regresar más rápido a Usa,f000977bd01b397384f00ab17409ad5785eddf1569f4b6bf9892f7ac3705238e,neutral,NEU,0.22977019846439362,0.7296846508979797,0.040545206516981125,0.7296846508979797,0.4999144524335861,False,pysentimiento/robertuito-sentiment-analysis,a2cc0f67ebd705c55191e25a05ba23d885fcc09b,4.57.6,128
UgwSDn5aIUEZwOlx9c94AaABAg,❤🎉,❤🎉,af93e59e0f83b96c51bc243872a7d5b4b19c1c62524a843647b77685856f3951,neutral,NEU,0.23818501830101013,0.485853910446167,0.27596110105514526,0.485853910446167,0.20989280939102173,True,pysentimiento/robertuito-sentiment-analysis,a2cc0f67ebd705c55191e25a05ba23d885fcc09b,4.57.6,128
UgwSt406Q1HWBWCewI14AaABAg,5 anos mas precidente,5 anos mas precidente,30686b6b448246ac381e5dc589043e15517ffad9f3bfda0e46d7a220d6d9f9b7,neutral,NEU,0.1088416650891304,0.6455959677696228,0.245562344789505,0.6455959677696228,0.4000336229801178,False,pysentimiento/robertuito-sentiment-analysis,a2cc0f67ebd705c55191e25a05ba23d885fcc09b,4.57.6,128
UgwSt406Q1HWBWCewI14AaABAg.Aa-KmSVE5UgAa-M7iXQwik,Ojalá se pudiera,Ojalá se pudiera,3d2840c541adaf10a09287be88f71a68d06cd17c6ca9aa7b0c69cd5d4380ccbd,neutral,NEU,0.18084384500980377,0.5539583563804626,0.2651978135108948,0.5539583563804626,0.28876054286956787,True,pysentimiento/robertuito-sentiment-analysis,a2cc0f67ebd705c55191e25a05ba23d885fcc09b,4.57.6,128
UgwTyYcT2aNvGA5DK4J4AaABAg,Por primera vez deacuerdo con pedro.,Por primera vez deacuerdo con pedro.,01de22fb0e1e5593b346f25a0908cac13b6f707c83dba424e74b7c7ddc28c620,positivo,POS,0.014366356655955315,0.20404866337776184,0.7815849781036377,0.7815849781036377,0.5775363147258759,False,pysentimiento/robertuito-sentiment-analysis,a2cc0f67ebd705c55191e25a05ba23d885fcc09b,4.57.6,128
UgwUZL4XYbr2lbEi1r94AaABAg,"En julio de 2022 al haber asumido como Rector de Facto, eligieron a Héctor Hugo Pérez Aguilera como representante Titular de la USAC ante la Corte de Constitucionalidad.","En julio de 2022 al haber asumido como Rector de Facto, eligieron a Héctor Hugo Pérez Aguilera como representante Titular de la USAC ante la Corte de Constitucionalidad.",08d9ae0cf965ffe5e771295aca374291792bce7c06275c592f20f93da1ac8e96,neutral,NEU,0.15023545920848846,0.7764542698860168,0.07331028580665588,0.7764542698860168,0.6262188106775284,False,pysentimiento/robertuito-sentiment-analysis,a2cc0f67ebd705c55191e25a05ba23d885fcc09b,4.57.6,128
UgwXm2HjtCzRKiDHflJ4AaABAg,Guatemala solo cambia de dictadura cada 4 años,Guatemala solo cambia de dictadura cada 4 años,f534ddb6979cf828c454ac16ac183a12708a8c98950cf3f6c9253203a52eed6c,negativo,NEG,0.7294138073921204,0.25412672758102417,0.01645948737859726,0.7294138073921204,0.4752870798110962,False,pysentimiento/robertuito-sentiment-analysis,a2cc0f67ebd705c55191e25a05ba23d885fcc09b,4.57.6,128
UgwY0wdDJRzHsTCnLbN4AaABAg,"Ala! Que tipo necio y descarado!  Hipócrita!
Comen y después hablan de desnutrición! Que colmo!
Gracias por cumplir con el mandato periodístico!",Ala! Que tipo necio y descarado! Hipócrita! Comen y después hablan de desnutrición! Que colmo! Gracias por cumplir con el mandato periodístico!,a7290ccd6924b41656204b628bb06341d5494fd0bd34e37eb14b0669ddafbadc,negativo,NEG,0.9685810208320618,0.023656269535422325,0.00776275247335434,0.9685810208320618,0.9449247512966394,False,pysentimiento/robertuito-sentiment-analysis,a2cc0f67ebd705c55191e25a05ba23d885fcc09b,4.57.6,128
UgwY2FW-3sBGV2CGxaJ4AaABAg,Excelente trabajo señores agentes que Dios me los cuide mucho,Excelente trabajo señores agentes que Dios me los cuide mucho,0e60ef704c0a9bcfcec1c59a796696ecb858c2d3fa9bc75f3cd5cad468e40930,positivo,POS,0.004271130543202162,0.03040636144578457,0.9653224945068359,0.9653224945068359,0.9349161330610514,False,pysentimiento/robertuito-sentiment-analysis,a2cc0f67ebd705c55191e25a05ba23d885fcc09b,4.57.6,128
UgwYTL5-XYvmQxsC3Bt4AaABAg,"Estos siempre andan viendo como comen del pueblo. Si no les basta el sueldo, busquen otro trabajo y por qué lugares tan caros, porque no es su dinero...","Estos siempre andan viendo como comen del pueblo. Si no les basta el sueldo, busquen otro trabajo y por qué lugares tan caros, porque no es su dinero...",7f981eb497aa643b6956cf1b6492d7e976a89bd4c3113a1c9507564c6c64c10b,negativo,NEG,0.9705525636672974,0.02576925791800022,0.003678128821775317,0.9705525636672974,0.9447833057492971,False,pysentimiento/robertuito-sentiment-analysis,a2cc0f67ebd705c55191e25a05ba23d885fcc09b,4.57.6,128
UgwYaHf9EYIl5Pf-y514AaABAg,"Bien mentirosito ese diputado Nery Rodas, si tanto quiere a Guatemala que ellos paguen su almuerzo, porque el pueblo?","Bien mentirosito ese diputado Nery Rodas, si tanto quiere a Guatemala que ellos paguen su almuerzo, porque el pueblo?",031884eb3f8601b34dddf25e627da9e1cd191eb2636ea5e9adfa32acef9a39e1,negativo,NEG,0.9535378217697144,0.037694163620471954,0.00876798015087843,0.9535378217697144,0.9158436581492424,False,pysentimiento/robertuito-sentiment-analysis,a2cc0f67ebd705c55191e25a05ba23d885fcc09b,4.57.6,128
UgwZw9X6DpxCIJ6YkXZ4AaABAg,Siii por tanta corrupción;; ay mucha muerte como en colombia ;; y en Guatemala;; todo porque no ay personas con un corazón;; dispuesto a cuidar del país y sacar adelante;;;,Siii por tanta corrupción;; ay mucha muerte como en colombia ;; y en Guatemala;; todo porque no ay personas con un corazón;; dispuesto a cuidar del país y sacar adelante;;;,2d8d11b155cfd22b94033aea444465bc9a04c3ab6fe65f59ed5f351154b611d8,negativo,NEG,0.9177563786506653,0.07355952262878418,0.008684137836098671,0.9177563786506653,0.8441968560218811,False,pysentimiento/robertuito-sentiment-analysis,a2cc0f67ebd705c55191e25a05ba23d885fcc09b,4.57.6,128
Ugw_g00Bv3m-cnSxhMp4AaABAg,Que pena! Que la administración de Trump no ofrezca AMNISTÍA a los mexicanos u otros grupos de personas trabajadoras que ayudan a la mejora de este país. 😢,Que pena! Que la administración de Trump no ofrezca AMNISTÍA a los mexicanos u otros grupos de personas trabajadoras que ayudan a la mejora de este país. 😢,9fe30cdc97d0107439a244d5b255440b876bb51261f2558af3c00295ec3acd37,negativo,NEG,0.9812885522842407,0.013897708617150784,0.004813760053366423,0.9812885522842407,0.9673908436670899,False,pysentimiento/robertuito-sentiment-analysis,a2cc0f67ebd705c55191e25a05ba23d885fcc09b,4.57.6,128
Ugw_wfk-1nUcdyG3muZ4AaABAg,"Me llega que saquen videos cortos porque el vídeo del programa de Con criterio es muy largo, pero vaya que es bueno","Me llega que saquen videos cortos porque el vídeo del programa de Con criterio es muy largo, pero vaya que es bueno",45f8c2aea1c31d56488caad5c0aeac37af05eaf900a1c18206f897c32332e445,positivo,POS,0.007436133921146393,0.05396559461951256,0.9385983347892761,0.9385983347892761,0.8846327401697636,False,pysentimiento/robertuito-sentiment-analysis,a2cc0f67ebd705c55191e25a05ba23d885fcc09b,4.57.6,128
UgwaGYcI3FekgL1PZct4AaABAg,"Urge convocar elecciones, los estudiantes estamos sufriendo con cada vez mas deficientes instalaciones, laboratorios y aulas. Ademas del abandono de Rectoria a las Facultades que siguen luchando contra su oposicion, o que se muestran renuentes a seguir sus ordenes, afectan directamente a los estudiantes, catedraticos, personal de servicios y limita su capacidad de brindar una educacion de calidad, y atender a la poblacion guatemalteca a travez de EPS y otros que ofrecen estas unidades academicas.","Urge convocar elecciones, los estudiantes estamos sufriendo con cada vez mas deficientes instalaciones, laboratorios y aulas. Ademas del abandono de Rectoria a las Facultades que siguen luchando contra su oposicion, o que se muestran renuentes a seguir sus ordenes, afectan directamente a los estudiantes, catedraticos, personal de servicios y limita su capacidad de brindar una educacion de calidad, y atender a la poblacion guatemalteca a travez de EPS y otros que ofrecen estas unidades academicas.",461516fa28592bebb1dff8dafd4c975f2f57ecde4c108d71aeaed2385eccd3f3,negativo,NEG,0.9759317636489868,0.021060748025774956,0.003007462015375495,0.9759317636489868,0.9548710156232119,False,pysentimiento/robertuito-sentiment-analysis,a2cc0f67ebd705c55191e25a05ba23d885fcc09b,4.57.6,128
UgwaokeDKlLgSdqHpW94AaABAg,"Pero porque un desayuno de 250.00,  no habrá uno de 75.00?","Pero porque un desayuno de 250.00, no habrá uno de 75.00?",974395dbd32cbccf2edc1727d30373c9734e42529eb0a557af5934e8855f553b,neutral,NEU,0.3696034848690033,0.6073713898658752,0.023025114089250565,0.6073713898658752,0.23776790499687195,False,pysentimiento/robertuito-sentiment-analysis,a2cc0f67ebd705c55191e25a05ba23d885fcc09b,4.57.6,128
Ugwbnz3tRoBa7Vs3A3d4AaABAg,Puro show esto solo para que los diputranzas les den su parte y autorizar subsidios al gas,Puro show esto solo para que los diputranzas les den su parte y autorizar subsidios al gas,d22cce29ffbc0b285cdcd23572ed94a1e0332699103eb290bbbadf6d77ab18fc,negativo,NEG,0.9017034769058228,0.08987456560134888,0.008421954698860645,0.9017034769058228,0.8118289113044739,False,pysentimiento/robertuito-sentiment-analysis,a2cc0f67ebd705c55191e25a05ba23d885fcc09b,4.57.6,128
Ugwc0TMrFYylioxh_Sh4AaABAg,Que viva viva el Presidente Bernardo Arevalo 🎉🎉👏🎉🎉,Que viva viva el Presidente Bernardo Arevalo 🎉🎉👏🎉🎉,982fe9975f75a76df2cfd8154755d9f7b05f1d718724895f3aa1d9113e3375a8,positivo,POS,0.009490670636296272,0.06136590987443924,0.9291434288024902,0.9291434288024902,0.867777518928051,False,pysentimiento/robertuito-sentiment-analysis,a2cc0f67ebd705c55191e25a05ba23d885fcc09b,4.57.6,128
UgwcF8V3__81jxC8Eh14AaABAg,pues quien le pidió que la guesiara para Diputado si será descarado seve que son unos Corruptos mientras el pueblo no tiene ni un Cinco u con eso le pagan a los Electores si serán Comen Cuando hay,pues quien le pidió que la guesiara para Diputado si será descarado seve que son unos Corruptos mientras el pueblo no tiene ni un Cinco u con eso le pagan a los Electores si serán Comen Cuando hay,d80af52c23e549e020e75eab10fc19ea4a1fdd5557fc97a822a8cbf5f25fb750,negativo,NEG,0.9374302625656128,0.054537490010261536,0.008032171055674553,0.9374302625656128,0.8828927725553513,False,pysentimiento/robertuito-sentiment-analysis,a2cc0f67ebd705c55191e25a05ba23d885fcc09b,4.57.6,128
UgwdC_aDdYB1wpgGNAt4AaABAg,Que belleza si se llegara a construir todos esos proyectos 💙👌,Que belleza si se llegara a construir todos esos proyectos 💙👌,16fcb3db795daf7b7b5b49836c596c934f74892ca57be03a5f94fed7be8502fe,positivo,POS,0.006104664411395788,0.06844989955425262,0.9254454970359802,0.9254454970359802,0.8569955974817276,False,pysentimiento/robertuito-sentiment-analysis,a2cc0f67ebd705c55191e25a05ba23d885fcc09b,4.57.6,128
Ugwe0V0ssRP-r167Lzh4AaABAg,si no les gusta  renuncie,si no les gusta renuncie,fcc4fe4c7bedbc68b42c88ade773839852fc26f5fbb7be0ac4b10fa7c06a5065,negativo,NEG,0.6700319051742554,0.29712262749671936,0.03284544497728348,0.6700319051742554,0.372909277677536,False,pysentimiento/robertuito-sentiment-analysis,a2cc0f67ebd705c55191e25a05ba23d885fcc09b,4.57.6,128
UgwgSP2G2qKwGGl5CSp4AaABAg,EL PRESIDENTE BERNARDO AREVALO SI ES UN PRESIDENTE QUE QUIERE A SU PUEBLO Y AL PAIS DE GUATEMALA 👍 EL NO ES COMO LOS RATAS  PRESIDENTES ANTERIORES 🐭🐭ASI QUE TODO EL APOYO PARA EL PRESIDENTE BERNARDO AREVALO 👍 🎉👍🎉👍🎉👍🎉👍🎉👍,EL PRESIDENTE BERNARDO AREVALO SI ES UN PRESIDENTE QUE QUIERE A SU PUEBLO Y AL PAIS DE GUATEMALA 👍 EL NO ES COMO LOS RATAS PRESIDENTES ANTERIORES 🐭🐭ASI QUE TODO EL APOYO PARA EL PRESIDENTE BERNARDO AREVALO 👍 🎉👍🎉👍🎉👍🎉👍🎉👍,6a91fde3672d7709a2d49c365ad72c464a63cdb20ab610c43116e2c232c8d418,positivo,POS,0.030495738610625267,0.09716995060443878,0.8723343014717102,0.8723343014717102,0.7751643508672714,False,pysentimiento/robertuito-sentiment-analysis,a2cc0f67ebd705c55191e25a05ba23d885fcc09b,4.57.6,128
UgwgoKatyznihVvDVVd4AaABAg,Cuando los agarran con la manos en la masa ya ni Allan que decir estos buenos para nada! Solo para comer de gratis son buenos a que hijos de la gran patria! De Guatemala. Mantenidos estos corruptos solo para wuabiar son bueno.,Cuando los agarran con la manos en la masa ya ni Allan que decir estos buenos para nada! Solo para comer de gratis son buenos a que hijos de la gran patria! De Guatemala. Mantenidos estos corruptos solo para wuabiar son bueno.,79663596d9d3dc1a24caf64fa2d0e076a029972e0b9dfa1a8381ad59336e9b8b,negativo,NEG,0.9539276361465454,0.03446787968277931,0.01160447672009468,0.9539276361465454,0.9194597564637661,False,pysentimiento/robertuito-sentiment-analysis,a2cc0f67ebd705c55191e25a05ba23d885fcc09b,4.57.6,128
UgwguqWom06c5opgpiF4AaABAg,Sin vergüenza. Que no se vuelva a lanzar para diputado ladrón,Sin vergüenza. Que no se vuelva a lanzar para diputado ladrón,5f59567ed3ea1f7686e1ee93302783323914a5b10882dfef5d944aa8fcefa83a,negativo,NEG,0.8495967984199524,0.11953151971101761,0.030871732160449028,0.8495967984199524,0.7300652787089348,False,pysentimiento/robertuito-sentiment-analysis,a2cc0f67ebd705c55191e25a05ba23d885fcc09b,4.57.6,128
UgwhphOY9n46ofElDut4AaABAg,Mejor saque a guatemala del parlacen y dejen de hablar de tsnta babosadas o ustedes van s ir avrefujiase al parlacen cuando salgan ese dinero que pagamos invertirlo en meducina sehan realustas por sus acciones nadie cree ya en nadie de ver que los gobiernos solo sirven para enriqueserse ya vasta,Mejor saque a guatemala del parlacen y dejen de hablar de tsnta babosadas o ustedes van s ir avrefujiase al parlacen cuando salgan ese dinero que pagamos invertirlo en meducina sehan realustas por sus acciones nadie cree ya en nadie de ver que los gobiernos solo sirven para enriqueserse ya vasta,29d5d75ab02370ae57a44fa423e5f4bc9a40ed64340bf9e202f563ba35773dbb,negativo,NEG,0.9688193798065186,0.027144338935613632,0.004036260303109884,0.9688193798065186,0.9416750408709049,False,pysentimiento/robertuito-sentiment-analysis,a2cc0f67ebd705c55191e25a05ba23d885fcc09b,4.57.6,128
UgwiGxmosawIyTVTjnB4AaABAg,19:27 Basuras de diputados  artense  porque los que sufrieron  hambre serán saciados y los que se saciaron a costillas de los demás tendrán hambre y sed  de todo,19:27 Basuras de diputados artense porque los que sufrieron hambre serán saciados y los que se saciaron a costillas de los demás tendrán hambre y sed de todo,9ff7d0b9dca5bc06fa821c07a016298585d54cfcc941d1bf46fff0dcee734848,negativo,NEG,0.8617470860481262,0.12085180729627609,0.017401088029146194,0.8617470860481262,0.7408952787518501,False,pysentimiento/robertuito-sentiment-analysis,a2cc0f67ebd705c55191e25a05ba23d885fcc09b,4.57.6,128
Ugwih8O9PeaJ_zd7FWV4AaABAg,"Los alimentos tienen k pagarlos d su sueldo como cualquier otro ciudadano k a pesar de el salario miserable pagan sus alimentos, segun entiendo ese señor  kiere k el pueblo le siga pagando ,si el trabaja haciéndose el pendejo como muchos otros k solo llegan a ocupar la silla y a bla bla hasta el momento no se ve k se trabaje en algo bueno para el pueblo a ese fulano k no esta contento con el alto sueldo k tienen por hacer nada ,k renuncie y k empleen a personas k realmente kieren hacer algo por el hambriento pueblo, braaavo seño por recordarle a ese inepto.,ellos ganan Q25,000 0 mas cuanto gana un médico, una enfermera,una profesora y esos siii trabajan especialmente los médicos.","Los alimentos tienen k pagarlos d su sueldo como cualquier otro ciudadano k a pesar de el salario miserable pagan sus alimentos, segun entiendo ese señor kiere k el pueblo le siga pagando ,si el trabaja haciéndose el pendejo como muchos otros k solo llegan a ocupar la silla y a bla bla hasta el momento no se ve k se trabaje en algo bueno para el pueblo a ese fulano k no esta contento con el alto sueldo k tienen por hacer nada ,k renuncie y k empleen a personas k realmente kieren hacer algo por el hambriento pueblo, braaavo seño por recordarle a ese inepto.,ellos ganan Q25,000 0 mas cuanto gana un médico, una enfermera,una profesora y esos siii trabajan especialmente los médicos.",701e45efcb01dc3fa6f3a93c7348d59a22d4cdfcdd13d2c4a60eb0be72a227ff,negativo,NEG,0.9737386107444763,0.02213236503303051,0.004129065200686455,0.9737386107444763,0.9516062457114458,False,pysentimiento/robertuito-sentiment-analysis,a2cc0f67ebd705c55191e25a05ba23d885fcc09b,4.57.6,128
Ugwije36G_n35mshRfp4AaABAg,Gracias por concluir lo q otros empiezan y no terminan,Gracias por concluir lo q otros empiezan y no terminan,2f0bfe5d6d6966ce4b42b11d08697b8a6db9de23c1cad0e8ac4b1494be6a2080,neutral,NEU,0.14883004128932953,0.5659879446029663,0.28518208861351013,0.5659879446029663,0.2808058559894562,True,pysentimiento/robertuito-sentiment-analysis,a2cc0f67ebd705c55191e25a05ba23d885fcc09b,4.57.6,128
UgwjKxflp7TiD0e7_494AaABAg,Que se les quite todos los privilegios lo que pasa no les gusta,Que se les quite todos los privilegios lo que pasa no les gusta,a19357d889c579850fcdcb74acbe16eca97ab1ffe53b7d556738c08743889413,negativo,NEG,0.9009564518928528,0.08502553403377533,0.014018022455275059,0.9009564518928528,0.8159309178590775,False,pysentimiento/robertuito-sentiment-analysis,a2cc0f67ebd705c55191e25a05ba23d885fcc09b,4.57.6,128
Ugwjtq_DUb6ISU-ppsh4AaABAg,"Estoy seguro que si a los conductores los envían a hacer un trabajo a un departamento y les dan viáticos, buscan Buenos restaurantes para ir a comer y no se van al mercado","Estoy seguro que si a los conductores los envían a hacer un trabajo a un departamento y les dan viáticos, buscan Buenos restaurantes para ir a comer y no se van al mercado",2c217cdf1023f81503643fc6fa152cef51e842789efcada578fc597a74f700eb,positivo,POS,0.021481933072209358,0.40215039253234863,0.5763677358627319,0.5763677358627319,0.1742173433303833,True,pysentimiento/robertuito-sentiment-analysis,a2cc0f67ebd705c55191e25a05ba23d885fcc09b,4.57.6,128
UgwkiP4fW1xfpXbZcV14AaABAg,Lo que este diputado ase por el paiz es robarle  al paiz   porque otro beneficio que tiene el paiz  con ellos nada,Lo que este diputado ase por el paiz es robarle al paiz porque otro beneficio que tiene el paiz con ellos nada,17d5da15c39ffb401c1645c920f82ef41ac2e0a656d3963c4bc359ec2531ae17,negativo,NEG,0.9542886018753052,0.04001860320568085,0.00569278234615922,0.9542886018753052,0.9142699986696243,False,pysentimiento/robertuito-sentiment-analysis,a2cc0f67ebd705c55191e25a05ba23d885fcc09b,4.57.6,128
Ugwm9VajlW3ydbsf-BJ4AaABAg,Excelente.,Excelente.,8d29d4cc682ff021b83a9c45b24fbe1e95fa7ab3b3e75497775a68c71cdfb1ff,positivo,POS,0.02871810831129551,0.1279008686542511,0.8433809876441956,0.8433809876441956,0.7154801189899445,False,pysentimiento/robertuito-sentiment-analysis,a2cc0f67ebd705c55191e25a05ba23d885fcc09b,4.57.6,128
UgwmvtMMEFg5rWbrmtV4AaABAg,Y no olvidemos y quizá el más cruel. Las farmacéuticas con las medicinas,Y no olvidemos y quizá el más cruel. Las farmacéuticas con las medicinas,c4ffde2825438784927c384ce4ed995384f2979fa13b08851a5cd51bc74c4786,negativo,NEG,0.910822331905365,0.08207502961158752,0.0071026296354830265,0.910822331905365,0.8287473022937775,False,pysentimiento/robertuito-sentiment-analysis,a2cc0f67ebd705c55191e25a05ba23d885fcc09b,4.57.6,128
UgwnCwptihjhFCfQK_l4AaABAg,Pero  sería bueno que  le cambien  nombre,Pero sería bueno que le cambien nombre,6940d22e88ac354a9a53f0729ef6804deb961f8ff42fb186ad1df9974170d2d7,neutral,NEU,0.06690423935651779,0.8086428046226501,0.12445291131734848,0.8086428046226501,0.6841898933053017,False,pysentimiento/robertuito-sentiment-analysis,a2cc0f67ebd705c55191e25a05ba23d885fcc09b,4.57.6,128
UgwopmNYOXxE5kyT7fF4AaABAg,Ya viste Nery más de lo mismo.,Ya viste Nery más de lo mismo.,c6c1b35f88e8515fa288356e961ebd6ed3492dba1748af200a868fedfd9ccbc9,negativo,NEG,0.8228861689567566,0.16084112226963043,0.016272693872451782,0.8228861689567566,0.6620450466871262,False,pysentimiento/robertuito-sentiment-analysis,a2cc0f67ebd705c55191e25a05ba23d885fcc09b,4.57.6,128
UgwovhZaCiV0r6XOH_R4AaABAg,excelente,excelente,3d579a3d17611a76fda5171d98574df79e18ecb58288cf89d0bd23ceb773cba6,neutral,NEU,0.20341520011425018,0.47786250710487366,0.3187222182750702,0.47786250710487366,0.15914028882980347,True,pysentimiento/robertuito-sentiment-analysis,a2cc0f67ebd705c55191e25a05ba23d885fcc09b,4.57.6,128
UgwoyDvqZ6NlBCvXB7t4AaABAg,"Ahora comprendí porque los cañeros y grupo cacif, estan contra la ley de competencia y siguen tratando de impedir su discusión en el legislativo.","Ahora comprendí porque los cañeros y grupo cacif, estan contra la ley de competencia y siguen tratando de impedir su discusión en el legislativo.",ba501200f7640b46b840c5298de214db8c53a44840382eeb1ba3426cfd201005,negativo,NEG,0.96089106798172,0.03462585061788559,0.004483036696910858,0.96089106798172,0.9262652173638344,False,pysentimiento/robertuito-sentiment-analysis,a2cc0f67ebd705c55191e25a05ba23d885fcc09b,4.57.6,128
Ugwp1SacIqA0qS_netd4AaABAg,No se justifica nada... es su obligación trabajar...,No se justifica nada... es su obligación trabajar...,191ddc47097dfe32c6b54869c79604b60af91e105a6ff8fcc21cfa47785690c4,negativo,NEG,0.7505592703819275,0.22923873364925385,0.02020198106765747,0.7505592703819275,0.5213205367326736,False,pysentimiento/robertuito-sentiment-analysis,a2cc0f67ebd705c55191e25a05ba23d885fcc09b,4.57.6,128
UgwpY9PE_PBfwa2_g_N4AaABAg,"Repito como siempre, cuantas horas hombre de trabajo se pagan por el cansancio y fatiga del pueblo que hacen productivo al país y que generan renta gravada para los contribuyentes, solo para que estos infelices se den estos gustos.","Repito como siempre, cuantas horas hombre de trabajo se pagan por el cansancio y fatiga del pueblo que hacen productivo al país y que generan renta gravada para los contribuyentes, solo para que estos infelices se den estos gustos.",a3a683aacf06113d73df3e125050afe5cfc52d11045f8a7938d65aa00eeea673,negativo,NEG,0.9817752838134766,0.015528823249042034,0.002695899223908782,0.9817752838134766,0.9662464605644345,False,pysentimiento/robertuito-sentiment-analysis,a2cc0f67ebd705c55191e25a05ba23d885fcc09b,4.57.6,128
Ugwqsca_nj4eGguiyTJ4AaABAg,"buen reportaje, tristeza da q la USAC este coptada por esos corruptos.","buen reportaje, tristeza da q la USAC este coptada por esos corruptos.",7a82a1a2acd6c94e58424aa693a7360d3d0d22a80ef773cc5d50e6e9b65b1dcb,negativo,NEG,0.9800505042076111,0.014930793084204197,0.005018678493797779,0.9800505042076111,0.9651197111234069,False,pysentimiento/robertuito-sentiment-analysis,a2cc0f67ebd705c55191e25a05ba23d885fcc09b,4.57.6,128
UgwrIvqGid-S983oU9J4AaABAg,Por querer justificarse le sacaron a luz sus artadas a costillas del pobre pueblo de Guatemala,Por querer justificarse le sacaron a luz sus artadas a costillas del pobre pueblo de Guatemala,eedf6d19602c819096b6c406f83db2096af2194e48697c8a3122edae1adec12b,negativo,NEG,0.9381494522094727,0.048093900084495544,0.013756572268903255,0.9381494522094727,0.8900555521249771,False,pysentimiento/robertuito-sentiment-analysis,a2cc0f67ebd705c55191e25a05ba23d885fcc09b,4.57.6,128
UgwsCWap2Jq1pNrLOWl4AaABAg,Lo felicito  periodista de alto valor por decirle la verdad al diputado Rodas,Lo felicito periodista de alto valor por decirle la verdad al diputado Rodas,d208cc9573e0baf7ccb4d7c845a7612c63b6535837b1b058f558fd21384ad315,positivo,POS,0.02437974512577057,0.08086889982223511,0.8947513699531555,0.8947513699531555,0.8138824701309204,False,pysentimiento/robertuito-sentiment-analysis,a2cc0f67ebd705c55191e25a05ba23d885fcc09b,4.57.6,128
UgwtcR5U0FAkeZsiVVt4AaABAg,Metanlos a la carcel y como se bisten de mujer que les echen chuso por maricones,Metanlos a la carcel y como se bisten de mujer que les echen chuso por maricones,f7d02c264a805645cb9fe2213d9147017c564c216f805f9ff2f1506e340d82c7,negativo,NEG,0.8489305377006531,0.1290111243724823,0.022058358415961266,0.8489305377006531,0.7199194133281708,False,pysentimiento/robertuito-sentiment-analysis,a2cc0f67ebd705c55191e25a05ba23d885fcc09b,4.57.6,128
Ugwvm2HYh08HI1HkcXV4AaABAg,"Muchísimas gracias Sr. y excelentísimo Presidente Constitucional de la República de Guatemala,  por trabajar enormemente por todos los ciudadanos y también por unir sus esfuerzos con el Gobierno de los Estados Unidos Mexicanos,  porque el Turismo va hacer el mejor puente para incrementar la economía de todas aquellas personas al rededor del mundo, que quieran conocer más de esta cultura Maya compartida y la cual nos hace sentirnos hermanos con ese gran país. MÉXICO Y GUATEMALA UNIDOS POR SIEMPRE 💕","Muchísimas gracias Sr. y excelentísimo Presidente Constitucional de la República de Guatemala, por trabajar enormemente por todos los ciudadanos y también por unir sus esfuerzos con el Gobierno de los Estados Unidos Mexicanos, porque el Turismo va hacer el mejor puente para incrementar la economía de todas aquellas personas al rededor del mundo, que quieran conocer más de esta cultura Maya compartida y la cual nos hace sentirnos hermanos con ese gran país. MÉXICO Y GUATEMALA UNIDOS POR SIEMPRE 💕",44f053161ecdbdcee41275c546f2e65ae010d7853e156b7aadba27fe861f6e69,positivo,POS,0.005232647527009249,0.02933512255549431,0.9654322266578674,0.9654322266578674,0.9360971041023731,False,pysentimiento/robertuito-sentiment-analysis,a2cc0f67ebd705c55191e25a05ba23d885fcc09b,4.57.6,128
UgwvvK1L0aLOhCMUzfN4AaABAg,Y haci vienen corriéndo para que él pueblo voté por ustedes no piensan en él pueblo que está sufriendo por un sueldo minusioso partida de ladrones corruptos hijos de la fiscal nietos de giamatey hijastros de Miguel Martínez sinó gana en el congreso renuncien también aprueben la ley para sacar ala fiscal aganlo,Y haci vienen corriéndo para que él pueblo voté por ustedes no piensan en él pueblo que está sufriendo por un sueldo minusioso partida de ladrones corruptos hijos de la fiscal nietos de giamatey hijastros de Miguel Martínez sinó gana en el congreso renuncien también aprueben la ley para sacar ala fiscal aganlo,735ccfebe81a945b2481a5fe7e44bee79b2c395d8063654ba34fcb9de5e1577f,negativo,NEG,0.9671024680137634,0.02819269336760044,0.0047049252316355705,0.9671024680137634,0.938909774646163,False,pysentimiento/robertuito-sentiment-analysis,a2cc0f67ebd705c55191e25a05ba23d885fcc09b,4.57.6,128
UgwwH4OIcVCCN6SbBX14AaABAg,"Deberían ir a comer al mercado central les queda cerca, llegan a pie y contribuyen con la pequeña empresa.
Ir a donde van y pagar con dinero de los tributos es lujurioso e insulta al pueblo soberano.","Deberían ir a comer al mercado central les queda cerca, llegan a pie y contribuyen con la pequeña empresa. Ir a donde van y pagar con dinero de los tributos es lujurioso e insulta al pueblo soberano.",8eb843b3059145436c13d69d2b7458a628c0a4f022bafb0ff1d10dfd56ef5dfb,negativo,NEG,0.9619882702827454,0.030790213495492935,0.007221454754471779,0.9619882702827454,0.9311980567872524,False,pysentimiento/robertuito-sentiment-analysis,a2cc0f67ebd705c55191e25a05ba23d885fcc09b,4.57.6,128
UgwwKfLmhHVU-Oxzqtl4AaABAg,"No justifico lo del diputado, pero quisiera ver una entrevista similar en la administración anterior, ahí no! Porq tambien a los d con criterio les salpicaba la corrupción","No justifico lo del diputado, pero quisiera ver una entrevista similar en la administración anterior, ahí no! Porq tambien a los d con criterio les salpicaba la corrupción",5bbff8f4f4758ce9bc40304ef01fde87b50b511bffb54a32175c41b313ccae10,negativo,NEG,0.8561896681785583,0.13144166767597198,0.012368682771921158,0.8561896681785583,0.7247480005025864,False,pysentimiento/robertuito-sentiment-analysis,a2cc0f67ebd705c55191e25a05ba23d885fcc09b,4.57.6,128
UgwwPrhCy2levkb6TRd4AaABAg,"Otro detalle muy interesante es para la mayoría que usamos líneas prepago; hay muchos abusos por parte de las empresas, una de ellas por ejemplo te roba el saldo cuando haces una recarga sin haberte asignado ningún paquete; aluden a que sino te asignas un paquete el consumo del saldo corre si usas internet; una recarga de Q100 se consume en 5 min.  Esto no está regulado  la verdad en Guate; la otra compañía es más legal en esto; almenos no te permite navegar sino has asignado paquete. El monopolio nunca será nada bueno, en mi caso opté por quitar cable y servicios asociados tuve demasiados abusos, cobros anticipados,  costos  muy altos y final quedas indefenso. Solo opté por un prepago para Internet lo mínimo necesario, para poder ver YouTube. No consumimos nada más, dejamos de ver TV desde la pandemia, es mejor leer y escuchar la radio, no hay que darles gusto a estas empresas que abusan y roban.  Los que puedan tener internet satelital los felicito es mejor que la corrupcion de las dos empresas  actuales.","Otro detalle muy interesante es para la mayoría que usamos líneas prepago; hay muchos abusos por parte de las empresas, una de ellas por ejemplo te roba el saldo cuando haces una recarga sin haberte asignado ningún paquete; aluden a que sino te asignas un paquete el consumo del saldo corre si usas internet; una recarga de Q100 se consume en 5 min. Esto no está regulado la verdad en Guate; la otra compañía es más legal en esto; almenos no te permite navegar sino has asignado paquete. El monopolio nunca será nada bueno, en mi caso opté por quitar cable y servicios asociados tuve demasiados abusos, cobros anticipados, costos muy altos y final quedas indefenso. Solo opté por un prepago para Internet lo mínimo necesario, para poder ver YouTube. No consumimos nada más, dejamos de ver TV desde la pandemia, es mejor leer y escuchar la radio, no hay que darles gusto a estas empresas que abusan y roban. Los que puedan tener internet satelital los felicito es mejor que la corrupcion de las dos empresas actuales.",03551e407d74f8a44ed72c93d498cb81b196cb7beebaa9894a4e10f67a59b1a0,negativo,NEG,0.9420634508132935,0.05372542515397072,0.004211079329252243,0.9420634508132935,0.8883380256593227,False,pysentimiento/robertuito-sentiment-analysis,a2cc0f67ebd705c55191e25a05ba23d885fcc09b,4.57.6,128
UgwxjmtBoAozs0ZUAcd4AaABAg,Al que tienen que enjuiciar es al comparator por comparator obgwtos robados,Al que tienen que enjuiciar es al comparator por comparator obgwtos robados,e746fc491fd1bfa8a8bdf5171690d73556e4d9d5e7b02f9f1021659235714060,negativo,NEG,0.9079324007034302,0.07771780341863632,0.014349768869578838,0.9079324007034302,0.8302145972847939,False,pysentimiento/robertuito-sentiment-analysis,a2cc0f67ebd705c55191e25a05ba23d885fcc09b,4.57.6,128
UgwxjmtBoAozs0ZUAcd4AaABAg.AaAbqoGVGipAaAjNG9oPRN,que?,que?,9750eba871fb995a555d0d37edb96de9d5a6533458896e635593bb555b3a9830,neutral,NEU,0.2142745554447174,0.5860719084739685,0.19965361058712006,0.5860719084739685,0.3717973530292511,True,pysentimiento/robertuito-sentiment-analysis,a2cc0f67ebd705c55191e25a05ba23d885fcc09b,4.57.6,128
UgwypjUeZBU45DrrW0d4AaABAg,Yo no entiendo por qué están ahorita con todas estas cosas por qué no lo hacían cuando estaban los corruptos Alvaro Arzú Alan Rodríguez. La señora está evangélica que acaba de salir no entiendo por qué no les decían eso a ellos porque tiene que ser hasta ahora es tonto,Yo no entiendo por qué están ahorita con todas estas cosas por qué no lo hacían cuando estaban los corruptos Alvaro Arzú Alan Rodríguez. La señora está evangélica que acaba de salir no entiendo por qué no les decían eso a ellos porque tiene que ser hasta ahora es tonto,c04fb32293f9b1e2f3c72209b74f56edced286612f73c5e84a1a95f4846f21a9,negativo,NEG,0.9675392508506775,0.02942359820008278,0.0030371283646672964,0.9675392508506775,0.9381156526505947,False,pysentimiento/robertuito-sentiment-analysis,a2cc0f67ebd705c55191e25a05ba23d885fcc09b,4.57.6,128
Ugwz_6qtdDTbTWEUQQ94AaABAg,"Ni el mismo lo cree, estos son sinverguenzas y se pasan de pija, cómo se sentirá la familia tener a alguien mañoso, mafioso, sin vergüenza como marido y como padre, es triste","Ni el mismo lo cree, estos son sinverguenzas y se pasan de pija, cómo se sentirá la familia tener a alguien mañoso, mafioso, sin vergüenza como marido y como padre, es triste",63ee8bf2735b9dce1f324b479d40d64753e01a931666335e9ca6f5d9f1ae3fb9,negativo,NEG,0.9856871962547302,0.010808592662215233,0.0035041237715631723,0.9856871962547302,0.974878603592515,False,pysentimiento/robertuito-sentiment-analysis,a2cc0f67ebd705c55191e25a05ba23d885fcc09b,4.57.6,128
Ugx-G2kCu5aSwh3IR5l4AaABAg,"Y CUANDO VAN HABLAR DE LOS GASTOS DEL PRESIDENTE? La carne la bomba de la piscina los salarios exagerados,los aumentos incluso el nepotismo? ó a él no? De él no se puede hablar? Los regañan?","Y CUANDO VAN HABLAR DE LOS GASTOS DEL PRESIDENTE? La carne la bomba de la piscina los salarios exagerados,los aumentos incluso el nepotismo? ó a él no? De él no se puede hablar? Los regañan?",8df3e38b31fc5a2947254dbb1172c41df8af53d55f6e73baba56fd4df326adeb,negativo,NEG,0.9523075819015503,0.04480746388435364,0.0028849586378782988,0.9523075819015503,0.9075001180171967,False,pysentimiento/robertuito-sentiment-analysis,a2cc0f67ebd705c55191e25a05ba23d885fcc09b,4.57.6,128
Ugx-cQ3Wf3whk_hssDR4AaABAg,Por qué siempre tapan la cara de los delincuentes,Por qué siempre tapan la cara de los delincuentes,94a29fcb41bbab1f358f4ba7258f46dfef1d1697f81a170171564d64dbcf47d0,negativo,NEG,0.9158505797386169,0.07603970170021057,0.008109692484140396,0.9158505797386169,0.8398108780384064,False,pysentimiento/robertuito-sentiment-analysis,a2cc0f67ebd705c55191e25a05ba23d885fcc09b,4.57.6,128
Ugx-hH6Ysw9sdv3kHPN4AaABAg,¡Fuera esa basura de mazariegos!,¡Fuera esa basura de mazariegos!,1ce39d6e1379dc963eb0724ca143f7d76c36f46e397b11c74de6e8bcfdc12172,negativo,NEG,0.8668217658996582,0.09817100316286087,0.03500723838806152,0.8668217658996582,0.7686507627367973,False,pysentimiento/robertuito-sentiment-analysis,a2cc0f67ebd705c55191e25a05ba23d885fcc09b,4.57.6,128
Ugx1reCoIQcnK3ii2GR4AaABAg,"Que gasten todo lo que les pegue la regalada gana, siempre y cuando que lo paguen con su mismo sueldo o dinero como cualquier empleado público, lo que no es admisible es  que estas ratas solo se recetan estos mega gastos por un almuerzo, porque ellos mismos se los permiten.
Ya basta!!! Asi como estos diputados, PNC de la capital, entre otros empleados públicos selectos tengan privilegios de esta naturaleza, mientras que otros tienen que costear transporte, alimentación, internet, entre otras cosas con su propio sueldo o dinero.","Que gasten todo lo que les pegue la regalada gana, siempre y cuando que lo paguen con su mismo sueldo o dinero como cualquier empleado público, lo que no es admisible es que estas ratas solo se recetan estos mega gastos por un almuerzo, porque ellos mismos se los permiten. Ya basta!!! Asi como estos diputados, PNC de la capital, entre otros empleados públicos selectos tengan privilegios de esta naturaleza, mientras que otros tienen que costear transporte, alimentación, internet, entre otras cosas con su propio sueldo o dinero.",59dfc3f1ba0cf05de68bc8d65759e83e0d44366736ead375b559a2c1dd6d2ac7,negativo,NEG,0.9624376893043518,0.03293114900588989,0.004631171468645334,0.9624376893043518,0.9295065402984619,False,pysentimiento/robertuito-sentiment-analysis,a2cc0f67ebd705c55191e25a05ba23d885fcc09b,4.57.6,128
Ugx2ApaAMqe4ca4SCYx4AaABAg,"Hablemos de cosas relevantes,,,,y No de lo irrelevantes......jajajajaja","Hablemos de cosas relevantes,,,,y No de lo irrelevantes......jajajajaja",b14f94431ac3380fd8ccb828be3085941b651882865853959e69a6a199e0a326,neutral,NEU,0.19461913406848907,0.7023015022277832,0.1030794158577919,0.7023015022277832,0.5076823681592941,False,pysentimiento/robertuito-sentiment-analysis,a2cc0f67ebd705c55191e25a05ba23d885fcc09b,4.57.6,128
Ugx2LwWBVc3mFGJAinB4AaABAg,Ya es calor...jejej,Ya es calor...jejej,02364827a875711d1b808834219473640870a2f00150084652f239bb7eb612fe,neutral,NEU,0.02524915710091591,0.5554472804069519,0.4193035066127777,0.5554472804069519,0.1361437737941742,True,pysentimiento/robertuito-sentiment-analysis,a2cc0f67ebd705c55191e25a05ba23d885fcc09b,4.57.6,128
Ugx2byJzZBZkDMQMUqV4AaABAg,No se le cree nada a ese diputransa,No se le cree nada a ese diputransa,eead5cdf6e870b12a8bd1cca3da799dfabb05d8b633024370e6515c78b963aa8,negativo,NEG,0.9095708131790161,0.0709223598241806,0.019506705924868584,0.9095708131790161,0.8386484533548355,False,pysentimiento/robertuito-sentiment-analysis,a2cc0f67ebd705c55191e25a05ba23d885fcc09b,4.57.6,128
Ugx3uDgmZQhx3Z3VOzt4AaABAg,mapa de poder USAC,mapa de poder USAC,188774473fe1e37f1ac0f07ebf788f55a9b2788b53ee4ada48e86c508c6f0196,neutral,NEU,0.1277405321598053,0.7593331933021545,0.11292629688978195,0.7593331933021545,0.6315926611423492,False,pysentimiento/robertuito-sentiment-analysis,a2cc0f67ebd705c55191e25a05ba23d885fcc09b,4.57.6,128
Ugx3yIUZXGeiOVESIEl4AaABAg,Que ese diputado que muestre la factura donde diga que de su bolsillo fue pagado??,Que ese diputado que muestre la factura donde diga que de su bolsillo fue pagado??,3f08287328194db2f333c7ab375e402984a52d14b11a93af7e0a58d897ec52c8,neutral,NEU,0.3575282692909241,0.610590398311615,0.03188135474920273,0.610590398311615,0.2530621290206909,False,pysentimiento/robertuito-sentiment-analysis,a2cc0f67ebd705c55191e25a05ba23d885fcc09b,4.57.6,128
Ugx4dn4xlUl9Jp9QJeJ4AaABAg,Tio berny presidente 2032😁,Tio berny presidente 2032😁,7ec7aa53ae0f6c93c629210ebd1897db1ce50f17ccd8a5c8ad85263eab64520e,neutral,NEU,0.05123072862625122,0.7527900338172913,0.1959792822599411,0.7527900338172913,0.5568107515573502,False,pysentimiento/robertuito-sentiment-analysis,a2cc0f67ebd705c55191e25a05ba23d885fcc09b,4.57.6,128
Ugx6Wjc02tqpQUBf4NJ4AaABAg,Los hipócritas de la ufm todavía alaban a Milei. Lo primero que haría sería quitar todas las trabas que impiden el libre mercado.,Los hipócritas de la ufm todavía alaban a Milei. Lo primero que haría sería quitar todas las trabas que impiden el libre mercado.,8c4cde19f82e547d7b11f2dff904371d4ae3f3e3da763459e2e6cf401ad5f32a,negativo,NEG,0.9372140169143677,0.05192579701542854,0.010860203765332699,0.9372140169143677,0.8852882198989391,False,pysentimiento/robertuito-sentiment-analysis,a2cc0f67ebd705c55191e25a05ba23d885fcc09b,4.57.6,128
Ugx74OPnWkWaFjpFuA94AaABAg,"Y será que si ya no se diera esa facilidad de efectivo para gastos de ese tipo, les interesaría seguir siendo diputados. O es por ese estilo de vida lo que les llama la atención ser diputados.","Y será que si ya no se diera esa facilidad de efectivo para gastos de ese tipo, les interesaría seguir siendo diputados. O es por ese estilo de vida lo que les llama la atención ser diputados.",0c146ab357711a819f24fd93d33e169bb4d4071d780a5dfb4b72df9c4253c5c0,negativo,NEG,0.6596590876579285,0.3277987837791443,0.012542118318378925,0.6596590876579285,0.3318603038787842,False,pysentimiento/robertuito-sentiment-analysis,a2cc0f67ebd705c55191e25a05ba23d885fcc09b,4.57.6,128
Ugx74OPnWkWaFjpFuA94AaABAg.A7ki-1ED5b2A7nIcG2_svP,Cierto.,Cierto.,3a539fbad23f7c9f6871a7d525eaadf583dc771e574cf58b7efd6baf4efeed2e,neutral,NEU,0.2423505336046219,0.47962886095046997,0.2780206501483917,0.47962886095046997,0.20160821080207825,True,pysentimiento/robertuito-sentiment-analysis,a2cc0f67ebd705c55191e25a05ba23d885fcc09b,4.57.6,128
Ugx7Gvgflw7nQKqoR094AaABAg,"De todo corazon espero que se cumplan todos estos proyectos por el bien de mi gente linda, Dios bendiga a Guatemala.","De todo corazon espero que se cumplan todos estos proyectos por el bien de mi gente linda, Dios bendiga a Guatemala.",b8a8029ad548a717632fe75189b6b8c1b540f6470f3055739ad887f2b0467485,positivo,POS,0.005754450801759958,0.06226214021444321,0.9319833517074585,0.9319833517074585,0.8697212114930153,False,pysentimiento/robertuito-sentiment-analysis,a2cc0f67ebd705c55191e25a05ba23d885fcc09b,4.57.6,128
Ugx7ezRwB-DpY3VQt754AaABAg,Minusiosas pero a la larga se vuelve millonarios. . Paguen sus almuerzos no se aprovechen del pueblo... casaka.,Minusiosas pero a la larga se vuelve millonarios. . Paguen sus almuerzos no se aprovechen del pueblo... casaka.,a240f054cff898807cfdc2d7aba1ee41b029e1d7f0e8aed508a820d8190c9240,neutral,NEU,0.43467533588409424,0.5273982882499695,0.03792637959122658,0.5273982882499695,0.09272295236587524,True,pysentimiento/robertuito-sentiment-analysis,a2cc0f67ebd705c55191e25a05ba23d885fcc09b,4.57.6,128
Ugx7j6oWhgfonHPJCdR4AaABAg,Para que participo si el reclama y que a echo por el pais nada,Para que participo si el reclama y que a echo por el pais nada,c79bf6b6b6fe74c9b0621edeed1432186c25711f637b36281b00a2dbedd8884e,negativo,NEG,0.8767416477203369,0.1097024455666542,0.013555922545492649,0.8767416477203369,0.7670392021536827,False,pysentimiento/robertuito-sentiment-analysis,a2cc0f67ebd705c55191e25a05ba23d885fcc09b,4.57.6,128
Ugx8FxDKPAY-M_JhRgd4AaABAg,"Ahora se destapo la CORRUPCION Q EXISTIA Y AHORA SE CONTAMINO despues de ampliacion ahora DEUDAS a la Comunidad Internacional por PRESTAMOS para carreteras, ademas CONCESIONES A AEROPUERTOS, PUERTOS, LAS MISMAS CARRETERAS, todos millonario, EUROBONOS, vender al pais y CANASTA BASICA A Q10,000 todo lo van hacer PERO ESE DINERO QUE OBTENGAN SERA REGALO DEL 👹👹👹 Xq DIOS dara justicia en su momento la JUSTICIA DE DIOS con sus hijitos sera IMPLACABLE y omnipotente🇬🇹🇬🇹🇬🇹🇬🇹","Ahora se destapo la CORRUPCION Q EXISTIA Y AHORA SE CONTAMINO despues de ampliacion ahora DEUDAS a la Comunidad Internacional por PRESTAMOS para carreteras, ademas CONCESIONES A AEROPUERTOS, PUERTOS, LAS MISMAS CARRETERAS, todos millonario, EUROBONOS, vender al pais y CANASTA BASICA A Q10,000 todo lo van hacer PERO ESE DINERO QUE OBTENGAN SERA REGALO DEL 👹👹👹 Xq DIOS dara justicia en su momento la JUSTICIA DE DIOS con sus hijitos sera IMPLACABLE y omnipotente🇬🇹🇬🇹🇬🇹🇬🇹",a3c9466b381b20a22e77f96989b4033b9dce983ea7d886b2c0302d3c27300e5f,negativo,NEG,0.7945622205734253,0.18282188475131989,0.022615959867835045,0.7945622205734253,0.6117403358221054,False,pysentimiento/robertuito-sentiment-analysis,a2cc0f67ebd705c55191e25a05ba23d885fcc09b,4.57.6,128
Ugx8vuWdqsWZslsS9R14AaABAg,Excelente nota,Excelente nota,d012907bf8a30f0963d0034e279be93e658c294297945637f32a0447a9c1f2d5,neutral,NEU,0.17326012253761292,0.497119665145874,0.32962021231651306,0.497119665145874,0.16749945282936096,True,pysentimiento/robertuito-sentiment-analysis,a2cc0f67ebd705c55191e25a05ba23d885fcc09b,4.57.6,128
Ugx90cmhNaRBNDou1BR4AaABAg,Miserables el departamento de seguridad de USA,Miserables el departamento de seguridad de USA,961d6ce46e2402b3536f2297427bfe877326e4ac4781de83e03fabc2048a5a7a,negativo,NEG,0.5452283024787903,0.41383281350135803,0.04093894734978676,0.5452283024787903,0.13139548897743225,True,pysentimiento/robertuito-sentiment-analysis,a2cc0f67ebd705c55191e25a05ba23d885fcc09b,4.57.6,128
Ugx90cmhNaRBNDou1BR4AaABAg.AaA5Ej9IqgQAaBaWPRQg7K,"There tired of fraud and corruption and lethal drugs. 
We AMERICANS HAVE VOTED!
you don't like our LAWS lezve!",There tired of fraud and corruption and lethal drugs. We AMERICANS HAVE VOTED! you don't like our LAWS lezve!,7c39dd94c05ac9af661715368dfe8ff8d91a951f9f42bfaada4983c2a341432f,negativo,NEG,0.9414129853248596,0.041059136390686035,0.017527855932712555,0.9414129853248596,0.9003538489341736,False,pysentimiento/robertuito-sentiment-analysis,a2cc0f67ebd705c55191e25a05ba23d885fcc09b,4.57.6,128
Ugx90cmhNaRBNDou1BR4AaABAg.AaA5Ej9IqgQAaCnVqXU5cy,"​ @eugeneramirez4405 
Go away, there's no way to prove you're American.","​ @eugeneramirez4405 Go away, there's no way to prove you're American.",a3f64e2b258bdaa12d272f27e72a1f8c1130b11b7416c1351447ba9e3d6ab871,negativo,NEG,0.605147123336792,0.32030004262924194,0.07455287873744965,0.605147123336792,0.28484708070755005,False,pysentimiento/robertuito-sentiment-analysis,a2cc0f67ebd705c55191e25a05ba23d885fcc09b,4.57.6,128
Ugx90cmhNaRBNDou1BR4AaABAg.AaA5Ej9IqgQAaCz3GqqPAJ,"​ @rosadiaz6945 
Sure 👌 
Whatever you say!",​ @rosadiaz6945 Sure 👌 Whatever you say!,2b3290d22af7445762f2f01b588122063c35fbd481816c1d9b972102e7e9a063,neutral,NEU,0.05790665000677109,0.5933458805084229,0.34874749183654785,0.5933458805084229,0.244598388671875,True,pysentimiento/robertuito-sentiment-analysis,a2cc0f67ebd705c55191e25a05ba23d885fcc09b,4.57.6,128
UgxCKgaQSm13r2z9hFd4AaABAg,"Escuché que solo fingen que las reuniones son virtuales, pero las hacen en un hôtel y encima liquidan los gastos generados 😡","Escuché que solo fingen que las reuniones son virtuales, pero las hacen en un hôtel y encima liquidan los gastos generados 😡",c9e8ecf44f72240060c0f3376553c7f28030c63d45ffc045df11356097a65de1,negativo,NEG,0.839374840259552,0.15473324060440063,0.0058919284492731094,0.839374840259552,0.6846415996551514,False,pysentimiento/robertuito-sentiment-analysis,a2cc0f67ebd705c55191e25a05ba23d885fcc09b,4.57.6,128
UgxCT5F3jO763e2aO-t4AaABAg,Dicen quelos van a mandar a africa cuidao paisas,Dicen quelos van a mandar a africa cuidao paisas,6f19d5344b5de1a0b0ab82da1f0bfbffc049f9dd37e0ba4c896e293736bcacdd,negativo,NEG,0.4778705835342407,0.47055989503860474,0.05156950652599335,0.4778705835342407,0.007310688495635986,True,pysentimiento/robertuito-sentiment-analysis,a2cc0f67ebd705c55191e25a05ba23d885fcc09b,4.57.6,128
UgxCjFHfuFk1jUGvoIB4AaABAg,"Que bella es la Ciudad de Guatemala, unica en su clase. 
Saludos desde El Salvador 😸","Que bella es la Ciudad de Guatemala, unica en su clase. Saludos desde El Salvador 😸",ec16185498086401e6d2cca8077f2e0d7e9f27f31461dcac7ee897dae7562aaa,positivo,POS,0.0036417690571397543,0.023732630535960197,0.9726256132125854,0.9726256132125854,0.9488929826766253,False,pysentimiento/robertuito-sentiment-analysis,a2cc0f67ebd705c55191e25a05ba23d885fcc09b,4.57.6,128
UgxD16VX3BhREOtsuhJ4AaABAg,"Excelente explicación 
Te falto incluir la harina que al final es el mismo dueño de las pastas...eso se llama MONOPOLIO...y tiene nombre
Contra ellos no se puede..hasta este dueño del monopolio hasta apoyo al actual presidente..
Raro..??",Excelente explicación Te falto incluir la harina que al final es el mismo dueño de las pastas...eso se llama MONOPOLIO...y tiene nombre Contra ellos no se puede..hasta este dueño del monopolio hasta apoyo al actual presidente.. Raro..??,4534849b38fdfbb56d2c3bdc1d3c9a88d5684f967616da9199665f23c2b15ac2,negativo,NEG,0.9439845085144043,0.04945532977581024,0.006560175679624081,0.9439845085144043,0.894529178738594,False,pysentimiento/robertuito-sentiment-analysis,a2cc0f67ebd705c55191e25a05ba23d885fcc09b,4.57.6,128
UgxDBhcq11EK83DqrSZ4AaABAg,"Excelente nota prensa!!
Compartan esta información para esos estudiantes ineptos y puedan conocer la realidad!!",Excelente nota prensa!! Compartan esta información para esos estudiantes ineptos y puedan conocer la realidad!!,84a6398a59538ec90509a0aaf97da3580286308e042b13080817e3308fb94148,positivo,POS,0.013792204670608044,0.18416838347911835,0.802039384841919,0.802039384841919,0.6178710013628006,False,pysentimiento/robertuito-sentiment-analysis,a2cc0f67ebd705c55191e25a05ba23d885fcc09b,4.57.6,128
UgxDFo35bUo0APtZcd94AaABAg,"balgame  DIOS   QUE  TAN  ATRASADOS  ESTAN   Y  CUANTO  TIEMPO  PARA  ESTAR  EN  LA  MODERNIDAD OJALA  Y  LO  LOGREN  ,  POR  CUANTOS  PRECIDENTES  TIENE  QUE  PASAR  Y  CONVENSER  PARA  QUE  ESTO  SEA  UNA  REALIDAD","balgame DIOS QUE TAN ATRASADOS ESTAN Y CUANTO TIEMPO PARA ESTAR EN LA MODERNIDAD OJALA Y LO LOGREN , POR CUANTOS PRECIDENTES TIENE QUE PASAR Y CONVENSER PARA QUE ESTO SEA UNA REALIDAD",cf0afe7b6f7fe9e33a6792a7c5a49ccea89be2541071968903b9dbd2b247295e,negativo,NEG,0.8660014867782593,0.12102872878313065,0.01296977698802948,0.8660014867782593,0.7449727579951286,False,pysentimiento/robertuito-sentiment-analysis,a2cc0f67ebd705c55191e25a05ba23d885fcc09b,4.57.6,128
UgxEE17R1iQyuDZebVF4AaABAg,TransLadrones ?,TransLadrones ?,07523ca7ade9228b91136f67743d38ca1c35eaa3dd3e43171e30e4f946240ba7,neutral,NEU,0.12275152653455734,0.8171631693840027,0.060085296630859375,0.8171631693840027,0.6944116428494453,False,pysentimiento/robertuito-sentiment-analysis,a2cc0f67ebd705c55191e25a05ba23d885fcc09b,4.57.6,128
UgxEE17R1iQyuDZebVF4AaABAg.A_UFk_pMAbMA_VZ_0Vdu89,😂😂,😂😂,2cbfb8514c5cdca6bcecde82b7eaafe3e7e223e46b6750e6a5310d764dc5d47b,neutral,NEU,0.23818501830101013,0.485853910446167,0.27596110105514526,0.485853910446167,0.20989280939102173,True,pysentimiento/robertuito-sentiment-analysis,a2cc0f67ebd705c55191e25a05ba23d885fcc09b,4.57.6,128
UgxE_8DGgJmaHaV_WLJ4AaABAg,JAJAJAJA  SE METEN A HACER UN PROYECTO DE FERROCARRIL  A GUATEMALA LA DEJAN COMO ÁFRICA,JAJAJAJA SE METEN A HACER UN PROYECTO DE FERROCARRIL A GUATEMALA LA DEJAN COMO ÁFRICA,06c574d1e9c574e59ece7cff31b80cb82fd56d6fc544a2b6df1ba1ba8652a534,negativo,NEG,0.8476486206054688,0.14026954770088196,0.01208185963332653,0.8476486206054688,0.7073790729045868,False,pysentimiento/robertuito-sentiment-analysis,a2cc0f67ebd705c55191e25a05ba23d885fcc09b,4.57.6,128
UgxEsAK7q3l34wFdZ414AaABAg,"El Salvador que es un país tan pequeño está haciendo maravillas en su estructura su presidente.
  Y Guatemala que es un mega país, va tan atrasado como la  tortuga.","El Salvador que es un país tan pequeño está haciendo maravillas en su estructura su presidente. Y Guatemala que es un mega país, va tan atrasado como la tortuga.",12fff563a6b767dfc15aefe1aed22936d171d92392dda5197cf2bbdac4487bf1,negativo,NEG,0.9498469233512878,0.04293060302734375,0.007222478277981281,0.9498469233512878,0.9069163203239441,False,pysentimiento/robertuito-sentiment-analysis,a2cc0f67ebd705c55191e25a05ba23d885fcc09b,4.57.6,128
UgxEsAK7q3l34wFdZ414AaABAg.A_zCnf5bSajA_zKDdWQaaO,"Nayib Bukele lleva 7 años como presidente de El Salvador teniendo todos los poderes del estado a su favor, y el de Guate con todas las trabas que le pusieron los 2 primeros años, y queres un mega pais en 3 años no jodas, ni un edificio de 15 niveles lo terminan en 4 años, no esperes que la corrupcion de 30 años la solucionen en un periodo de gobierno estan dejando simientos pero si seguimos poniendo presidentes como los antecesores de este olvidate que ese puente lo terminen y seguiras viendo el pais en ruinas.","Nayib Bukele lleva 7 años como presidente de El Salvador teniendo todos los poderes del estado a su favor, y el de Guate con todas las trabas que le pusieron los 2 primeros años, y queres un mega pais en 3 años no jodas, ni un edificio de 15 niveles lo terminan en 4 años, no esperes que la corrupcion de 30 años la solucionen en un periodo de gobierno estan dejando simientos pero si seguimos poniendo presidentes como los antecesores de este olvidate que ese puente lo terminen y seguiras viendo el pais en ruinas.",0c4c13ae86629aa79be5681bb80442980f7c79407549f68ebc4bb88c446332ab,negativo,NEG,0.9545395374298096,0.03947939723730087,0.0059809936210513115,0.9545395374298096,0.9150601401925087,False,pysentimiento/robertuito-sentiment-analysis,a2cc0f67ebd705c55191e25a05ba23d885fcc09b,4.57.6,128
UgxEsAK7q3l34wFdZ414AaABAg.A_zCnf5bSajA_zMcZPgoSk,​ @luisricardo9671 comentario bien acertado saludos amigo🧐🧐🧐,​ @luisricardo9671 comentario bien acertado saludos amigo🧐🧐🧐,e3544fcc116d33318f1ce27a6e58e133bed41caeef95174f6d0cb265be330ebf,positivo,POS,0.005218267906457186,0.07653029263019562,0.9182514548301697,0.9182514548301697,0.8417211621999741,False,pysentimiento/robertuito-sentiment-analysis,a2cc0f67ebd705c55191e25a05ba23d885fcc09b,4.57.6,128
UgxEsAK7q3l34wFdZ414AaABAg.A_zCnf5bSajA_zX0eQk5DZ,"Vos risa das lagarto h..... e p....... a
Ya quisieras que esto lo tuvieras en el Salvador 
A chngr a su madre a su país agrandado de m.....",Vos risa das lagarto h..... e p....... a Ya quisieras que esto lo tuvieras en el Salvador A chngr a su madre a su país agrandado de m.....,b7f24b83f7db5b1d5c601142ccb96252702094357dcc97ac1e81b81156ce93a8,negativo,NEG,0.9612167477607727,0.026378963142633438,0.012404240667819977,0.9612167477607727,0.9348377846181393,False,pysentimiento/robertuito-sentiment-analysis,a2cc0f67ebd705c55191e25a05ba23d885fcc09b,4.57.6,128
UgxEsAK7q3l34wFdZ414AaABAg.A_zCnf5bSajA_zXHoAX3hj,"​ @luisricardo9671 
Y ni así ha hecho algo similar el Bujele
Solo en seguridad ya se terminó toda la economía de el Pulgarcito y ya no tiene ni quien le preste más dinero",​ @luisricardo9671 Y ni así ha hecho algo similar el Bujele Solo en seguridad ya se terminó toda la economía de el Pulgarcito y ya no tiene ni quien le preste más dinero,f5dc3892c0501cc80fc4dbf37793a650ea47966fcdf02734e3353f50df628267,negativo,NEG,0.9782571792602539,0.01815398968756199,0.003588882740586996,0.9782571792602539,0.9601031895726919,False,pysentimiento/robertuito-sentiment-analysis,a2cc0f67ebd705c55191e25a05ba23d885fcc09b,4.57.6,128
UgxEsAK7q3l34wFdZ414AaABAg.A_zCnf5bSajA_zXUuRIq0q,"Vos Rolando
Tu Bujele lleva 7 años con la cuesta los chorros y ni eso puede terminar
Ja jaaaaaaaaa viva Guatemala",Vos Rolando Tu Bujele lleva 7 años con la cuesta los chorros y ni eso puede terminar Ja jaaaaaaaaa viva Guatemala,e67b8b147da18c1923ba3c8287f891be8948d7be8445082e9c5279d6017fe111,negativo,NEG,0.7646441459655762,0.1978638768196106,0.03749198466539383,0.7646441459655762,0.5667802691459656,False,pysentimiento/robertuito-sentiment-analysis,a2cc0f67ebd705c55191e25a05ba23d885fcc09b,4.57.6,128
UgxEsAK7q3l34wFdZ414AaABAg.A_zCnf5bSajA_znUL05zze,Que fácil te dejas engañar al parecer todas se las crees a Bukeli,Que fácil te dejas engañar al parecer todas se las crees a Bukeli,b3dff8d5338b945df724c64ae492349768a92afb17867e4229fdfc45f74ff8c1,negativo,NEG,0.9121987223625183,0.07742534577846527,0.010375874117016792,0.9121987223625183,0.834773376584053,False,pysentimiento/robertuito-sentiment-analysis,a2cc0f67ebd705c55191e25a05ba23d885fcc09b,4.57.6,128
UgxEsAK7q3l34wFdZ414AaABAg.A_zCnf5bSajAa0q77b9a3F,"Y cual mega maravillas de guanacolandia, un estadio chino, un metro cable de 3 kilometros de distancia y un via llamada los chorros que lleva como 5 años y nunca lo terminan. Por favor investiga un poco antes de abrir la bocota. Haaa¡ y se me olvidaba  la gran deuda externa que tienen.☝️🧐🇬🇹🇬🇹🇬🇹🇬🇹","Y cual mega maravillas de guanacolandia, un estadio chino, un metro cable de 3 kilometros de distancia y un via llamada los chorros que lleva como 5 años y nunca lo terminan. Por favor investiga un poco antes de abrir la bocota. Haaa¡ y se me olvidaba la gran deuda externa que tienen.☝️🧐🇬🇹🇬🇹🇬🇹🇬🇹",2584c018c57717df4cc51e6520368504c16087528ba96e5a07d1ffe2c1922bc3,negativo,NEG,0.9273592233657837,0.062376733869314194,0.010263966396450996,0.9273592233657837,0.8649824894964695,False,pysentimiento/robertuito-sentiment-analysis,a2cc0f67ebd705c55191e25a05ba23d885fcc09b,4.57.6,128
UgxEsAK7q3l34wFdZ414AaABAg.A_zCnf5bSajAa0qEPC8tJc,​ @Murmullodelbarrio 👍🇬🇹,​ @Murmullodelbarrio 👍🇬🇹,4bd0a297d3a09553f9067a7cf35bc28064fef4ea226c003259a1dfa627f10e2b,neutral,NEU,0.09285277128219604,0.6919337511062622,0.21521352231502533,0.6919337511062622,0.4767202287912369,False,pysentimiento/robertuito-sentiment-analysis,a2cc0f67ebd705c55191e25a05ba23d885fcc09b,4.57.6,128
UgxEsAK7q3l34wFdZ414AaABAg.A_zCnf5bSajAa41uU3Anhg,Por que votas por los payasos ledrones pollo roncos que han robado el pais trata de arrepentirte y no volver apoyar a sus amigos que ae estan preparando para buscar y pagar votantes,Por que votas por los payasos ledrones pollo roncos que han robado el pais trata de arrepentirte y no volver apoyar a sus amigos que ae estan preparando para buscar y pagar votantes,95db7ca85f8929db1a030e777b139fbead0ffadc2b7f44a6f6c627e799895b7b,negativo,NEG,0.9607798457145691,0.033249638974666595,0.00597053486853838,0.9607798457145691,0.9275302067399025,False,pysentimiento/robertuito-sentiment-analysis,a2cc0f67ebd705c55191e25a05ba23d885fcc09b,4.57.6,128
UgxFOJmnMHqi2dpDaZd4AaABAg,"Creo que no entienden los Sres periodistas, la comida de trabajo que se hace con personas ajenas del congreso se debe de pagar con dinero del pueblo, más no como antes que en las reuniones del congreso comían gratis todos los diputados","Creo que no entienden los Sres periodistas, la comida de trabajo que se hace con personas ajenas del congreso se debe de pagar con dinero del pueblo, más no como antes que en las reuniones del congreso comían gratis todos los diputados",a0c45506dc866eb275bc35d8b621731f09ef234f31a51c2914d20f4b64bd905c,negativo,NEG,0.8848002552986145,0.10364165902137756,0.011558115482330322,0.8848002552986145,0.7811585962772369,False,pysentimiento/robertuito-sentiment-analysis,a2cc0f67ebd705c55191e25a05ba23d885fcc09b,4.57.6,128
UgxFzCyhju6zPSl4zwZ4AaABAg,Bendiciones a la licenciada periodista Vásquez que Dios proteja su camino y la guarde siempre durante su trabajo en pos de la universidad 🙏,Bendiciones a la licenciada periodista Vásquez que Dios proteja su camino y la guarde siempre durante su trabajo en pos de la universidad 🙏,5cf59fa0978689d63a27be62d58d324f9c5c5ab8b8f9e5aabd672413182c872a,positivo,POS,0.015912096947431564,0.12131499499082565,0.8627728819847107,0.8627728819847107,0.741457886993885,False,pysentimiento/robertuito-sentiment-analysis,a2cc0f67ebd705c55191e25a05ba23d885fcc09b,4.57.6,128
UgxHqBlwo8Dpvv-2P5d4AaABAg,"Es claro nesecitan fondos=caja chica estos recursos deben ser canalizados e implementado  material utilizado las comidas podría ser en fondo general si tuviesen invitados en una sesión extendida, tener un piso por persona. (No comprar lujos)
Esperemos ver otras facturas de diferentes bancadas.
Y apoyo toda fiscalización","Es claro nesecitan fondos=caja chica estos recursos deben ser canalizados e implementado material utilizado las comidas podría ser en fondo general si tuviesen invitados en una sesión extendida, tener un piso por persona. (No comprar lujos) Esperemos ver otras facturas de diferentes bancadas. Y apoyo toda fiscalización",8695f3d02927dc4c29a842d2144229cfeba81a651429480c724e6b7956a69413,neutral,NEU,0.08041153103113174,0.8709096908569336,0.048678841441869736,0.8709096908569336,0.7904981598258018,False,pysentimiento/robertuito-sentiment-analysis,a2cc0f67ebd705c55191e25a05ba23d885fcc09b,4.57.6,128
UgxJQfg5iHA6vRWS0El4AaABAg,se tiene unir el pueblo y zacar a este corrupto y.criminal xq el pueblo manda no es este mafioso xq este wualter masariego esta sin visa x tramposo es aliado al.pacto de.corruptos y.fe todos los terriristas,se tiene unir el pueblo y zacar a este corrupto y.criminal xq el pueblo manda no es este mafioso xq este wualter masariego esta sin visa x tramposo es aliado al.pacto de.corruptos y.fe todos los terriristas,c6f99a70198d773690a9e1a5565de0a6bdfa4dd356913b64282c674e151f71a9,negativo,NEG,0.9027001857757568,0.0810207799077034,0.016278941184282303,0.9027001857757568,0.8216794058680534,False,pysentimiento/robertuito-sentiment-analysis,a2cc0f67ebd705c55191e25a05ba23d885fcc09b,4.57.6,128
UgxK5IJwWigmJ56Xp7p4AaABAg,Magistral información. Que debería ser viral y llegar a toda la población...,Magistral información. Que debería ser viral y llegar a toda la población...,5e8716d97e1011bd80130779f808347ab0236166e30bad791ccd38c3d474c2f3,positivo,POS,0.031161000952124596,0.22989016771316528,0.7389488816261292,0.7389488816261292,0.5090587139129639,False,pysentimiento/robertuito-sentiment-analysis,a2cc0f67ebd705c55191e25a05ba23d885fcc09b,4.57.6,128
UgxKfM_nJMsGTkKkM8V4AaABAg,"Diga hasta misa diputado hambriento, cualquier justificación es pretexto y deje de buscar protagonismo en un trabajo que no hace eficientemente, ojalá la gente sensata nunca más vuelva a dar un voto en una planilla en donde figuren tipos de esta vil calaña.","Diga hasta misa diputado hambriento, cualquier justificación es pretexto y deje de buscar protagonismo en un trabajo que no hace eficientemente, ojalá la gente sensata nunca más vuelva a dar un voto en una planilla en donde figuren tipos de esta vil calaña.",1503731e84c2c3d7619150a8bff1d49c771f65046e739b9cbfe98b1a2d18525c,negativo,NEG,0.9731692671775818,0.021239034831523895,0.005591697990894318,0.9731692671775818,0.9519302323460579,False,pysentimiento/robertuito-sentiment-analysis,a2cc0f67ebd705c55191e25a05ba23d885fcc09b,4.57.6,128
UgxLNf6Xy3xngPFLs594AaABAg,Sr diputado si ud sabe cuales son las condiciones del funcionamiento y sus consecuencias de ser diputado. Por qué se mete a ser diputado cual es su objetivo q le motiva  ser funcionario político. O acaso lo obligaron ?,Sr diputado si ud sabe cuales son las condiciones del funcionamiento y sus consecuencias de ser diputado. Por qué se mete a ser diputado cual es su objetivo q le motiva ser funcionario político. O acaso lo obligaron ?,82b26846f619be78d7bf0983d1aa1f21433648ce51c155af02212342e943647f,negativo,NEG,0.7956113815307617,0.1974206119775772,0.006968030706048012,0.7956113815307617,0.5981907695531845,False,pysentimiento/robertuito-sentiment-analysis,a2cc0f67ebd705c55191e25a05ba23d885fcc09b,4.57.6,128
UgxLSZD8ZrNFmd10RKR4AaABAg,"Que desgraciado ese dipurrata, justificando lo injustificable... no sólo se reunen para planear sus transas si no que además pagamos la factura de esas reuniones y cuidado que menciona a Arévago con una de las transas que pretende hacer con lo de ""tecnología"" que dice es su trabajo como legislador.","Que desgraciado ese dipurrata, justificando lo injustificable... no sólo se reunen para planear sus transas si no que además pagamos la factura de esas reuniones y cuidado que menciona a Arévago con una de las transas que pretende hacer con lo de ""tecnología"" que dice es su trabajo como legislador.",47d6d71dc25f71a484ed0a327026ad89f6c267ed2af5229b227e14fc6df0716a,negativo,NEG,0.9717497229576111,0.02325459197163582,0.0049957167357206345,0.9717497229576111,0.9484951309859753,False,pysentimiento/robertuito-sentiment-analysis,a2cc0f67ebd705c55191e25a05ba23d885fcc09b,4.57.6,128
UgxNSGVebHMGSFI8zX94AaABAg,"tendra' una vista maravillosa , pero lo feo sera' la vista del rio aguas negras muy negativo para el turismo internacional.-","tendra' una vista maravillosa , pero lo feo sera' la vista del rio aguas negras muy negativo para el turismo internacional.-",4d37f46ea3ab553f2b4057c3bd0a637e6b842177247dcba3622742f22009d3e4,negativo,NEG,0.8930356502532959,0.088660828769207,0.018303535878658295,0.8930356502532959,0.8043748214840889,False,pysentimiento/robertuito-sentiment-analysis,a2cc0f67ebd705c55191e25a05ba23d885fcc09b,4.57.6,128
UgxNgFkGSE6nct4PF3V4AaABAg,Regresa. Y. Bas de buelta. Ala carsel....,Regresa. Y. Bas de buelta. Ala carsel....,983511768e526e0d0c2067ad38520af37ecceca523c87290552a46b1f955a090,neutral,NEU,0.12366576492786407,0.7385011315345764,0.13783305883407593,0.7385011315345764,0.6006680727005005,False,pysentimiento/robertuito-sentiment-analysis,a2cc0f67ebd705c55191e25a05ba23d885fcc09b,4.57.6,128
UgxOO0LIkZP1WvhR1U54AaABAg,Exelente 👌,Exelente 👌,1af3d1ad47669e9c629a354849bca55f81a05ae5e40e6b7e6162e7f617b898d1,positivo,POS,0.007411403581500053,0.046443816274404526,0.9461448192596436,0.9461448192596436,0.899701002985239,False,pysentimiento/robertuito-sentiment-analysis,a2cc0f67ebd705c55191e25a05ba23d885fcc09b,4.57.6,128
UgxPHo503SIH-EmlR-t4AaABAg,"EL PRESIDENTE BERNARDO AREVALO TIENE QUE DAR SEGUNDA BUELTA COMO PRESIDENTE PARA QUE TERMINE TODOS LOS PROYECTOS QUE LOS ANTERIORES PRESINTES LADRONES NO FINALISARON .,EL PRESIDENTE BERNARDO AREVALO TIENE QUE DAR SEGUNDA BUELTA PORQUE SE VE MUY BIÉN QUE SI ESTA HACIENDO MUCHAS COSAS BUENAS EN GUATEMALA 👍.","EL PRESIDENTE BERNARDO AREVALO TIENE QUE DAR SEGUNDA BUELTA COMO PRESIDENTE PARA QUE TERMINE TODOS LOS PROYECTOS QUE LOS ANTERIORES PRESINTES LADRONES NO FINALISARON .,EL PRESIDENTE BERNARDO AREVALO TIENE QUE DAR SEGUNDA BUELTA PORQUE SE VE MUY BIÉN QUE SI ESTA HACIENDO MUCHAS COSAS BUENAS EN GUATEMALA 👍.",0a65e78956a7e4f7b10bddefb0da993f5fa44e16a8dad99d902a6729f9b9758e,positivo,POS,0.05661660432815552,0.20037983357906342,0.7430035471916199,0.7430035471916199,0.5426237136125565,False,pysentimiento/robertuito-sentiment-analysis,a2cc0f67ebd705c55191e25a05ba23d885fcc09b,4.57.6,128
UgxPRaGm9MdlK4U6VPt4AaABAg,"Bueno, si lo tienen más que ""merecido"" por el trabajo por la patria, hay menús más baratos. Aunque lo justifica y lo rejustifica, no es merecido con tanta desnutrición y costo de la canasta básica.

Por honestidad, se puede reintegrar.","Bueno, si lo tienen más que ""merecido"" por el trabajo por la patria, hay menús más baratos. Aunque lo justifica y lo rejustifica, no es merecido con tanta desnutrición y costo de la canasta básica. Por honestidad, se puede reintegrar.",10784c7bc662a370f96d9bdeace311d933af66a214ad1fcda30cab78b19e8379,negativo,NEG,0.6077843904495239,0.33680903911590576,0.05540662258863449,0.6077843904495239,0.27097535133361816,False,pysentimiento/robertuito-sentiment-analysis,a2cc0f67ebd705c55191e25a05ba23d885fcc09b,4.57.6,128
UgxQC-ejR063rkAb1VB4AaABAg,"Y no hay manera de aprobar la ley de libre competencia, Guatepeor, aranceles, trabas a importaciones, suministros, hasta cuando","Y no hay manera de aprobar la ley de libre competencia, Guatepeor, aranceles, trabas a importaciones, suministros, hasta cuando",d904d7fc574d491be41c069e63eac4439a722d34d98547b2d8b2543775e05a80,negativo,NEG,0.9801211357116699,0.017045868560671806,0.0028330020140856504,0.9801211357116699,0.9630752671509981,False,pysentimiento/robertuito-sentiment-analysis,a2cc0f67ebd705c55191e25a05ba23d885fcc09b,4.57.6,128
UgxR0AXNH_3DGn-T1494AaABAg,Y para que participan si por el sueldo no es sino por robar,Y para que participan si por el sueldo no es sino por robar,1e81053bff41307e6868000a0520afb667cdad77325f83648bdf7775604fd2d5,negativo,NEG,0.7736865282058716,0.21355387568473816,0.012759534642100334,0.7736865282058716,0.5601326525211334,False,pysentimiento/robertuito-sentiment-analysis,a2cc0f67ebd705c55191e25a05ba23d885fcc09b,4.57.6,128
UgxR1eqvFSEtPNShD8x4AaABAg,SEÑORES ESTE ES UN MEGA PROYECTO. DEBEMOS TRABAJAR Y PENSAR EN EL FUTURO DE GUATEMALA.AVANCEMOS HACIA ADELANTE.  DELANTE...,SEÑORES ESTE ES UN MEGA PROYECTO. DEBEMOS TRABAJAR Y PENSAR EN EL FUTURO DE GUATEMALA.AVANCEMOS HACIA ADELANTE. DELANTE...,6418d84a487305ef504731dc3019a0cbe7b18474cdeef955faba6a9b8af43161,positivo,POS,0.019331037998199463,0.1900576502084732,0.7906112670898438,0.7906112670898438,0.6005536168813705,False,pysentimiento/robertuito-sentiment-analysis,a2cc0f67ebd705c55191e25a05ba23d885fcc09b,4.57.6,128
UgxS0pN-vg0fjeNSLeJ4AaABAg,lamento arruinarles la fiesta pero dudo que esto logren materializarlo y si se logra que soporte un fuerte sismo... lo dudo... desde ya es un reto para el nivel de corrupción en el que vivimos y que se termine esta obra que si beneficiara a miles,lamento arruinarles la fiesta pero dudo que esto logren materializarlo y si se logra que soporte un fuerte sismo... lo dudo... desde ya es un reto para el nivel de corrupción en el que vivimos y que se termine esta obra que si beneficiara a miles,53eea0c304175d7f5ecbc9a46105d5a12837b8517cab3b41a6de6bd18fcd5422,negativo,NEG,0.970958411693573,0.02479487657546997,0.00424661161378026,0.970958411693573,0.946163535118103,False,pysentimiento/robertuito-sentiment-analysis,a2cc0f67ebd705c55191e25a05ba23d885fcc09b,4.57.6,128
UgxTjz0jSJkZW5dGnSp4AaABAg,"Nomás se sientan en el cargo de diputados y ministros y....les crecen ""los cachetes"" hasta les brillan y la barriga. Ej. Benito (tamaletas), Sinibaldi y otros. Y nuestros niños desnutridos....les viene del aire.","Nomás se sientan en el cargo de diputados y ministros y....les crecen ""los cachetes"" hasta les brillan y la barriga. Ej. Benito (tamaletas), Sinibaldi y otros. Y nuestros niños desnutridos....les viene del aire.",5571554a3ce92809ed9ea671c88b16150a9a9fa791500825838c26100adcad81,negativo,NEG,0.9638575911521912,0.03045923449099064,0.005683127325028181,0.9638575911521912,0.9333983566612005,False,pysentimiento/robertuito-sentiment-analysis,a2cc0f67ebd705c55191e25a05ba23d885fcc09b,4.57.6,128
UgxVUS-jkZU2DAjmNjR4AaABAg,x eso es que estan bravos todos esos sinverguenzas xq ya no pueden hacer sus cochinadas ahora con don vernardo arevalo antes asian amedia noche a escondidas del pueblo ahora seles termino todo que verguenza que el pueblo sufriendo muchos problemas y eyos gosando de buenas dietas,x eso es que estan bravos todos esos sinverguenzas xq ya no pueden hacer sus cochinadas ahora con don vernardo arevalo antes asian amedia noche a escondidas del pueblo ahora seles termino todo que verguenza que el pueblo sufriendo muchos problemas y eyos gosando de buenas dietas,325b7dc41ed26359d8e08979db5a30854fe7f442e2e874354138bca1f19c6161,negativo,NEG,0.9683577418327332,0.027581799775362015,0.004060452803969383,0.9683577418327332,0.9407759420573711,False,pysentimiento/robertuito-sentiment-analysis,a2cc0f67ebd705c55191e25a05ba23d885fcc09b,4.57.6,128
UgxW0ZnTohConSPgOpp4AaABAg,Exelente,Exelente,e8bf6689b3839d52b0de56ffb36a2a8453582b426ed9205dd32431fa29017855,positivo,POS,0.007246191613376141,0.04819611459970474,0.9445576667785645,0.9445576667785645,0.8963615521788597,False,pysentimiento/robertuito-sentiment-analysis,a2cc0f67ebd705c55191e25a05ba23d885fcc09b,4.57.6,128
UgxWzoHDeFfVC7jrjzF4AaABAg,Dios los bendiga y disfruten su familia Dios sabe lo que hace bendiciones para todos.,Dios los bendiga y disfruten su familia Dios sabe lo que hace bendiciones para todos.,554baa705192729b7d784b77bee0011e2b7fa41c1279502e5d881aa7031d9f06,positivo,POS,0.004176657646894455,0.04440738260746002,0.9514159560203552,0.9514159560203552,0.9070085734128952,False,pysentimiento/robertuito-sentiment-analysis,a2cc0f67ebd705c55191e25a05ba23d885fcc09b,4.57.6,128
UgxWzoHDeFfVC7jrjzF4AaABAg.Aa9DdH5avRRAaB_gLYRAuw,If you're not a citizen you cannot stay!,If you're not a citizen you cannot stay!,5327a5cf4cd277658d044a85d8c56f0d3039cfa3432ca8bac7162e99299606c1,negativo,NEG,0.6682211756706238,0.267457515001297,0.06432128697633743,0.6682211756706238,0.4007636606693268,False,pysentimiento/robertuito-sentiment-analysis,a2cc0f67ebd705c55191e25a05ba23d885fcc09b,4.57.6,128
UgxXGkvxY-TdtPROWcV4AaABAg,No cabe duda que es el reflejo de la cooptacion que el pacto de corruptos a echo en todas las instituciones del pais.,No cabe duda que es el reflejo de la cooptacion que el pacto de corruptos a echo en todas las instituciones del pais.,32d96f6d5b82efeaaff0587a971db08c9a40fa6d87832715a5babb4a478616cb,negativo,NEG,0.9457166790962219,0.04325283318758011,0.011030544526875019,0.9457166790962219,0.9024638459086418,False,pysentimiento/robertuito-sentiment-analysis,a2cc0f67ebd705c55191e25a05ba23d885fcc09b,4.57.6,128
UgxXy9CurqMBEjFnVwF4AaABAg,"Excelente video, me acabo de suscribir al canal y ahora a ver los demás videos.","Excelente video, me acabo de suscribir al canal y ahora a ver los demás videos.",63d33202f9ef17103d4aa64b4bdd2c81446bd8359b557732c96e344965470838,positivo,POS,0.002739598276093602,0.03689618781208992,0.9603642821311951,0.9603642821311951,0.9234680943191051,False,pysentimiento/robertuito-sentiment-analysis,a2cc0f67ebd705c55191e25a05ba23d885fcc09b,4.57.6,128
UgxZFzh6jzOX7Avhk1h4AaABAg,"Es con criterio, no le podemos exigir mucho.","Es con criterio, no le podemos exigir mucho.",affb824e6a043790d63325b3fcd2c0c63c15c4f681aa0732aca718ed7a750e6e,neutral,NEU,0.34460878372192383,0.5728293657302856,0.0825619027018547,0.5728293657302856,0.22822058200836182,True,pysentimiento/robertuito-sentiment-analysis,a2cc0f67ebd705c55191e25a05ba23d885fcc09b,4.57.6,128
Ugx_gjcVH5SlIKBNTGh4AaABAg,"Excelente trabajo. Sigan haciendo más vídeos así, explicando con lenguaje sencillo. Quisiera apoyarles más, pero les dejo mi like, comentario y comparto.","Excelente trabajo. Sigan haciendo más vídeos así, explicando con lenguaje sencillo. Quisiera apoyarles más, pero les dejo mi like, comentario y comparto.",6979355b8c91ea4058c6ca6e3d7ba1da4562fe0e197f99c1b69cc4a4ce4d5423,positivo,POS,0.0045762318186461926,0.07086186110973358,0.9245618581771851,0.9245618581771851,0.8536999970674515,False,pysentimiento/robertuito-sentiment-analysis,a2cc0f67ebd705c55191e25a05ba23d885fcc09b,4.57.6,128
Ugxb-sknzjBr3wecCw94AaABAg,Por q no dan la cara,Por q no dan la cara,387e5e5db98ce1f2af1ed2c50d8674aa1ea0fb9b6254c6702e513bd7356f2eea,negativo,NEG,0.9266616106033325,0.06503850221633911,0.008299880661070347,0.9266616106033325,0.8616231083869934,False,pysentimiento/robertuito-sentiment-analysis,a2cc0f67ebd705c55191e25a05ba23d885fcc09b,4.57.6,128
Ugxb1xcC9SSJ_5vSArF4AaABAg,"Urge estudiantes y catedráticos con lucha social,en recuperar la autonomía universitaria,es urgente fiscalizar los bienes de quienes estuvieron apoyando a este rector,revisar viajesitos a muchos estudiantes que se vendieron urge una A.E.U. que ame la sancarlos y nuestro bendito país,urgente fiscalizarlos","Urge estudiantes y catedráticos con lucha social,en recuperar la autonomía universitaria,es urgente fiscalizar los bienes de quienes estuvieron apoyando a este rector,revisar viajesitos a muchos estudiantes que se vendieron urge una A.E.U. que ame la sancarlos y nuestro bendito país,urgente fiscalizarlos",1c6f6a970ba64bccbe5b8e2fda786459bc6c82a4baa668be1ac6e0b200681abb,neutral,NEU,0.3630000054836273,0.49824923276901245,0.13875079154968262,0.49824923276901245,0.13524922728538513,True,pysentimiento/robertuito-sentiment-analysis,a2cc0f67ebd705c55191e25a05ba23d885fcc09b,4.57.6,128
Ugxbz7-04jLwadBMK_p4AaABAg,2000 quetzales todo una quincena se hartaron en un solo dia. Que joyitas estas que no piensan en el pueblo.,2000 quetzales todo una quincena se hartaron en un solo dia. Que joyitas estas que no piensan en el pueblo.,07044e9eb2e52661b40d33724a97019b7db5ee9f1b003c2ffc98e83b7aefd9fb,negativo,NEG,0.9538968205451965,0.03726349398493767,0.008839582093060017,0.9538968205451965,0.9166333265602589,False,pysentimiento/robertuito-sentiment-analysis,a2cc0f67ebd705c55191e25a05ba23d885fcc09b,4.57.6,128
UgxcBa2IQb3I0JZcFax4AaABAg,Lo del nombre es lo de menos ojala que si lo terminen esta vez,Lo del nombre es lo de menos ojala que si lo terminen esta vez,67a4e57ea5c97727b4fbf5a92bf947daf6e5f6f08564d4c3e3741173b4eebc8d,neutral,NEU,0.4533402621746063,0.49849486351013184,0.04816483333706856,0.49849486351013184,0.04515460133552551,True,pysentimiento/robertuito-sentiment-analysis,a2cc0f67ebd705c55191e25a05ba23d885fcc09b,4.57.6,128
UgxcGV8-rD83ACvM0954AaABAg,"No es un buen salario 25,000.00 quetzales dice entonces q puedo hacer yo con 3,000.00 tristes quetzales","No es un buen salario 25,000.00 quetzales dice entonces q puedo hacer yo con 3,000.00 tristes quetzales",c4c1ef0a142b83224c2a68ab94f34a7efba6cfd2a6dc4322345ba48fd6a38dcc,negativo,NEG,0.8563534617424011,0.1340714395046234,0.00957509409636259,0.8563534617424011,0.7222820222377777,False,pysentimiento/robertuito-sentiment-analysis,a2cc0f67ebd705c55191e25a05ba23d885fcc09b,4.57.6,128
UgxctiUZJriWwsE0a6J4AaABAg,Échale un cuento completo este diputado y toda la bola de inservibles que fueron a comerse dinero del pueblo hasta sanguijuelas Oiga bien Dice que Cómo en el erario público y el gobierno como empresa donde una empresa produce dinero ellos gastan dinero desde una empresa no le da un bocado de comida a nadie si no produce ellos no producen ellos son los gastan,Échale un cuento completo este diputado y toda la bola de inservibles que fueron a comerse dinero del pueblo hasta sanguijuelas Oiga bien Dice que Cómo en el erario público y el gobierno como empresa donde una empresa produce dinero ellos gastan dinero desde una empresa no le da un bocado de comida a nadie si no produce ellos no producen ellos son los gastan,57b37ebd17d75b558e0fd5b7c0c30ac97a1e14096edddf66e3ba7d398eb26ec4,negativo,NEG,0.9674015641212463,0.026807647198438644,0.005790722090750933,0.9674015641212463,0.9405939169228077,False,pysentimiento/robertuito-sentiment-analysis,a2cc0f67ebd705c55191e25a05ba23d885fcc09b,4.57.6,128
Ugxd8fn-MEnc3SKPtid4AaABAg,"Otto Pérez Leal dejó tirado un paso a desnivel en Molino Las Flores y Neto Bran ni se ha molestado en retomar. 
Hay diferencias de políticos. Arévalo, el tiempo le dará la razón.
La paciencia es una virtud.","Otto Pérez Leal dejó tirado un paso a desnivel en Molino Las Flores y Neto Bran ni se ha molestado en retomar. Hay diferencias de políticos. Arévalo, el tiempo le dará la razón. La paciencia es una virtud.",6ee29b0fba2bbec470ce81f515c846279be352f75aa33d206acd578bd3fba7a5,negativo,NEG,0.6639188528060913,0.2812533974647522,0.05482776463031769,0.6639188528060913,0.3826654553413391,False,pysentimiento/robertuito-sentiment-analysis,a2cc0f67ebd705c55191e25a05ba23d885fcc09b,4.57.6,128
UgxdfjiT5_VBaeADj7h4AaABAg,TODO EL APOYO PARA EL PRESIDENTE BERNARDO AREVALO 👏🎉👏🎉👏🎉👏,TODO EL APOYO PARA EL PRESIDENTE BERNARDO AREVALO 👏🎉👏🎉👏🎉👏,1d4a781d19d2e75314bbc44aa82e98e02510539f5bfd4ca035dc7b8d831cbacb,positivo,POS,0.08825410157442093,0.3207016885280609,0.5910441279411316,0.5910441279411316,0.2703424394130707,True,pysentimiento/robertuito-sentiment-analysis,a2cc0f67ebd705c55191e25a05ba23d885fcc09b,4.57.6,128
Ugxe0MXeW4ziwUMTfF54AaABAg,Jejejejejkee porque nosotros vivos con el minimo jejeje,Jejejejejkee porque nosotros vivos con el minimo jejeje,aff405f6b6d83a2c1ac814cf5484808a7596af4051cfc6ed241bcac7b83c3aa0,neutral,NEU,0.06981796026229858,0.79178386926651,0.13839823007583618,0.79178386926651,0.6533856391906738,False,pysentimiento/robertuito-sentiment-analysis,a2cc0f67ebd705c55191e25a05ba23d885fcc09b,4.57.6,128
UgxeJQgzDc124jVv7Fx4AaABAg,Más claro imposible! Usac sigan en su lucha! Mientras comparto su video para que más personas se informen,Más claro imposible! Usac sigan en su lucha! Mientras comparto su video para que más personas se informen,bf95e907ef5f76eff03b24dc1995f3124c5655b3e4962f51319d9042a408e80a,positivo,POS,0.01398731954395771,0.24481096863746643,0.7412016987800598,0.7412016987800598,0.4963907301425934,False,pysentimiento/robertuito-sentiment-analysis,a2cc0f67ebd705c55191e25a05ba23d885fcc09b,4.57.6,128
Ugxf6gnAtXKqV1Q_zRd4AaABAg,"Excelente reportaje. Les comparto algo que escribí en mi blog sobre mi experiencia siendo peatón en la cabecera departamental de Jutiapa, acá en Guatemala. 
https://mrmannoticias.blogspot.com/2018/04/el-indomito-peaton-de-jutiapa.html","Excelente reportaje. Les comparto algo que escribí en mi blog sobre mi experiencia siendo peatón en la cabecera departamental de Jutiapa, acá en Guatemala. https://mrmannoticias.blogspot.com/2018/04/el-indomito-peaton-de-jutiapa.html",0539bae3c57c2ebee29d135523bd1802f067091adc5aa64b137daac2e7265287,neutral,NEU,0.0969182476401329,0.6976754665374756,0.20540626347064972,0.6976754665374756,0.49226920306682587,False,pysentimiento/robertuito-sentiment-analysis,a2cc0f67ebd705c55191e25a05ba23d885fcc09b,4.57.6,128
UgxfUxJfY_pjvu9318Z4AaABAg,Ese diputado es mañoso y abusivo como todos solo de artar no hacen nada bueno por el pueblo ladrones el pueblo le paga de Ai tiene que pagar su almuerzo,Ese diputado es mañoso y abusivo como todos solo de artar no hacen nada bueno por el pueblo ladrones el pueblo le paga de Ai tiene que pagar su almuerzo,188a02f437f17a98e5e77fc9fb0c559a6441f95b3512d2728ac0feb97a507241,negativo,NEG,0.97584468126297,0.018890047445893288,0.005265160463750362,0.97584468126297,0.9569546338170767,False,pysentimiento/robertuito-sentiment-analysis,a2cc0f67ebd705c55191e25a05ba23d885fcc09b,4.57.6,128
UgxfnbtuhVQuDILnXj14AaABAg,Que no justifique. Trabajo es trabajo y tiene que haser algo,Que no justifique. Trabajo es trabajo y tiene que haser algo,d880aab428c5ace5fb830fa577410c5f36f04161d11aaeb9fe79549696555665,neutral,NEU,0.17079691588878632,0.7048562169075012,0.12434688955545425,0.7048562169075012,0.5340593010187149,False,pysentimiento/robertuito-sentiment-analysis,a2cc0f67ebd705c55191e25a05ba23d885fcc09b,4.57.6,128
Ugxgxziq7k4s9WwmauB4AaABAg,Es problema es el exceso de vehículos y eso nadie lo podrá resolver sin contar la falta de educación vial que genera bastante tráfico ya q todos quieren pasar al mismo tiempo. Pero son buenos proyectos.,Es problema es el exceso de vehículos y eso nadie lo podrá resolver sin contar la falta de educación vial que genera bastante tráfico ya q todos quieren pasar al mismo tiempo. Pero son buenos proyectos.,a5c3be0dbe9bd4ade17595f63af00808b38b96ba9894b153ff76b1004256712d,negativo,NEG,0.9381409883499146,0.05492967367172241,0.006929302122443914,0.9381409883499146,0.8832113146781921,False,pysentimiento/robertuito-sentiment-analysis,a2cc0f67ebd705c55191e25a05ba23d885fcc09b,4.57.6,128
UgxiEgXuexKPtHEwAQJ4AaABAg,Esa son la noticia de univision y Telemundo  no dan otra positiva al gobierno  ya lo estamos desenmascarando  su manipulación,Esa son la noticia de univision y Telemundo no dan otra positiva al gobierno ya lo estamos desenmascarando su manipulación,9048cc1562320a627f38024b16b0ca1c4c1aaf91ae67e2a0b409ec48622afa84,negativo,NEG,0.9405238032341003,0.05354601889848709,0.00593021372333169,0.9405238032341003,0.8869777843356133,False,pysentimiento/robertuito-sentiment-analysis,a2cc0f67ebd705c55191e25a05ba23d885fcc09b,4.57.6,128
UgxiEgXuexKPtHEwAQJ4AaABAg.Aa9HLCNywwKAa9OgyseDes,Bajo el crimen y la oferta de casas crecio en Texas…..lastima por tamto ilegal,Bajo el crimen y la oferta de casas crecio en Texas…..lastima por tamto ilegal,07f01a1b62bb8ae1c9a6bc685710abbae8598d2e043384dd6311274f9b796589,negativo,NEG,0.9292676448822021,0.06429130584001541,0.006441014818847179,0.9292676448822021,0.8649763390421867,False,pysentimiento/robertuito-sentiment-analysis,a2cc0f67ebd705c55191e25a05ba23d885fcc09b,4.57.6,128
UgxiEgXuexKPtHEwAQJ4AaABAg.Aa9HLCNywwKAa9ZeEQh7n7,💯Correcto.  Unicoyote y Telementiras ya jartan con la misma novela y teatro todos los dias.,💯Correcto. Unicoyote y Telementiras ya jartan con la misma novela y teatro todos los dias.,e50fb481e7b572f98e1e54ccfeee1664c19f9b9cb13a8cbd67f51c28d25ea15f,negativo,NEG,0.915368914604187,0.07140666246414185,0.013224372640252113,0.915368914604187,0.8439622521400452,False,pysentimiento/robertuito-sentiment-analysis,a2cc0f67ebd705c55191e25a05ba23d885fcc09b,4.57.6,128
Ugxj76_NAyOnh_vsgMV4AaABAg,Se ve moderna Y bella la ciudad de Guatemala .......Saludos desde Ecuador,Se ve moderna Y bella la ciudad de Guatemala .......Saludos desde Ecuador,a0a20be622e4c61656aa001efde2526e95de77e3cb9a8fd1d926fd76d40135a0,positivo,POS,0.0024519411381334066,0.02524726092815399,0.9723008275032043,0.9723008275032043,0.9470535665750504,False,pysentimiento/robertuito-sentiment-analysis,a2cc0f67ebd705c55191e25a05ba23d885fcc09b,4.57.6,128
UgxkcFai5KbeHyhGbnF4AaABAg,Señor presidente enfoque se en combatir la delincuencia y usted será recordado como el mejor presidente de Guatemala,Señor presidente enfoque se en combatir la delincuencia y usted será recordado como el mejor presidente de Guatemala,b5040f2a1291986ce9cb1c24dde2c7624dd2c3f8f0f700e134a11f5a4117a009,positivo,POS,0.12240268290042877,0.3064436912536621,0.5711536407470703,0.5711536407470703,0.2647099494934082,True,pysentimiento/robertuito-sentiment-analysis,a2cc0f67ebd705c55191e25a05ba23d885fcc09b,4.57.6,128
Ugxl5bLZ1llR9fV0V0l4AaABAg,"Demos Like y comentemos en este tipo de contenido, asi mas gente se entera de estos tranzas 
Risa dá que pida que hanlen de lo que ""hace bien""..... Es su trabajo pedazo de M","Demos Like y comentemos en este tipo de contenido, asi mas gente se entera de estos tranzas Risa dá que pida que hanlen de lo que ""hace bien""..... Es su trabajo pedazo de M",b980ffc5ede55b75d5de40ed1f8dc8b5678a0e1f48bf9d16efe4218832547aa4,negativo,NEG,0.8210698366165161,0.14060141146183014,0.03832868114113808,0.8210698366165161,0.680468425154686,False,pysentimiento/robertuito-sentiment-analysis,a2cc0f67ebd705c55191e25a05ba23d885fcc09b,4.57.6,128
UgxoLjEjkngSVGZvO1N4AaABAg,👏👏👏👏👏👏,👏👏👏👏👏👏,887e13b8c151e6fad58d78a22a3fdb52225a9f07047ff8a9f9622762db0efc2b,neutral,NEU,0.23818501830101013,0.485853910446167,0.27596110105514526,0.485853910446167,0.20989280939102173,True,pysentimiento/robertuito-sentiment-analysis,a2cc0f67ebd705c55191e25a05ba23d885fcc09b,4.57.6,128
Ugxoc10_rBva4f6IW2N4AaABAg,Que devuelvan el pisto ...,Que devuelvan el pisto ...,4242bd569ea1e0ef28d8b0226a8e1ea980274559b8bfb15f0bbdb76256be5457,neutral,NEU,0.23845961689949036,0.6776946187019348,0.08384569734334946,0.6776946187019348,0.43923500180244446,False,pysentimiento/robertuito-sentiment-analysis,a2cc0f67ebd705c55191e25a05ba23d885fcc09b,4.57.6,128
UgxovP0Yh3_qrKdrKrp4AaABAg,"Primera contradicción ¿Cómo le van a poner un conjunto de reglas a un ""libre mercado"". Al hacer la ley ya no será un libre mercado.

El problema no es la falta de ley. El problema es el sistema capitalista. No hay que darle tanta vuelta","Primera contradicción ¿Cómo le van a poner un conjunto de reglas a un ""libre mercado"". Al hacer la ley ya no será un libre mercado. El problema no es la falta de ley. El problema es el sistema capitalista. No hay que darle tanta vuelta",cf2bb9d189c87a7122306d2b5f3087fef224de895cd486a283fb17e850fee14c,negativo,NEG,0.8936862349510193,0.09910722076892853,0.007206615060567856,0.8936862349510193,0.7945790141820908,False,pysentimiento/robertuito-sentiment-analysis,a2cc0f67ebd705c55191e25a05ba23d885fcc09b,4.57.6,128
UgxpFKbiejsVGSNIcTh4AaABAg,Esa bancada Cabal y otros siguen en la terquedad de gastar en comida. A nadie le deben pagar su comida. A nadie. NADIE.,Esa bancada Cabal y otros siguen en la terquedad de gastar en comida. A nadie le deben pagar su comida. A nadie. NADIE.,c325a547e78b70058562f65ad1506b0c033e7b5756e9ab9b89602f9be3cf2e61,negativo,NEG,0.9473000168800354,0.04611687734723091,0.006583109963685274,0.9473000168800354,0.9011831395328045,False,pysentimiento/robertuito-sentiment-analysis,a2cc0f67ebd705c55191e25a05ba23d885fcc09b,4.57.6,128
UgxqEChOyWebtVaqy-V4AaABAg,Soy yo vi Cua Batz,Soy yo vi Cua Batz,675b186cd7d8343bf929345c18828006405ec303cdca7bc095b928bbeef05568,neutral,NEU,0.20199008285999298,0.5743105411529541,0.22369933128356934,0.5743105411529541,0.35061120986938477,True,pysentimiento/robertuito-sentiment-analysis,a2cc0f67ebd705c55191e25a05ba23d885fcc09b,4.57.6,128
UgxqSfWMWvqMX8tiC5x4AaABAg,"me imagino que en los horarios que deberian de estar trabajando estan durmiendo por eso aparecen , dicen que trabajando pero es es solamente haciendo carnitas asadas y cerveciando.","me imagino que en los horarios que deberian de estar trabajando estan durmiendo por eso aparecen , dicen que trabajando pero es es solamente haciendo carnitas asadas y cerveciando.",3053d026b0e55c1893e6dbc6e143eb2da6dda220082df098a690ae48bcb5fc41,negativo,NEG,0.5992349982261658,0.3796979784965515,0.02106698788702488,0.5992349982261658,0.21953701972961426,True,pysentimiento/robertuito-sentiment-analysis,a2cc0f67ebd705c55191e25a05ba23d885fcc09b,4.57.6,128
UgxrZBO3MtEqcgXAIEN4AaABAg,"Que bueno que Guatemala sea una cuidad bonita y ojalá todos los proyectos sean realidad. Se los deseo con todo corazón de una salvadoreña que gusta mucho de la cuidad de Guatemala , donde me crie y viví por mucho tiempo y la considero mi segundo país, viva Guatemala y viva todo Centroamérica.","Que bueno que Guatemala sea una cuidad bonita y ojalá todos los proyectos sean realidad. Se los deseo con todo corazón de una salvadoreña que gusta mucho de la cuidad de Guatemala , donde me crie y viví por mucho tiempo y la considero mi segundo país, viva Guatemala y viva todo Centroamérica.",d023199ad6b346645d7f396b50ca854e9438b30055dea78478a5ff2960914296,positivo,POS,0.002790501108393073,0.021153416484594345,0.9760560989379883,0.9760560989379883,0.9549026824533939,False,pysentimiento/robertuito-sentiment-analysis,a2cc0f67ebd705c55191e25a05ba23d885fcc09b,4.57.6,128
UgxswojCyw1a0RuHVEp4AaABAg,La persona encargada del ecosistema que ayude a este problema.,La persona encargada del ecosistema que ayude a este problema.,6fd70e84bdc22cec277c4dd7f17c0bfaba0d16cea72f8f6745394a6a03175963,neutral,NEU,0.1458612084388733,0.7918100953102112,0.06232872232794762,0.7918100953102112,0.6459488868713379,False,pysentimiento/robertuito-sentiment-analysis,a2cc0f67ebd705c55191e25a05ba23d885fcc09b,4.57.6,128
UgxuO_1lX_-jTQfAzZx4AaABAg,Sería  muy bueno construir el tren a nivel departamentales hacia la ciudad de Guatemala,Sería muy bueno construir el tren a nivel departamentales hacia la ciudad de Guatemala,927bdd5ccb2747e767a5cf07b15e28665013cbacdc8646ce255368f84feaf815,positivo,POS,0.01932656578719616,0.2744462788105011,0.70622718334198,0.70622718334198,0.4317809045314789,False,pysentimiento/robertuito-sentiment-analysis,a2cc0f67ebd705c55191e25a05ba23d885fcc09b,4.57.6,128
UgxudaO35O8XcM9Wu4t4AaABAg,Q  recuerdos esta dejando semiya se pierden armas del estado la delincuencia no reduse,Q recuerdos esta dejando semiya se pierden armas del estado la delincuencia no reduse,eb255acaad8ea34799abe13535385bcc0153cb0bacc745640293eb392eb082d8,negativo,NEG,0.9672673940658569,0.028164196759462357,0.004568502772599459,0.9672673940658569,0.9391031973063946,False,pysentimiento/robertuito-sentiment-analysis,a2cc0f67ebd705c55191e25a05ba23d885fcc09b,4.57.6,128
UgxvgdNqovIhqUZDxUx4AaABAg,Y los estudiantes de la usac que han echo?,Y los estudiantes de la usac que han echo?,ecabd69f457940b728dec292f4bfd075a29bbed90c6ab4be32c699117944333c,negativo,NEG,0.6938776969909668,0.2958773970603943,0.01024496927857399,0.6938776969909668,0.3980002999305725,False,pysentimiento/robertuito-sentiment-analysis,a2cc0f67ebd705c55191e25a05ba23d885fcc09b,4.57.6,128
UgxvmbFNm6tYRX6yfLN4AaABAg,Pero que trabajo ase este delincuente si sólo robar,Pero que trabajo ase este delincuente si sólo robar,540986178dc89a0ed8b0aca382cf58246f958d49ebfb46d69c61f7414ec79bcb,negativo,NEG,0.9272072315216064,0.06218578666448593,0.010606927797198296,0.9272072315216064,0.8650214448571205,False,pysentimiento/robertuito-sentiment-analysis,a2cc0f67ebd705c55191e25a05ba23d885fcc09b,4.57.6,128
Ugxvt0tvqY4UlDS2hoh4AaABAg,"FUERA MAZARIEGOS DE LA USAC, TÍTERE DEL PACTO DE CORRUPTOS!!!
Guatemala necesita que CICIG vuelva y reinicie la lucha anti corrupción, el pacto de corruptos encabezado por la fundación contra el terrorismo ya tiene cooptadas todas las instituciones de justicia, especialmente el MP. 👍⚖️","FUERA MAZARIEGOS DE LA USAC, TÍTERE DEL PACTO DE CORRUPTOS!!! Guatemala necesita que CICIG vuelva y reinicie la lucha anti corrupción, el pacto de corruptos encabezado por la fundación contra el terrorismo ya tiene cooptadas todas las instituciones de justicia, especialmente el MP. 👍⚖️",263941577282a40746299fdf0ba803dc372d3bff8739ebb18109a4fd0f8253f5,negativo,NEG,0.9325886368751526,0.0537339486181736,0.013677379116415977,0.9325886368751526,0.878854688256979,False,pysentimiento/robertuito-sentiment-analysis,a2cc0f67ebd705c55191e25a05ba23d885fcc09b,4.57.6,128
UgxvxNmPMdRuRDptJQN4AaABAg,Porque. No salen. Acombatir LA seguridad. En las calles. Acombatir LA corruption. Policiacas...,Porque. No salen. Acombatir LA seguridad. En las calles. Acombatir LA corruption. Policiacas...,c71f4a31acbcfb008846c3126c064c523f182a00d92757aade46eb2278e0fc3f,negativo,NEG,0.8530576229095459,0.13319972157478333,0.013742641545832157,0.8530576229095459,0.7198579013347626,False,pysentimiento/robertuito-sentiment-analysis,a2cc0f67ebd705c55191e25a05ba23d885fcc09b,4.57.6,128
Ugxw_1trnd8loD3302V4AaABAg,"Porque no hacen sus reuniones de ''trabajo'' en el comedor de doña Chonita, como dijo giammattei, almuerzos de Q25.00 y pagados con sus sueldos.","Porque no hacen sus reuniones de ''trabajo'' en el comedor de doña Chonita, como dijo giammattei, almuerzos de Q25.00 y pagados con sus sueldos.",61d9fb7e0c4c9f8fc9d78adab0c868e6e9a885db6bd305378ae2e07a24c17ad0,negativo,NEG,0.7945013046264648,0.19566385447978973,0.009834837168455124,0.7945013046264648,0.5988374501466751,False,pysentimiento/robertuito-sentiment-analysis,a2cc0f67ebd705c55191e25a05ba23d885fcc09b,4.57.6,128
UgxxNu7QTJHuAgFaEYN4AaABAg,El pueblo ya estaba trankilo ya que segun decian les habian quitado el almuerzo a esos ladronasos pero me estoy dando cuenta que no el pueblo les estamos pagando un sueldo jugoso y todabia pagando sus comidas que desgracia que hase ese presidente del congreso y el del pais bernardo arebalo engañadores al pueblo que pasa Nery Ramos,El pueblo ya estaba trankilo ya que segun decian les habian quitado el almuerzo a esos ladronasos pero me estoy dando cuenta que no el pueblo les estamos pagando un sueldo jugoso y todabia pagando sus comidas que desgracia que hase ese presidente del congreso y el del pais bernardo arebalo engañadores al pueblo que pasa Nery Ramos,a9f2b6f75710941f48d9fa763d607df10ec33096c5cc599aa75c57bb418fcd58,negativo,NEG,0.9751595258712769,0.021762380376458168,0.003078106325119734,0.9751595258712769,0.9533971454948187,False,pysentimiento/robertuito-sentiment-analysis,a2cc0f67ebd705c55191e25a05ba23d885fcc09b,4.57.6,128
UgxxdDS3FUc53KWN3KF4AaABAg,"Si alguien viene a mi casa sin invitación yo no lo dejo entrar y si entra a la fuerza se busca un problema,eso pasa con los inmigrantes que entraron ilegalmente.","Si alguien viene a mi casa sin invitación yo no lo dejo entrar y si entra a la fuerza se busca un problema,eso pasa con los inmigrantes que entraron ilegalmente.",e2523811b03a81206d1f42c47f9169512982adea1d38b4cebdda26aa45f724e0,negativo,NEG,0.837726354598999,0.1557205617427826,0.006553146988153458,0.837726354598999,0.6820057928562164,False,pysentimiento/robertuito-sentiment-analysis,a2cc0f67ebd705c55191e25a05ba23d885fcc09b,4.57.6,128
Ugxy4k7pO6jFtwyDyFp4AaABAg,Rodas se le olvida que reciven un jugoso salario por el trabajo que hacen.,Rodas se le olvida que reciven un jugoso salario por el trabajo que hacen.,687fe6d0d5f34f0993e02c623812a15884eb2241aaaf222dc303aabfc7e542e5,negativo,NEG,0.8759097456932068,0.11474776268005371,0.009342493489384651,0.8759097456932068,0.7611619830131531,False,pysentimiento/robertuito-sentiment-analysis,a2cc0f67ebd705c55191e25a05ba23d885fcc09b,4.57.6,128
Ugxz9vnSvQJNt4YNbYV4AaABAg,El respeto paso peatonal no existe en ningún lado y las personas tienen que esquivar a los carros por qué no respetan y las motos se pasan en rojo se lo pasan llevando a uno,El respeto paso peatonal no existe en ningún lado y las personas tienen que esquivar a los carros por qué no respetan y las motos se pasan en rojo se lo pasan llevando a uno,963f0bebad55fedcb579c78d13c218db3cadfd651bee24bda132ba103fa5f9b8,negativo,NEG,0.976106584072113,0.02087699994444847,0.003016380127519369,0.976106584072113,0.9552295841276646,False,pysentimiento/robertuito-sentiment-analysis,a2cc0f67ebd705c55191e25a05ba23d885fcc09b,4.57.6,128
UgxzETIqBajjXFTGd_R4AaABAg,"Y solo con esta información nos damos con la realidad del CACIF y sus intereses, estamos jodidos si no hacemos algo.","Y solo con esta información nos damos con la realidad del CACIF y sus intereses, estamos jodidos si no hacemos algo.",4a0753e9e9ac86f93a7df1eb752cebcb512a26a5856a0f4b7020e1ea08600f68,negativo,NEG,0.9825757741928101,0.01511500496417284,0.0023092622868716717,0.9825757741928101,0.9674607692286372,False,pysentimiento/robertuito-sentiment-analysis,a2cc0f67ebd705c55191e25a05ba23d885fcc09b,4.57.6,128
UgxzN9_I9vkDCdX_8dN4AaABAg,Si se reformarla ley de partidos políticos esos infelices jamás en la historia pondrian un pie En el congreso y muy probablemente terminarían en la carcel,Si se reformarla ley de partidos políticos esos infelices jamás en la historia pondrian un pie En el congreso y muy probablemente terminarían en la carcel,39ab8147214bc3870c9ea57900928f31e0cf0b09710d5d92f8ec815ab05c5b07,negativo,NEG,0.8534359335899353,0.12650161981582642,0.02006242610514164,0.8534359335899353,0.7269343137741089,False,pysentimiento/robertuito-sentiment-analysis,a2cc0f67ebd705c55191e25a05ba23d885fcc09b,4.57.6,128
Ugy0LbKWrqUFhWPRoKN4AaABAg,"Que estos diputados no se rían y burlen del pueblo desnutrido y muriéndose de hambre. Llegará el momento y no será muy tarde para nosotros que los pusimos los tengamos que sacar de su caja de oro y cuando el pueblo se levante y los saque de su chiquero van a arrepentirse de lo mal de sus acciones. Así será para los miembros de la CC,MP,CONGRESO,CSJ,OJ y otros que han apañado las burlas al pueblo. 48 cantones también vendrán a salvar al pueblo. Estamos artos de tanta corrupción.","Que estos diputados no se rían y burlen del pueblo desnutrido y muriéndose de hambre. Llegará el momento y no será muy tarde para nosotros que los pusimos los tengamos que sacar de su caja de oro y cuando el pueblo se levante y los saque de su chiquero van a arrepentirse de lo mal de sus acciones. Así será para los miembros de la CC,MP,CONGRESO,CSJ,OJ y otros que han apañado las burlas al pueblo. 48 cantones también vendrán a salvar al pueblo. Estamos artos de tanta corrupción.",5b69969129939b0bc05924bddfecc29a0dc003256c5d0cce30aaa2dfd695862c,negativo,NEG,0.9247673153877258,0.06557247042655945,0.009660218842327595,0.9247673153877258,0.8591948449611664,False,pysentimiento/robertuito-sentiment-analysis,a2cc0f67ebd705c55191e25a05ba23d885fcc09b,4.57.6,128
Ugy0LbKWrqUFhWPRoKN4AaABAg.A7epXgDRFjZA7f-Z-rKQOV,Ni en su casa habían comido esas viandas. Son unos sinverguenzas,Ni en su casa habían comido esas viandas. Son unos sinverguenzas,2bbd18aae5260dcf3900f330ba3c73ca30642a38ac7f4cdbe376db31b46fe3df,negativo,NEG,0.9517723917961121,0.03787192329764366,0.010355578735470772,0.9517723917961121,0.9139004684984684,False,pysentimiento/robertuito-sentiment-analysis,a2cc0f67ebd705c55191e25a05ba23d885fcc09b,4.57.6,128
Ugy0dVAcWghuyCdAVS54AaABAg,Está bien que se Arten asta ya no y los más pobres  muriendo de hambre pero si dices comes fuera de la hora es tu problema para que la  huesiaste pues,Está bien que se Arten asta ya no y los más pobres muriendo de hambre pero si dices comes fuera de la hora es tu problema para que la huesiaste pues,6d9346f4a4a0601fce65e4503aaa9b08e79784a27d00cbddf19d863d143ac7c8,negativo,NEG,0.9599900245666504,0.032955195754766464,0.0070547256618738174,0.9599900245666504,0.9270348288118839,False,pysentimiento/robertuito-sentiment-analysis,a2cc0f67ebd705c55191e25a05ba23d885fcc09b,4.57.6,128
Ugy1neHHTJYO0umhgLt4AaABAg,"Yo trabajé en joya negra 
Sandra jovel también llega mucho 
Y el profe Luis Fernando tena",Yo trabajé en joya negra Sandra jovel también llega mucho Y el profe Luis Fernando tena,37208acf1d387cec1258624a1cfec6a9790d2207f4fc3c2f686a197ddcf88335,positivo,POS,0.01308601163327694,0.40336373448371887,0.583550214767456,0.583550214767456,0.18018648028373718,True,pysentimiento/robertuito-sentiment-analysis,a2cc0f67ebd705c55191e25a05ba23d885fcc09b,4.57.6,128
Ugy2FaeBadbmVJj7F714AaABAg,"😂Que disculpe el diputado Rodas. Cuando uno decide trabajar o ser trabajador del Estado y ser un funcionario de ese nivel no hay horarios. Si no le gusta y no está contento que renuncié. Los diputados son unos abusivos y son mediocres. Tantos asesores, para que? Lo que dice éste diputado es estúpido. Su trabajo  debe ser para el pueblo. Y comparto la investigación respecto a esto. Estos diputados cómo corderitos asistieron a la orden de la Fiscal del MP.","😂Que disculpe el diputado Rodas. Cuando uno decide trabajar o ser trabajador del Estado y ser un funcionario de ese nivel no hay horarios. Si no le gusta y no está contento que renuncié. Los diputados son unos abusivos y son mediocres. Tantos asesores, para que? Lo que dice éste diputado es estúpido. Su trabajo debe ser para el pueblo. Y comparto la investigación respecto a esto. Estos diputados cómo corderitos asistieron a la orden de la Fiscal del MP.",fa835ede2b7e7113ea1a85eef5be13d39b1d2255527b8a287197f4214a89863e,negativo,NEG,0.9627551436424255,0.032981425523757935,0.0042634326964616776,0.9627551436424255,0.9297737181186676,False,pysentimiento/robertuito-sentiment-analysis,a2cc0f67ebd705c55191e25a05ba23d885fcc09b,4.57.6,128
Ugy4JA9MR8l_gkTNgWh4AaABAg,"Ya saquen A Ese corrupto 
Y Es un montón de políticos corruptos que 
Andan allí en todas las instituciones 
Montón de corruptos",Ya saquen A Ese corrupto Y Es un montón de políticos corruptos que Andan allí en todas las instituciones Montón de corruptos,63ac7691947fd54b292ed25cec196baeabd0ac05d791f530c24212bebdc65d89,negativo,NEG,0.9570620656013489,0.031658150255680084,0.011279754340648651,0.9570620656013489,0.9254039153456688,False,pysentimiento/robertuito-sentiment-analysis,a2cc0f67ebd705c55191e25a05ba23d885fcc09b,4.57.6,128
Ugy4ex02KEXL5UFGjw14AaABAg,Que trabajo hasen esos corruptos,Que trabajo hasen esos corruptos,947ee37bfeb93efe748da556eca00c4a01e95d374809a76293d3f1b73e3109fb,negativo,NEG,0.8977096080780029,0.0827486664056778,0.019541798159480095,0.8977096080780029,0.8149609416723251,False,pysentimiento/robertuito-sentiment-analysis,a2cc0f67ebd705c55191e25a05ba23d885fcc09b,4.57.6,128
Ugy4utoHlyokVSeSi5h4AaABAg,los niños guatemaltecos con Desnutrición crónica serán sus verdugos.,los niños guatemaltecos con Desnutrición crónica serán sus verdugos.,288801b78884b67f8f6277d4e228795b0f1da32013cf58bdae799d26b19e01a4,negativo,NEG,0.9150927066802979,0.07698559761047363,0.007921679876744747,0.9150927066802979,0.8381071090698242,False,pysentimiento/robertuito-sentiment-analysis,a2cc0f67ebd705c55191e25a05ba23d885fcc09b,4.57.6,128
Ugy4x4u9e1_xRoppaMF4AaABAg,"se espera que la obra se finalice en plazo de acuerdo a la programación del proyecto, de acuerdo a normas internacionales de construcción, que la contraloría audite  mes a mes y sobre todo que el proyecto no sea sobrevalorado o que tenga costos adicionales a lo ya pactado.","se espera que la obra se finalice en plazo de acuerdo a la programación del proyecto, de acuerdo a normas internacionales de construcción, que la contraloría audite mes a mes y sobre todo que el proyecto no sea sobrevalorado o que tenga costos adicionales a lo ya pactado.",62544609fe82f4e51740772fd6d77a051c293042c2cd13654ef0d84ab76dae27,neutral,NEU,0.06172225624322891,0.7560270428657532,0.18225069344043732,0.7560270428657532,0.5737763494253159,False,pysentimiento/robertuito-sentiment-analysis,a2cc0f67ebd705c55191e25a05ba23d885fcc09b,4.57.6,128
Ugy5j8gzaawBk-mw5et4AaABAg,Me pregunto si antes de ser diputados les alcanzaba su dinero para comer esos almuercitos y en esos lugares? Pero como don pueblo paga....vengase el almuercito. La historia ni él se la cree. O sea.... la 3a. parte de su salario para un almuerzo???,Me pregunto si antes de ser diputados les alcanzaba su dinero para comer esos almuercitos y en esos lugares? Pero como don pueblo paga....vengase el almuercito. La historia ni él se la cree. O sea.... la 3a. parte de su salario para un almuerzo???,d3d8a8ec67c87d7d9294f341e216110aa6b7bbc852aba92b59fe6746d60de6ad,negativo,NEG,0.9228621125221252,0.07194642722606659,0.005191401112824678,0.9228621125221252,0.8509156852960587,False,pysentimiento/robertuito-sentiment-analysis,a2cc0f67ebd705c55191e25a05ba23d885fcc09b,4.57.6,128
Ugy5lmf3RzzeJDUeqQd4AaABAg,"Eso sin mencionar el costo de sus servicios, la mala calidad del mismo, mientras no haya una ley de competencia nos van a seguir jodiendo, urge.","Eso sin mencionar el costo de sus servicios, la mala calidad del mismo, mientras no haya una ley de competencia nos van a seguir jodiendo, urge.",d9330c0d3576bf995cd8a880621fc0e97b273b40d2a12f0c8783f31b18316478,negativo,NEG,0.9826512932777405,0.014333328232169151,0.003015415510162711,0.9826512932777405,0.9683179650455713,False,pysentimiento/robertuito-sentiment-analysis,a2cc0f67ebd705c55191e25a05ba23d885fcc09b,4.57.6,128
Ugy6Qii72nfxIpYyuCR4AaABAg,TODO EL APOYO PARA EL PRESIDENTE BERNARDO AREVALO 👍🇬🇹👍,TODO EL APOYO PARA EL PRESIDENTE BERNARDO AREVALO 👍🇬🇹👍,82f0fe8ce50b43bba6f83410f856e76085dc71be49c4ca3fabbc63e0796a7c07,positivo,POS,0.08825410157442093,0.3207016885280609,0.5910441279411316,0.5910441279411316,0.2703424394130707,True,pysentimiento/robertuito-sentiment-analysis,a2cc0f67ebd705c55191e25a05ba23d885fcc09b,4.57.6,128
Ugy6isIL3n6cvYbJG-94AaABAg,Yo vi en  Semilla y Bernardo Arévalo  una oportunidad para que Guatemala saliera de la corrupción.,Yo vi en Semilla y Bernardo Arévalo una oportunidad para que Guatemala saliera de la corrupción.,bafa25fe8192644f63a14596ec410e05a383c027dcb2e3b93dfd79985e3ddaae,positivo,POS,0.05917193368077278,0.31275656819343567,0.6280714869499207,0.6280714869499207,0.315314918756485,False,pysentimiento/robertuito-sentiment-analysis,a2cc0f67ebd705c55191e25a05ba23d885fcc09b,4.57.6,128
Ugy6y6DL1AgyNzNpfMZ4AaABAg,"😢que desgraciados estos sinvergüenzas porque no piden un almuerzo de Q30.00 no que  almuerzos  de millonarios  con la plata  del pueblo , si les gusta lo bueno que lo paguen con su dinero","😢que desgraciados estos sinvergüenzas porque no piden un almuerzo de Q30.00 no que almuerzos de millonarios con la plata del pueblo , si les gusta lo bueno que lo paguen con su dinero",089a535f9e54c4c700ab45c4200f4d0870f974a3ef9e3d4b8b37eba1218ebad5,negativo,NEG,0.9431317448616028,0.04421759769320488,0.012650681659579277,0.9431317448616028,0.8989141471683979,False,pysentimiento/robertuito-sentiment-analysis,a2cc0f67ebd705c55191e25a05ba23d885fcc09b,4.57.6,128
Ugy7-QbaMzLjAO_vJMB4AaABAg,Que paguen de su sueldo sus alimentos si el pueblo de la miseria que  las empresas nos pagan lo pagamos,Que paguen de su sueldo sus alimentos si el pueblo de la miseria que las empresas nos pagan lo pagamos,3bb52ec92bfcb5b115729ccc98b3d54f9ded9246340cda82d6fad0cdc0a7260b,negativo,NEG,0.9675180912017822,0.028176533058285713,0.004305369220674038,0.9675180912017822,0.9393415581434965,False,pysentimiento/robertuito-sentiment-analysis,a2cc0f67ebd705c55191e25a05ba23d885fcc09b,4.57.6,128
Ugy7Dk5SDB_d3RFlHU94AaABAg,No quiere hablar de sus almuerzos se molesta . No le creo . que,No quiere hablar de sus almuerzos se molesta . No le creo . que,e28d5292f4490a7692c7913fdda9d396216e0f1c6cd69f0a783e940964a1b38a,negativo,NEG,0.933830738067627,0.06337949633598328,0.0027898037806153297,0.933830738067627,0.8704512417316437,False,pysentimiento/robertuito-sentiment-analysis,a2cc0f67ebd705c55191e25a05ba23d885fcc09b,4.57.6,128
Ugy7b0JTkHodE4sTU_54AaABAg,"Como dijo pia, casi no existen banquetas, solo hay un pedazo donde se puede medio caminar... Y aun quiere que le demos gracias... #IneptoBran","Como dijo pia, casi no existen banquetas, solo hay un pedazo donde se puede medio caminar... Y aun quiere que le demos gracias... #IneptoBran",dc46d0fb36b9119a5774371c84de8b90bd3bff99356672dfdde4dbce6a875032,negativo,NEG,0.8683789372444153,0.10940789431333542,0.022213183343410492,0.8683789372444153,0.7589710429310799,False,pysentimiento/robertuito-sentiment-analysis,a2cc0f67ebd705c55191e25a05ba23d885fcc09b,4.57.6,128
Ugy8csktFvR0eUZN4cp4AaABAg,Señor Nery Ramos una empresa trabaja con capital propio con dinero del dueño de la empresa que le costado ganarcelo  usted  con el dinero del pueblo o cree que el estado es su empresa trabaje esfuersece  trabajen para tener una empresa no se coman lo del pueblo,Señor Nery Ramos una empresa trabaja con capital propio con dinero del dueño de la empresa que le costado ganarcelo usted con el dinero del pueblo o cree que el estado es su empresa trabaje esfuersece trabajen para tener una empresa no se coman lo del pueblo,5225184b740e592f41052e80fe0149f5c8a706f9efa285cce48b385b4c520b33,negativo,NEG,0.7261215448379517,0.2494426965713501,0.024435771629214287,0.7261215448379517,0.47667884826660156,False,pysentimiento/robertuito-sentiment-analysis,a2cc0f67ebd705c55191e25a05ba23d885fcc09b,4.57.6,128
UgyAcWsNSqIPesdI3nF4AaABAg,"para los Guatemaltecos mejor si no hacen nada, poque cuando los hacen es en contra del pueblo Guatemlateco","para los Guatemaltecos mejor si no hacen nada, poque cuando los hacen es en contra del pueblo Guatemlateco",e7fbd2fd6e6d0aec12e6b134a7a485578eb70f25daf7329b45808d2b7e207628,negativo,NEG,0.9464523792266846,0.04667450860142708,0.006873148027807474,0.9464523792266846,0.8997778706252575,False,pysentimiento/robertuito-sentiment-analysis,a2cc0f67ebd705c55191e25a05ba23d885fcc09b,4.57.6,128
UgyB52GZe4-PXJ2TqYB4AaABAg,Así debe informarse al pueblo sobre esta red de mafiosos!,Así debe informarse al pueblo sobre esta red de mafiosos!,3f390451872a7f42464d19eee0eedfccdfbc3b3c90c9e36e27597da443c7e407,negativo,NEG,0.612740695476532,0.3129906952381134,0.0742686539888382,0.612740695476532,0.2997500002384186,False,pysentimiento/robertuito-sentiment-analysis,a2cc0f67ebd705c55191e25a05ba23d885fcc09b,4.57.6,128
UgyBhR2qUXgMe2NJjRN4AaABAg,Con la corrupcion y narco gobierno de Morena en Mexico  Arevalo no deberia de hacer asociacion alguna . El pueblo de Mexico esta sufriendo .,Con la corrupcion y narco gobierno de Morena en Mexico Arevalo no deberia de hacer asociacion alguna . El pueblo de Mexico esta sufriendo .,54bab685d00ee1ba034d3c2c78d6c9a7b37bf14d3faefd4c38fb8cf680ba007a,negativo,NEG,0.9721122980117798,0.0222023893147707,0.005685360636562109,0.9721122980117798,0.9499099086970091,False,pysentimiento/robertuito-sentiment-analysis,a2cc0f67ebd705c55191e25a05ba23d885fcc09b,4.57.6,128
UgyC45vItnUiq1QrUtd4AaABAg,Señor presidente? Enfóquese  en el crimen que está destrozado al país y también al turismo aga uso de su poder para implementar leyes que combatan el crimen en general por favor  mire a su país vecino como un joven si pudo terminar con el crimen.,Señor presidente? Enfóquese en el crimen que está destrozado al país y también al turismo aga uso de su poder para implementar leyes que combatan el crimen en general por favor mire a su país vecino como un joven si pudo terminar con el crimen.,403cbfbb004e77cdeba31e395acdc555fd5db13025d44a12a377fba33a9c97f0,negativo,NEG,0.8861994743347168,0.09863723814487457,0.015163247473537922,0.8861994743347168,0.7875622361898422,False,pysentimiento/robertuito-sentiment-analysis,a2cc0f67ebd705c55191e25a05ba23d885fcc09b,4.57.6,128
UgyC45vItnUiq1QrUtd4AaABAg.ALgn-KZ7p47ALgvLAMzZ1A,Ni te equivoques ni a terminado siguen siendo Salvatruchas y mareros.,Ni te equivoques ni a terminado siguen siendo Salvatruchas y mareros.,3c3fbea6ee49d571193b5c408be2feb16438787c7f2fb5bdea558cd2a7925a62,negativo,NEG,0.6204460263252258,0.2875165045261383,0.0920373797416687,0.6204460263252258,0.3329295217990875,False,pysentimiento/robertuito-sentiment-analysis,a2cc0f67ebd705c55191e25a05ba23d885fcc09b,4.57.6,128
UgyC45vItnUiq1QrUtd4AaABAg.ALgn-KZ7p47ALgwtbYMM1u,"Y los  que fueron hacer los pandilleros del salvador en antigua que, siguen haviendo maras en el salvador y eso es un país de maras","Y los que fueron hacer los pandilleros del salvador en antigua que, siguen haviendo maras en el salvador y eso es un país de maras",e79dc36f035c258006c59fbb352c2cd6d082fbe6472f34e0c28dc3190f7f3884,negativo,NEG,0.8509052991867065,0.14027534425258636,0.0088193379342556,0.8509052991867065,0.7106299549341202,False,pysentimiento/robertuito-sentiment-analysis,a2cc0f67ebd705c55191e25a05ba23d885fcc09b,4.57.6,128
UgyC45vItnUiq1QrUtd4AaABAg.ALgn-KZ7p47ALgx6SmnMen,Y todo los que tienen tatuajes del salvador son pandilleros eso su dictador lo dijo. Así que no te venden humo 💨 todo lo que dicen del salvador.,Y todo los que tienen tatuajes del salvador son pandilleros eso su dictador lo dijo. Así que no te venden humo 💨 todo lo que dicen del salvador.,2ef0dd85ca44b6d9f8e2395b84b41bb7a26839c889d309308dd4c568b32aa463,negativo,NEG,0.7624216079711914,0.20932450890541077,0.02825387567281723,0.7624216079711914,0.5530970990657806,False,pysentimiento/robertuito-sentiment-analysis,a2cc0f67ebd705c55191e25a05ba23d885fcc09b,4.57.6,128
UgyC9HUMcvW-e_nFJK14AaABAg,Así metan los al tambo con minifaldas allí no les ba a faltar la moronga.,Así metan los al tambo con minifaldas allí no les ba a faltar la moronga.,4d2bdfdebc7830cbf56d8c4b1106dd01e58ced14aa758b86a1cab8710d1b031b,neutral,NEU,0.29059427976608276,0.5893127918243408,0.1200929507613182,0.5893127918243408,0.29871851205825806,True,pysentimiento/robertuito-sentiment-analysis,a2cc0f67ebd705c55191e25a05ba23d885fcc09b,4.57.6,128
UgyCFEFtEmhDbi91yCF4AaABAg,Destreza dise😅,Destreza dise😅,47c30369f54099693948881a203fc5c3f46a7c4a74227eed8a2b0d138c3ce6e1,positivo,POS,0.09905031323432922,0.4362652897834778,0.4646844267845154,0.4646844267845154,0.028419137001037598,True,pysentimiento/robertuito-sentiment-analysis,a2cc0f67ebd705c55191e25a05ba23d885fcc09b,4.57.6,128
UgyCoulSuwV8jBnjbtN4AaABAg,Ése señor entrevistador pertenece al PACTO DE CORRUPTOS....ATACA LA TRANSPARENCIA Y DEFIENDE A LOS CORRUPTOS.,Ése señor entrevistador pertenece al PACTO DE CORRUPTOS....ATACA LA TRANSPARENCIA Y DEFIENDE A LOS CORRUPTOS.,0736de1ea65533984256399ef5cd74b7f1b8ac7ee318be824fb1c94866c4dcef,negativo,NEG,0.9415716528892517,0.04891153797507286,0.00951678492128849,0.9415716528892517,0.8926601149141788,False,pysentimiento/robertuito-sentiment-analysis,a2cc0f67ebd705c55191e25a05ba23d885fcc09b,4.57.6,128
UgyD5CIXnbXNiM-a4VF4AaABAg,Si el presidente ha sido un buen presidente pues hay que botar por el hay muchos que han hablado mal de él pero ellos no hacen nada por gustemala,Si el presidente ha sido un buen presidente pues hay que botar por el hay muchos que han hablado mal de él pero ellos no hacen nada por gustemala,59073cfe91ac3cfc304ea6b18b17bac110079be7ef4c393e98871b1d9aa2659d,negativo,NEG,0.5897336006164551,0.25134292244911194,0.15892340242862701,0.5897336006164551,0.33839067816734314,True,pysentimiento/robertuito-sentiment-analysis,a2cc0f67ebd705c55191e25a05ba23d885fcc09b,4.57.6,128
UgyE6hk1g9jR7zB67lV4AaABAg,seria bueno tambien hecharle mano a la ejecucion del puente  del rio la pasion que todoavia se esta utilizando ferry hay que hacer un puente rapido.,seria bueno tambien hecharle mano a la ejecucion del puente del rio la pasion que todoavia se esta utilizando ferry hay que hacer un puente rapido.,4b42ea7509898094a63a094c5a14bf81ffbad15bc57088cab2565b09089264f9,neutral,NEU,0.0981345921754837,0.612106204032898,0.28975921869277954,0.612106204032898,0.3223469853401184,False,pysentimiento/robertuito-sentiment-analysis,a2cc0f67ebd705c55191e25a05ba23d885fcc09b,4.57.6,128
UgyEM7_iOGkWV0SbNuB4AaABAg,"Lamentablemente en nuestro país sigue la misma sinverguenzada. Este diputado quiere tapar el sol con un dedo. Qué pasaría si un profesor quisiera que le pagaran su comida aparte de su sueldo porque le está enseñando a
 dibujar a un niño.",Lamentablemente en nuestro país sigue la misma sinverguenzada. Este diputado quiere tapar el sol con un dedo. Qué pasaría si un profesor quisiera que le pagaran su comida aparte de su sueldo porque le está enseñando a dibujar a un niño.,2d89d716d25d4d0eeeb939a5ab362621bc99f7b0e7d0d51f93b9f9ef2cc566f9,negativo,NEG,0.95451420545578,0.04168876260519028,0.0037969632539898157,0.95451420545578,0.9128254428505898,False,pysentimiento/robertuito-sentiment-analysis,a2cc0f67ebd705c55191e25a05ba23d885fcc09b,4.57.6,128
UgyFSrjeDvPsB0fKUdp4AaABAg,Que Dios bendiga al gobierno de Guatemala,Que Dios bendiga al gobierno de Guatemala,fc5b50b48b91c3af14b65d34c076d83ba4a92c2580c82fb6940c2b09fe9feab2,positivo,POS,0.027172470465302467,0.1610928475856781,0.8117347359657288,0.8117347359657288,0.6506418883800507,False,pysentimiento/robertuito-sentiment-analysis,a2cc0f67ebd705c55191e25a05ba23d885fcc09b,4.57.6,128
UgyHHYcKhbzXr6xEjth4AaABAg,Ay que  usarlos  como  mujeres,Ay que usarlos como mujeres,03aead73007a4360efb52cf0fd5908214c3f55597678c7088eeb96423e361b82,neutral,NEU,0.058590371161699295,0.5690746903419495,0.3723350167274475,0.5690746903419495,0.19673967361450195,True,pysentimiento/robertuito-sentiment-analysis,a2cc0f67ebd705c55191e25a05ba23d885fcc09b,4.57.6,128
UgyHIuxG8A2lYDRB6vh4AaABAg,"Pues como no si a Guatemala desbancaron lo anteriores presidentes han barrido con todo 
Primero Dios puedan terminar este proyecto antes que entre otr@ ladron y después busquen culpables",Pues como no si a Guatemala desbancaron lo anteriores presidentes han barrido con todo Primero Dios puedan terminar este proyecto antes que entre otr@ ladron y después busquen culpables,4b49f732cae9f6048d1f236357af228e22b8720252afe61c97bfbef094c165bf,negativo,NEG,0.9013442397117615,0.0852063000202179,0.013449457474052906,0.9013442397117615,0.8161379396915436,False,pysentimiento/robertuito-sentiment-analysis,a2cc0f67ebd705c55191e25a05ba23d885fcc09b,4.57.6,128
UgyHIuxG8A2lYDRB6vh4AaABAg.A_zEyCTHfWFA_zWovudn2B,"Por eso mismo
No permítanos otro partido corrupto de los mismos de antes para salvar todo lo que hoy estamos mirando",Por eso mismo No permítanos otro partido corrupto de los mismos de antes para salvar todo lo que hoy estamos mirando,1d368228b90d8216a16427af1edd2bbfd99991b9652be20aa9588a5f9ae10aaa,negativo,NEG,0.9270396828651428,0.06429239362478256,0.008667857386171818,0.9270396828651428,0.8627472892403603,False,pysentimiento/robertuito-sentiment-analysis,a2cc0f67ebd705c55191e25a05ba23d885fcc09b,4.57.6,128
UgyHcSyWHx2SKCg6db14AaABAg,"Esa universidad se debe privatizar, es la universidad mas cara de Guatemala por estudiante egresado, es una carga tributaria innecesaria.","Esa universidad se debe privatizar, es la universidad mas cara de Guatemala por estudiante egresado, es una carga tributaria innecesaria.",a6131823fa742ee15b0bd6d9fc649ee693f79aa6e9496b2d229e2a0c29be0cdb,negativo,NEG,0.9720025062561035,0.02392052859067917,0.004076937213540077,0.9720025062561035,0.9480819776654243,False,pysentimiento/robertuito-sentiment-analysis,a2cc0f67ebd705c55191e25a05ba23d885fcc09b,4.57.6,128
UgyIX1zx3bbc9DsK8VR4AaABAg,"Qué tristeza que extranjeros que vinieron como policías a una institución internacional impuesta por la ""comunidad internacional"" supuestamente para combatir la impunidad, se hayan quedado como ""analistas"" y periodistas en Guatemala, comentando temas nacionales. Es la nueva conquista.","Qué tristeza que extranjeros que vinieron como policías a una institución internacional impuesta por la ""comunidad internacional"" supuestamente para combatir la impunidad, se hayan quedado como ""analistas"" y periodistas en Guatemala, comentando temas nacionales. Es la nueva conquista.",08b557fdbee060284b5137d024c3a82aa8c70f8ccfbf6f45820258c5d88ec0bb,negativo,NEG,0.9789384603500366,0.017893455922603607,0.003168016206473112,0.9789384603500366,0.961045004427433,False,pysentimiento/robertuito-sentiment-analysis,a2cc0f67ebd705c55191e25a05ba23d885fcc09b,4.57.6,128
UgyIfQ-oDt0uVFZIq9d4AaABAg,"Guate tambien tiene gobierno PROGRE, LOS Y LAS DIPUTADAS,  JAJAJA
CIUDADANOS Y CIUDADANAS JAJAJA
CHIQUILLOS Y CHIQUILLOS JAJAJA
Los gobiernos PROGRES son los que estan llevando  a la ruina auchoa paises,  principalmente en occidente.  
Estos PROGRESS que se pongan a trabajar de manera mas activa por el Pais y no solo bla bla bla.   Se nesesita tomar.accion YA y no bla bla bla.","Guate tambien tiene gobierno PROGRE, LOS Y LAS DIPUTADAS, JAJAJA CIUDADANOS Y CIUDADANAS JAJAJA CHIQUILLOS Y CHIQUILLOS JAJAJA Los gobiernos PROGRES son los que estan llevando a la ruina auchoa paises, principalmente en occidente. Estos PROGRESS que se pongan a trabajar de manera mas activa por el Pais y no solo bla bla bla. Se nesesita tomar.accion YA y no bla bla bla.",54b4080695dff4ab0154a1b63e497034e60b9e3a2c813a1995209627e70df0b7,negativo,NEG,0.8866734504699707,0.09693509340286255,0.01639149710536003,0.8866734504699707,0.7897383570671082,False,pysentimiento/robertuito-sentiment-analysis,a2cc0f67ebd705c55191e25a05ba23d885fcc09b,4.57.6,128
UgyIteBIiYe7DjUN3554AaABAg,EXCELENTE,EXCELENTE,c5df257a764cf13ecd23cf25d25e2a8a2c2d3745986af8238f6b20e19ffc12db,neutral,NEU,0.20341520011425018,0.47786250710487366,0.3187222182750702,0.47786250710487366,0.15914028882980347,True,pysentimiento/robertuito-sentiment-analysis,a2cc0f67ebd705c55191e25a05ba23d885fcc09b,4.57.6,128
UgyJ7QRY-X3DsJC-t-p4AaABAg,Guate es Classic 👍💯,Guate es Classic 👍💯,3becbbcb98beb03b2b4ba0fc9f92e542d5ffdb8fce654d3e283be0afcfd59af5,positivo,POS,0.025252163410186768,0.1901666224002838,0.784581184387207,0.784581184387207,0.5944145619869232,False,pysentimiento/robertuito-sentiment-analysis,a2cc0f67ebd705c55191e25a05ba23d885fcc09b,4.57.6,128
UgyJnStLEHxVNbAfd0p4AaABAg,No dejen que nuestros hermanos Guatemalatecos qué esten encerrados en esse lugar pir favor 🙏 Autoridades sun  nuestros prójimos gracias señores 🙏 🙌 👏,No dejen que nuestros hermanos Guatemalatecos qué esten encerrados en esse lugar pir favor 🙏 Autoridades sun nuestros prójimos gracias señores 🙏 🙌 👏,67c51cf491d419938e32f664b05df54c84683d8e6bc7ea7696a6d641f46660d7,negativo,NEG,0.8959521055221558,0.08668243885040283,0.017365485429763794,0.8959521055221558,0.8092696666717529,False,pysentimiento/robertuito-sentiment-analysis,a2cc0f67ebd705c55191e25a05ba23d885fcc09b,4.57.6,128
UgyMRj1sNq6Xkrqepst4AaABAg,"Son realmente estos diputados unos aprovechados, mientras los jubilados del igss  ,algunos reciben 300.00 quetzales al mes y no los an apoyado.","Son realmente estos diputados unos aprovechados, mientras los jubilados del igss ,algunos reciben 300.00 quetzales al mes y no los an apoyado.",a6ca926c73c3fb305099c3b94737e18cdee780de557cd03f609d38a449b111f0,negativo,NEG,0.9746379852294922,0.020627262070775032,0.004734669346362352,0.9746379852294922,0.9540107231587172,False,pysentimiento/robertuito-sentiment-analysis,a2cc0f67ebd705c55191e25a05ba23d885fcc09b,4.57.6,128
UgyN-BmjI1Qyr5moi-x4AaABAg,"Aunqué contradiga, ellos están acostumbrados a hacer esto, comiendo a costillas del pueblo,","Aunqué contradiga, ellos están acostumbrados a hacer esto, comiendo a costillas del pueblo,",ee6dfc462fd43585866e3983a3f9985be631a755c022240d1052bfbd139a8e67,negativo,NEG,0.7800402045249939,0.1894477903842926,0.03051196224987507,0.7800402045249939,0.5905924141407013,False,pysentimiento/robertuito-sentiment-analysis,a2cc0f67ebd705c55191e25a05ba23d885fcc09b,4.57.6,128
UgyNuIQ1W1M3g8ut6314AaABAg,"Las verdad si ya es un hecho si el presidente se merece mucho respeto porque está haciendo en tristes 4 años ese proyecto.
MIENTRAS LOS CORRUPTOS HDP SOLO SE HAN HUEVIADO LAS MILLONADAS DE DINERO EN MAS DE 60 AÑOS NO HICIERON
 NI PURA MIERDA. 😡
Pero la gente burra aun así pienso que vamos a regresar con los corruptos hdpm a ser gobernados. 
ESPERO EQUIVOCARME",Las verdad si ya es un hecho si el presidente se merece mucho respeto porque está haciendo en tristes 4 años ese proyecto. MIENTRAS LOS CORRUPTOS HDP SOLO SE HAN HUEVIADO LAS MILLONADAS DE DINERO EN MAS DE 60 AÑOS NO HICIERON NI PURA MIERDA. 😡 Pero la gente burra aun así pienso que vamos a regresar con los corruptos hdpm a ser gobernados. ESPERO EQUIVOCARME,b280f60759d8575d0f0865e939ec1aadc24d366621c7390815395a5396da986e,negativo,NEG,0.970952570438385,0.021576834842562675,0.007470638491213322,0.970952570438385,0.9493757355958223,False,pysentimiento/robertuito-sentiment-analysis,a2cc0f67ebd705c55191e25a05ba23d885fcc09b,4.57.6,128
UgyOyo4VyMiMOhqOkGd4AaABAg,"Y todo se resume en la letra pequeña, suena bonito pero no es así de fácil, vos crees realmente que Dionisio va a estar de acuerdo con dejar que otros vendan pollo y huevos, lo siento mucho pero tenes que detallar más en la letra pequeña.
Dionisio nunca va a dejar que eso pase, y si el está de acuerdo entonces perdemos los consumidores. El león no es como lo pintan.","Y todo se resume en la letra pequeña, suena bonito pero no es así de fácil, vos crees realmente que Dionisio va a estar de acuerdo con dejar que otros vendan pollo y huevos, lo siento mucho pero tenes que detallar más en la letra pequeña. Dionisio nunca va a dejar que eso pase, y si el está de acuerdo entonces perdemos los consumidores. El león no es como lo pintan.",428dcdca83d13d9def2f0bb0fcc704f3ed2cdc22781170c9e2d5a86a4e69481c,negativo,NEG,0.8110073208808899,0.17836876213550568,0.010623886249959469,0.8110073208808899,0.6326385587453842,False,pysentimiento/robertuito-sentiment-analysis,a2cc0f67ebd705c55191e25a05ba23d885fcc09b,4.57.6,128
UgyPm-2rnRLPav43Bt14AaABAg,"¡Aplaudo y celebro su iniciativa! Desde Puebla, me enorgullece conocer un grupo femenino de Ulama 😊❤️.","¡Aplaudo y celebro su iniciativa! Desde Puebla, me enorgullece conocer un grupo femenino de Ulama 😊❤️.",5d98e23036e249a2f8625fac4bab468837a99848e69d36194c2fa11e5c301cb8,positivo,POS,0.00609168503433466,0.03231535479426384,0.961592972278595,0.961592972278595,0.9292776174843311,False,pysentimiento/robertuito-sentiment-analysis,a2cc0f67ebd705c55191e25a05ba23d885fcc09b,4.57.6,128
UgyQQbXS_Q_JYcSefap4AaABAg,Regresaron sin nada 😂😂,Regresaron sin nada 😂😂,6b002edd944b949ca7b4f25b988016f63ccb0c50f9f214407b8ec60b95863680,negativo,NEG,0.49809014797210693,0.4535007178783417,0.04840914532542229,0.49809014797210693,0.04458943009376526,True,pysentimiento/robertuito-sentiment-analysis,a2cc0f67ebd705c55191e25a05ba23d885fcc09b,4.57.6,128
UgyQxncw9dtHgZFgp014AaABAg,"Gracias por este video, que importante conocer este tipo de espacios.","Gracias por este video, que importante conocer este tipo de espacios.",d18a8e9842fe6ef6eed29032ad16f9bb9adc28b61f5afc3eaeb8f0b780d6dd99,positivo,POS,0.0027907525654882193,0.02286764420568943,0.974341630935669,0.974341630935669,0.9514739867299795,False,pysentimiento/robertuito-sentiment-analysis,a2cc0f67ebd705c55191e25a05ba23d885fcc09b,4.57.6,128
UgyRmKHMG-ygpot6nY14AaABAg,"Triste la realidad de la USAC, y buen video, ojalá saque más frecuentemente.","Triste la realidad de la USAC, y buen video, ojalá saque más frecuentemente.",a14573aef46d50ee8de52bf8ea429c03c714c5ff29e8ef90b6026b495a33edda,negativo,NEG,0.6793689131736755,0.23426470160484314,0.08636637777090073,0.6793689131736755,0.4451042115688324,False,pysentimiento/robertuito-sentiment-analysis,a2cc0f67ebd705c55191e25a05ba23d885fcc09b,4.57.6,128
UgyS31-ujtXB5VmjBRV4AaABAg,Que asco,Que asco,dd637f6ba1666a6e48f051eb570b3ff5b7cc2facc3f42844ab4a78e3cef93dd3,negativo,NEG,0.8485830426216125,0.12252970039844513,0.02888723462820053,0.8485830426216125,0.7260533422231674,False,pysentimiento/robertuito-sentiment-analysis,a2cc0f67ebd705c55191e25a05ba23d885fcc09b,4.57.6,128
UgySlQlmZmrLAq5JsLx4AaABAg,"Bienvenido el tren maya 🎉 como hay ineptos que se oponen a esta gran colaboración estamos hablando de desarrollo para nuestra frontera, desarrollo para el país en general acaso no saben cuantos turistas genera al año? imagínense de aquí a 10 años ya con el tren maya y todo nuestro país conectado logísticamente con trenes","Bienvenido el tren maya 🎉 como hay ineptos que se oponen a esta gran colaboración estamos hablando de desarrollo para nuestra frontera, desarrollo para el país en general acaso no saben cuantos turistas genera al año? imagínense de aquí a 10 años ya con el tren maya y todo nuestro país conectado logísticamente con trenes",6b782a02c5f4e241e053bc24d13f95c6e050378ebe8c1a517c001030a4c0b289,negativo,NEG,0.8804206252098083,0.09756551682949066,0.022013898938894272,0.8804206252098083,0.7828551083803177,False,pysentimiento/robertuito-sentiment-analysis,a2cc0f67ebd705c55191e25a05ba23d885fcc09b,4.57.6,128
UgySlQlmZmrLAq5JsLx4AaABAg.ALh5XYlqNufALhOuUP3UYB,"Me agrado lo que usted a dicho, es cierto hay muchas personas que no piensan en el desarrollo mutuo y en el lugar de hacer comentarios de felicitaciones al Gobierno por éste desarrollo solidario,  se ponen hablar estupideces.","Me agrado lo que usted a dicho, es cierto hay muchas personas que no piensan en el desarrollo mutuo y en el lugar de hacer comentarios de felicitaciones al Gobierno por éste desarrollo solidario, se ponen hablar estupideces.",a627583c3f4507e9ab2d10ead887d81289e825862bf55fb07f5c0a0e025cfd88,negativo,NEG,0.956616997718811,0.03327377513051033,0.010109194554388523,0.956616997718811,0.9233432225883007,False,pysentimiento/robertuito-sentiment-analysis,a2cc0f67ebd705c55191e25a05ba23d885fcc09b,4.57.6,128
UgySttznhywvGXZyF-N4AaABAg,Muy bello Guatemala. Saludos desde Honduras,Muy bello Guatemala. Saludos desde Honduras,8e3123fc96de431eb5cbe1d6c8101485eebd1bc4174230caeeb70a3bc3b30712,positivo,POS,0.00546207744628191,0.03432686999440193,0.9602110385894775,0.9602110385894775,0.9258841685950756,False,pysentimiento/robertuito-sentiment-analysis,a2cc0f67ebd705c55191e25a05ba23d885fcc09b,4.57.6,128
UgyVLVHQ4zNBKTTDxtp4AaABAg,Que se podía esperar de ese diputado que estuvo con Manuel Baldizon es otro delincuente. La gente tiene que aprender a votar por el congreso también porque solo meten lacras en el congreso 😷😷,Que se podía esperar de ese diputado que estuvo con Manuel Baldizon es otro delincuente. La gente tiene que aprender a votar por el congreso también porque solo meten lacras en el congreso 😷😷,7de7aee4bcb1112a329ca855e3b2f7be2e0981894cd31ccdb690544978b35449,negativo,NEG,0.9649376273155212,0.02884027548134327,0.006222041789442301,0.9649376273155212,0.936097351834178,False,pysentimiento/robertuito-sentiment-analysis,a2cc0f67ebd705c55191e25a05ba23d885fcc09b,4.57.6,128
UgyWzgDknElvfn9oFJZ4AaABAg,Nubes negras sobre el CSU. Empieza a oler a democracia.,Nubes negras sobre el CSU. Empieza a oler a democracia.,f0e203e90c6ab515138486818a3a2eba8c2b57688d2f3eb2713fe542d0a77284,negativo,NEG,0.7635285258293152,0.20539356768131256,0.031077858060598373,0.7635285258293152,0.5581349581480026,False,pysentimiento/robertuito-sentiment-analysis,a2cc0f67ebd705c55191e25a05ba23d885fcc09b,4.57.6,128
UgyX06qZFc3cNK6223J4AaABAg,"q mira el presidente Ramos
seguir .anteniendo esos.mantenidos y mucha jente con ambre q yeben su almuerzo d su casa esos simverguenzas y no asen nada bueno por guatemala solo cobrar el finde.mes y comor",q mira el presidente Ramos seguir .anteniendo esos.mantenidos y mucha jente con ambre q yeben su almuerzo d su casa esos simverguenzas y no asen nada bueno por guatemala solo cobrar el finde.mes y comor,8cfe826b23a83b6ccc8db52ef18ef4c162b892a06f9eb6418ba022ec6f771f60,negativo,NEG,0.9690243005752563,0.026549624279141426,0.0044260043650865555,0.9690243005752563,0.9424746762961149,False,pysentimiento/robertuito-sentiment-analysis,a2cc0f67ebd705c55191e25a05ba23d885fcc09b,4.57.6,128
UgyXTA5oFwzI70TKCUd4AaABAg,El humano la misma 💩💩💩,El humano la misma 💩💩💩,316879d3101e649a67cdd965ca6e14e4d73f22260f14b8cfd3f312d627b4ba87,negativo,NEG,0.4670048952102661,0.46405988931655884,0.06893521547317505,0.4670048952102661,0.0029450058937072754,True,pysentimiento/robertuito-sentiment-analysis,a2cc0f67ebd705c55191e25a05ba23d885fcc09b,4.57.6,128
UgyYPJkzW5rbOUI_vcd4AaABAg,Excelente iniciativa,Excelente iniciativa,918737239e88423f17134f326ee854a88f75f0a3fe4d0fde3127ee3072e9e64e,positivo,POS,0.008101865649223328,0.06980495899915695,0.9220931529998779,0.9220931529998779,0.852288194000721,False,pysentimiento/robertuito-sentiment-analysis,a2cc0f67ebd705c55191e25a05ba23d885fcc09b,4.57.6,128
UgyYRHeJlfB9VF69LSp4AaABAg,Me da mucha emoción q la ciudad de guatemala va prosperando algún día vamos hacer una de las ciudades mas famosas del mundo con alta tecnologia q china me gusta mucho este proyecto y ojalay q se cumpla..,Me da mucha emoción q la ciudad de guatemala va prosperando algún día vamos hacer una de las ciudades mas famosas del mundo con alta tecnologia q china me gusta mucho este proyecto y ojalay q se cumpla..,927974e409e68328475641354700865e0f0f6df28b13910c4273438bbe80f661,positivo,POS,0.0027416071388870478,0.023761657997965813,0.9734967947006226,0.9734967947006226,0.9497351367026567,False,pysentimiento/robertuito-sentiment-analysis,a2cc0f67ebd705c55191e25a05ba23d885fcc09b,4.57.6,128
UgyYaWYhDStGYWDGkb94AaABAg,"Importante información la. Usac de ser oposición se volvió servil, se va recuperar 👍","Importante información la. Usac de ser oposición se volvió servil, se va recuperar 👍",01408c698f348ea00c2bbbef85475e9d745fe97f221c9015f8c1adf8cc1545c7,negativo,NEG,0.7610242366790771,0.2297699749469757,0.009205732494592667,0.7610242366790771,0.5312542617321014,False,pysentimiento/robertuito-sentiment-analysis,a2cc0f67ebd705c55191e25a05ba23d885fcc09b,4.57.6,128
UgyYh5BUgByoCy2qNBR4AaABAg,"En resumen son periodistas patéticos y poco profesionales. Si van a dar información, no la den a medias. 
1. Existe inflación, la cual fue más alta que los datos que están proporcionado, esto afecta a las empresas o el propósito es que ahora las empresas subsidien lo que venden? 
2. Los precios internacionales aplican cuando una empresa o persona oferta o compra en bolsas de valores. Existen diferentes calidades. 
3. Existen aranceles que pagan las importaciones al menos que vayan a ser procesados y exportados (ej. beneficio 2989), el DAI en la mayoría de casos es de 10%  más IVA de 12%, más ISR y otros. Esto va desde carros a cebolla a frijoles y arroz. 
No se quejan de todos los carros importados pero aún así las agencias venden más y está en manos de pocos grupos. 
4. Los margenes netos de las industrias mencionadas a disminuido. Expliquen porque.
5. Estas empresas siguen porque han conseguido la manera de hacerlo rentable, pero cualquiera puede producir, vender, importar o exportar. La diferencia es que no saben cómo hacerlo y no tienen el dinero (la verdadera barrera de entrada). 
6. El ingenio que hablan no está en otro país por las condiciones que mencionan, lo cual desacredita que todo lo que digan sea cierto.","En resumen son periodistas patéticos y poco profesionales. Si van a dar información, no la den a medias. 1. Existe inflación, la cual fue más alta que los datos que están proporcionado, esto afecta a las empresas o el propósito es que ahora las empresas subsidien lo que venden? 2. Los precios internacionales aplican cuando una empresa o persona oferta o compra en bolsas de valores. Existen diferentes calidades. 3. Existen aranceles que pagan las importaciones al menos que vayan a ser procesados y exportados (ej. beneficio 2989), el DAI en la mayoría de casos es de 10% más IVA de 12%, más ISR y otros. Esto va desde carros a cebolla a frijoles y arroz. No se quejan de todos los carros importados pero aún así las agencias venden más y está en manos de pocos grupos. 4. Los margenes netos de las industrias mencionadas a disminuido. Expliquen porque. 5. Estas empresas siguen porque han conseguido la manera de hacerlo rentable, pero cualquiera puede producir, vender, importar o exportar. La diferencia es que no saben cómo hacerlo y no tienen el dinero (la verdadera barrera de entrada). 6. El ingenio que hablan no está en otro país por las condiciones que mencionan, lo cual desacredita que todo lo que digan sea cierto.",671c1ac08a89b250b575b63633f90985f19c4e9b24df5ace8ce8f49d42f882c3,negativo,NEG,0.9230132102966309,0.07254151999950409,0.004445282276719809,0.9230132102966309,0.8504716902971268,False,pysentimiento/robertuito-sentiment-analysis,a2cc0f67ebd705c55191e25a05ba23d885fcc09b,4.57.6,128
UgyZ2zEvW_CClk8k15F4AaABAg,"Felicitaciones,muy buena información sobre  ese caso ni los medios informan la veracidad de todo esto,en verdad felicitaciones ojala todos los universitarios fieran como usted,sigan peleando sus derechos","Felicitaciones,muy buena información sobre ese caso ni los medios informan la veracidad de todo esto,en verdad felicitaciones ojala todos los universitarios fieran como usted,sigan peleando sus derechos",db91715e1d843b5c91d214bd94a924bf83b99c3615053cd5eb1a0bc56b2480a3,positivo,POS,0.015036358498036861,0.0794048085808754,0.9055588245391846,0.9055588245391846,0.8261540159583092,False,pysentimiento/robertuito-sentiment-analysis,a2cc0f67ebd705c55191e25a05ba23d885fcc09b,4.57.6,128
Ugy_6i8lJAd2eVIRNjx4AaABAg,Excelente vídeo!,Excelente vídeo!,4d0269ddedc323010a4971d99216def581e44c36466bd027a3a48482158a6351,positivo,POS,0.011400694958865643,0.07214926183223724,0.916450023651123,0.916450023651123,0.8443007618188858,False,pysentimiento/robertuito-sentiment-analysis,a2cc0f67ebd705c55191e25a05ba23d885fcc09b,4.57.6,128
Ugy__nsWCBggw9EzOUd4AaABAg,"Lo que sucede señor diputado es que por trabajar en favor de la población es su trabajo y se le paga por eso, no le podemos quemar cuetes por cada dis que logro, asi que si es justo que los Respetables Periodistas investiguen las anomalías, no quiera darle vuelta a la tortilla😅😅😅😅 pues usted lobdice de forma tan fantaciosa como si a usted se le debiera celebrar el que trabaja!","Lo que sucede señor diputado es que por trabajar en favor de la población es su trabajo y se le paga por eso, no le podemos quemar cuetes por cada dis que logro, asi que si es justo que los Respetables Periodistas investiguen las anomalías, no quiera darle vuelta a la tortilla😅😅😅😅 pues usted lobdice de forma tan fantaciosa como si a usted se le debiera celebrar el que trabaja!",1a52f1fabb983118b7cf74f3de185e636a5410312d4bd4ffc7b1e383bfb3db3f,negativo,NEG,0.9243940711021423,0.06508751958608627,0.010518492199480534,0.9243940711021423,0.8593065515160561,False,pysentimiento/robertuito-sentiment-analysis,a2cc0f67ebd705c55191e25a05ba23d885fcc09b,4.57.6,128
Ugy__nsWCBggw9EzOUd4AaABAg.A7lbRpGUZoHA7nJxaD37u-,Cierto.,Cierto.,5954df0624c917768669523b97cb6917fcedcd6f27e9277d597578df47474bb2,neutral,NEU,0.2423505336046219,0.47962886095046997,0.2780206501483917,0.47962886095046997,0.20160821080207825,True,pysentimiento/robertuito-sentiment-analysis,a2cc0f67ebd705c55191e25a05ba23d885fcc09b,4.57.6,128
Ugy_ejYOfCK6ERWL_dt4AaABAg,"Entiendo lo grave de mi alma mater, ahora decir puchica, simon ya vas no hace más cercano el mensaje aleja la gravedad de este, esta hablando con universitarios no con sus cuates, los del barrio o perdón  la mara, por esa eterna adolescencia es que nadie lo trata con seriedad","Entiendo lo grave de mi alma mater, ahora decir puchica, simon ya vas no hace más cercano el mensaje aleja la gravedad de este, esta hablando con universitarios no con sus cuates, los del barrio o perdón la mara, por esa eterna adolescencia es que nadie lo trata con seriedad",cd3cf2b613810141a22c8e89d8f42cce73a4dbe05ab222e436d247e39b785e0c,negativo,NEG,0.948217511177063,0.04972435161471367,0.0020581188146024942,0.948217511177063,0.8984931595623493,False,pysentimiento/robertuito-sentiment-analysis,a2cc0f67ebd705c55191e25a05ba23d885fcc09b,4.57.6,128
Ugy_hCCLd8GwWbnIbsd4AaABAg,"Excelente video, gracias por contarnos cómo son este par de empresas cuando están solitas en un pais. Y pensar que aquí en Costa Rica nos quejamos por mucho menos. Le cuento como es aquí:
Yo soy cliente de Claro en el celular y la verdad, aunque la cobertura ha mejorado mucho, aún le falta. Eso si, la velocidad de internet y claridad al llamar son excelentes y las facturas muy claras.
Tengo Tigo residencial y no me puedo quejar, la velocidad es estable y falla muy poco dónde vivo. Y eso que no vivo para nada en la capital ni una cabecera de provincia, como les decimos aquí. A veces ha pasado que hasta hay huracanes y el internet como si nada. Aquí la ley indica que un cliente de servicio celular puede cambiarse hasta 5 veces de operador/plan por año y seguir con su número, el cuál es un derecho del cliente y cuyo dueño legal es la Sutel, la superintendencia de aquí.
El 3er competidor es el estatal ICE que también tiene aún buena cuota de mercado.
Hay muchas cableras regionales aparte de las 4 grandes nacionales (Tigo, Liberty (antes Movistar), Telecable y Kolbi que es del ICE).
Claro como proveedor de tv satelital está por todo el país, pero en fibra óptica apenas en algunos distritos de San José, la capital del país. El problema para los que tenemos Tigo (único proveedor en mi barrio) es que no hay servicio de fibra, solo cobre aún, y eso que hasta el ICE ya está reemplazado sus viejas líneas de par de cobre por fibra en todo el país.
En fin, solo quería contarle cómo funciona en otro país del área.","Excelente video, gracias por contarnos cómo son este par de empresas cuando están solitas en un pais. Y pensar que aquí en Costa Rica nos quejamos por mucho menos. Le cuento como es aquí: Yo soy cliente de Claro en el celular y la verdad, aunque la cobertura ha mejorado mucho, aún le falta. Eso si, la velocidad de internet y claridad al llamar son excelentes y las facturas muy claras. Tengo Tigo residencial y no me puedo quejar, la velocidad es estable y falla muy poco dónde vivo. Y eso que no vivo para nada en la capital ni una cabecera de provincia, como les decimos aquí. A veces ha pasado que hasta hay huracanes y el internet como si nada. Aquí la ley indica que un cliente de servicio celular puede cambiarse hasta 5 veces de operador/plan por año y seguir con su número, el cuál es un derecho del cliente y cuyo dueño legal es la Sutel, la superintendencia de aquí. El 3er competidor es el estatal ICE que también tiene aún buena cuota de mercado. Hay muchas cableras regionales aparte de las 4 grandes nacionales (Tigo, Liberty (antes Movistar), Telecable y Kolbi que es del ICE). Claro como proveedor de tv satelital está por todo el país, pero en fibra óptica apenas en algunos distritos de San José, la capital del país. El problema para los que tenemos Tigo (único proveedor en mi barrio) es que no hay servicio de fibra, solo cobre aún, y eso que hasta el ICE ya está reemplazado sus viejas líneas de par de cobre por fibra en todo el país. En fin, solo quería contarle cómo funciona en otro país del área.",6dd7a8ebe9f1e7948caf020a112553ddc9bc4b53556e9968e4c299f3e0a009bf,neutral,NEU,0.09519869834184647,0.4856432378292084,0.41915804147720337,0.4856432378292084,0.066485196352005,True,pysentimiento/robertuito-sentiment-analysis,a2cc0f67ebd705c55191e25a05ba23d885fcc09b,4.57.6,128
Ugyav8Au2cT8yVfYgp54AaABAg,Platiquen de petróleo  y del hospital de rabinal que paso,Platiquen de petróleo y del hospital de rabinal que paso,89c4c91a986d52cd99cd516f78bc95212ae9783731c1479a34113b31aebee2e1,neutral,NEU,0.48139387369155884,0.5046833157539368,0.013922790996730328,0.5046833157539368,0.02328944206237793,True,pysentimiento/robertuito-sentiment-analysis,a2cc0f67ebd705c55191e25a05ba23d885fcc09b,4.57.6,128
Ugyb2uIeZGcNljNqap94AaABAg,"Que pena que estos pusilánimes muertos de hambre de poder estén llevando a la Universidad a denigrar la democracia en Guatemala empezando con sus elecciones fraudulentas. 
Pero si bien es cierto todo lo mal habido se acaba.",Que pena que estos pusilánimes muertos de hambre de poder estén llevando a la Universidad a denigrar la democracia en Guatemala empezando con sus elecciones fraudulentas. Pero si bien es cierto todo lo mal habido se acaba.,45838875cdcc4d9cd3ac9cc1cf74fdda8822857754b2d4be7b8f347f51be8777,negativo,NEG,0.9812002778053284,0.014153929427266121,0.0046457634307444096,0.9812002778053284,0.9670463483780622,False,pysentimiento/robertuito-sentiment-analysis,a2cc0f67ebd705c55191e25a05ba23d885fcc09b,4.57.6,128
UgycKHbiLBi0WcSs8sh4AaABAg,Nunca trabajan para el pueblo si no para si mismos,Nunca trabajan para el pueblo si no para si mismos,13d16059eea2576c6b7ad7239c449e0a712c7aa91a0690aacd48db9dfaae88b8,negativo,NEG,0.9014133214950562,0.08689159899950027,0.011695107445120811,0.9014133214950562,0.8145217224955559,False,pysentimiento/robertuito-sentiment-analysis,a2cc0f67ebd705c55191e25a05ba23d885fcc09b,4.57.6,128
UgyciTatiqHr2BpFTqJ4AaABAg,Excelente vídeo!! Sería bueno extender este video y mencionar los nombres y facultades a los representantes que ya estan ilegalmente en su cargo,Excelente vídeo!! Sería bueno extender este video y mencionar los nombres y facultades a los representantes que ya estan ilegalmente en su cargo,d1ebb3dab43d6e296c4287527dfebff696900d62c3066fc6aa74224161692c1b,neutral,NEU,0.025244124233722687,0.5814415812492371,0.39331430196762085,0.5814415812492371,0.1881272792816162,True,pysentimiento/robertuito-sentiment-analysis,a2cc0f67ebd705c55191e25a05ba23d885fcc09b,4.57.6,128
UgydkbyzemdvsBJrYxt4AaABAg,"Entonces, no se postulen para diputados si dicen que no alcanza el dinero","Entonces, no se postulen para diputados si dicen que no alcanza el dinero",959ef2467963b995db600af53b6a75df260773f96ca2333b206a9a9b7ee094b4,negativo,NEG,0.8079642653465271,0.1830461025238037,0.00898961815983057,0.8079642653465271,0.6249181628227234,False,pysentimiento/robertuito-sentiment-analysis,a2cc0f67ebd705c55191e25a05ba23d885fcc09b,4.57.6,128
UgyeTw07aydjDqK4crN4AaABAg,Wow una ciudad de futuro,Wow una ciudad de futuro,0b27a536cba88247007ee2df56899c26a63d22988e231b3398323dfb5f97c208,positivo,POS,0.007245314307510853,0.11900831013917923,0.8737463355064392,0.8737463355064392,0.75473802536726,False,pysentimiento/robertuito-sentiment-analysis,a2cc0f67ebd705c55191e25a05ba23d885fcc09b,4.57.6,128
Ugyeb8_nptWKXnFXH8F4AaABAg,"Porque este programa no habla de la corrupción, de los negocios de Miguelito y Giamatei, o será que ellos les pagan","Porque este programa no habla de la corrupción, de los negocios de Miguelito y Giamatei, o será que ellos les pagan",33ca0fc2c00e664deba697fa2b53243b5f6234377567d08f528691590c7acc01,negativo,NEG,0.8387603759765625,0.14967647194862366,0.011563075706362724,0.8387603759765625,0.6890839040279388,False,pysentimiento/robertuito-sentiment-analysis,a2cc0f67ebd705c55191e25a05ba23d885fcc09b,4.57.6,128
Ugyejets0FNr0Zh-VuZ4AaABAg,Que indignante saber como se artan estos coches y finalmente el pueblo esta ciendo dañado,Que indignante saber como se artan estos coches y finalmente el pueblo esta ciendo dañado,a930840d27c52e239a8b81f3b0697732d3dcd54916db6eb3582e48827e80e53e,negativo,NEG,0.9859070777893066,0.011914769187569618,0.0021781304385513067,0.9859070777893066,0.973992308601737,False,pysentimiento/robertuito-sentiment-analysis,a2cc0f67ebd705c55191e25a05ba23d885fcc09b,4.57.6,128
UgyfMf4MkQsDKavjbLV4AaABAg,P..... Como no es su dinero  les vale v....,P..... Como no es su dinero les vale v....,d012af5c1972124b3e370ae653fe7bd7ef8e41bcb38a20e2a3a80b80db417a7e,negativo,NEG,0.9203007817268372,0.06497526913881302,0.014723997563123703,0.9203007817268372,0.8553255125880241,False,pysentimiento/robertuito-sentiment-analysis,a2cc0f67ebd705c55191e25a05ba23d885fcc09b,4.57.6,128
UgyhYgz2ilvm1-T5IW94AaABAg,"Esto es lo que los poderosos quieren esconder, sacan noticias a medias que confunden, si no acatan una orden para reinstalar a uno de sus miembros, que podemos esperar??? Entonces?? La ley es para unos y no para todos??...La San  Carlos ya no le pertenece ni representan al pueblo, "" Las ratas hacen fiesta en casa del gato""..😢","Esto es lo que los poderosos quieren esconder, sacan noticias a medias que confunden, si no acatan una orden para reinstalar a uno de sus miembros, que podemos esperar??? Entonces?? La ley es para unos y no para todos??...La San Carlos ya no le pertenece ni representan al pueblo, "" Las ratas hacen fiesta en casa del gato""..😢",6f522dd52302e9597b7b28edc45b057f1a433e59a272c656608658adf3a0b30c,negativo,NEG,0.9746112823486328,0.022096749395132065,0.003291869070380926,0.9746112823486328,0.9525145329535007,False,pysentimiento/robertuito-sentiment-analysis,a2cc0f67ebd705c55191e25a05ba23d885fcc09b,4.57.6,128
UgyiGiWPuiTR2hkzmVd4AaABAg,Solo giamagyey penso en grandes proyectos la coaptacion total del estado y el gran proyecto de corrupcion,Solo giamagyey penso en grandes proyectos la coaptacion total del estado y el gran proyecto de corrupcion,f786af1b53b18b6895f4105d77bfdf518487a869261f4c7265aee301ff3293c6,negativo,NEG,0.9015113115310669,0.08807294070720673,0.01041572168469429,0.9015113115310669,0.8134383708238602,False,pysentimiento/robertuito-sentiment-analysis,a2cc0f67ebd705c55191e25a05ba23d885fcc09b,4.57.6,128
UgyiegHTZAVz8J4Ogvt4AaABAg,La felicito señorita; al rin hubo una valiente. Dios con usted  !!!,La felicito señorita; al rin hubo una valiente. Dios con usted !!!,82560beba41646072439e0def8ea2a17c48edaac0ab5bf313d3a37e3d6aa6cdd,positivo,POS,0.006562327034771442,0.03583328798413277,0.9576044082641602,0.9576044082641602,0.9217711202800274,False,pysentimiento/robertuito-sentiment-analysis,a2cc0f67ebd705c55191e25a05ba23d885fcc09b,4.57.6,128
UgyihMW-pXKI2cEDqWx4AaABAg,Siguen con las mismas mañas....los diputados acostumbrados a estar de gorriones....,Siguen con las mismas mañas....los diputados acostumbrados a estar de gorriones....,4b02ea520c92a74cd635b7eb69b0aa6b3f9c08c73c043c6322c6ddb380966c1f,negativo,NEG,0.9388989806175232,0.0516938678920269,0.009407139383256435,0.9388989806175232,0.8872051127254963,False,pysentimiento/robertuito-sentiment-analysis,a2cc0f67ebd705c55191e25a05ba23d885fcc09b,4.57.6,128
UgyisqlInC7oBNbU95Z4AaABAg,Lleve su lonchera...,Lleve su lonchera...,4baf1abf8f9d5ff719d02d9b0d4363b306cf81143942a132ee51e0521b26886e,neutral,NEU,0.0569508858025074,0.7149750590324402,0.2280741035938263,0.7149750590324402,0.4869009554386139,False,pysentimiento/robertuito-sentiment-analysis,a2cc0f67ebd705c55191e25a05ba23d885fcc09b,4.57.6,128
Ugyk3PqfIuDEuXyeb494AaABAg,Cabal con pisto robado c asen micos y pericos lo de productivo para el país queda muy lejos,Cabal con pisto robado c asen micos y pericos lo de productivo para el país queda muy lejos,650cdceb94e67dd0cb1c114b23921677c03743d4b13f0a8ac3f686cc026ca424,negativo,NEG,0.8753825426101685,0.10846753418445587,0.016149867326021194,0.8753825426101685,0.7669150084257126,False,pysentimiento/robertuito-sentiment-analysis,a2cc0f67ebd705c55191e25a05ba23d885fcc09b,4.57.6,128
UgykKTDDGdoiNQIuYJd4AaABAg,"Quien no lo conoce que lo compre, este fue mano derecha y achichincle de Baldizón en LIDER. Andaban en helicoptero pagado por los financistas que iban a cobrar con creces si llegaban al poder. Este es un Dipucaco","Quien no lo conoce que lo compre, este fue mano derecha y achichincle de Baldizón en LIDER. Andaban en helicoptero pagado por los financistas que iban a cobrar con creces si llegaban al poder. Este es un Dipucaco",5b0142f6618ed09b7588869a9c3b22439bc6532ed04cad8e8845f54f58096eb7,negativo,NEG,0.8528891205787659,0.1190614327788353,0.028049426153302193,0.8528891205787659,0.7338276877999306,False,pysentimiento/robertuito-sentiment-analysis,a2cc0f67ebd705c55191e25a05ba23d885fcc09b,4.57.6,128
UgymHCpILRINq5oT_7B4AaABAg,"FORTALEZCAMOS A NUESTRA BELLÍSIMA GUATEMALA


GUATEMALTECOS Y GUATEMALTECAS UNIDOS


ESTAN CONMIGO?",FORTALEZCAMOS A NUESTRA BELLÍSIMA GUATEMALA GUATEMALTECOS Y GUATEMALTECAS UNIDOS ESTAN CONMIGO?,30b2fb8683c9f31fa2a44ea380ab03f22ecc8fac69a241dc5d664b34cafddcdf,positivo,POS,0.031948719173669815,0.2779069244861603,0.6901443600654602,0.6901443600654602,0.4122374355792999,False,pysentimiento/robertuito-sentiment-analysis,a2cc0f67ebd705c55191e25a05ba23d885fcc09b,4.57.6,128
UgymHZwhYtsW9EYkxdl4AaABAg,"Nery Rodas entienda. los fondos públicos no son para pagar comida de nadie. En lo privado ok. Es para generar negocios.
En lo público paguen de su sueldo. Punto.",Nery Rodas entienda. los fondos públicos no son para pagar comida de nadie. En lo privado ok. Es para generar negocios. En lo público paguen de su sueldo. Punto.,0c9c43bb26a02f9e3465d1d3a0aca217936eaf5d26e615b24edeae8120216834,neutral,NEU,0.3904001712799072,0.5623552799224854,0.04724445566534996,0.5623552799224854,0.17195510864257812,True,pysentimiento/robertuito-sentiment-analysis,a2cc0f67ebd705c55191e25a05ba23d885fcc09b,4.57.6,128
Ugynh0Cq17X889qHS0J4AaABAg,No sé si todos los del Cabal son corruptos; pero Nery Rodas es un descarado corrupto.,No sé si todos los del Cabal son corruptos; pero Nery Rodas es un descarado corrupto.,e5919b41f584151fe313dfe7d417a017fe29166736d3a75ac8bd33738717dcb5,negativo,NEG,0.870131254196167,0.11069522053003311,0.0191735178232193,0.870131254196167,0.7594360336661339,False,pysentimiento/robertuito-sentiment-analysis,a2cc0f67ebd705c55191e25a05ba23d885fcc09b,4.57.6,128
UgyoRKhs1yP8oKoD3uh4AaABAg,Fuera Mazarriegos,Fuera Mazarriegos,1d6ebb7e2c1f64d6d7c517576fb057bd5b969e813dae409ef9d4f4f2c494cb6b,negativo,NEG,0.626069188117981,0.3158220648765564,0.05810878053307533,0.626069188117981,0.31024712324142456,False,pysentimiento/robertuito-sentiment-analysis,a2cc0f67ebd705c55191e25a05ba23d885fcc09b,4.57.6,128
UgyoglGwyV2PhIAvHdt4AaABAg,"Excelente información, necesitaba saber y esta bastante claro... Ahora entiendo mejor 😢","Excelente información, necesitaba saber y esta bastante claro... Ahora entiendo mejor 😢",9b6f1f417218557d959c230b9d90d0598aa7fead0fcf093bb1e5699a02a359d2,positivo,POS,0.003594469279050827,0.06437598913908005,0.9320295453071594,0.9320295453071594,0.8676535561680794,False,pysentimiento/robertuito-sentiment-analysis,a2cc0f67ebd705c55191e25a05ba23d885fcc09b,4.57.6,128
UgyqA5EpXnBPn_uH-KB4AaABAg,Y por que no manifiestan contra toda esa mafia ante los tribunales?. Se que hay mucha suciedad en la justicia pero se debe hacer algo.,Y por que no manifiestan contra toda esa mafia ante los tribunales?. Se que hay mucha suciedad en la justicia pero se debe hacer algo.,018a68f193f7ecca9a941afbf30a923854d49593e61409b44754878ef391b56f,negativo,NEG,0.9263225197792053,0.06603573262691498,0.007641737814992666,0.9263225197792053,0.8602867871522903,False,pysentimiento/robertuito-sentiment-analysis,a2cc0f67ebd705c55191e25a05ba23d885fcc09b,4.57.6,128
Ugyr_-OfFbHlc9uWhg94AaABAg,Bueno los otros países tampoco queremos criminal es de México que los mandé a su país donde nacieron. Costa Rica lleva años aguantando gente de otros países ya no necesitamos más crimen en nuestro país.,Bueno los otros países tampoco queremos criminal es de México que los mandé a su país donde nacieron. Costa Rica lleva años aguantando gente de otros países ya no necesitamos más crimen en nuestro país.,5b095a439a26c5eb30f01419bfe437249667ddc74478b3012ec01241ec04f5db,negativo,NEG,0.8843994736671448,0.0982823520898819,0.017318159341812134,0.8843994736671448,0.7861171215772629,False,pysentimiento/robertuito-sentiment-analysis,a2cc0f67ebd705c55191e25a05ba23d885fcc09b,4.57.6,128
UgysnIFZt6-_f2iGbid4AaABAg,Buen trabajo,Buen trabajo,4ad59143e4d485d470a44436a216ea73c60fbe4904fdf02accff00387b8b4e34,positivo,POS,0.08902083337306976,0.4117969870567322,0.49918219447135925,0.49918219447135925,0.08738520741462708,True,pysentimiento/robertuito-sentiment-analysis,a2cc0f67ebd705c55191e25a05ba23d885fcc09b,4.57.6,128
UgysqnYM0p-_jyWisMJ4AaABAg,Quiero vivir en esa Guatemala :v,Quiero vivir en esa Guatemala :v,0ce95fbed4ddf1a121ffb884596d9cce29cfe4275a1cf1b21edd29616c7d51dc,neutral,NEU,0.08986471593379974,0.7469236850738525,0.16321156919002533,0.7469236850738525,0.5837121158838272,False,pysentimiento/robertuito-sentiment-analysis,a2cc0f67ebd705c55191e25a05ba23d885fcc09b,4.57.6,128
UgysslM7dkNnQ1JT7Mh4AaABAg,Excelente información!,Excelente información!,8ec39b3bb92106e0f2b5d3d82c3cd885d01f5caa31a8219e1fda946c0b7ed9d8,positivo,POS,0.00927356444299221,0.08290103822946548,0.9078254103660583,0.9078254103660583,0.8249243721365929,False,pysentimiento/robertuito-sentiment-analysis,a2cc0f67ebd705c55191e25a05ba23d885fcc09b,4.57.6,128
UgyuZ00FMdgmao7sNMx4AaABAg,"Todo muy caro,canasta básica,transporte,y que barbaridad ,no tienen conciencia,cuántos pacientes muriendo por medicinas caras,estos diputados no tendrían que ejercer este cargo,pueblo dormido,este es un gran corrupto,vamos,une,vos, valor , todos corruptos","Todo muy caro,canasta básica,transporte,y que barbaridad ,no tienen conciencia,cuántos pacientes muriendo por medicinas caras,estos diputados no tendrían que ejercer este cargo,pueblo dormido,este es un gran corrupto,vamos,une,vos, valor , todos corruptos",a9aee1b8a8010db046bd698984a6d59e99301603522e3528e3105cb2ecc4a1d2,negativo,NEG,0.9742350578308105,0.021801382303237915,0.003963533788919449,0.9742350578308105,0.9524336755275726,False,pysentimiento/robertuito-sentiment-analysis,a2cc0f67ebd705c55191e25a05ba23d885fcc09b,4.57.6,128
Ugyuk_4Gq9tbJjGZVRl4AaABAg,"Y las cosas no cambian, ellos siguen haciendo pobrecitos cómo sufren, mientras jenye de muere por la compra de medicamentos y no tienen para comprarla .","Y las cosas no cambian, ellos siguen haciendo pobrecitos cómo sufren, mientras jenye de muere por la compra de medicamentos y no tienen para comprarla .",a7a0b93b49c24d488b18eb228de9eb281bcd50be238b760546056c44a72d58b5,negativo,NEG,0.9722921252250671,0.024102965369820595,0.003604916390031576,0.9722921252250671,0.9481891598552465,False,pysentimiento/robertuito-sentiment-analysis,a2cc0f67ebd705c55191e25a05ba23d885fcc09b,4.57.6,128
UgyvMO5z1LjtvyRIIxd4AaABAg,Claro....hechor y consentidor pena por igual😮😮😮😮😮😮😮,Claro....hechor y consentidor pena por igual😮😮😮😮😮😮😮,0edae9e9f1354327a5372aa5da1120f937624bdb6943df25d14633c991941104,neutral,NEU,0.08260039240121841,0.7397220134735107,0.17767763137817383,0.7397220134735107,0.5620443820953369,False,pysentimiento/robertuito-sentiment-analysis,a2cc0f67ebd705c55191e25a05ba23d885fcc09b,4.57.6,128
UgyvSxtnuw9xRiNU5tl4AaABAg,"Ese Luis Cordón, si que es valiente el resto de consejeros son lame botas","Ese Luis Cordón, si que es valiente el resto de consejeros son lame botas",b7d74cc1981056270c5bb0f08f31f6b0c52a86bab60bd592c781ae0d568d99af,negativo,NEG,0.9324464201927185,0.04015922173857689,0.027394330129027367,0.9324464201927185,0.8922871984541416,False,pysentimiento/robertuito-sentiment-analysis,a2cc0f67ebd705c55191e25a05ba23d885fcc09b,4.57.6,128
UgyxvyPVCur3jgc_1mx4AaABAg,Asquerosos dilicuentes empresas del belzebu y Buda asqueroso gobierno chueco del Don Arévalo nada hace por la población Guatemalteca y los asquerosas y asquerosos diputados del congreso de la república,Asquerosos dilicuentes empresas del belzebu y Buda asqueroso gobierno chueco del Don Arévalo nada hace por la población Guatemalteca y los asquerosas y asquerosos diputados del congreso de la república,80462e77d5d31029b8a5a6e18216b78473e2f1159b7aafb908db06fc12784c7b,negativo,NEG,0.9741942882537842,0.01986255683004856,0.005943150259554386,0.9741942882537842,0.9543317314237356,False,pysentimiento/robertuito-sentiment-analysis,a2cc0f67ebd705c55191e25a05ba23d885fcc09b,4.57.6,128
UgyypM6Ts6Ut_EuFcdN4AaABAg,Y pueblo muriéndose del ambre ve hijos de su mera madre,Y pueblo muriéndose del ambre ve hijos de su mera madre,71bc4680d4fb0b17b3b6594547bdedd24df1b652917f83cfa9048a8b5242ccd2,negativo,NEG,0.9705045819282532,0.02247430756688118,0.007021124940365553,0.9705045819282532,0.948030274361372,False,pysentimiento/robertuito-sentiment-analysis,a2cc0f67ebd705c55191e25a05ba23d885fcc09b,4.57.6,128
Ugyyx5lXrgFXsraCIMh4AaABAg,P..   si tengo hambre que le quitó un pedazo de ferrocarril mi...,P.. si tengo hambre que le quitó un pedazo de ferrocarril mi...,7856e5080aea9f7930988ece421817117841aa54e17c6fd92324dc336ef21f28,negativo,NEG,0.6958326101303101,0.29435744881629944,0.009809901937842369,0.6958326101303101,0.4014751613140106,False,pysentimiento/robertuito-sentiment-analysis,a2cc0f67ebd705c55191e25a05ba23d885fcc09b,4.57.6,128
UgyzKNq94Z4Y2GSth514AaABAg,vine del instagram!,vine del instagram!,4e17332bb410ae66ac9acb4d69ddc4fea9129ce050e709be6bad64896fbc5adb,neutral,NEU,0.0767425000667572,0.607589840888977,0.31566765904426575,0.607589840888977,0.2919221818447113,False,pysentimiento/robertuito-sentiment-analysis,a2cc0f67ebd705c55191e25a05ba23d885fcc09b,4.57.6,128
Ugyzgy-Lqlq6CTb4GPB4AaABAg,Y porqué no lo hacen  en lugares más sencillos pero como todos estos son iguales solo piensan en hartarse bien por eso salen como Rodriguez arzu  a costillas del pueblo,Y porqué no lo hacen en lugares más sencillos pero como todos estos son iguales solo piensan en hartarse bien por eso salen como Rodriguez arzu a costillas del pueblo,84f80091cfa54b0c04967bdf259e6936f035d4161adcafa4f69b16a542842bb3,negativo,NEG,0.9409881234169006,0.051754023879766464,0.0072577646933496,0.9409881234169006,0.8892340995371342,False,pysentimiento/robertuito-sentiment-analysis,a2cc0f67ebd705c55191e25a05ba23d885fcc09b,4.57.6,128
UgyzzIxBoO0_7kX1EWJ4AaABAg,"Muy cierto, mi mamá en este momento esta incapacitada de una pierna y hemos vivido lo que es caminar en aceras altas, ineptas, absurdamente pequeñas y además dañadas.","Muy cierto, mi mamá en este momento esta incapacitada de una pierna y hemos vivido lo que es caminar en aceras altas, ineptas, absurdamente pequeñas y además dañadas.",28c3467435b6695781d66b67fb5b4e9acc1d52a8fcc1be3ea34c762295ba8dc8,negativo,NEG,0.9826697111129761,0.01448433194309473,0.002845993498340249,0.9826697111129761,0.9681853791698813,False,pysentimiento/robertuito-sentiment-analysis,a2cc0f67ebd705c55191e25a05ba23d885fcc09b,4.57.6,128
Ugz-XNtfLx0lzcoHUXN4AaABAg,"Que comando mierd@ mejor de todas maneras tenemos que seguir trabajando, más gasto cuando ellos tapan.","Que comando mierd@ mejor de todas maneras tenemos que seguir trabajando, más gasto cuando ellos tapan.",135d2496698218678c369852b2dc1101642ff4401ddb7d02956ad2c0b5f82b2d,negativo,NEG,0.9518795609474182,0.037947993725538254,0.01017251331359148,0.9518795609474182,0.91393156722188,False,pysentimiento/robertuito-sentiment-analysis,a2cc0f67ebd705c55191e25a05ba23d885fcc09b,4.57.6,128
Ugz158DoUO_zyZlglG14AaABAg,Inglés,Inglés,b4621dca588dbd7b612cc595fbd709658bcb51cfd6bf9c44ae88fd9624554ef3,neutral,NEU,0.34353646636009216,0.5069614052772522,0.14950217306613922,0.5069614052772522,0.16342493891716003,True,pysentimiento/robertuito-sentiment-analysis,a2cc0f67ebd705c55191e25a05ba23d885fcc09b,4.57.6,128
Ugz1TFgP101cP3SQAW94AaABAg,"Esas no son cosas minuciosas como dice el diputado Nery Rodas ya todos los diputados saben que les dieron orden de no gastar el dinero del pueblo para almuerzos de diputados y el w que quiere que  no nos digan nada porque son cosas como que no vale nada contarlo,si gastaron ese dinero que se los cobren a los diputados,están viendo qué hay personas muriendo de hambre y ellos bien Gracias dándose la gran vida que lo paguen con su sueldo que para eso ganan bien sin vergüenzas vividores,pues que lo paguen para ustedes es poco dos mil quetzales pero para nosotros los pobres es mucho dinero no importa que sea menor gasto pero entiendan que ya no,y si ustedes trabajan que sea en horas adecuadas y no en horas de comidas,y si usted dice que es muy poco el dinero entonces renuncien y busquen otro trabajo porque hay sueldos que ganan el mínimo y de ahí tienen que pagar todo imagínese señor por favor?","Esas no son cosas minuciosas como dice el diputado Nery Rodas ya todos los diputados saben que les dieron orden de no gastar el dinero del pueblo para almuerzos de diputados y el w que quiere que no nos digan nada porque son cosas como que no vale nada contarlo,si gastaron ese dinero que se los cobren a los diputados,están viendo qué hay personas muriendo de hambre y ellos bien Gracias dándose la gran vida que lo paguen con su sueldo que para eso ganan bien sin vergüenzas vividores,pues que lo paguen para ustedes es poco dos mil quetzales pero para nosotros los pobres es mucho dinero no importa que sea menor gasto pero entiendan que ya no,y si ustedes trabajan que sea en horas adecuadas y no en horas de comidas,y si usted dice que es muy poco el dinero entonces renuncien y busquen otro trabajo porque hay sueldos que ganan el mínimo y de ahí tienen que pagar todo imagínese señor por favor?",97ed6f149cc467596c5c0888e9eb781e40ecc1d8acffdd2887f48a146e119eb5,negativo,NEG,0.9415380954742432,0.05200288072228432,0.00645909458398819,0.9415380954742432,0.8895352147519588,False,pysentimiento/robertuito-sentiment-analysis,a2cc0f67ebd705c55191e25a05ba23d885fcc09b,4.57.6,128
Ugz1VUKAy1iuwk_x2jN4AaABAg,La próxima habla de la harina de trigo.,La próxima habla de la harina de trigo.,8001bf35c654919c14e1735ca449117aec1f162c9a3e2df41085534efb802dd4,neutral,NEU,0.07585085928440094,0.8709691762924194,0.05317999795079231,0.8709691762924194,0.7951183170080185,False,pysentimiento/robertuito-sentiment-analysis,a2cc0f67ebd705c55191e25a05ba23d885fcc09b,4.57.6,128
Ugz1kbHjtN-jQUk3sWd4AaABAg,Nombre.... Tenía razon el loco Taracena!!!!! Los diputados siempre iban a decir q no les alcanza el salario de 25 mil. Y uno von salario mínimo tiene q ver cómo le hace para q le alcance!!! Entonces q busquen otro trabajo!!! Es el colmo plata hay lo q pasa q los políticos como el se lo gastan en hartazon!!!!😡😡😡😡,Nombre.... Tenía razon el loco Taracena!!!!! Los diputados siempre iban a decir q no les alcanza el salario de 25 mil. Y uno von salario mínimo tiene q ver cómo le hace para q le alcance!!! Entonces q busquen otro trabajo!!! Es el colmo plata hay lo q pasa q los políticos como el se lo gastan en hartazon!!!!😡😡😡😡,89707cd31d32da26ecb811ede6a4ed511160b9a9eda34cae27ce490809e95192,negativo,NEG,0.955208420753479,0.04070918634533882,0.0040823919698596,0.955208420753479,0.9144992344081402,False,pysentimiento/robertuito-sentiment-analysis,a2cc0f67ebd705c55191e25a05ba23d885fcc09b,4.57.6,128
Ugz200h27x5RIAnswQd4AaABAg,"PERO ESTOS QUE ESTAN ENTREVISTANDO AL DIPUTADO NERY RODAS PORQUE 
NO LE PREGUNTARON A LA LEGISLATURA ANTERIOR TODOS LOS GASTOS  QUE HHACIAN.
 :face-blue-smiling: ASI ES LA ANTERIOR LEGISLATURA PAGABAN HASTA PORQUE IBAN AL BAÑO.
SR. RODAS..DEJE A ESTOS QUE LO ESTAN ENTREVISTANDO QUE LE PREGUNTEN
A SU MADRE.
LO QUE AFECTO EN GRANDE EL PAIS,ESOS ROBOS DE  jimmy morales / giammattei.
ALEGANDO POR UNA FACTURA DE Q.2,OOO. O,  MENOS.
  👁giammattei  ROBO MILLONES DE MILLONES Y ESTOS CORRUPTOS ENTREVISTADORES hablando de desnutricion ???  pregunten a giammattei,vive en
el pais todavia...vayan a buscarlo.
JAMAS LE HIZIERON NUNCA UNA PREGUNTA ACERCA DE LOS GASTOS QUE HACIA.
👁 toda empresa privada o gubernamental,PAGAN SUS GASTOS PARA LAS REUNIONESS
QUE LES TOCA HACER.
VAYAN A BUSCAR A allan rodriguez por ej...alvaro arzu...esos si son CORRUPTOS.","PERO ESTOS QUE ESTAN ENTREVISTANDO AL DIPUTADO NERY RODAS PORQUE NO LE PREGUNTARON A LA LEGISLATURA ANTERIOR TODOS LOS GASTOS QUE HHACIAN. :face-blue-smiling: ASI ES LA ANTERIOR LEGISLATURA PAGABAN HASTA PORQUE IBAN AL BAÑO. SR. RODAS..DEJE A ESTOS QUE LO ESTAN ENTREVISTANDO QUE LE PREGUNTEN A SU MADRE. LO QUE AFECTO EN GRANDE EL PAIS,ESOS ROBOS DE jimmy morales / giammattei. ALEGANDO POR UNA FACTURA DE Q.2,OOO. O, MENOS. 👁giammattei ROBO MILLONES DE MILLONES Y ESTOS CORRUPTOS ENTREVISTADORES hablando de desnutricion ??? pregunten a giammattei,vive en el pais todavia...vayan a buscarlo. JAMAS LE HIZIERON NUNCA UNA PREGUNTA ACERCA DE LOS GASTOS QUE HACIA. 👁 toda empresa privada o gubernamental,PAGAN SUS GASTOS PARA LAS REUNIONESS QUE LES TOCA HACER. VAYAN A BUSCAR A allan rodriguez por ej...alvaro arzu...esos si son CORRUPTOS.",6e5bfba2ae46f576b7f7a3f7ae119e5ee29131c4500a6622b214d1880ffc313f,negativo,NEG,0.8929553031921387,0.10016731917858124,0.00687730498611927,0.8929553031921387,0.7927879840135574,False,pysentimiento/robertuito-sentiment-analysis,a2cc0f67ebd705c55191e25a05ba23d885fcc09b,4.57.6,128
Ugz26waEPWK6VtsenFZ4AaABAg,Dios. Los cria. Y El.....los coruptos. Siempre. Van de la Mano....,Dios. Los cria. Y El.....los coruptos. Siempre. Van de la Mano....,589ae2be5b92fdf1773f8a3e0610dbc9a7765937d6667d71869deb3123cadc76,neutral,NEU,0.08215202391147614,0.4728100001811981,0.44503793120384216,0.4728100001811981,0.027772068977355957,True,pysentimiento/robertuito-sentiment-analysis,a2cc0f67ebd705c55191e25a05ba23d885fcc09b,4.57.6,128
Ugz26waEPWK6VtsenFZ4AaABAg.ALglV0O_2mtALgq1_mUSB_,Ud y quienes mas😂😂😂😂😂😂😂😂😂😂😂😂😂😂😂😂😂😂,Ud y quienes mas😂😂😂😂😂😂😂😂😂😂😂😂😂😂😂😂😂😂,b5f486bcc1d03418ee5775dfccc941c6990263198cca43205bb7ba9b8aa6fc48,neutral,NEU,0.11693809926509857,0.7346852421760559,0.1483766883611679,0.7346852421760559,0.586308553814888,False,pysentimiento/robertuito-sentiment-analysis,a2cc0f67ebd705c55191e25a05ba23d885fcc09b,4.57.6,128
Ugz2Y0LOPaJfoV8R01d4AaABAg,paaajaaaasss,paaajaaaasss,fb3c6ffa888b2a470a5c424e0f74c5b840269e8585bf8facbe40454347512f65,neutral,NEU,0.2110443264245987,0.5705322623252869,0.21842333674430847,0.5705322623252869,0.3521089255809784,True,pysentimiento/robertuito-sentiment-analysis,a2cc0f67ebd705c55191e25a05ba23d885fcc09b,4.57.6,128
Ugz5OziU6YjREVjZJUZ4AaABAg,El estado de Colombia fue el verdugo de Uribe.. cuando sienten q alguien les enfrenta con la verdad se acobardan.. igual pasa con el ejecutivo de Guatemala.. bueno en fin arevalo es compadre de petro.  0igo a este presidente y solo mentiras salen de du bocata..  HDP,El estado de Colombia fue el verdugo de Uribe.. cuando sienten q alguien les enfrenta con la verdad se acobardan.. igual pasa con el ejecutivo de Guatemala.. bueno en fin arevalo es compadre de petro. 0igo a este presidente y solo mentiras salen de du bocata.. HDP,bfeca31d09e7c39892c0265f3b28ef688c446d3a65e3b8595105cf8fe820c2df,negativo,NEG,0.9586173295974731,0.03397442027926445,0.007408287841826677,0.9586173295974731,0.9246429093182087,False,pysentimiento/robertuito-sentiment-analysis,a2cc0f67ebd705c55191e25a05ba23d885fcc09b,4.57.6,128
Ugz6naDsqtHsbONkRBl4AaABAg,Vamos a paralizar todo el pais talvez asi entiende este gibierno medrioque,Vamos a paralizar todo el pais talvez asi entiende este gibierno medrioque,951fc953f8aa20579028bc456dca0941f7f79c820f6e1e3802378fdffccc7573,negativo,NEG,0.775039553642273,0.2028212547302246,0.022139260545372963,0.775039553642273,0.5722182989120483,False,pysentimiento/robertuito-sentiment-analysis,a2cc0f67ebd705c55191e25a05ba23d885fcc09b,4.57.6,128
Ugz76M4X7jXyiAqAC_d4AaABAg,"Pues deberían establecer viáticos cuando los trabajos sean institucionales, eso seria más legal. Ponga una tabla de viáticos, ejemplo: desayuno 60, almuerzo 100, cena 60; hospedaje 150.","Pues deberían establecer viáticos cuando los trabajos sean institucionales, eso seria más legal. Ponga una tabla de viáticos, ejemplo: desayuno 60, almuerzo 100, cena 60; hospedaje 150.",e65e7d1dd29abc7e52174b3f19b109735a2297bcef86c19f1643d28c39ce17d1,neutral,NEU,0.04639561474323273,0.8850528597831726,0.06855149567127228,0.8850528597831726,0.8165013641119003,False,pysentimiento/robertuito-sentiment-analysis,a2cc0f67ebd705c55191e25a05ba23d885fcc09b,4.57.6,128
Ugz76M4X7jXyiAqAC_d4AaABAg.A7j4tx1RMDbA7oQQlZnZR4,"Es que ellos tienen un rubro para comidas hasta por 10,000quetzales pero ellos principalmente los de junta directiva dijeron que  no tocarían ese dinero que ellos comerían de su bolsillo","Es que ellos tienen un rubro para comidas hasta por 10,000quetzales pero ellos principalmente los de junta directiva dijeron que no tocarían ese dinero que ellos comerían de su bolsillo",4e2c7d5f238f647f7943ebeb4f4d706e850f49fed7947e3893f5cbf4f8300a7c,negativo,NEG,0.5564224123954773,0.4079417884349823,0.03563586622476578,0.5564224123954773,0.148480623960495,True,pysentimiento/robertuito-sentiment-analysis,a2cc0f67ebd705c55191e25a05ba23d885fcc09b,4.57.6,128
Ugz7WPxTOQEwmZpnx_V4AaABAg,"Ahora se destapo la CORRUPCION Q EXISTIA Y AHORA SE CONTAMINO despues de ampliacion ahora DEUDAS a la Comunidad Internacional por PRESTAMOS para carreteras, ademas CONCESIONES A AEROPUERTOS, PUERTOS, LAS MISMAS CARRETERAS, todos millonario, EUROBONOS, vender al pais y CANASTA BASICA A Q10,000 todo lo van hacer PERO ESE DINERO QUE OBTENGAN SERA REGALO DEL 👹👹👹 Xq DIOS dara justicia en su momento la JUSTICIA DE DIOS con sus hijitos sera IMPLACABLE y omnipotente🇬🇹🇬🇹🇬🇹🇬🇹","Ahora se destapo la CORRUPCION Q EXISTIA Y AHORA SE CONTAMINO despues de ampliacion ahora DEUDAS a la Comunidad Internacional por PRESTAMOS para carreteras, ademas CONCESIONES A AEROPUERTOS, PUERTOS, LAS MISMAS CARRETERAS, todos millonario, EUROBONOS, vender al pais y CANASTA BASICA A Q10,000 todo lo van hacer PERO ESE DINERO QUE OBTENGAN SERA REGALO DEL 👹👹👹 Xq DIOS dara justicia en su momento la JUSTICIA DE DIOS con sus hijitos sera IMPLACABLE y omnipotente🇬🇹🇬🇹🇬🇹🇬🇹",38d055f815ffff3e12d3c2ff2791d496f710a88932c77c88f6854988ca3bcae8,negativo,NEG,0.7945622205734253,0.18282188475131989,0.022615959867835045,0.7945622205734253,0.6117403358221054,False,pysentimiento/robertuito-sentiment-analysis,a2cc0f67ebd705c55191e25a05ba23d885fcc09b,4.57.6,128
Ugz8BbgcucTeHAjfvqJ4AaABAg,Señores con el salario de este señor almuerzo asta las ocho dela noche y me como un tortrix que vale la pena,Señores con el salario de este señor almuerzo asta las ocho dela noche y me como un tortrix que vale la pena,59cab708ab70ee864b6a000acc3612c0d14d8c4089afc8f6fb767546948817ca,positivo,POS,0.00507003627717495,0.07851910591125488,0.9164108633995056,0.9164108633995056,0.8378917574882507,False,pysentimiento/robertuito-sentiment-analysis,a2cc0f67ebd705c55191e25a05ba23d885fcc09b,4.57.6,128
Ugz8fJcHTKHoEWJPwWt4AaABAg,"Como sabes que son pajas, si las tienes dwvuelvelas.","Como sabes que son pajas, si las tienes dwvuelvelas.",b401b73abaa3427e379fcfb2f4bcbb0a304e90688756febfc667016b75bd2cde,neutral,NEU,0.22096508741378784,0.7303745150566101,0.04866029694676399,0.7303745150566101,0.5094094276428223,False,pysentimiento/robertuito-sentiment-analysis,a2cc0f67ebd705c55191e25a05ba23d885fcc09b,4.57.6,128
Ugz8hBV9j2KQGtMhPUR4AaABAg,Sinverguenza la ley maya y luego preso.,Sinverguenza la ley maya y luego preso.,e1519abd69006839fd69c7d6f2ac75e22d87afb2ada7bcad265520c997dfdeca,negativo,NEG,0.8151357769966125,0.1439972221851349,0.04086695611476898,0.8151357769966125,0.6711385548114777,False,pysentimiento/robertuito-sentiment-analysis,a2cc0f67ebd705c55191e25a05ba23d885fcc09b,4.57.6,128
Ugz8pKFUmjVv-zF8lvJ4AaABAg,La única que se filtro el mismo lo dijo son unos muertos de amber todos lis diputados tienen que pagar con su dinero para eso tienen un sueldo  no sean sucios,La única que se filtro el mismo lo dijo son unos muertos de amber todos lis diputados tienen que pagar con su dinero para eso tienen un sueldo no sean sucios,b680acad947297661da1ee5fc351d2e35068b4777d1d9fc765921fbb5d298833,negativo,NEG,0.9415966272354126,0.050890225917100906,0.007513100281357765,0.9415966272354126,0.8907064013183117,False,pysentimiento/robertuito-sentiment-analysis,a2cc0f67ebd705c55191e25a05ba23d885fcc09b,4.57.6,128
UgzBnKyfiTTp9djPTh54AaABAg,Fe esperanza oración perseverantes diariamente paz bien verdad amor claridad sabiduría justicia divina ❤😊,Fe esperanza oración perseverantes diariamente paz bien verdad amor claridad sabiduría justicia divina ❤😊,0714d3b8a9a854aa00ae22eaa33940c455fd08e5ce09a6c97349891b3099e820,positivo,POS,0.017265213653445244,0.18914559483528137,0.7935892343521118,0.7935892343521118,0.6044436395168304,False,pysentimiento/robertuito-sentiment-analysis,a2cc0f67ebd705c55191e25a05ba23d885fcc09b,4.57.6,128
UgzBpiHQkRpqfeyCDwd4AaABAg,que verguenza de jente..esto esto lo que logran parir las universidades..y estos corruptos nunca han hecho nada bueno x el pais..lo unico que han hecho es artarse caro a costillas del pueblo...que de aposol...,que verguenza de jente..esto esto lo que logran parir las universidades..y estos corruptos nunca han hecho nada bueno x el pais..lo unico que han hecho es artarse caro a costillas del pueblo...que de aposol...,23d1fde388c9e7474e43995476798a732cda2b98930053f822dd3309b0ce8e32,negativo,NEG,0.9797906279563904,0.016021503135561943,0.0041878134943544865,0.9797906279563904,0.9637691248208284,False,pysentimiento/robertuito-sentiment-analysis,a2cc0f67ebd705c55191e25a05ba23d885fcc09b,4.57.6,128
UgzDFSLs4n_6XtQjgjZ4AaABAg,"Impresionante 👏🏻👏🏻 la ciudad de Guatemala siempre ha tenido alcaldes de visión, Arzú siempre quizo ver una ciudad cosmopolita y de gran desarrollo, esperemos eso siga.","Impresionante 👏🏻👏🏻 la ciudad de Guatemala siempre ha tenido alcaldes de visión, Arzú siempre quizo ver una ciudad cosmopolita y de gran desarrollo, esperemos eso siga.",b008312c83fd9a1330bf752f52f7dc1b8595c05ba41d9d2d885c0fd646b3a174,positivo,POS,0.005631098989397287,0.03268573433160782,0.9616830945014954,0.9616830945014954,0.9289973601698875,False,pysentimiento/robertuito-sentiment-analysis,a2cc0f67ebd705c55191e25a05ba23d885fcc09b,4.57.6,128
UgzDK8qo7Il1yafNllJ4AaABAg,Adelante Excelentisimo Senor Presidente  Bernardo Arevalo de Leo'n   2028 - 2030.-,Adelante Excelentisimo Senor Presidente Bernardo Arevalo de Leo'n 2028 - 2030.-,5561335b6141a8c2645236e8f203976f7db027db5fbf8ec37269375c194249cf,positivo,POS,0.016636479645967484,0.22205697000026703,0.7613065242767334,0.7613065242767334,0.5392495542764664,False,pysentimiento/robertuito-sentiment-analysis,a2cc0f67ebd705c55191e25a05ba23d885fcc09b,4.57.6,128
UgzESrzC3abcN60poBF4AaABAg,Me encanta poner un negocio en Guatemala en un futuro no muy lejano.,Me encanta poner un negocio en Guatemala en un futuro no muy lejano.,91a30b069f93d0a57252a9fe9ce2a7ecaafb5341d5497828efdc73e092a760b6,positivo,POS,0.005319627001881599,0.1383952498435974,0.8562850952148438,0.8562850952148438,0.7178898453712463,False,pysentimiento/robertuito-sentiment-analysis,a2cc0f67ebd705c55191e25a05ba23d885fcc09b,4.57.6,128
UgzFOdujc0-cy9W1Uv14AaABAg,Mientras los Guatemaltecos  muriendo de hambre,Mientras los Guatemaltecos muriendo de hambre,11f06761800e6b3463285c7340891059e3ef2bdcd494fee45acba63a41d2da42,negativo,NEG,0.8017629384994507,0.17899444699287415,0.019242621958255768,0.8017629384994507,0.6227684915065765,False,pysentimiento/robertuito-sentiment-analysis,a2cc0f67ebd705c55191e25a05ba23d885fcc09b,4.57.6,128
UgzGYzecKVZyDzajKPV4AaABAg,"Cuando comen  puyaso,,,,,,y un niño  del campo come tortilla con sal  ,,,que es lo relevante  ,,,??","Cuando comen puyaso,,,,,,y un niño del campo come tortilla con sal ,,,que es lo relevante ,,,??",c8ad7e1c7f051d1d117e013696cba8ef06ff091d2cd7fae9b65974513b62a901,negativo,NEG,0.6870330572128296,0.28669989109039307,0.02626704052090645,0.6870330572128296,0.4003331661224365,False,pysentimiento/robertuito-sentiment-analysis,a2cc0f67ebd705c55191e25a05ba23d885fcc09b,4.57.6,128
UgzH_SOr2gGO_dDna5J4AaABAg,Qué descaro de ese vividor,Qué descaro de ese vividor,4867b98970224eb87f942ef06d2048d75cd55cf32a15b517a1320d88f0e8702b,negativo,NEG,0.9397652745246887,0.04033857211470604,0.01989622600376606,0.9397652745246887,0.8994267024099827,False,pysentimiento/robertuito-sentiment-analysis,a2cc0f67ebd705c55191e25a05ba23d885fcc09b,4.57.6,128
UgzJ85lM1ogkB4KOk2d4AaABAg,Este presidente pendejo no va aser nada si no van a tapar baches menos van a avanzar en otras cosas ya están igual a México con la mañanera y no asen nada solo son abla mierda,Este presidente pendejo no va aser nada si no van a tapar baches menos van a avanzar en otras cosas ya están igual a México con la mañanera y no asen nada solo son abla mierda,dd9e4fdeb34ddf58ac67e0ec36bb2cf25722a97432275b9a5d036981b96a741c,negativo,NEG,0.9791271090507507,0.01622331328690052,0.00464961351826787,0.9791271090507507,0.9629037957638502,False,pysentimiento/robertuito-sentiment-analysis,a2cc0f67ebd705c55191e25a05ba23d885fcc09b,4.57.6,128
UgzKcy6Zr6Ele2EAo6J4AaABAg,"Me encantaría vivir por un tiempo en Guatemala.
Saludos desde México. :)",Me encantaría vivir por un tiempo en Guatemala. Saludos desde México. :),c52bc7a459ba43f390b8f207085a6492d10b453e9737ff155c843f0fd3d89295,positivo,POS,0.005586082581430674,0.08799669146537781,0.9064172506332397,0.9064172506332397,0.8184205591678619,False,pysentimiento/robertuito-sentiment-analysis,a2cc0f67ebd705c55191e25a05ba23d885fcc09b,4.57.6,128
UgzL_lyzP1gwPdnVQ3Z4AaABAg,Excelente trabajo !!,Excelente trabajo !!,d75c83c15fbca8373cf450a8a51b4b82588ec7d777150932241fd0a23f1cb0d6,positivo,POS,0.0061418442055583,0.043518755584955215,0.9503394365310669,0.9503394365310669,0.9068206809461117,False,pysentimiento/robertuito-sentiment-analysis,a2cc0f67ebd705c55191e25a05ba23d885fcc09b,4.57.6,128
UgzMXsCXt9Lh-tk3fZd4AaABAg,"Despues de tanta corrpcion y desfalco por los anteriores gobiernos ladrones que esperaba Rolando? ahora si se puede ver que los fondos de nuestros impuestos se estan usando en lo que deberian de haberse usado hace 40 anios, es muy bueno ver que al fin hay un presidente que esta trabajando no sentado atras de un escritorio llenandose las bolsas!","Despues de tanta corrpcion y desfalco por los anteriores gobiernos ladrones que esperaba Rolando? ahora si se puede ver que los fondos de nuestros impuestos se estan usando en lo que deberian de haberse usado hace 40 anios, es muy bueno ver que al fin hay un presidente que esta trabajando no sentado atras de un escritorio llenandose las bolsas!",304ec278d34a850e3ca64b0c63031fb4080cee7d0c46282d8d7fcc2935fe00d3,positivo,POS,0.25584766268730164,0.27108120918273926,0.4730711877346039,0.4730711877346039,0.20198997855186462,True,pysentimiento/robertuito-sentiment-analysis,a2cc0f67ebd705c55191e25a05ba23d885fcc09b,4.57.6,128
UgzMXsCXt9Lh-tk3fZd4AaABAg.A_zGMKwFBhPA_zWhjiGKb7,"Esoooooo 
Así mero es",Esoooooo Así mero es,867bd26a91b4406bc747f29a607dc27c02001b73b089e3f90a39edfb97d9f238,positivo,POS,0.01671733148396015,0.2387946993112564,0.744488000869751,0.744488000869751,0.5056933015584946,False,pysentimiento/robertuito-sentiment-analysis,a2cc0f67ebd705c55191e25a05ba23d885fcc09b,4.57.6,128
UgzM_dw7xZDkJJ8eYQ94AaABAg,asi o mas envelequero...,asi o mas envelequero...,0a8c08ef58bfc15ce85e5e3076c81e34fb8c9de2b9e856fa2df2d88642e74ca8,negativo,NEG,0.6588798761367798,0.3090793192386627,0.03204088285565376,0.6588798761367798,0.34980055689811707,False,pysentimiento/robertuito-sentiment-analysis,a2cc0f67ebd705c55191e25a05ba23d885fcc09b,4.57.6,128
UgzMppllQcjsXkBLgiZ4AaABAg,Y eso es a lo que sale a luz ¿qué más  nos esconderán?,Y eso es a lo que sale a luz ¿qué más nos esconderán?,a3c6d0a4b51b6cc2aa1d6290bfb9256d43023165a2b27c13c48e5cc403fdccf9,negativo,NEG,0.8664106726646423,0.12533976137638092,0.008249579928815365,0.8664106726646423,0.7410709112882614,False,pysentimiento/robertuito-sentiment-analysis,a2cc0f67ebd705c55191e25a05ba23d885fcc09b,4.57.6,128
UgzOB-KAGGElQGAPxEZ4AaABAg,"Por qué hay 160 diPUTAdos ? Máximo deberían ser 80 diPUTAdos , hambrientos porque saben que el pueblo paga y hasta da propina. Y mientras tanto en el corredor seco la gente se está muriendo de hambre","Por qué hay 160 diPUTAdos ? Máximo deberían ser 80 diPUTAdos , hambrientos porque saben que el pueblo paga y hasta da propina. Y mientras tanto en el corredor seco la gente se está muriendo de hambre",0903ef305a127848e64184af367161a669abfa13bc20bd4ccbc7aa3598f4b388,negativo,NEG,0.9705830812454224,0.025960324332118034,0.0034566682297736406,0.9705830812454224,0.9446227569133043,False,pysentimiento/robertuito-sentiment-analysis,a2cc0f67ebd705c55191e25a05ba23d885fcc09b,4.57.6,128
UgzOGr7KGQ9pa-CJdgN4AaABAg,"Ósea que por ser diputados TIENEN QUE TENER PRIVILEGIOS A HUEVOS?  25 mil al mes más dietas,mocos etc. pero hablemos de 25 mil,ese ese el salario de 5 ó 6 meses de un ciudadano de a pie… y no tiene carro comida,tel etc gratis como estas ratas,y entre esos diputados los de la junta,los jefes de bloque son los más chuchos,pero quiere justificar todo como que fuese un derecho  y ellos fuesen reyes del país","Ósea que por ser diputados TIENEN QUE TENER PRIVILEGIOS A HUEVOS? 25 mil al mes más dietas,mocos etc. pero hablemos de 25 mil,ese ese el salario de 5 ó 6 meses de un ciudadano de a pie… y no tiene carro comida,tel etc gratis como estas ratas,y entre esos diputados los de la junta,los jefes de bloque son los más chuchos,pero quiere justificar todo como que fuese un derecho y ellos fuesen reyes del país",739d8168e1cd78534e554386805d370c0d0806e045a18a907ebda4395354a1c3,negativo,NEG,0.9219271540641785,0.07178699225187302,0.00628586346283555,0.9219271540641785,0.8501401618123055,False,pysentimiento/robertuito-sentiment-analysis,a2cc0f67ebd705c55191e25a05ba23d885fcc09b,4.57.6,128
UgzOYjc2Ii04ZArW7vF4AaABAg,Eso del ferrogaril nunca se va a realisar.,Eso del ferrogaril nunca se va a realisar.,f9c896cc17ef022b2dfd41188e055686440882d6fef394f562d3944db2d49630,negativo,NEG,0.7932339310646057,0.19191284477710724,0.014853269793093204,0.7932339310646057,0.6013210862874985,False,pysentimiento/robertuito-sentiment-analysis,a2cc0f67ebd705c55191e25a05ba23d885fcc09b,4.57.6,128
UgzOeIbOqa0dhaWyj_B4AaABAg,wooow,wooow,de94a5c3ed54e8718c23b17fbf6b248c578360ef17ec6491f84eb7bcd868a1d1,positivo,POS,0.03428969159722328,0.21356485784053802,0.7521454095840454,0.7521454095840454,0.5385805517435074,False,pysentimiento/robertuito-sentiment-analysis,a2cc0f67ebd705c55191e25a05ba23d885fcc09b,4.57.6,128
UgzPExq20lnf7-8d7_p4AaABAg,Que Bonita ciudad mi Guatemala como te extraño algún día regresaremos saludos a todos los paisanos que estamos en el extranjero,Que Bonita ciudad mi Guatemala como te extraño algún día regresaremos saludos a todos los paisanos que estamos en el extranjero,30b53583027d3ff36b29ca946a79181affd1ed2a768b924d7455bff156b12b3d,positivo,POS,0.08729804307222366,0.20816875994205475,0.7045332193374634,0.7045332193374634,0.49636445939540863,False,pysentimiento/robertuito-sentiment-analysis,a2cc0f67ebd705c55191e25a05ba23d885fcc09b,4.57.6,128
UgzQTWwjC_XVPUNxuXp4AaABAg,Que desgraciados sin Corazón y porque mandarlos a un pais del que no pertenesen ???? Si los  deportan por lo menos deverian de hacerlo al pais que pertenesen haci la familia puede verlos y ver sus nesecidad.,Que desgraciados sin Corazón y porque mandarlos a un pais del que no pertenesen ???? Si los deportan por lo menos deverian de hacerlo al pais que pertenesen haci la familia puede verlos y ver sus nesecidad.,fae29934cd649e0ec1136c2976ab922628aa4fea53817ac7630509d7d48443b1,negativo,NEG,0.9496843218803406,0.04356509447097778,0.006750582717359066,0.9496843218803406,0.9061192274093628,False,pysentimiento/robertuito-sentiment-analysis,a2cc0f67ebd705c55191e25a05ba23d885fcc09b,4.57.6,128
UgzRlz8OqalaHh8EnUl4AaABAg,""" Ayudanos a luchar contra el racismo y los malos tratos; vete de regreso a tu pais""
                                              Someone.",""" Ayudanos a luchar contra el racismo y los malos tratos; vete de regreso a tu pais"" Someone.",1391b4d5d072934b11d24429ef43845ac8f69c5eb8c731f26a1450a07feb8c83,neutral,NEU,0.4264073371887207,0.44193390011787415,0.13165874779224396,0.44193390011787415,0.015526562929153442,True,pysentimiento/robertuito-sentiment-analysis,a2cc0f67ebd705c55191e25a05ba23d885fcc09b,4.57.6,128
UgzRlz8OqalaHh8EnUl4AaABAg.Aa9hqaKl_ywAaB_OUjpKKh,"It ghe LAW 
You don't make your own rules!",It ghe LAW You don't make your own rules!,721c1f71773595415291b4819b48eb4fa896d3b2b197f5f65db366d3c466602c,negativo,NEG,0.6800312399864197,0.24446874856948853,0.07550003379583359,0.6800312399864197,0.43556249141693115,False,pysentimiento/robertuito-sentiment-analysis,a2cc0f67ebd705c55191e25a05ba23d885fcc09b,4.57.6,128
UgzRyWsi9Ed1wsXKgwd4AaABAg,Muy buena explicación para entender los carteles y la necesidad de una Ley de Competencia. Felicitaciones.,Muy buena explicación para entender los carteles y la necesidad de una Ley de Competencia. Felicitaciones.,141c9930c4cf9ef7dddc26273ff8a0cf0a0814c1eaf279cd56f3a756c384f2ba,positivo,POS,0.0077590662986040115,0.0470597967505455,0.945181131362915,0.945181131362915,0.8981213346123695,False,pysentimiento/robertuito-sentiment-analysis,a2cc0f67ebd705c55191e25a05ba23d885fcc09b,4.57.6,128
UgzSjpcAY2zvJ6i-poh4AaABAg,Robando en una iglesia eso es un gran pecado,Robando en una iglesia eso es un gran pecado,761974195867e8e518fc0c04399ea89208eabf490ddbfae070fbc9e5a6f0e245,negativo,NEG,0.7439435720443726,0.22535812854766846,0.030698290094733238,0.7439435720443726,0.5185854434967041,False,pysentimiento/robertuito-sentiment-analysis,a2cc0f67ebd705c55191e25a05ba23d885fcc09b,4.57.6,128
UgzSu6dFpC7PrEYl7AF4AaABAg,Este señor le vale cuánto es el valor del almuerzo de un pobre y cuánto gana la población  más pobre,Este señor le vale cuánto es el valor del almuerzo de un pobre y cuánto gana la población más pobre,7d10f92cbef5417b4252c6945ddf204afa48c0b5d50ac7dcbfa58939ad034d28,negativo,NEG,0.9196676015853882,0.07225068658590317,0.008081690408289433,0.9196676015853882,0.847416914999485,False,pysentimiento/robertuito-sentiment-analysis,a2cc0f67ebd705c55191e25a05ba23d885fcc09b,4.57.6,128
UgzT_1dx4pvgJTFMsnZ4AaABAg,"Parafraseando a Bukele, cuando no hay hueveo el pisto alcanza.","Parafraseando a Bukele, cuando no hay hueveo el pisto alcanza.",8550480e284d1364f180e6f2bfb007dd55b150b62b123f2602d94ea11f36643a,neutral,NEU,0.23061297833919525,0.6183149814605713,0.1510719507932663,0.6183149814605713,0.38770200312137604,False,pysentimiento/robertuito-sentiment-analysis,a2cc0f67ebd705c55191e25a05ba23d885fcc09b,4.57.6,128
UgzTqBd3og9IPuVu3o94AaABAg,se be q ese neri rodas kiere seguir comiendo acostillas de los pobres de guatemala verguenza no conose,se be q ese neri rodas kiere seguir comiendo acostillas de los pobres de guatemala verguenza no conose,5833b541acdd8244c0ec5dc6339a1909511a77f1fcf858c40fd878d4c0d38540,negativo,NEG,0.9419183731079102,0.050210606306791306,0.007871069014072418,0.9419183731079102,0.8917077668011189,False,pysentimiento/robertuito-sentiment-analysis,a2cc0f67ebd705c55191e25a05ba23d885fcc09b,4.57.6,128
UgzU2eLo006-Cz6rYLZ4AaABAg,En Tigo tienen una práctica que se llama falla programada y como lo dice el nombre lo hacen para obligar a los a clientes a migrar a nuevos servicios que seguramente podrían llegar a ser más caros o para que paguen x adelantado en el caso del internet residencial sin contrato,En Tigo tienen una práctica que se llama falla programada y como lo dice el nombre lo hacen para obligar a los a clientes a migrar a nuevos servicios que seguramente podrían llegar a ser más caros o para que paguen x adelantado en el caso del internet residencial sin contrato,e07ebece21f22401983c6dcca6ebeb93109f64fa51d8150b7188d2c63d73b96e,negativo,NEG,0.8759533762931824,0.12041769176721573,0.003628828562796116,0.8759533762931824,0.7555356845259666,False,pysentimiento/robertuito-sentiment-analysis,a2cc0f67ebd705c55191e25a05ba23d885fcc09b,4.57.6,128
UgzVRaRar_M-cPPi92x4AaABAg,Parece hijo del policia que esta a su lado...,Parece hijo del policia que esta a su lado...,1351b68e35a49f5275a8dae97e63576b6e1206f7a244d7bff95e22f4d0d708bd,negativo,NEG,0.5962642431259155,0.35931357741355896,0.044422149658203125,0.5962642431259155,0.23695066571235657,True,pysentimiento/robertuito-sentiment-analysis,a2cc0f67ebd705c55191e25a05ba23d885fcc09b,4.57.6,128
UgzVSZ19e2Cc28bFi-94AaABAg,Pobrecito dipucaco,Pobrecito dipucaco,d3f2e3c76cae73fceb64e45794337eece25ffbb4b5f3c7babe93dc041571579f,negativo,NEG,0.8573840856552124,0.08753245323896408,0.05508347600698471,0.8573840856552124,0.7698516324162483,False,pysentimiento/robertuito-sentiment-analysis,a2cc0f67ebd705c55191e25a05ba23d885fcc09b,4.57.6,128
UgzVsPOuFAogocL8wKB4AaABAg,Interesante 😊 de haya cosas buenas en el país de guatemala.con el puente Belice dos.,Interesante 😊 de haya cosas buenas en el país de guatemala.con el puente Belice dos.,c5dd034b461a963e3f3970b9da455d414a2708d8b974077a25e7d28d5667147d,positivo,POS,0.006135598290711641,0.10908688604831696,0.8847775459289551,0.8847775459289551,0.7756906598806381,False,pysentimiento/robertuito-sentiment-analysis,a2cc0f67ebd705c55191e25a05ba23d885fcc09b,4.57.6,128
UgzWNBqTQMz8ba4pbUd4AaABAg,La pregunta  es.quetanto poder tiene ese delicuente de. Masariego  porque es impone ese indibidodespierte amigo unibersitarios que pasa,La pregunta es.quetanto poder tiene ese delicuente de. Masariego porque es impone ese indibidodespierte amigo unibersitarios que pasa,346b35d88e61804a0a511cfa57ac2594292ab260ed23662054a95819ae02b352,negativo,NEG,0.8405562043190002,0.15164008736610413,0.0078037637285888195,0.8405562043190002,0.6889161169528961,False,pysentimiento/robertuito-sentiment-analysis,a2cc0f67ebd705c55191e25a05ba23d885fcc09b,4.57.6,128
UgzWNJK42U_F1IKlwwh4AaABAg,"Prepotente todavía, ni vergüenza tienen, gastar como no les cuesta nada deberían pagarlo con sus propio sueldo","Prepotente todavía, ni vergüenza tienen, gastar como no les cuesta nada deberían pagarlo con sus propio sueldo",dbbdcb1ada51c2ac2559fe7809dda33334792f5f8bacce5a7c55d74117ea39e9,negativo,NEG,0.9662943482398987,0.025103524327278137,0.008602139540016651,0.9662943482398987,0.9411908239126205,False,pysentimiento/robertuito-sentiment-analysis,a2cc0f67ebd705c55191e25a05ba23d885fcc09b,4.57.6,128
UgzWs20muY6Ghm9Z7094AaABAg,Fue emocionante! ❤🥹,Fue emocionante! ❤🥹,ea9fc8e82d04e1790c785c08f4877fe2423647932dd6d0d80a14475d4fc3197f,positivo,POS,0.00920594111084938,0.04230456426739693,0.9484894871711731,0.9484894871711731,0.9061849229037762,False,pysentimiento/robertuito-sentiment-analysis,a2cc0f67ebd705c55191e25a05ba23d885fcc09b,4.57.6,128
UgzXDN6uNEworKy3uqZ4AaABAg,"Con la venta de fertilizantes se repone todo lo gastado y queda ganancia todavía, dice que tiene 40 agroservicios.","Con la venta de fertilizantes se repone todo lo gastado y queda ganancia todavía, dice que tiene 40 agroservicios.",7a8df6b84d982806d13d9779047091b9c0f848a6fe7724bc8a924a135b4f4c35,neutral,NEU,0.023087574169039726,0.6439617872238159,0.332950621843338,0.6439617872238159,0.3110111653804779,False,pysentimiento/robertuito-sentiment-analysis,a2cc0f67ebd705c55191e25a05ba23d885fcc09b,4.57.6,128
UgzYz6n8mPI0dBWsP2h4AaABAg,Hay que sacar a como de lugar a estos 37 miembros del consejo que cumplieron su tiempo y colocar una denuncia penal contra estos que están usurpado los cargos en el CSU,Hay que sacar a como de lugar a estos 37 miembros del consejo que cumplieron su tiempo y colocar una denuncia penal contra estos que están usurpado los cargos en el CSU,a7f3d5948102feb9c7bdbbb103beb029efe416b5d1b984e07bde80dcd821e5b9,negativo,NEG,0.5209764838218689,0.43403351306915283,0.044989973306655884,0.5209764838218689,0.08694297075271606,True,pysentimiento/robertuito-sentiment-analysis,a2cc0f67ebd705c55191e25a05ba23d885fcc09b,4.57.6,128
UgzZMPOIKJlwEpgh7zd4AaABAg,Porque estan aciendo protestas si la gasolina aun subira mas de precio yo claro les edicho que si Nosotros perdemos la guerra Con Irán 🇮🇷 ustedes países como Mexico Guatemala todos los países del mundo 🌎no podrán comprar gasolina porque el galón subira $10. por galón cuánto es esto en tu país es mucho dinero saludos desde mi hermoso país 🇺🇸🇺🇸💵🦅🇺🇸🇺🇸♥️,Porque estan aciendo protestas si la gasolina aun subira mas de precio yo claro les edicho que si Nosotros perdemos la guerra Con Irán 🇮🇷 ustedes países como Mexico Guatemala todos los países del mundo 🌎no podrán comprar gasolina porque el galón subira $10. por galón cuánto es esto en tu país es mucho dinero saludos desde mi hermoso país 🇺🇸🇺🇸💵🦅🇺🇸🇺🇸♥️,1608b3f5911c4f9285789e5c770ec2f8edd7d9e815b86c088651cc055821cca2,negativo,NEG,0.8679903745651245,0.12508165836334229,0.006927881855517626,0.8679903745651245,0.7429087162017822,False,pysentimiento/robertuito-sentiment-analysis,a2cc0f67ebd705c55191e25a05ba23d885fcc09b,4.57.6,128
UgzZMPOIKJlwEpgh7zd4AaABAg.AaB6SZj2UadAaBRkGrUAJI,Pero ay que entender esta a 10 o un poco MAs de impuesto x galon en en Guatemala,Pero ay que entender esta a 10 o un poco MAs de impuesto x galon en en Guatemala,9ba6fd38487b438269da206afe31cb23e89f7ab3111a85734b043d3438a545b8,neutral,NEU,0.18777567148208618,0.7816058993339539,0.030618401244282722,0.7816058993339539,0.5938302278518677,False,pysentimiento/robertuito-sentiment-analysis,a2cc0f67ebd705c55191e25a05ba23d885fcc09b,4.57.6,128
UgzZMPOIKJlwEpgh7zd4AaABAg.AaB6SZj2UadAaCH5adXxCo,Pues  dile a tu presidente que deje de andar haciendo guerra a lo baboseo .,Pues dile a tu presidente que deje de andar haciendo guerra a lo baboseo .,8f781313913e4c90c018396c9d0c8e2c346045ff53eff7db291c6fd31bcd6fc0,negativo,NEG,0.8372277021408081,0.1248328760266304,0.037939444184303284,0.8372277021408081,0.7123948261141777,False,pysentimiento/robertuito-sentiment-analysis,a2cc0f67ebd705c55191e25a05ba23d885fcc09b,4.57.6,128
UgzZc-W-gVj1t4SXc-54AaABAg,"Sería muy bueno que hicieran eso, y que también mejoren muchas cosas no solo en la capital. Ojalá antes lo hagan.
Vamos Guate, saldremos adelante con pasos pequeño pero firmes 🇬🇹❤️🇬🇹","Sería muy bueno que hicieran eso, y que también mejoren muchas cosas no solo en la capital. Ojalá antes lo hagan. Vamos Guate, saldremos adelante con pasos pequeño pero firmes 🇬🇹❤️🇬🇹",8c4f60a3ee4ed93e8b34911b98c89a177a153ba175e11e0d872d40d664a7f32d,positivo,POS,0.004699374083429575,0.050035424530506134,0.9452652335166931,0.9452652335166931,0.895229808986187,False,pysentimiento/robertuito-sentiment-analysis,a2cc0f67ebd705c55191e25a05ba23d885fcc09b,4.57.6,128
UgzaTUgOy4ekC0xQoFt4AaABAg,Es su obligacion trabajar...no se aproveche,Es su obligacion trabajar...no se aproveche,b72835ec2c56ab5d75fdd76bfd33211d0ac1db02516f7f021c6ed8f185cfc423,neutral,NEU,0.32614368200302124,0.6006972193717957,0.07315918803215027,0.6006972193717957,0.2745535373687744,False,pysentimiento/robertuito-sentiment-analysis,a2cc0f67ebd705c55191e25a05ba23d885fcc09b,4.57.6,128
UgzaWev1Ju6338Y7Ehl4AaABAg,"Excelente informacion, me suscribí al canal por una publicacion en FB","Excelente informacion, me suscribí al canal por una publicacion en FB",2011e8a25797df8ed930ca1203099069b9274d6fc59b474a2ee3552cea7e1452,positivo,POS,0.006266343407332897,0.17094387114048004,0.82278972864151,0.82278972864151,0.65184585750103,False,pysentimiento/robertuito-sentiment-analysis,a2cc0f67ebd705c55191e25a05ba23d885fcc09b,4.57.6,128
UgzaWev1Ju6338Y7Ehl4AaABAg.A3Wof66r37mA3WrEtkJyep,Me pasó,Me pasó,8dc5f790d2837edde8b616546bcdcb2ff9ff793683256503f39e814e4839f32f,neutral,NEU,0.3522539436817169,0.5289639234542847,0.11878209561109543,0.5289639234542847,0.17670997977256775,True,pysentimiento/robertuito-sentiment-analysis,a2cc0f67ebd705c55191e25a05ba23d885fcc09b,4.57.6,128
Ugzb66mq9Rv0T7aalfJ4AaABAg,El poeta de el diablo el portillo... y no que muy honesto el pastorcito  pues......,El poeta de el diablo el portillo... y no que muy honesto el pastorcito pues......,2cb46c83417f2de6fc93227d461cede0f41cc88189905d8d716ddb03062b60ac,negativo,NEG,0.6204745173454285,0.30286478996276855,0.07666079699993134,0.6204745173454285,0.3176097273826599,False,pysentimiento/robertuito-sentiment-analysis,a2cc0f67ebd705c55191e25a05ba23d885fcc09b,4.57.6,128
UgzcJTEHjaN8bEV8Hfd4AaABAg,"Julio Héctor Estrada, que triste que inconsciencia.","Julio Héctor Estrada, que triste que inconsciencia.",d397e7d7838a585c561758bc824b6b72b86d15d4393be0fec8a0cd043c807932,negativo,NEG,0.9800772070884705,0.01566334441304207,0.004259470384567976,0.9800772070884705,0.9644138626754284,False,pysentimiento/robertuito-sentiment-analysis,a2cc0f67ebd705c55191e25a05ba23d885fcc09b,4.57.6,128
UgzcVyiuFGJ0Yv0C4Zt4AaABAg,Mentiras los diputados no ganan Q25mil......Ellos ganan Q45mil....no sea mentiroso,Mentiras los diputados no ganan Q25mil......Ellos ganan Q45mil....no sea mentiroso,72172200a529925e5da26a7e93bcb93aa7165c8fecd7595b521a080b641f5834,negativo,NEG,0.6421294808387756,0.3203071355819702,0.03756337985396385,0.6421294808387756,0.3218223452568054,False,pysentimiento/robertuito-sentiment-analysis,a2cc0f67ebd705c55191e25a05ba23d885fcc09b,4.57.6,128
Ugzd2CVlJWOmHWBPSkN4AaABAg,Diputados ladrones sin verguenza por eso guate nunca va salir adelante que pena.,Diputados ladrones sin verguenza por eso guate nunca va salir adelante que pena.,f4dec63b16d51ae68a17cd60cc048419816b1f85eed53958014e63e8b5c8e2c2,negativo,NEG,0.9763292074203491,0.016544489189982414,0.007126296404749155,0.9763292074203491,0.9597847182303667,False,pysentimiento/robertuito-sentiment-analysis,a2cc0f67ebd705c55191e25a05ba23d885fcc09b,4.57.6,128
UgzeCbhVJhOJATewi5J4AaABAg,Mantenidos,Mantenidos,88eb70e513624fa8c92cf19600a1f49a852d529a8511584b8676eb8bae912e6b,neutral,NEU,0.4305972456932068,0.4702312648296356,0.09917151182889938,0.4702312648296356,0.03963401913642883,True,pysentimiento/robertuito-sentiment-analysis,a2cc0f67ebd705c55191e25a05ba23d885fcc09b,4.57.6,128
UgzfLTatI6lJD6Z_u_94AaABAg,Wooooooooooooooooooooooooow calidad va llegará el tren asta izabal puerto Barrios el Atlántico y pacifico va ser súper lindo proyecto va ver mucho trabajo en el país saludos desde USA 🇺🇸 🎉,Wooooooooooooooooooooooooow calidad va llegará el tren asta izabal puerto Barrios el Atlántico y pacifico va ser súper lindo proyecto va ver mucho trabajo en el país saludos desde USA 🇺🇸 🎉,fa37cfcc5bb904f470f490654ba60328430586633968d54d67fc226117ba11c9,positivo,POS,0.0030266905669122934,0.028263647109270096,0.9687096476554871,0.9687096476554871,0.940446000546217,False,pysentimiento/robertuito-sentiment-analysis,a2cc0f67ebd705c55191e25a05ba23d885fcc09b,4.57.6,128
UgzfXuFsM8L3Qt6qWJV4AaABAg,"Y los popos por las calles, humanos y de perros principalmente, nadie los limpia, un problema de seguridad vial y de salud pública. Hay que hacer algo más por los peatones.","Y los popos por las calles, humanos y de perros principalmente, nadie los limpia, un problema de seguridad vial y de salud pública. Hay que hacer algo más por los peatones.",48235e9e6322308dd2f84c19e3235acfca7d08804e1ec90e0370154181cd64c8,negativo,NEG,0.9561845660209656,0.03722446411848068,0.00659100990742445,0.9561845660209656,0.9189601019024849,False,pysentimiento/robertuito-sentiment-analysis,a2cc0f67ebd705c55191e25a05ba23d885fcc09b,4.57.6,128
Ugzfc9D5wlSKYgY5Jrh4AaABAg,Cuantas maldad😢😢😢,Cuantas maldad😢😢😢,ccb40269801bfe3938047bf0ec457be7bc50ef24787b46ddff30e49cd8736ea1,neutral,NEU,0.4391695559024811,0.46580055356025696,0.09502989798784256,0.46580055356025696,0.02663099765777588,True,pysentimiento/robertuito-sentiment-analysis,a2cc0f67ebd705c55191e25a05ba23d885fcc09b,4.57.6,128
Ugzfc9D5wlSKYgY5Jrh4AaABAg.Aa9bbFyRF_AAaB_C3DtL_L,Mexico deports people all the time! So. Why is this different??,Mexico deports people all the time! So. Why is this different??,55999e46069cf2af49bdbb3e083bcf560a604cd9ff7249773ba1b7db6b48970c,negativo,NEG,0.8806573152542114,0.09981245547533035,0.01953022927045822,0.8806573152542114,0.7808448597788811,False,pysentimiento/robertuito-sentiment-analysis,a2cc0f67ebd705c55191e25a05ba23d885fcc09b,4.57.6,128
Ugzhc5zg6rDOR3ltTAZ4AaABAg,Gracias por explicarlo!,Gracias por explicarlo!,b85185ced9381a3cc9c4c5a270cddcc1b43a109928ba0506ea10d348adbbb7be,positivo,POS,0.030125834047794342,0.24646404385566711,0.7234101891517639,0.7234101891517639,0.4769461452960968,False,pysentimiento/robertuito-sentiment-analysis,a2cc0f67ebd705c55191e25a05ba23d885fcc09b,4.57.6,128
UgzhjFXjeUslGQMZ7KB4AaABAg,Que se termine la corrupcion para construier obras como estas  correjir el pais mano dura,Que se termine la corrupcion para construier obras como estas correjir el pais mano dura,11c80990f22d9571e74e90fe7237174bb1f168c6728cf86945afa0498fc91c69,negativo,NEG,0.7745065689086914,0.19364455342292786,0.03184887766838074,0.7745065689086914,0.5808620154857635,False,pysentimiento/robertuito-sentiment-analysis,a2cc0f67ebd705c55191e25a05ba23d885fcc09b,4.57.6,128
UgzhtSisQXcyX7bqkzB4AaABAg,"Tiene razón el diputado, le dan importancia a babosaditas","Tiene razón el diputado, le dan importancia a babosaditas",93dc132da6d6926f57372c6bf354ee61c7d212f0d2a4bdba8a0d0d31ada97062,negativo,NEG,0.9514305591583252,0.0364827923476696,0.012086649425327778,0.9514305591583252,0.9149477668106556,False,pysentimiento/robertuito-sentiment-analysis,a2cc0f67ebd705c55191e25a05ba23d885fcc09b,4.57.6,128
Ugzi82q6lRyjtKUL5lV4AaABAg,SON CÍNICOS,SON CÍNICOS,8e16888b0a5d06a28db8da47b233c9c7c1536929bd088def2f6ab17ffabc8828,negativo,NEG,0.8982049226760864,0.07795661687850952,0.023838505148887634,0.8982049226760864,0.8202483057975769,False,pysentimiento/robertuito-sentiment-analysis,a2cc0f67ebd705c55191e25a05ba23d885fcc09b,4.57.6,128
Ugzin8yr1Zz1k47GsSp4AaABAg,Ay ricos shucos en la calle jajaja,Ay ricos shucos en la calle jajaja,8997bee73ca4aa01877200bb24faef8e6d40e7e5bebdadecde04c3dbc58716b5,negativo,NEG,0.5440049171447754,0.3642904758453369,0.09170465171337128,0.5440049171447754,0.17971444129943848,True,pysentimiento/robertuito-sentiment-analysis,a2cc0f67ebd705c55191e25a05ba23d885fcc09b,4.57.6,128
UgzjFGboqNxQ7BcH0bZ4AaABAg,Hermosa cuidad de guatemala saludos desde el salvador,Hermosa cuidad de guatemala saludos desde el salvador,40e6e76ec3c13a69430b0f56a5b82892085b5822dba102ff4a376fa5db214c62,positivo,POS,0.006863812450319529,0.07084497064352036,0.9222912788391113,0.9222912788391113,0.851446308195591,False,pysentimiento/robertuito-sentiment-analysis,a2cc0f67ebd705c55191e25a05ba23d885fcc09b,4.57.6,128
UgzjqVqTKYeOrM1kW0F4AaABAg,Primero Dios,Primero Dios,39fc8cb0d7eafad5101abd39ec4dede7092838c664132dd364ce2cd52fae2a05,neutral,NEU,0.20075282454490662,0.5706141591072083,0.22863300144672394,0.5706141591072083,0.3419811576604843,True,pysentimiento/robertuito-sentiment-analysis,a2cc0f67ebd705c55191e25a05ba23d885fcc09b,4.57.6,128
Ugzk5XnOVKoVj8FiOCB4AaABAg,Y??? Entraron ilegalmente a un pais AJENO!! No tenemos obligacion de dejarlos en las puertas de sus ranchos! Problema de otro gobierno!🇺🇸💪🗽⚖️✈️✈️✈️,Y??? Entraron ilegalmente a un pais AJENO!! No tenemos obligacion de dejarlos en las puertas de sus ranchos! Problema de otro gobierno!🇺🇸💪🗽⚖️✈️✈️✈️,689b6e23e4f4c1ca6928898d05e4184dfdfb82def9c324d0fc3dcb19ab75fc91,negativo,NEG,0.8890337944030762,0.09951397031545639,0.011452182196080685,0.8890337944030762,0.7895198240876198,False,pysentimiento/robertuito-sentiment-analysis,a2cc0f67ebd705c55191e25a05ba23d885fcc09b,4.57.6,128
UgzlqevYeQWpdUl_KON4AaABAg,Solo lo que sale a luz se da cuenta el pueblo de lo que hasen estos malvados y lo que hasen a escondidas quien les dise algo estos bien bien comidos y el pueblo que en eso yo mismo se los e dicho que el que sale beneficiado en todo es el político ustedes creen que se preocupan x el pueblo yo siempre les e dicho que solo las sobras le dejan al pueblo x que esta clase de gente solo tiene que ver primero sus intereses y lo demás les vale madre,Solo lo que sale a luz se da cuenta el pueblo de lo que hasen estos malvados y lo que hasen a escondidas quien les dise algo estos bien bien comidos y el pueblo que en eso yo mismo se los e dicho que el que sale beneficiado en todo es el político ustedes creen que se preocupan x el pueblo yo siempre les e dicho que solo las sobras le dejan al pueblo x que esta clase de gente solo tiene que ver primero sus intereses y lo demás les vale madre,9191c0bbc5adae92e512e55955489ab6f1f18244ff2c17df58bab1b0ca891868,negativo,NEG,0.9535322189331055,0.04025755450129509,0.00621021306142211,0.9535322189331055,0.9132746644318104,False,pysentimiento/robertuito-sentiment-analysis,a2cc0f67ebd705c55191e25a05ba23d885fcc09b,4.57.6,128
Ugzm7wFhhdctNQt_ubl4AaABAg,Al fin hicieron algo bueno los polis👏👏👏👏👏,Al fin hicieron algo bueno los polis👏👏👏👏👏,3aa39aae402dd0b1485a89a2fa89541ee787a14ea270c7597ae0e8b40158872a,positivo,POS,0.019200535491108894,0.11097188293933868,0.8698276281356812,0.8698276281356812,0.7588557451963425,False,pysentimiento/robertuito-sentiment-analysis,a2cc0f67ebd705c55191e25a05ba23d885fcc09b,4.57.6,128
UgzmBKXDgncBFsDjRwd4AaABAg,Siempre tienen excusa,Siempre tienen excusa,cf89ee8acb35a1c8e632162dcc5e57052fdb63ee7af72d2006022826500ed42e,negativo,NEG,0.6671793460845947,0.29404371976852417,0.0387769378721714,0.6671793460845947,0.37313562631607056,False,pysentimiento/robertuito-sentiment-analysis,a2cc0f67ebd705c55191e25a05ba23d885fcc09b,4.57.6,128
UgzmBVMoFVO53-_ZZ-54AaABAg,Excelente señor ministro.,Excelente señor ministro.,dbfd7facafffe7debb8d8862ea25135ab00da3ef01569efd462e2e8dbf152ce8,positivo,POS,0.02398260496556759,0.08837519586086273,0.8876421451568604,0.8876421451568604,0.7992669492959976,False,pysentimiento/robertuito-sentiment-analysis,a2cc0f67ebd705c55191e25a05ba23d885fcc09b,4.57.6,128
UgzpHaLJJjoD9FnKO6p4AaABAg,Viva nuestra Guatemala bendita y viva nuestro presidente Bernardo Arévalo,Viva nuestra Guatemala bendita y viva nuestro presidente Bernardo Arévalo,6114c232ba83baa2932b44d477c900abe85a6636b914fe892abe89a522dbe5a3,positivo,POS,0.012749657966196537,0.09586741030216217,0.8913829326629639,0.8913829326629639,0.7955155223608017,False,pysentimiento/robertuito-sentiment-analysis,a2cc0f67ebd705c55191e25a05ba23d885fcc09b,4.57.6,128
UgzpdnDQDBV6UZ96GZh4AaABAg,NO QUEREMOS EL TREN MAYA EN GUATEMALA,NO QUEREMOS EL TREN MAYA EN GUATEMALA,fe91f7708cd47abe796aec959782319d0c2e690b0b247e3809608003522dff16,negativo,NEG,0.9006651639938354,0.07787034660577774,0.021464545279741287,0.9006651639938354,0.8227948173880577,False,pysentimiento/robertuito-sentiment-analysis,a2cc0f67ebd705c55191e25a05ba23d885fcc09b,4.57.6,128
UgzpzyaFY6F6IdFxzk14AaABAg,Por lo general es así cuando los sujetos provienen de bajos estratos de la sociedad y son tirados con honda.,Por lo general es así cuando los sujetos provienen de bajos estratos de la sociedad y son tirados con honda.,f01e5d0446e87d1c0897fb5fb7354325c00c31441cfaae7a236962d9696ca068,negativo,NEG,0.6496431231498718,0.33690348267555237,0.013453307561576366,0.6496431231498718,0.31273964047431946,False,pysentimiento/robertuito-sentiment-analysis,a2cc0f67ebd705c55191e25a05ba23d885fcc09b,4.57.6,128
UgzrrbkpudLqNqr7s6R4AaABAg,"A todos no a unos si 😂
Mejor no hubiera se hubiera entrevistado. 😂

Un calcetín el
Señor. Abre la boca y meta la pata",A todos no a unos si 😂 Mejor no hubiera se hubiera entrevistado. 😂 Un calcetín el Señor. Abre la boca y meta la pata,9a06a07a11f22976880d9751fef6db1d844040fefc8011b4c6695d849642201c,negativo,NEG,0.8507722020149231,0.13629956543445587,0.012928239069879055,0.8507722020149231,0.7144726365804672,False,pysentimiento/robertuito-sentiment-analysis,a2cc0f67ebd705c55191e25a05ba23d885fcc09b,4.57.6,128
Ugzs8eXa8mdQ8wlS4FZ4AaABAg,"Es un proyecto extraordinario , vamos adelante mi guate hermosa!","Es un proyecto extraordinario , vamos adelante mi guate hermosa!",679389b7558f87e2f4a6834538a6b8cd4914af55bbd283e6fb4fa92e9cc0c424,positivo,POS,0.002412419766187668,0.01956968568265438,0.9780178666114807,0.9780178666114807,0.9584481809288263,False,pysentimiento/robertuito-sentiment-analysis,a2cc0f67ebd705c55191e25a05ba23d885fcc09b,4.57.6,128
UgztKpwRx20oET8wGLJ4AaABAg,Con mucho Respeto  sen̈or presidente lo saludo y que Dios los vendiga lo unico que le pido que mencione y hagan algo por la seguridad del pais ya que siguen matando personas trabajadores y honrradas hagan algo con esos delincuentes .,Con mucho Respeto sen̈or presidente lo saludo y que Dios los vendiga lo unico que le pido que mencione y hagan algo por la seguridad del pais ya que siguen matando personas trabajadores y honrradas hagan algo con esos delincuentes .,351b26065b61d26bbe8ee6595ed1aae630e66e0c642b46f8b7f4b714c3695ae6,negativo,NEG,0.7713353037834167,0.17917115986347198,0.04949355497956276,0.7713353037834167,0.5921641439199448,False,pysentimiento/robertuito-sentiment-analysis,a2cc0f67ebd705c55191e25a05ba23d885fcc09b,4.57.6,128
UgzuugQO6qMSbkVsdGp4AaABAg,Pregúntenle si se acuerda de la marca del vino que se toma todos los días,Pregúntenle si se acuerda de la marca del vino que se toma todos los días,2b57c69edffe05d8dde9ec5ce0da37b94b14ca27635e1dcf961d245c0771f11d,neutral,NEU,0.05542628467082977,0.8852434158325195,0.059330325573682785,0.8852434158325195,0.8259130902588367,False,pysentimiento/robertuito-sentiment-analysis,a2cc0f67ebd705c55191e25a05ba23d885fcc09b,4.57.6,128
UgzvKLXKEkVzjn_XRHp4AaABAg,Eso es exactamente lo que significa la verdadera politica: dividirse la riqueza del país entre unos cuantos. Sólo se puede guardar por todos estos delincuentes políticos un sentimiento de vivisima repugnancia.-,Eso es exactamente lo que significa la verdadera politica: dividirse la riqueza del país entre unos cuantos. Sólo se puede guardar por todos estos delincuentes políticos un sentimiento de vivisima repugnancia.-,d7d3955c953a45936f560dcb568a26802d808f25c7b8716d46a61d275e6ca442,negativo,NEG,0.9698033332824707,0.025657685473561287,0.004538930952548981,0.9698033332824707,0.9441456478089094,False,pysentimiento/robertuito-sentiment-analysis,a2cc0f67ebd705c55191e25a05ba23d885fcc09b,4.57.6,128
UgzwvEpQc3M_AWvNDad4AaABAg,muy padre. saludos desde mexico.,muy padre. saludos desde mexico.,304b60eda27054ca7e68096c5e01ee63e14e8fab1769dab5de3c1d4dec7ea0bb,positivo,POS,0.0051336344331502914,0.025574233382940292,0.969292163848877,0.969292163848877,0.9437179304659367,False,pysentimiento/robertuito-sentiment-analysis,a2cc0f67ebd705c55191e25a05ba23d885fcc09b,4.57.6,128
Ugzx7TTfRu5S-pT0LuZ4AaABAg,Pero que estará aportando éste delincuente,Pero que estará aportando éste delincuente,03c70d67a695e2cf1299a912c833f2aabd79f13ee3b19716b57ca68958f6751c,negativo,NEG,0.6484339237213135,0.322298139333725,0.029267922043800354,0.6484339237213135,0.3261357843875885,False,pysentimiento/robertuito-sentiment-analysis,a2cc0f67ebd705c55191e25a05ba23d885fcc09b,4.57.6,128
UgzxhrnRAMNePfy6u7J4AaABAg,Este hombre esta loco,Este hombre esta loco,39400f6c97664f57dfd671e92cc43bfdeb3cf0d85ab38259de44e49e2910149a,neutral,NEU,0.32899609208106995,0.35480865836143494,0.3161952495574951,0.35480865836143494,0.02581256628036499,True,pysentimiento/robertuito-sentiment-analysis,a2cc0f67ebd705c55191e25a05ba23d885fcc09b,4.57.6,128
UgzzpE27HS1dmWfyATJ4AaABAg,"Si son asesores los que participan en las mesas de trabajo, ellos también tienen buenos sueldos y pueden costear sus gastos personales, jamás con el sueldo de  los Diputados y menos con recursos del pueblo, hay que ser  verdaderamente CABAL. Con respecto a el trabajo que realizan , cualquier proyecto que sea  y en sus diferentes etapas, considero que lo hace porque le gusta  y se siente realizado, se le recuerda que no es gratis, reciben un sueldo y que los compromisos laborales no se resuelven en un restaurante,  para eso están oficinas, las reuniones  en estos lugares es más convivencia que trabajo.  Que Dios les ilumine.","Si son asesores los que participan en las mesas de trabajo, ellos también tienen buenos sueldos y pueden costear sus gastos personales, jamás con el sueldo de los Diputados y menos con recursos del pueblo, hay que ser verdaderamente CABAL. Con respecto a el trabajo que realizan , cualquier proyecto que sea y en sus diferentes etapas, considero que lo hace porque le gusta y se siente realizado, se le recuerda que no es gratis, reciben un sueldo y que los compromisos laborales no se resuelven en un restaurante, para eso están oficinas, las reuniones en estos lugares es más convivencia que trabajo. Que Dios les ilumine.",a3264581968846d85ad2ffc55c96c6ae905492078808bf62dce3c1f0c7d3d6c3,positivo,POS,0.04649417847394943,0.3637906610965729,0.5897151827812195,0.5897151827812195,0.2259245216846466,True,pysentimiento/robertuito-sentiment-analysis,a2cc0f67ebd705c55191e25a05ba23d885fcc09b,4.57.6,128
